rows,mode,workload,engine,block,run,call_id,compute_to_dataframe_ms,cpu_ms,elapsed_ms,fingerprint,input_ms,output_bytes,output_rows,query_ids,setup_ms,validated,server_queries
100000,warehouse,groupby,pandas,1,1,01c6f21f-0001-fe0c-0001-9ade000afec2,4.935946,30.0,307.552048,"{""columns"": [""region_id"", ""total_cents"", ""total_quantity"", ""row_count""], ""dtypes"": [""int64"", ""int64"", ""int64"", ""int64""], ""hash_sum"": ""5148165510768826946"", ""hash_xor"": ""7876665366988197046"", ""rows"": 50}",302.616102,1732,50,"[""01c6f21f-0001-fe0c-0001-9ade000afede""]",0.0,True,"{""01c6f21f-0001-fe0c-0001-9ade000afede"": {""server_total_ms"": 203, ""server_compilation_ms"": 63, ""server_execution_ms"": 140, ""server_provisioning_queue_ms"": 0, ""server_overload_queue_ms"": 0, ""server_bytes_scanned"": 973312}}"
100000,warehouse,groupby,pandas,1,2,01c6f21f-0001-fe0c-0001-9ade000afec2,4.886445,10.0,326.062331,"{""columns"": [""region_id"", ""total_cents"", ""total_quantity"", ""row_count""], ""dtypes"": [""int64"", ""int64"", ""int64"", ""int64""], ""hash_sum"": ""5148165510768826946"", ""hash_xor"": ""7876665366988197046"", ""rows"": 50}",321.175886,1732,50,"[""01c6f21f-0001-fe0c-0001-9ade000afee2""]",0.0,True,"{""01c6f21f-0001-fe0c-0001-9ade000afee2"": {""server_total_ms"": 221, ""server_compilation_ms"": 59, ""server_execution_ms"": 162, ""server_provisioning_queue_ms"": 0, ""server_overload_queue_ms"": 0, ""server_bytes_scanned"": 973312}}"
100000,warehouse,groupby,pandas,1,3,01c6f21f-0001-fe0c-0001-9ade000afec2,4.999752,30.0,312.784193,"{""columns"": [""region_id"", ""total_cents"", ""total_quantity"", ""row_count""], ""dtypes"": [""int64"", ""int64"", ""int64"", ""int64""], ""hash_sum"": ""5148165510768826946"", ""hash_xor"": ""7876665366988197046"", ""rows"": 50}",307.784441,1732,50,"[""01c6f21f-0001-fe0c-0001-9ade000afee6""]",0.0,True,"{""01c6f21f-0001-fe0c-0001-9ade000afee6"": {""server_total_ms"": 205, ""server_compilation_ms"": 60, ""server_execution_ms"": 145, ""server_provisioning_queue_ms"": 0, ""server_overload_queue_ms"": 0, ""server_bytes_scanned"": 973312}}"
100000,warehouse,groupby,pandas,1,4,01c6f21f-0001-fe0c-0001-9ade000afec2,4.78391,30.0,298.099646,"{""columns"": [""region_id"", ""total_cents"", ""total_quantity"", ""row_count""], ""dtypes"": [""int64"", ""int64"", ""int64"", ""int64""], ""hash_sum"": ""5148165510768826946"", ""hash_xor"": ""7876665366988197046"", ""rows"": 50}",293.315736,1732,50,"[""01c6f21f-0001-fe0c-0001-9ade000afeea""]",0.0,True,"{""01c6f21f-0001-fe0c-0001-9ade000afeea"": {""server_total_ms"": 197, ""server_compilation_ms"": 56, ""server_execution_ms"": 141, ""server_provisioning_queue_ms"": 0, ""server_overload_queue_ms"": 0, ""server_bytes_scanned"": 973312}}"
100000,warehouse,groupby,pandas,1,5,01c6f21f-0001-fe0c-0001-9ade000afec2,4.767988,10.0,296.586016,"{""columns"": [""region_id"", ""total_cents"", ""total_quantity"", ""row_count""], ""dtypes"": [""int64"", ""int64"", ""int64"", ""int64""], ""hash_sum"": ""5148165510768826946"", ""hash_xor"": ""7876665366988197046"", ""rows"": 50}",291.818028,1732,50,"[""01c6f21f-0001-fe0c-0001-9ade000afeee""]",0.0,True,"{""01c6f21f-0001-fe0c-0001-9ade000afeee"": {""server_total_ms"": 191, ""server_compilation_ms"": 54, ""server_execution_ms"": 137, ""server_provisioning_queue_ms"": 0, ""server_overload_queue_ms"": 0, ""server_bytes_scanned"": 973312}}"
100000,warehouse,filter_project,snowflake,1,1,01c6f21f-0001-fcf9-0001-9ade000b51e6,272.636331,0.0,272.636331,"{""columns"": [""id"", ""region_id"", ""gross_cents""], ""dtypes"": [""int64"", ""int64"", ""int64""], ""hash_sum"": ""6934637738391437775"", ""hash_xor"": ""13010755706745315299"", ""rows"": 19886}",,477396,19886,"[""01c6f21f-0001-fcf9-0001-9ade000b5202""]",0.0,True,"{""01c6f21f-0001-fcf9-0001-9ade000b5202"": {""server_total_ms"": 173, ""server_compilation_ms"": 67, ""server_execution_ms"": 106, ""server_provisioning_queue_ms"": 0, ""server_overload_queue_ms"": 0, ""server_bytes_scanned"": 973312}}"
100000,warehouse,filter_project,snowflake,1,2,01c6f21f-0001-fcf9-0001-9ade000b51e6,263.351101,30.0,263.351101,"{""columns"": [""id"", ""region_id"", ""gross_cents""], ""dtypes"": [""int64"", ""int64"", ""int64""], ""hash_sum"": ""6934637738391437775"", ""hash_xor"": ""13010755706745315299"", ""rows"": 19886}",,477396,19886,"[""01c6f21f-0001-fcf9-0001-9ade000b5206""]",0.0,True,"{""01c6f21f-0001-fcf9-0001-9ade000b5206"": {""server_total_ms"": 173, ""server_compilation_ms"": 64, ""server_execution_ms"": 109, ""server_provisioning_queue_ms"": 0, ""server_overload_queue_ms"": 0, ""server_bytes_scanned"": 973312}}"
100000,warehouse,filter_project,snowflake,1,3,01c6f21f-0001-fcf9-0001-9ade000b51e6,266.965716,10.0,266.965716,"{""columns"": [""id"", ""region_id"", ""gross_cents""], ""dtypes"": [""int64"", ""int64"", ""int64""], ""hash_sum"": ""6934637738391437775"", ""hash_xor"": ""13010755706745315299"", ""rows"": 19886}",,477396,19886,"[""01c6f21f-0001-fcf9-0001-9ade000b520a""]",0.0,True,"{""01c6f21f-0001-fcf9-0001-9ade000b520a"": {""server_total_ms"": 178, ""server_compilation_ms"": 71, ""server_execution_ms"": 107, ""server_provisioning_queue_ms"": 0, ""server_overload_queue_ms"": 0, ""server_bytes_scanned"": 973312}}"
100000,warehouse,filter_project,snowflake,1,4,01c6f21f-0001-fcf9-0001-9ade000b51e6,259.285295,30.0,259.285295,"{""columns"": [""id"", ""region_id"", ""gross_cents""], ""dtypes"": [""int64"", ""int64"", ""int64""], ""hash_sum"": ""6934637738391437775"", ""hash_xor"": ""13010755706745315299"", ""rows"": 19886}",,477396,19886,"[""01c6f21f-0001-fcf9-0001-9ade000b520e""]",0.0,True,"{""01c6f21f-0001-fcf9-0001-9ade000b520e"": {""server_total_ms"": 168, ""server_compilation_ms"": 67, ""server_execution_ms"": 101, ""server_provisioning_queue_ms"": 0, ""server_overload_queue_ms"": 0, ""server_bytes_scanned"": 973312}}"
100000,warehouse,filter_project,snowflake,1,5,01c6f21f-0001-fcf9-0001-9ade000b51e6,259.510137,10.0,259.510137,"{""columns"": [""id"", ""region_id"", ""gross_cents""], ""dtypes"": [""int64"", ""int64"", ""int64""], ""hash_sum"": ""6934637738391437775"", ""hash_xor"": ""13010755706745315299"", ""rows"": 19886}",,477396,19886,"[""01c6f21f-0001-fcf9-0001-9ade000b5212""]",0.0,True,"{""01c6f21f-0001-fcf9-0001-9ade000b5212"": {""server_total_ms"": 169, ""server_compilation_ms"": 65, ""server_execution_ms"": 104, ""server_provisioning_queue_ms"": 0, ""server_overload_queue_ms"": 0, ""server_bytes_scanned"": 973312}}"
1000000,warehouse,join_groupby,snowflake,1,1,01c6f21f-0001-fcf9-0001-9ade000b5216,196.269434,0.0,196.269434,"{""columns"": [""region_id"", ""tier"", ""total_cents"", ""row_count""], ""dtypes"": [""int64"", ""int64"", ""int64"", ""int64""], ""hash_sum"": ""13023197678645621665"", ""hash_xor"": ""8219731451453916309"", ""rows"": 200}",,6532,200,"[""01c6f21f-0001-fcf9-0001-9ade000b5232""]",0.0,True,"{""01c6f21f-0001-fcf9-0001-9ade000b5232"": {""server_total_ms"": 166, ""server_compilation_ms"": 76, ""server_execution_ms"": 90, ""server_provisioning_queue_ms"": 0, ""server_overload_queue_ms"": 0, ""server_bytes_scanned"": 7865856}}"
1000000,warehouse,join_groupby,snowflake,1,2,01c6f21f-0001-fcf9-0001-9ade000b5216,198.428948,0.0,198.428948,"{""columns"": [""region_id"", ""tier"", ""total_cents"", ""row_count""], ""dtypes"": [""int64"", ""int64"", ""int64"", ""int64""], ""hash_sum"": ""13023197678645621665"", ""hash_xor"": ""8219731451453916309"", ""rows"": 200}",,6532,200,"[""01c6f21f-0001-fcf9-0001-9ade000b5236""]",0.0,True,"{""01c6f21f-0001-fcf9-0001-9ade000b5236"": {""server_total_ms"": 169, ""server_compilation_ms"": 79, ""server_execution_ms"": 90, ""server_provisioning_queue_ms"": 0, ""server_overload_queue_ms"": 0, ""server_bytes_scanned"": 7865856}}"
1000000,warehouse,join_groupby,snowflake,1,3,01c6f21f-0001-fcf9-0001-9ade000b5216,199.234095,10.0,199.234095,"{""columns"": [""region_id"", ""tier"", ""total_cents"", ""row_count""], ""dtypes"": [""int64"", ""int64"", ""int64"", ""int64""], ""hash_sum"": ""13023197678645621665"", ""hash_xor"": ""8219731451453916309"", ""rows"": 200}",,6532,200,"[""01c6f21f-0001-fcf9-0001-9ade000b523a""]",0.0,True,"{""01c6f21f-0001-fcf9-0001-9ade000b523a"": {""server_total_ms"": 169, ""server_compilation_ms"": 77, ""server_execution_ms"": 92, ""server_provisioning_queue_ms"": 0, ""server_overload_queue_ms"": 0, ""server_bytes_scanned"": 7865856}}"
1000000,warehouse,join_groupby,snowflake,1,4,01c6f21f-0001-fcf9-0001-9ade000b5216,199.356537,10.0,199.356537,"{""columns"": [""region_id"", ""tier"", ""total_cents"", ""row_count""], ""dtypes"": [""int64"", ""int64"", ""int64"", ""int64""], ""hash_sum"": ""13023197678645621665"", ""hash_xor"": ""8219731451453916309"", ""rows"": 200}",,6532,200,"[""01c6f21f-0001-fcf9-0001-9ade000b523e""]",0.0,True,"{""01c6f21f-0001-fcf9-0001-9ade000b523e"": {""server_total_ms"": 171, ""server_compilation_ms"": 80, ""server_execution_ms"": 91, ""server_provisioning_queue_ms"": 0, ""server_overload_queue_ms"": 0, ""server_bytes_scanned"": 7865856}}"
1000000,warehouse,join_groupby,snowflake,1,5,01c6f21f-0001-fcf9-0001-9ade000b5216,220.859627,0.0,220.859627,"{""columns"": [""region_id"", ""tier"", ""total_cents"", ""row_count""], ""dtypes"": [""int64"", ""int64"", ""int64"", ""int64""], ""hash_sum"": ""13023197678645621665"", ""hash_xor"": ""8219731451453916309"", ""rows"": 200}",,6532,200,"[""01c6f21f-0001-fcf9-0001-9ade000b5242""]",0.0,True,"{""01c6f21f-0001-fcf9-0001-9ade000b5242"": {""server_total_ms"": 190, ""server_compilation_ms"": 102, ""server_execution_ms"": 88, ""server_provisioning_queue_ms"": 0, ""server_overload_queue_ms"": 0, ""server_bytes_scanned"": 7865856}}"
100000,warehouse,clean_derive,duckdb,1,1,01c6f21f-0001-fe0c-0001-9ade000afef6,6.651118,40.0,395.899239,"{""columns"": [""id"", ""net_cents""], ""dtypes"": [""int64"", ""int64""], ""hash_sum"": ""6278141268544677052"", ""hash_xor"": ""11755483584262095886"", ""rows"": 100000}",375.90678,1600132,100000,"[""01c6f21f-0001-fe0c-0001-9ade000aff12""]",13.341341,True,"{""01c6f21f-0001-fe0c-0001-9ade000aff12"": {""server_total_ms"": 274, ""server_compilation_ms"": 56, ""server_execution_ms"": 218, ""server_provisioning_queue_ms"": 0, ""server_overload_queue_ms"": 0, ""server_bytes_scanned"": 973312}}"
100000,warehouse,clean_derive,duckdb,1,2,01c6f21f-0001-fe0c-0001-9ade000afef6,6.830648,70.0,344.029907,"{""columns"": [""id"", ""net_cents""], ""dtypes"": [""int64"", ""int64""], ""hash_sum"": ""6278141268544677052"", ""hash_xor"": ""11755483584262095886"", ""rows"": 100000}",323.82979,1600132,100000,"[""01c6f21f-0001-fe0c-0001-9ade000aff16""]",13.369469,True,"{""01c6f21f-0001-fe0c-0001-9ade000aff16"": {""server_total_ms"": 226, ""server_compilation_ms"": 59, ""server_execution_ms"": 167, ""server_provisioning_queue_ms"": 0, ""server_overload_queue_ms"": 0, ""server_bytes_scanned"": 973312}}"
100000,warehouse,clean_derive,duckdb,1,3,01c6f21f-0001-fe0c-0001-9ade000afef6,6.500005,60.0,351.002236,"{""columns"": [""id"", ""net_cents""], ""dtypes"": [""int64"", ""int64""], ""hash_sum"": ""6278141268544677052"", ""hash_xor"": ""11755483584262095886"", ""rows"": 100000}",331.408096,1600132,100000,"[""01c6f21f-0001-fe0c-0001-9ade000aff1a""]",13.094135,True,"{""01c6f21f-0001-fe0c-0001-9ade000aff1a"": {""server_total_ms"": 232, ""server_compilation_ms"": 59, ""server_execution_ms"": 173, ""server_provisioning_queue_ms"": 0, ""server_overload_queue_ms"": 0, ""server_bytes_scanned"": 973312}}"
100000,warehouse,clean_derive,duckdb,1,4,01c6f21f-0001-fe0c-0001-9ade000afef6,6.410432,30.0,349.046256,"{""columns"": [""id"", ""net_cents""], ""dtypes"": [""int64"", ""int64""], ""hash_sum"": ""6278141268544677052"", ""hash_xor"": ""11755483584262095886"", ""rows"": 100000}",329.62648,1600132,100000,"[""01c6f21f-0001-fe0c-0001-9ade000aff1e""]",13.009344,True,"{""01c6f21f-0001-fe0c-0001-9ade000aff1e"": {""server_total_ms"": 228, ""server_compilation_ms"": 58, ""server_execution_ms"": 170, ""server_provisioning_queue_ms"": 0, ""server_overload_queue_ms"": 0, ""server_bytes_scanned"": 973312}}"
100000,warehouse,clean_derive,duckdb,1,5,01c6f21f-0001-fe0c-0001-9ade000afef6,6.969692,90.0,673.441109,"{""columns"": [""id"", ""net_cents""], ""dtypes"": [""int64"", ""int64""], ""hash_sum"": ""6278141268544677052"", ""hash_xor"": ""11755483584262095886"", ""rows"": 100000}",653.358125,1600132,100000,"[""01c6f21f-0001-fe0c-0001-9ade000aff22""]",13.113292,True,"{""01c6f21f-0001-fe0c-0001-9ade000aff22"": {""server_total_ms"": 553, ""server_compilation_ms"": 57, ""server_execution_ms"": 496, ""server_provisioning_queue_ms"": 0, ""server_overload_queue_ms"": 0, ""server_bytes_scanned"": 973312}}"
10000000,warehouse,filter_project,duckdb,1,1,01c6f21f-0001-fcf8-0001-9ade000aa982,65.719143,430.0,1079.091117,"{""columns"": [""id"", ""region_id"", ""gross_cents""], ""dtypes"": [""int64"", ""int64"", ""int64""], ""hash_sum"": ""9297358661400020835"", ""hash_xor"": ""11916629792613770293"", ""rows"": 1980090}",1000.108781,47522292,1980090,"[""01c6f21f-0001-fcf8-0001-9ade000aa99e""]",13.263193,True,"{""01c6f21f-0001-fcf8-0001-9ade000aa99e"": {""server_total_ms"": 299, ""server_compilation_ms"": 71, ""server_execution_ms"": 228, ""server_provisioning_queue_ms"": 0, ""server_overload_queue_ms"": 0, ""server_bytes_scanned"": 146614272}}"
10000000,warehouse,filter_project,duckdb,1,2,01c6f21f-0001-fcf8-0001-9ade000aa982,67.077799,420.0,1104.669919,"{""columns"": [""id"", ""region_id"", ""gross_cents""], ""dtypes"": [""int64"", ""int64"", ""int64""], ""hash_sum"": ""9297358661400020835"", ""hash_xor"": ""11916629792613770293"", ""rows"": 1980090}",1024.22675,47522292,1980090,"[""01c6f21f-0001-fcf8-0001-9ade000aa9a2""]",13.36537,True,"{""01c6f21f-0001-fcf8-0001-9ade000aa9a2"": {""server_total_ms"": 308, ""server_compilation_ms"": 67, ""server_execution_ms"": 241, ""server_provisioning_queue_ms"": 0, ""server_overload_queue_ms"": 0, ""server_bytes_scanned"": 141636608}}"
10000000,warehouse,filter_project,duckdb,1,3,01c6f21f-0001-fcf8-0001-9ade000aa982,27.747162,310.0,1023.399892,"{""columns"": [""id"", ""region_id"", ""gross_cents""], ""dtypes"": [""int64"", ""int64"", ""int64""], ""hash_sum"": ""9297358661400020835"", ""hash_xor"": ""11916629792613770293"", ""rows"": 1980090}",982.778991,47522292,1980090,"[""01c6f21f-0001-fcf8-0001-9ade000aa9a6""]",12.873739,True,"{""01c6f21f-0001-fcf8-0001-9ade000aa9a6"": {""server_total_ms"": 285, ""server_compilation_ms"": 61, ""server_execution_ms"": 224, ""server_provisioning_queue_ms"": 0, ""server_overload_queue_ms"": 0, ""server_bytes_scanned"": 151591936}}"
10000000,warehouse,filter_project,duckdb,1,4,01c6f21f-0001-fcf8-0001-9ade000aa982,41.945107,510.0,1084.175113,"{""columns"": [""id"", ""region_id"", ""gross_cents""], ""dtypes"": [""int64"", ""int64"", ""int64""], ""hash_sum"": ""9297358661400020835"", ""hash_xor"": ""11916629792613770293"", ""rows"": 1980090}",1028.170542,47522292,1980090,"[""01c6f21f-0001-fcf8-0001-9ade000aa9aa""]",14.059464,True,"{""01c6f21f-0001-fcf8-0001-9ade000aa9aa"": {""server_total_ms"": 323, ""server_compilation_ms"": 69, ""server_execution_ms"": 254, ""server_provisioning_queue_ms"": 0, ""server_overload_queue_ms"": 0, ""server_bytes_scanned"": 146614272}}"
10000000,warehouse,filter_project,duckdb,1,5,01c6f21f-0001-fcf8-0001-9ade000aa982,47.731538,400.0,1102.767868,"{""columns"": [""id"", ""region_id"", ""gross_cents""], ""dtypes"": [""int64"", ""int64"", ""int64""], ""hash_sum"": ""9297358661400020835"", ""hash_xor"": ""11916629792613770293"", ""rows"": 1980090}",1041.994828,47522292,1980090,"[""01c6f21f-0001-fcf8-0001-9ade000aa9ae""]",13.041502,True,"{""01c6f21f-0001-fcf8-0001-9ade000aa9ae"": {""server_total_ms"": 315, ""server_compilation_ms"": 65, ""server_execution_ms"": 250, ""server_provisioning_queue_ms"": 0, ""server_overload_queue_ms"": 0, ""server_bytes_scanned"": 151591936}}"
1000000,warehouse,join_groupby,pandas,1,1,01c6f21f-0001-fcf9-0001-9ade000b524a,119.428894,250.0,1005.095413,"{""columns"": [""region_id"", ""tier"", ""total_cents"", ""row_count""], ""dtypes"": [""int64"", ""int64"", ""int64"", ""int64""], ""hash_sum"": ""13023197678645621665"", ""hash_xor"": ""8219731451453916309"", ""rows"": 200}",885.666519,6532,200,"[""01c6f220-0001-fcf9-0001-9ade000b526a"", ""01c6f220-0001-fcf9-0001-9ade000b526e""]",0.0,True,"{""01c6f220-0001-fcf9-0001-9ade000b526a"": {""server_total_ms"": 423, ""server_compilation_ms"": 63, ""server_execution_ms"": 360, ""server_provisioning_queue_ms"": 0, ""server_overload_queue_ms"": 0, ""server_bytes_scanned"": 7627264}, ""01c6f220-0001-fcf9-0001-9ade000b526e"": {""server_total_ms"": 190, ""server_compilation_ms"": 60, ""server_execution_ms"": 130, ""server_provisioning_queue_ms"": 0, ""server_overload_queue_ms"": 0, ""server_bytes_scanned"": 238592}}"
1000000,warehouse,join_groupby,pandas,1,2,01c6f21f-0001-fcf9-0001-9ade000b524a,169.815298,280.0,1044.819842,"{""columns"": [""region_id"", ""tier"", ""total_cents"", ""row_count""], ""dtypes"": [""int64"", ""int64"", ""int64"", ""int64""], ""hash_sum"": ""13023197678645621665"", ""hash_xor"": ""8219731451453916309"", ""rows"": 200}",875.004544,6532,200,"[""01c6f220-0001-fcf9-0001-9ade000b5272"", ""01c6f220-0001-fcf9-0001-9ade000b5276""]",0.0,True,"{""01c6f220-0001-fcf9-0001-9ade000b5272"": {""server_total_ms"": 390, ""server_compilation_ms"": 56, ""server_execution_ms"": 334, ""server_provisioning_queue_ms"": 0, ""server_overload_queue_ms"": 0, ""server_bytes_scanned"": 7627264}, ""01c6f220-0001-fcf9-0001-9ade000b5276"": {""server_total_ms"": 198, ""server_compilation_ms"": 61, ""server_execution_ms"": 137, ""server_provisioning_queue_ms"": 0, ""server_overload_queue_ms"": 0, ""server_bytes_scanned"": 238592}}"
1000000,warehouse,join_groupby,pandas,1,3,01c6f21f-0001-fcf9-0001-9ade000b524a,162.2751,270.0,1080.489705,"{""columns"": [""region_id"", ""tier"", ""total_cents"", ""row_count""], ""dtypes"": [""int64"", ""int64"", ""int64"", ""int64""], ""hash_sum"": ""13023197678645621665"", ""hash_xor"": ""8219731451453916309"", ""rows"": 200}",918.214605,6532,200,"[""01c6f220-0001-fcf9-0001-9ade000b527a"", ""01c6f220-0001-fcf9-0001-9ade000b527e""]",0.0,True,"{""01c6f220-0001-fcf9-0001-9ade000b527a"": {""server_total_ms"": 390, ""server_compilation_ms"": 57, ""server_execution_ms"": 333, ""server_provisioning_queue_ms"": 0, ""server_overload_queue_ms"": 0, ""server_bytes_scanned"": 7627264}, ""01c6f220-0001-fcf9-0001-9ade000b527e"": {""server_total_ms"": 192, ""server_compilation_ms"": 62, ""server_execution_ms"": 130, ""server_provisioning_queue_ms"": 0, ""server_overload_queue_ms"": 0, ""server_bytes_scanned"": 238592}}"
1000000,warehouse,join_groupby,pandas,1,4,01c6f21f-0001-fcf9-0001-9ade000b524a,106.643508,260.0,1009.103206,"{""columns"": [""region_id"", ""tier"", ""total_cents"", ""row_count""], ""dtypes"": [""int64"", ""int64"", ""int64"", ""int64""], ""hash_sum"": ""13023197678645621665"", ""hash_xor"": ""8219731451453916309"", ""rows"": 200}",902.459698,6532,200,"[""01c6f220-0001-fcf9-0001-9ade000b5282"", ""01c6f220-0001-fcf9-0001-9ade000b5286""]",0.0,True,"{""01c6f220-0001-fcf9-0001-9ade000b5282"": {""server_total_ms"": 420, ""server_compilation_ms"": 65, ""server_execution_ms"": 355, ""server_provisioning_queue_ms"": 0, ""server_overload_queue_ms"": 0, ""server_bytes_scanned"": 7627264}, ""01c6f220-0001-fcf9-0001-9ade000b5286"": {""server_total_ms"": 201, ""server_compilation_ms"": 58, ""server_execution_ms"": 143, ""server_provisioning_queue_ms"": 0, ""server_overload_queue_ms"": 0, ""server_bytes_scanned"": 238592}}"
1000000,warehouse,join_groupby,pandas,1,5,01c6f21f-0001-fcf9-0001-9ade000b524a,109.490434,240.0,1011.199721,"{""columns"": [""region_id"", ""tier"", ""total_cents"", ""row_count""], ""dtypes"": [""int64"", ""int64"", ""int64"", ""int64""], ""hash_sum"": ""13023197678645621665"", ""hash_xor"": ""8219731451453916309"", ""rows"": 200}",901.709287,6532,200,"[""01c6f220-0001-fcf9-0001-9ade000b528a"", ""01c6f220-0001-fcf9-0001-9ade000b528e""]",0.0,True,"{""01c6f220-0001-fcf9-0001-9ade000b528a"": {""server_total_ms"": 414, ""server_compilation_ms"": 69, ""server_execution_ms"": 345, ""server_provisioning_queue_ms"": 0, ""server_overload_queue_ms"": 0, ""server_bytes_scanned"": 7627264}, ""01c6f220-0001-fcf9-0001-9ade000b528e"": {""server_total_ms"": 203, ""server_compilation_ms"": 60, ""server_execution_ms"": 143, ""server_provisioning_queue_ms"": 0, ""server_overload_queue_ms"": 0, ""server_bytes_scanned"": 238592}}"
100000,warehouse,join_groupby,duckdb,1,1,01c6f220-0001-fe2b-0001-9ade000b8242,17.17127,70.0,688.084347,"{""columns"": [""region_id"", ""tier"", ""total_cents"", ""row_count""], ""dtypes"": [""int64"", ""int64"", ""int64"", ""int64""], ""hash_sum"": ""15482229778153811636"", ""hash_xor"": ""14299020784962879478"", ""rows"": 200}",656.101317,6532,200,"[""01c6f220-0001-fe2b-0001-9ade000b8262"", ""01c6f220-0001-fe2b-0001-9ade000b8266""]",14.81176,True,"{""01c6f220-0001-fe2b-0001-9ade000b8262"": {""server_total_ms"": 247, ""server_compilation_ms"": 78, ""server_execution_ms"": 169, ""server_provisioning_queue_ms"": 0, ""server_overload_queue_ms"": 0, ""server_bytes_scanned"": 973312}, ""01c6f220-0001-fe2b-0001-9ade000b8266"": {""server_total_ms"": 204, ""server_compilation_ms"": 67, ""server_execution_ms"": 137, ""server_provisioning_queue_ms"": 0, ""server_overload_queue_ms"": 0, ""server_bytes_scanned"": 238592}}"
100000,warehouse,join_groupby,duckdb,1,2,01c6f220-0001-fe2b-0001-9ade000b8242,16.229864,100.0,678.072229,"{""columns"": [""region_id"", ""tier"", ""total_cents"", ""row_count""], ""dtypes"": [""int64"", ""int64"", ""int64"", ""int64""], ""hash_sum"": ""15482229778153811636"", ""hash_xor"": ""14299020784962879478"", ""rows"": 200}",647.276959,6532,200,"[""01c6f220-0001-fe2b-0001-9ade000b826a"", ""01c6f220-0001-fe2b-0001-9ade000b826e""]",14.565406,True,"{""01c6f220-0001-fe2b-0001-9ade000b826a"": {""server_total_ms"": 229, ""server_compilation_ms"": 69, ""server_execution_ms"": 160, ""server_provisioning_queue_ms"": 0, ""server_overload_queue_ms"": 0, ""server_bytes_scanned"": 973312}, ""01c6f220-0001-fe2b-0001-9ade000b826e"": {""server_total_ms"": 216, ""server_compilation_ms"": 73, ""server_execution_ms"": 143, ""server_provisioning_queue_ms"": 0, ""server_overload_queue_ms"": 0, ""server_bytes_scanned"": 238592}}"
100000,warehouse,join_groupby,duckdb,1,3,01c6f220-0001-fe2b-0001-9ade000b8242,16.506751,90.0,683.523362,"{""columns"": [""region_id"", ""tier"", ""total_cents"", ""row_count""], ""dtypes"": [""int64"", ""int64"", ""int64"", ""int64""], ""hash_sum"": ""15482229778153811636"", ""hash_xor"": ""14299020784962879478"", ""rows"": 200}",652.388966,6532,200,"[""01c6f220-0001-fe2b-0001-9ade000b8272"", ""01c6f220-0001-fe2b-0001-9ade000b8276""]",14.627645,True,"{""01c6f220-0001-fe2b-0001-9ade000b8272"": {""server_total_ms"": 233, ""server_compilation_ms"": 63, ""server_execution_ms"": 170, ""server_provisioning_queue_ms"": 0, ""server_overload_queue_ms"": 0, ""server_bytes_scanned"": 973312}, ""01c6f220-0001-fe2b-0001-9ade000b8276"": {""server_total_ms"": 217, ""server_compilation_ms"": 73, ""server_execution_ms"": 144, ""server_provisioning_queue_ms"": 0, ""server_overload_queue_ms"": 0, ""server_bytes_scanned"": 238592}}"
100000,warehouse,join_groupby,duckdb,1,4,01c6f220-0001-fe2b-0001-9ade000b8242,16.97898,70.0,696.134595,"{""columns"": [""region_id"", ""tier"", ""total_cents"", ""row_count""], ""dtypes"": [""int64"", ""int64"", ""int64"", ""int64""], ""hash_sum"": ""15482229778153811636"", ""hash_xor"": ""14299020784962879478"", ""rows"": 200}",664.447747,6532,200,"[""01c6f220-0001-fe2b-0001-9ade000b827a"", ""01c6f220-0001-fe2b-0001-9ade000b827e""]",14.707868,True,"{""01c6f220-0001-fe2b-0001-9ade000b827a"": {""server_total_ms"": 240, ""server_compilation_ms"": 73, ""server_execution_ms"": 167, ""server_provisioning_queue_ms"": 0, ""server_overload_queue_ms"": 0, ""server_bytes_scanned"": 973312}, ""01c6f220-0001-fe2b-0001-9ade000b827e"": {""server_total_ms"": 216, ""server_compilation_ms"": 70, ""server_execution_ms"": 146, ""server_provisioning_queue_ms"": 0, ""server_overload_queue_ms"": 0, ""server_bytes_scanned"": 238592}}"
100000,warehouse,join_groupby,duckdb,1,5,01c6f220-0001-fe2b-0001-9ade000b8242,17.043064,130.0,721.026918,"{""columns"": [""region_id"", ""tier"", ""total_cents"", ""row_count""], ""dtypes"": [""int64"", ""int64"", ""int64"", ""int64""], ""hash_sum"": ""15482229778153811636"", ""hash_xor"": ""14299020784962879478"", ""rows"": 200}",689.182965,6532,200,"[""01c6f220-0001-fe2b-0001-9ade000b8282"", ""01c6f220-0001-fe2b-0001-9ade000b8286""]",14.800889,True,"{""01c6f220-0001-fe2b-0001-9ade000b8282"": {""server_total_ms"": 286, ""server_compilation_ms"": 84, ""server_execution_ms"": 202, ""server_provisioning_queue_ms"": 0, ""server_overload_queue_ms"": 0, ""server_bytes_scanned"": 973312}, ""01c6f220-0001-fe2b-0001-9ade000b8286"": {""server_total_ms"": 200, ""server_compilation_ms"": 61, ""server_execution_ms"": 139, ""server_provisioning_queue_ms"": 0, ""server_overload_queue_ms"": 0, ""server_bytes_scanned"": 238592}}"
10000000,warehouse,clean_derive,snowflake,1,1,01c6f220-0001-fe0c-0001-9ade000aff2a,1830.764517,670.0,1830.764517,"{""columns"": [""id"", ""net_cents""], ""dtypes"": [""int64"", ""int64""], ""hash_sum"": ""14285702759883698828"", ""hash_xor"": ""425970959959544156"", ""rows"": 10000000}",,160000132,10000000,"[""01c6f220-0001-fe0c-0001-9ade000aff46""]",0.0,True,"{""01c6f220-0001-fe0c-0001-9ade000aff46"": {""server_total_ms"": 495, ""server_compilation_ms"": 60, ""server_execution_ms"": 435, ""server_provisioning_queue_ms"": 0, ""server_overload_queue_ms"": 0, ""server_bytes_scanned"": 151591936}}"
10000000,warehouse,clean_derive,snowflake,1,2,01c6f220-0001-fe0c-0001-9ade000aff2a,1887.428063,790.0,1887.428063,"{""columns"": [""id"", ""net_cents""], ""dtypes"": [""int64"", ""int64""], ""hash_sum"": ""14285702759883698828"", ""hash_xor"": ""425970959959544156"", ""rows"": 10000000}",,160000132,10000000,"[""01c6f220-0001-fe0c-0001-9ade000aff4a""]",0.0,True,"{""01c6f220-0001-fe0c-0001-9ade000aff4a"": {""server_total_ms"": 540, ""server_compilation_ms"": 63, ""server_execution_ms"": 477, ""server_provisioning_queue_ms"": 0, ""server_overload_queue_ms"": 0, ""server_bytes_scanned"": 151591936}}"
10000000,warehouse,clean_derive,snowflake,1,3,01c6f220-0001-fe0c-0001-9ade000aff2a,1878.266596,870.0,1878.266596,"{""columns"": [""id"", ""net_cents""], ""dtypes"": [""int64"", ""int64""], ""hash_sum"": ""14285702759883698828"", ""hash_xor"": ""425970959959544156"", ""rows"": 10000000}",,160000132,10000000,"[""01c6f220-0001-fe0c-0001-9ade000aff4e""]",0.0,True,"{""01c6f220-0001-fe0c-0001-9ade000aff4e"": {""server_total_ms"": 523, ""server_compilation_ms"": 63, ""server_execution_ms"": 460, ""server_provisioning_queue_ms"": 0, ""server_overload_queue_ms"": 0, ""server_bytes_scanned"": 151591936}}"
10000000,warehouse,clean_derive,snowflake,1,4,01c6f220-0001-fe0c-0001-9ade000aff2a,1869.18986,880.0,1869.18986,"{""columns"": [""id"", ""net_cents""], ""dtypes"": [""int64"", ""int64""], ""hash_sum"": ""14285702759883698828"", ""hash_xor"": ""425970959959544156"", ""rows"": 10000000}",,160000132,10000000,"[""01c6f220-0001-fe0c-0001-9ade000aff52""]",0.0,True,"{""01c6f220-0001-fe0c-0001-9ade000aff52"": {""server_total_ms"": 526, ""server_compilation_ms"": 60, ""server_execution_ms"": 466, ""server_provisioning_queue_ms"": 0, ""server_overload_queue_ms"": 0, ""server_bytes_scanned"": 151591936}}"
10000000,warehouse,clean_derive,snowflake,1,5,01c6f220-0001-fe0c-0001-9ade000aff2a,1876.320943,820.0,1876.320943,"{""columns"": [""id"", ""net_cents""], ""dtypes"": [""int64"", ""int64""], ""hash_sum"": ""14285702759883698828"", ""hash_xor"": ""425970959959544156"", ""rows"": 10000000}",,160000132,10000000,"[""01c6f220-0001-fe0c-0001-9ade000aff56""]",0.0,True,"{""01c6f220-0001-fe0c-0001-9ade000aff56"": {""server_total_ms"": 494, ""server_compilation_ms"": 73, ""server_execution_ms"": 421, ""server_provisioning_queue_ms"": 0, ""server_overload_queue_ms"": 0, ""server_bytes_scanned"": 151591936}}"
1000000,warehouse,groupby,snowflake,1,1,01c6f220-0001-fe0c-0001-9ade000aff5a,116.470735,10.0,116.470735,"{""columns"": [""region_id"", ""total_cents"", ""total_quantity"", ""row_count""], ""dtypes"": [""int64"", ""int64"", ""int64"", ""int64""], ""hash_sum"": ""3129039791569495086"", ""hash_xor"": ""14932865647023855810"", ""rows"": 50}",,1732,50,"[""01c6f220-0001-fe0c-0001-9ade000aff76""]",0.0,True,"{""01c6f220-0001-fe0c-0001-9ade000aff76"": {""server_total_ms"": 97, ""server_compilation_ms"": 62, ""server_execution_ms"": 35, ""server_provisioning_queue_ms"": 0, ""server_overload_queue_ms"": 0, ""server_bytes_scanned"": 7627264}}"
1000000,warehouse,groupby,snowflake,1,2,01c6f220-0001-fe0c-0001-9ade000aff5a,123.684342,0.0,123.684342,"{""columns"": [""region_id"", ""total_cents"", ""total_quantity"", ""row_count""], ""dtypes"": [""int64"", ""int64"", ""int64"", ""int64""], ""hash_sum"": ""3129039791569495086"", ""hash_xor"": ""14932865647023855810"", ""rows"": 50}",,1732,50,"[""01c6f220-0001-fe0c-0001-9ade000aff7a""]",0.0,True,"{""01c6f220-0001-fe0c-0001-9ade000aff7a"": {""server_total_ms"": 93, ""server_compilation_ms"": 60, ""server_execution_ms"": 33, ""server_provisioning_queue_ms"": 0, ""server_overload_queue_ms"": 0, ""server_bytes_scanned"": 7627264}}"
1000000,warehouse,groupby,snowflake,1,3,01c6f220-0001-fe0c-0001-9ade000aff5a,121.172047,10.0,121.172047,"{""columns"": [""region_id"", ""total_cents"", ""total_quantity"", ""row_count""], ""dtypes"": [""int64"", ""int64"", ""int64"", ""int64""], ""hash_sum"": ""3129039791569495086"", ""hash_xor"": ""14932865647023855810"", ""rows"": 50}",,1732,50,"[""01c6f220-0001-fe0c-0001-9ade000aff7e""]",0.0,True,"{""01c6f220-0001-fe0c-0001-9ade000aff7e"": {""server_total_ms"": 98, ""server_compilation_ms"": 65, ""server_execution_ms"": 33, ""server_provisioning_queue_ms"": 0, ""server_overload_queue_ms"": 0, ""server_bytes_scanned"": 7627264}}"
1000000,warehouse,groupby,snowflake,1,4,01c6f220-0001-fe0c-0001-9ade000aff5a,118.260391,10.0,118.260391,"{""columns"": [""region_id"", ""total_cents"", ""total_quantity"", ""row_count""], ""dtypes"": [""int64"", ""int64"", ""int64"", ""int64""], ""hash_sum"": ""3129039791569495086"", ""hash_xor"": ""14932865647023855810"", ""rows"": 50}",,1732,50,"[""01c6f220-0001-fe0c-0001-9ade000aff82""]",0.0,True,"{""01c6f220-0001-fe0c-0001-9ade000aff82"": {""server_total_ms"": 97, ""server_compilation_ms"": 63, ""server_execution_ms"": 34, ""server_provisioning_queue_ms"": 0, ""server_overload_queue_ms"": 0, ""server_bytes_scanned"": 7627264}}"
1000000,warehouse,groupby,snowflake,1,5,01c6f220-0001-fe0c-0001-9ade000aff5a,119.698396,10.0,119.698396,"{""columns"": [""region_id"", ""total_cents"", ""total_quantity"", ""row_count""], ""dtypes"": [""int64"", ""int64"", ""int64"", ""int64""], ""hash_sum"": ""3129039791569495086"", ""hash_xor"": ""14932865647023855810"", ""rows"": 50}",,1732,50,"[""01c6f220-0001-fe0c-0001-9ade000aff86""]",0.0,True,"{""01c6f220-0001-fe0c-0001-9ade000aff86"": {""server_total_ms"": 101, ""server_compilation_ms"": 67, ""server_execution_ms"": 34, ""server_provisioning_queue_ms"": 0, ""server_overload_queue_ms"": 0, ""server_bytes_scanned"": 7627264}}"
10000000,warehouse,groupby,pandas,1,1,01c6f220-0001-fe0c-0001-9ade000aff8e,190.805669,1000.0,1752.545119,"{""columns"": [""region_id"", ""total_cents"", ""total_quantity"", ""row_count""], ""dtypes"": [""int64"", ""int64"", ""int64"", ""int64""], ""hash_sum"": ""3404719191165042972"", ""hash_xor"": ""2526757767072946434"", ""rows"": 50}",1561.73945,1732,50,"[""01c6f220-0001-fe0c-0001-9ade000affaa""]",0.0,True,"{""01c6f220-0001-fe0c-0001-9ade000affaa"": {""server_total_ms"": 406, ""server_compilation_ms"": 62, ""server_execution_ms"": 344, ""server_provisioning_queue_ms"": 0, ""server_overload_queue_ms"": 0, ""server_bytes_scanned"": 151591936}}"
10000000,warehouse,groupby,pandas,1,2,01c6f220-0001-fe0c-0001-9ade000aff8e,218.629317,1060.0,1789.323148,"{""columns"": [""region_id"", ""total_cents"", ""total_quantity"", ""row_count""], ""dtypes"": [""int64"", ""int64"", ""int64"", ""int64""], ""hash_sum"": ""3404719191165042972"", ""hash_xor"": ""2526757767072946434"", ""rows"": 50}",1570.693831,1732,50,"[""01c6f220-0001-fe0c-0001-9ade000affae""]",0.0,True,"{""01c6f220-0001-fe0c-0001-9ade000affae"": {""server_total_ms"": 423, ""server_compilation_ms"": 73, ""server_execution_ms"": 350, ""server_provisioning_queue_ms"": 0, ""server_overload_queue_ms"": 0, ""server_bytes_scanned"": 151591936}}"
10000000,warehouse,groupby,pandas,1,3,01c6f220-0001-fe0c-0001-9ade000aff8e,215.109911,980.0,1759.735003,"{""columns"": [""region_id"", ""total_cents"", ""total_quantity"", ""row_count""], ""dtypes"": [""int64"", ""int64"", ""int64"", ""int64""], ""hash_sum"": ""3404719191165042972"", ""hash_xor"": ""2526757767072946434"", ""rows"": 50}",1544.625092,1732,50,"[""01c6f220-0001-fe0c-0001-9ade000affb2""]",0.0,True,"{""01c6f220-0001-fe0c-0001-9ade000affb2"": {""server_total_ms"": 381, ""server_compilation_ms"": 61, ""server_execution_ms"": 320, ""server_provisioning_queue_ms"": 0, ""server_overload_queue_ms"": 0, ""server_bytes_scanned"": 151591936}}"
10000000,warehouse,groupby,pandas,1,4,01c6f220-0001-fe0c-0001-9ade000aff8e,223.635112,1050.0,1809.082587,"{""columns"": [""region_id"", ""total_cents"", ""total_quantity"", ""row_count""], ""dtypes"": [""int64"", ""int64"", ""int64"", ""int64""], ""hash_sum"": ""3404719191165042972"", ""hash_xor"": ""2526757767072946434"", ""rows"": 50}",1585.447475,1732,50,"[""01c6f220-0001-fe0c-0001-9ade000affb6""]",0.0,True,"{""01c6f220-0001-fe0c-0001-9ade000affb6"": {""server_total_ms"": 393, ""server_compilation_ms"": 68, ""server_execution_ms"": 325, ""server_provisioning_queue_ms"": 0, ""server_overload_queue_ms"": 0, ""server_bytes_scanned"": 151591936}}"
10000000,warehouse,groupby,pandas,1,5,01c6f220-0001-fe0c-0001-9ade000aff8e,203.025895,900.0,1928.999018,"{""columns"": [""region_id"", ""total_cents"", ""total_quantity"", ""row_count""], ""dtypes"": [""int64"", ""int64"", ""int64"", ""int64""], ""hash_sum"": ""3404719191165042972"", ""hash_xor"": ""2526757767072946434"", ""rows"": 50}",1725.973123,1732,50,"[""01c6f220-0001-fe0c-0001-9ade000affba""]",0.0,True,"{""01c6f220-0001-fe0c-0001-9ade000affba"": {""server_total_ms"": 383, ""server_compilation_ms"": 66, ""server_execution_ms"": 317, ""server_provisioning_queue_ms"": 0, ""server_overload_queue_ms"": 0, ""server_bytes_scanned"": 151591936}}"
100000,warehouse,filter_project,duckdb,1,1,01c6f220-0001-fcf9-0001-9ade000b529e,3.210582,40.0,275.776975,"{""columns"": [""id"", ""region_id"", ""gross_cents""], ""dtypes"": [""int64"", ""int64"", ""int64""], ""hash_sum"": ""6934637738391437775"", ""hash_xor"": ""13010755706745315299"", ""rows"": 19886}",258.978305,477396,19886,"[""01c6f220-0001-fcf9-0001-9ade000b52ba""]",13.588088,True,"{""01c6f220-0001-fcf9-0001-9ade000b52ba"": {""server_total_ms"": 164, ""server_compilation_ms"": 62, ""server_execution_ms"": 102, ""server_provisioning_queue_ms"": 0, ""server_overload_queue_ms"": 0, ""server_bytes_scanned"": 973312}}"
100000,warehouse,filter_project,duckdb,1,2,01c6f220-0001-fcf9-0001-9ade000b529e,3.303414,50.0,283.899711,"{""columns"": [""id"", ""region_id"", ""gross_cents""], ""dtypes"": [""int64"", ""int64"", ""int64""], ""hash_sum"": ""6934637738391437775"", ""hash_xor"": ""13010755706745315299"", ""rows"": 19886}",266.719699,477396,19886,"[""01c6f220-0001-fcf9-0001-9ade000b52be""]",13.876598,True,"{""01c6f220-0001-fcf9-0001-9ade000b52be"": {""server_total_ms"": 177, ""server_compilation_ms"": 70, ""server_execution_ms"": 107, ""server_provisioning_queue_ms"": 0, ""server_overload_queue_ms"": 0, ""server_bytes_scanned"": 973312}}"
100000,warehouse,filter_project,duckdb,1,3,01c6f220-0001-fcf9-0001-9ade000b529e,3.28498,30.0,274.181979,"{""columns"": [""id"", ""region_id"", ""gross_cents""], ""dtypes"": [""int64"", ""int64"", ""int64""], ""hash_sum"": ""6934637738391437775"", ""hash_xor"": ""13010755706745315299"", ""rows"": 19886}",257.337995,477396,19886,"[""01c6f220-0001-fcf9-0001-9ade000b52c2""]",13.559004,True,"{""01c6f220-0001-fcf9-0001-9ade000b52c2"": {""server_total_ms"": 160, ""server_compilation_ms"": 66, ""server_execution_ms"": 94, ""server_provisioning_queue_ms"": 0, ""server_overload_queue_ms"": 0, ""server_bytes_scanned"": 973312}}"
100000,warehouse,filter_project,duckdb,1,4,01c6f220-0001-fcf9-0001-9ade000b529e,3.253175,20.0,309.585012,"{""columns"": [""id"", ""region_id"", ""gross_cents""], ""dtypes"": [""int64"", ""int64"", ""int64""], ""hash_sum"": ""6934637738391437775"", ""hash_xor"": ""13010755706745315299"", ""rows"": 19886}",292.289863,477396,19886,"[""01c6f220-0001-fcf9-0001-9ade000b52c6""]",14.041974,True,"{""01c6f220-0001-fcf9-0001-9ade000b52c6"": {""server_total_ms"": 195, ""server_compilation_ms"": 69, ""server_execution_ms"": 126, ""server_provisioning_queue_ms"": 0, ""server_overload_queue_ms"": 0, ""server_bytes_scanned"": 973312}}"
100000,warehouse,filter_project,duckdb,1,5,01c6f220-0001-fcf9-0001-9ade000b529e,3.218615,20.0,281.281823,"{""columns"": [""id"", ""region_id"", ""gross_cents""], ""dtypes"": [""int64"", ""int64"", ""int64""], ""hash_sum"": ""6934637738391437775"", ""hash_xor"": ""13010755706745315299"", ""rows"": 19886}",264.694426,477396,19886,"[""01c6f220-0001-fcf9-0001-9ade000b52ca""]",13.368782,True,"{""01c6f220-0001-fcf9-0001-9ade000b52ca"": {""server_total_ms"": 171, ""server_compilation_ms"": 74, ""server_execution_ms"": 97, ""server_provisioning_queue_ms"": 0, ""server_overload_queue_ms"": 0, ""server_bytes_scanned"": 973312}}"
1000000,warehouse,clean_derive,snowflake,1,1,01c6f220-0001-fcf9-0001-9ade000b52ce,663.757392,130.0,663.757392,"{""columns"": [""id"", ""net_cents""], ""dtypes"": [""int64"", ""int64""], ""hash_sum"": ""16902620082194219032"", ""hash_xor"": ""7441825716312922670"", ""rows"": 1000000}",,16000132,1000000,"[""01c6f220-0001-fcf9-0001-9ade000b52ea""]",0.0,True,"{""01c6f220-0001-fcf9-0001-9ade000b52ea"": {""server_total_ms"": 482, ""server_compilation_ms"": 66, ""server_execution_ms"": 416, ""server_provisioning_queue_ms"": 0, ""server_overload_queue_ms"": 0, ""server_bytes_scanned"": 7627264}}"
1000000,warehouse,clean_derive,snowflake,1,2,01c6f220-0001-fcf9-0001-9ade000b52ce,653.088128,70.0,653.088128,"{""columns"": [""id"", ""net_cents""], ""dtypes"": [""int64"", ""int64""], ""hash_sum"": ""16902620082194219032"", ""hash_xor"": ""7441825716312922670"", ""rows"": 1000000}",,16000132,1000000,"[""01c6f220-0001-fcf9-0001-9ade000b52ee""]",0.0,True,"{""01c6f220-0001-fcf9-0001-9ade000b52ee"": {""server_total_ms"": 467, ""server_compilation_ms"": 65, ""server_execution_ms"": 402, ""server_provisioning_queue_ms"": 0, ""server_overload_queue_ms"": 0, ""server_bytes_scanned"": 7627264}}"
1000000,warehouse,clean_derive,snowflake,1,3,01c6f220-0001-fcf9-0001-9ade000b52ce,646.793541,120.0,646.793541,"{""columns"": [""id"", ""net_cents""], ""dtypes"": [""int64"", ""int64""], ""hash_sum"": ""16902620082194219032"", ""hash_xor"": ""7441825716312922670"", ""rows"": 1000000}",,16000132,1000000,"[""01c6f220-0001-fcf9-0001-9ade000b52f2""]",0.0,True,"{""01c6f220-0001-fcf9-0001-9ade000b52f2"": {""server_total_ms"": 451, ""server_compilation_ms"": 62, ""server_execution_ms"": 389, ""server_provisioning_queue_ms"": 0, ""server_overload_queue_ms"": 0, ""server_bytes_scanned"": 7627264}}"
1000000,warehouse,clean_derive,snowflake,1,4,01c6f220-0001-fcf9-0001-9ade000b52ce,652.315407,70.0,652.315407,"{""columns"": [""id"", ""net_cents""], ""dtypes"": [""int64"", ""int64""], ""hash_sum"": ""16902620082194219032"", ""hash_xor"": ""7441825716312922670"", ""rows"": 1000000}",,16000132,1000000,"[""01c6f220-0001-fcf9-0001-9ade000b52f6""]",0.0,True,"{""01c6f220-0001-fcf9-0001-9ade000b52f6"": {""server_total_ms"": 471, ""server_compilation_ms"": 63, ""server_execution_ms"": 408, ""server_provisioning_queue_ms"": 0, ""server_overload_queue_ms"": 0, ""server_bytes_scanned"": 7627264}}"
1000000,warehouse,clean_derive,snowflake,1,5,01c6f220-0001-fcf9-0001-9ade000b52ce,675.536686,120.0,675.536686,"{""columns"": [""id"", ""net_cents""], ""dtypes"": [""int64"", ""int64""], ""hash_sum"": ""16902620082194219032"", ""hash_xor"": ""7441825716312922670"", ""rows"": 1000000}",,16000132,1000000,"[""01c6f221-0001-fcf9-0001-9ade000b52fa""]",0.0,True,"{""01c6f221-0001-fcf9-0001-9ade000b52fa"": {""server_total_ms"": 488, ""server_compilation_ms"": 64, ""server_execution_ms"": 424, ""server_provisioning_queue_ms"": 0, ""server_overload_queue_ms"": 0, ""server_bytes_scanned"": 7627264}}"
10000000,warehouse,groupby,snowflake,1,1,01c6f221-0001-fe0c-0001-9ade000affbe,145.271558,10.0,145.271558,"{""columns"": [""region_id"", ""total_cents"", ""total_quantity"", ""row_count""], ""dtypes"": [""int64"", ""int64"", ""int64"", ""int64""], ""hash_sum"": ""3404719191165042972"", ""hash_xor"": ""2526757767072946434"", ""rows"": 50}",,1732,50,"[""01c6f221-0001-fe0c-0001-9ade000affda""]",0.0,True,"{""01c6f221-0001-fe0c-0001-9ade000affda"": {""server_total_ms"": 126, ""server_compilation_ms"": 64, ""server_execution_ms"": 62, ""server_provisioning_queue_ms"": 0, ""server_overload_queue_ms"": 0, ""server_bytes_scanned"": 151591936}}"
10000000,warehouse,groupby,snowflake,1,2,01c6f221-0001-fe0c-0001-9ade000affbe,134.453041,20.0,134.453041,"{""columns"": [""region_id"", ""total_cents"", ""total_quantity"", ""row_count""], ""dtypes"": [""int64"", ""int64"", ""int64"", ""int64""], ""hash_sum"": ""3404719191165042972"", ""hash_xor"": ""2526757767072946434"", ""rows"": 50}",,1732,50,"[""01c6f221-0001-fe0c-0001-9ade000affde""]",0.0,True,"{""01c6f221-0001-fe0c-0001-9ade000affde"": {""server_total_ms"": 115, ""server_compilation_ms"": 59, ""server_execution_ms"": 56, ""server_provisioning_queue_ms"": 0, ""server_overload_queue_ms"": 0, ""server_bytes_scanned"": 151591936}}"
10000000,warehouse,groupby,snowflake,1,3,01c6f221-0001-fe0c-0001-9ade000affbe,132.1159,0.0,132.1159,"{""columns"": [""region_id"", ""total_cents"", ""total_quantity"", ""row_count""], ""dtypes"": [""int64"", ""int64"", ""int64"", ""int64""], ""hash_sum"": ""3404719191165042972"", ""hash_xor"": ""2526757767072946434"", ""rows"": 50}",,1732,50,"[""01c6f221-0001-fe0c-0001-9ade000affe2""]",0.0,True,"{""01c6f221-0001-fe0c-0001-9ade000affe2"": {""server_total_ms"": 114, ""server_compilation_ms"": 58, ""server_execution_ms"": 56, ""server_provisioning_queue_ms"": 0, ""server_overload_queue_ms"": 0, ""server_bytes_scanned"": 151591936}}"
10000000,warehouse,groupby,snowflake,1,4,01c6f221-0001-fe0c-0001-9ade000affbe,140.721303,0.0,140.721303,"{""columns"": [""region_id"", ""total_cents"", ""total_quantity"", ""row_count""], ""dtypes"": [""int64"", ""int64"", ""int64"", ""int64""], ""hash_sum"": ""3404719191165042972"", ""hash_xor"": ""2526757767072946434"", ""rows"": 50}",,1732,50,"[""01c6f221-0001-fe0c-0001-9ade000affe6""]",0.0,True,"{""01c6f221-0001-fe0c-0001-9ade000affe6"": {""server_total_ms"": 122, ""server_compilation_ms"": 66, ""server_execution_ms"": 56, ""server_provisioning_queue_ms"": 0, ""server_overload_queue_ms"": 0, ""server_bytes_scanned"": 151591936}}"
10000000,warehouse,groupby,snowflake,1,5,01c6f221-0001-fe0c-0001-9ade000affbe,134.320472,10.0,134.320472,"{""columns"": [""region_id"", ""total_cents"", ""total_quantity"", ""row_count""], ""dtypes"": [""int64"", ""int64"", ""int64"", ""int64""], ""hash_sum"": ""3404719191165042972"", ""hash_xor"": ""2526757767072946434"", ""rows"": 50}",,1732,50,"[""01c6f221-0001-fe0c-0001-9ade000affea""]",0.0,True,"{""01c6f221-0001-fe0c-0001-9ade000affea"": {""server_total_ms"": 116, ""server_compilation_ms"": 64, ""server_execution_ms"": 52, ""server_provisioning_queue_ms"": 0, ""server_overload_queue_ms"": 0, ""server_bytes_scanned"": 151591936}}"
10000000,warehouse,groupby,duckdb,1,1,01c6f221-0001-fcf9-0001-9ade000b5302,43.049923,930.0,1543.533454,"{""columns"": [""region_id"", ""total_cents"", ""total_quantity"", ""row_count""], ""dtypes"": [""int64"", ""int64"", ""int64"", ""int64""], ""hash_sum"": ""3404719191165042972"", ""hash_xor"": ""2526757767072946434"", ""rows"": 50}",1487.206088,1732,50,"[""01c6f221-0001-fcf9-0001-9ade000b531e""]",13.277443,True,"{""01c6f221-0001-fcf9-0001-9ade000b531e"": {""server_total_ms"": 379, ""server_compilation_ms"": 61, ""server_execution_ms"": 318, ""server_provisioning_queue_ms"": 0, ""server_overload_queue_ms"": 0, ""server_bytes_scanned"": 151591936}}"
10000000,warehouse,groupby,duckdb,1,2,01c6f221-0001-fcf9-0001-9ade000b5302,43.054429,800.0,1947.414175,"{""columns"": [""region_id"", ""total_cents"", ""total_quantity"", ""row_count""], ""dtypes"": [""int64"", ""int64"", ""int64"", ""int64""], ""hash_sum"": ""3404719191165042972"", ""hash_xor"": ""2526757767072946434"", ""rows"": 50}",1890.927888,1732,50,"[""01c6f221-0001-fcf9-0001-9ade000b5322""]",13.431858,True,"{""01c6f221-0001-fcf9-0001-9ade000b5322"": {""server_total_ms"": 786, ""server_compilation_ms"": 454, ""server_execution_ms"": 332, ""server_provisioning_queue_ms"": 0, ""server_overload_queue_ms"": 0, ""server_bytes_scanned"": 151591936}}"
10000000,warehouse,groupby,duckdb,1,3,01c6f221-0001-fcf9-0001-9ade000b5302,43.573181,910.0,1552.644351,"{""columns"": [""region_id"", ""total_cents"", ""total_quantity"", ""row_count""], ""dtypes"": [""int64"", ""int64"", ""int64"", ""int64""], ""hash_sum"": ""3404719191165042972"", ""hash_xor"": ""2526757767072946434"", ""rows"": 50}",1495.255691,1732,50,"[""01c6f221-0001-fcf9-0001-9ade000b5326""]",13.815479,True,"{""01c6f221-0001-fcf9-0001-9ade000b5326"": {""server_total_ms"": 385, ""server_compilation_ms"": 69, ""server_execution_ms"": 316, ""server_provisioning_queue_ms"": 0, ""server_overload_queue_ms"": 0, ""server_bytes_scanned"": 151591936}}"
10000000,warehouse,groupby,duckdb,1,4,01c6f221-0001-fcf9-0001-9ade000b5302,43.742124,820.0,1550.142549,"{""columns"": [""region_id"", ""total_cents"", ""total_quantity"", ""row_count""], ""dtypes"": [""int64"", ""int64"", ""int64"", ""int64""], ""hash_sum"": ""3404719191165042972"", ""hash_xor"": ""2526757767072946434"", ""rows"": 50}",1492.369165,1732,50,"[""01c6f221-0001-fcf9-0001-9ade000b532a""]",14.03126,True,"{""01c6f221-0001-fcf9-0001-9ade000b532a"": {""server_total_ms"": 384, ""server_compilation_ms"": 59, ""server_execution_ms"": 325, ""server_provisioning_queue_ms"": 0, ""server_overload_queue_ms"": 0, ""server_bytes_scanned"": 151591936}}"
10000000,warehouse,groupby,duckdb,1,5,01c6f221-0001-fcf9-0001-9ade000b5302,43.2939,820.0,1554.587068,"{""columns"": [""region_id"", ""total_cents"", ""total_quantity"", ""row_count""], ""dtypes"": [""int64"", ""int64"", ""int64"", ""int64""], ""hash_sum"": ""3404719191165042972"", ""hash_xor"": ""2526757767072946434"", ""rows"": 50}",1497.487988,1732,50,"[""01c6f221-0001-fcf9-0001-9ade000b532e""]",13.80518,True,"{""01c6f221-0001-fcf9-0001-9ade000b532e"": {""server_total_ms"": 369, ""server_compilation_ms"": 61, ""server_execution_ms"": 308, ""server_provisioning_queue_ms"": 0, ""server_overload_queue_ms"": 0, ""server_bytes_scanned"": 151591936}}"
10000000,warehouse,join_groupby,duckdb,1,1,01c6f221-0001-fcf9-0001-9ade000b5332,147.506325,1530.0,2418.800468,"{""columns"": [""region_id"", ""tier"", ""total_cents"", ""row_count""], ""dtypes"": [""int64"", ""int64"", ""int64"", ""int64""], ""hash_sum"": ""17973786493157141569"", ""hash_xor"": ""18413190608798210925"", ""rows"": 200}",2255.80424,6532,200,"[""01c6f221-0001-fcf9-0001-9ade000b5352"", ""01c6f221-0001-fcf9-0001-9ade000b5356""]",15.489903,True,"{""01c6f221-0001-fcf9-0001-9ade000b5352"": {""server_total_ms"": 532, ""server_compilation_ms"": 68, ""server_execution_ms"": 464, ""server_provisioning_queue_ms"": 0, ""server_overload_queue_ms"": 0, ""server_bytes_scanned"": 151591936}, ""01c6f221-0001-fcf9-0001-9ade000b5356"": {""server_total_ms"": 232, ""server_compilation_ms"": 61, ""server_execution_ms"": 171, ""server_provisioning_queue_ms"": 0, ""server_overload_queue_ms"": 0, ""server_bytes_scanned"": 238592}}"
10000000,warehouse,join_groupby,duckdb,1,2,01c6f221-0001-fcf9-0001-9ade000b5332,147.680787,1480.0,2275.103347,"{""columns"": [""region_id"", ""tier"", ""total_cents"", ""row_count""], ""dtypes"": [""int64"", ""int64"", ""int64"", ""int64""], ""hash_sum"": ""17973786493157141569"", ""hash_xor"": ""18413190608798210925"", ""rows"": 200}",2112.08818,6532,200,"[""01c6f221-0001-fcf9-0001-9ade000b535a"", ""01c6f221-0001-fcf9-0001-9ade000b535e""]",15.33438,True,"{""01c6f221-0001-fcf9-0001-9ade000b535a"": {""server_total_ms"": 460, ""server_compilation_ms"": 66, ""server_execution_ms"": 394, ""server_provisioning_queue_ms"": 0, ""server_overload_queue_ms"": 0, ""server_bytes_scanned"": 151591936}, ""01c6f221-0001-fcf9-0001-9ade000b535e"": {""server_total_ms"": 191, ""server_compilation_ms"": 59, ""server_execution_ms"": 132, ""server_provisioning_queue_ms"": 0, ""server_overload_queue_ms"": 0, ""server_bytes_scanned"": 238592}}"
10000000,warehouse,join_groupby,duckdb,1,3,01c6f221-0001-fcf9-0001-9ade000b5332,153.940468,1660.0,2259.561646,"{""columns"": [""region_id"", ""tier"", ""total_cents"", ""row_count""], ""dtypes"": [""int64"", ""int64"", ""int64"", ""int64""], ""hash_sum"": ""17973786493157141569"", ""hash_xor"": ""18413190608798210925"", ""rows"": 200}",2089.215758,6532,200,"[""01c6f221-0001-fcf9-0001-9ade000b5362"", ""01c6f221-0001-fcf9-0001-9ade000b5366""]",16.40542,True,"{""01c6f221-0001-fcf9-0001-9ade000b5362"": {""server_total_ms"": 434, ""server_compilation_ms"": 65, ""server_execution_ms"": 369, ""server_provisioning_queue_ms"": 0, ""server_overload_queue_ms"": 0, ""server_bytes_scanned"": 151591936}, ""01c6f221-0001-fcf9-0001-9ade000b5366"": {""server_total_ms"": 186, ""server_compilation_ms"": 60, ""server_execution_ms"": 126, ""server_provisioning_queue_ms"": 0, ""server_overload_queue_ms"": 0, ""server_bytes_scanned"": 238592}}"
10000000,warehouse,join_groupby,duckdb,1,4,01c6f221-0001-fcf9-0001-9ade000b5332,151.950217,1630.0,2305.535529,"{""columns"": [""region_id"", ""tier"", ""total_cents"", ""row_count""], ""dtypes"": [""int64"", ""int64"", ""int64"", ""int64""], ""hash_sum"": ""17973786493157141569"", ""hash_xor"": ""18413190608798210925"", ""rows"": 200}",2137.963055,6532,200,"[""01c6f221-0001-fcf9-0001-9ade000b536a"", ""01c6f221-0001-fcf9-0001-9ade000b536e""]",15.622257,True,"{""01c6f221-0001-fcf9-0001-9ade000b536a"": {""server_total_ms"": 423, ""server_compilation_ms"": 60, ""server_execution_ms"": 363, ""server_provisioning_queue_ms"": 0, ""server_overload_queue_ms"": 0, ""server_bytes_scanned"": 151591936}, ""01c6f221-0001-fcf9-0001-9ade000b536e"": {""server_total_ms"": 202, ""server_compilation_ms"": 73, ""server_execution_ms"": 129, ""server_provisioning_queue_ms"": 0, ""server_overload_queue_ms"": 0, ""server_bytes_scanned"": 238592}}"
10000000,warehouse,join_groupby,duckdb,1,5,01c6f221-0001-fcf9-0001-9ade000b5332,146.228759,1630.0,2445.472067,"{""columns"": [""region_id"", ""tier"", ""total_cents"", ""row_count""], ""dtypes"": [""int64"", ""int64"", ""int64"", ""int64""], ""hash_sum"": ""17973786493157141569"", ""hash_xor"": ""18413190608798210925"", ""rows"": 200}",2283.853854,6532,200,"[""01c6f221-0001-fcf9-0001-9ade000b5372"", ""01c6f221-0001-fcf9-0001-9ade000b5376""]",15.389454,True,"{""01c6f221-0001-fcf9-0001-9ade000b5372"": {""server_total_ms"": 465, ""server_compilation_ms"": 70, ""server_execution_ms"": 395, ""server_provisioning_queue_ms"": 0, ""server_overload_queue_ms"": 0, ""server_bytes_scanned"": 151591936}, ""01c6f221-0001-fcf9-0001-9ade000b5376"": {""server_total_ms"": 210, ""server_compilation_ms"": 77, ""server_execution_ms"": 133, ""server_provisioning_queue_ms"": 0, ""server_overload_queue_ms"": 0, ""server_bytes_scanned"": 238592}}"
1000000,warehouse,groupby,duckdb,1,1,01c6f221-0001-fcf9-0001-9ade000b537a,11.727318,180.0,538.582258,"{""columns"": [""region_id"", ""total_cents"", ""total_quantity"", ""row_count""], ""dtypes"": [""int64"", ""int64"", ""int64"", ""int64""], ""hash_sum"": ""3129039791569495086"", ""hash_xor"": ""14932865647023855810"", ""rows"": 50}",512.628817,1732,50,"[""01c6f221-0001-fcf9-0001-9ade000b5396""]",14.226123,True,"{""01c6f221-0001-fcf9-0001-9ade000b5396"": {""server_total_ms"": 348, ""server_compilation_ms"": 71, ""server_execution_ms"": 277, ""server_provisioning_queue_ms"": 0, ""server_overload_queue_ms"": 0, ""server_bytes_scanned"": 7627264}}"
1000000,warehouse,groupby,duckdb,1,2,01c6f221-0001-fcf9-0001-9ade000b537a,11.78859,110.0,548.476531,"{""columns"": [""region_id"", ""total_cents"", ""total_quantity"", ""row_count""], ""dtypes"": [""int64"", ""int64"", ""int64"", ""int64""], ""hash_sum"": ""3129039791569495086"", ""hash_xor"": ""14932865647023855810"", ""rows"": 50}",522.565344,1732,50,"[""01c6f221-0001-fcf9-0001-9ade000b539a""]",14.122597,True,"{""01c6f221-0001-fcf9-0001-9ade000b539a"": {""server_total_ms"": 363, ""server_compilation_ms"": 65, ""server_execution_ms"": 298, ""server_provisioning_queue_ms"": 0, ""server_overload_queue_ms"": 0, ""server_bytes_scanned"": 7627264}}"
1000000,warehouse,groupby,duckdb,1,3,01c6f221-0001-fcf9-0001-9ade000b537a,11.8412,170.0,591.083649,"{""columns"": [""region_id"", ""total_cents"", ""total_quantity"", ""row_count""], ""dtypes"": [""int64"", ""int64"", ""int64"", ""int64""], ""hash_sum"": ""3129039791569495086"", ""hash_xor"": ""14932865647023855810"", ""rows"": 50}",565.010614,1732,50,"[""01c6f221-0001-fcf9-0001-9ade000b539e""]",14.231835,True,"{""01c6f221-0001-fcf9-0001-9ade000b539e"": {""server_total_ms"": 398, ""server_compilation_ms"": 61, ""server_execution_ms"": 337, ""server_provisioning_queue_ms"": 0, ""server_overload_queue_ms"": 0, ""server_bytes_scanned"": 7627264}}"
1000000,warehouse,groupby,duckdb,1,4,01c6f221-0001-fcf9-0001-9ade000b537a,11.745142,170.0,539.527633,"{""columns"": [""region_id"", ""total_cents"", ""total_quantity"", ""row_count""], ""dtypes"": [""int64"", ""int64"", ""int64"", ""int64""], ""hash_sum"": ""3129039791569495086"", ""hash_xor"": ""14932865647023855810"", ""rows"": 50}",513.532749,1732,50,"[""01c6f221-0001-fcf9-0001-9ade000b53a2""]",14.249742,True,"{""01c6f221-0001-fcf9-0001-9ade000b53a2"": {""server_total_ms"": 340, ""server_compilation_ms"": 67, ""server_execution_ms"": 273, ""server_provisioning_queue_ms"": 0, ""server_overload_queue_ms"": 0, ""server_bytes_scanned"": 7627264}}"
1000000,warehouse,groupby,duckdb,1,5,01c6f221-0001-fcf9-0001-9ade000b537a,11.808266,160.0,555.527785,"{""columns"": [""region_id"", ""total_cents"", ""total_quantity"", ""row_count""], ""dtypes"": [""int64"", ""int64"", ""int64"", ""int64""], ""hash_sum"": ""3129039791569495086"", ""hash_xor"": ""14932865647023855810"", ""rows"": 50}",529.463002,1732,50,"[""01c6f221-0001-fcf9-0001-9ade000b53a6""]",14.256517,True,"{""01c6f221-0001-fcf9-0001-9ade000b53a6"": {""server_total_ms"": 357, ""server_compilation_ms"": 64, ""server_execution_ms"": 293, ""server_provisioning_queue_ms"": 0, ""server_overload_queue_ms"": 0, ""server_bytes_scanned"": 7627264}}"
10000000,warehouse,filter_project,pandas,1,1,01c6f221-0001-fe2b-0001-9ade000b829e,53.673197,460.0,1090.565913,"{""columns"": [""id"", ""region_id"", ""gross_cents""], ""dtypes"": [""int64"", ""int64"", ""int64""], ""hash_sum"": ""9297358661400020835"", ""hash_xor"": ""11916629792613770293"", ""rows"": 1980090}",1036.892716,47522292,1980090,"[""01c6f221-0001-fe2b-0001-9ade000b82ba""]",0.0,True,"{""01c6f221-0001-fe2b-0001-9ade000b82ba"": {""server_total_ms"": 310, ""server_compilation_ms"": 68, ""server_execution_ms"": 242, ""server_provisioning_queue_ms"": 0, ""server_overload_queue_ms"": 0, ""server_bytes_scanned"": 146614272}}"
10000000,warehouse,filter_project,pandas,1,2,01c6f221-0001-fe2b-0001-9ade000b829e,56.630875,450.0,1100.781833,"{""columns"": [""id"", ""region_id"", ""gross_cents""], ""dtypes"": [""int64"", ""int64"", ""int64""], ""hash_sum"": ""9297358661400020835"", ""hash_xor"": ""11916629792613770293"", ""rows"": 1980090}",1044.150958,47522292,1980090,"[""01c6f221-0001-fe2b-0001-9ade000b82be""]",0.0,True,"{""01c6f221-0001-fe2b-0001-9ade000b82be"": {""server_total_ms"": 323, ""server_compilation_ms"": 78, ""server_execution_ms"": 245, ""server_provisioning_queue_ms"": 0, ""server_overload_queue_ms"": 0, ""server_bytes_scanned"": 151591936}}"
10000000,warehouse,filter_project,pandas,1,3,01c6f221-0001-fe2b-0001-9ade000b829e,57.762582,450.0,1153.862022,"{""columns"": [""id"", ""region_id"", ""gross_cents""], ""dtypes"": [""int64"", ""int64"", ""int64""], ""hash_sum"": ""9297358661400020835"", ""hash_xor"": ""11916629792613770293"", ""rows"": 1980090}",1096.09944,47522292,1980090,"[""01c6f221-0001-fe2b-0001-9ade000b82c6""]",0.0,True,"{""01c6f221-0001-fe2b-0001-9ade000b82c6"": {""server_total_ms"": 355, ""server_compilation_ms"": 90, ""server_execution_ms"": 265, ""server_provisioning_queue_ms"": 0, ""server_overload_queue_ms"": 0, ""server_bytes_scanned"": 146614784}}"
10000000,warehouse,filter_project,pandas,1,4,01c6f221-0001-fe2b-0001-9ade000b829e,57.135809,390.0,1124.819486,"{""columns"": [""id"", ""region_id"", ""gross_cents""], ""dtypes"": [""int64"", ""int64"", ""int64""], ""hash_sum"": ""9297358661400020835"", ""hash_xor"": ""11916629792613770293"", ""rows"": 1980090}",1067.683677,47522292,1980090,"[""01c6f221-0001-fe2b-0001-9ade000b82ca""]",0.0,True,"{""01c6f221-0001-fe2b-0001-9ade000b82ca"": {""server_total_ms"": 318, ""server_compilation_ms"": 80, ""server_execution_ms"": 238, ""server_provisioning_queue_ms"": 0, ""server_overload_queue_ms"": 0, ""server_bytes_scanned"": 141636608}}"
10000000,warehouse,filter_project,pandas,1,5,01c6f221-0001-fe2b-0001-9ade000b829e,57.454623,440.0,1114.83207,"{""columns"": [""id"", ""region_id"", ""gross_cents""], ""dtypes"": [""int64"", ""int64"", ""int64""], ""hash_sum"": ""9297358661400020835"", ""hash_xor"": ""11916629792613770293"", ""rows"": 1980090}",1057.377447,47522292,1980090,"[""01c6f221-0001-fe2b-0001-9ade000b82ce""]",0.0,True,"{""01c6f221-0001-fe2b-0001-9ade000b82ce"": {""server_total_ms"": 320, ""server_compilation_ms"": 90, ""server_execution_ms"": 230, ""server_provisioning_queue_ms"": 0, ""server_overload_queue_ms"": 0, ""server_bytes_scanned"": 151591936}}"
100000,warehouse,filter_project,pandas,1,1,01c6f221-0001-fe0c-0001-9ade000afff6,1.748353,0.0,746.165568,"{""columns"": [""id"", ""region_id"", ""gross_cents""], ""dtypes"": [""int64"", ""int64"", ""int64""], ""hash_sum"": ""6934637738391437775"", ""hash_xor"": ""13010755706745315299"", ""rows"": 19886}",744.417215,477396,19886,"[""01c6f221-0001-fe0c-0001-9ade000b9012""]",0.0,True,"{""01c6f221-0001-fe0c-0001-9ade000b9012"": {""server_total_ms"": 649, ""server_compilation_ms"": 539, ""server_execution_ms"": 110, ""server_provisioning_queue_ms"": 0, ""server_overload_queue_ms"": 0, ""server_bytes_scanned"": 973312}}"
100000,warehouse,filter_project,pandas,1,2,01c6f221-0001-fe0c-0001-9ade000afff6,1.542811,0.0,261.778046,"{""columns"": [""id"", ""region_id"", ""gross_cents""], ""dtypes"": [""int64"", ""int64"", ""int64""], ""hash_sum"": ""6934637738391437775"", ""hash_xor"": ""13010755706745315299"", ""rows"": 19886}",260.235235,477396,19886,"[""01c6f221-0001-fe0c-0001-9ade000b9016""]",0.0,True,"{""01c6f221-0001-fe0c-0001-9ade000b9016"": {""server_total_ms"": 159, ""server_compilation_ms"": 64, ""server_execution_ms"": 95, ""server_provisioning_queue_ms"": 0, ""server_overload_queue_ms"": 0, ""server_bytes_scanned"": 973312}}"
100000,warehouse,filter_project,pandas,1,3,01c6f221-0001-fe0c-0001-9ade000afff6,1.541017,0.0,264.137864,"{""columns"": [""id"", ""region_id"", ""gross_cents""], ""dtypes"": [""int64"", ""int64"", ""int64""], ""hash_sum"": ""6934637738391437775"", ""hash_xor"": ""13010755706745315299"", ""rows"": 19886}",262.596847,477396,19886,"[""01c6f221-0001-fe0c-0001-9ade000b901a""]",0.0,True,"{""01c6f221-0001-fe0c-0001-9ade000b901a"": {""server_total_ms"": 173, ""server_compilation_ms"": 66, ""server_execution_ms"": 107, ""server_provisioning_queue_ms"": 0, ""server_overload_queue_ms"": 0, ""server_bytes_scanned"": 973312}}"
100000,warehouse,filter_project,pandas,1,4,01c6f221-0001-fe0c-0001-9ade000afff6,1.705555,10.0,263.970297,"{""columns"": [""id"", ""region_id"", ""gross_cents""], ""dtypes"": [""int64"", ""int64"", ""int64""], ""hash_sum"": ""6934637738391437775"", ""hash_xor"": ""13010755706745315299"", ""rows"": 19886}",262.264742,477396,19886,"[""01c6f222-0001-fe0c-0001-9ade000b901e""]",0.0,True,"{""01c6f222-0001-fe0c-0001-9ade000b901e"": {""server_total_ms"": 170, ""server_compilation_ms"": 68, ""server_execution_ms"": 102, ""server_provisioning_queue_ms"": 0, ""server_overload_queue_ms"": 0, ""server_bytes_scanned"": 973312}}"
100000,warehouse,filter_project,pandas,1,5,01c6f221-0001-fe0c-0001-9ade000afff6,1.482218,10.0,262.575286,"{""columns"": [""id"", ""region_id"", ""gross_cents""], ""dtypes"": [""int64"", ""int64"", ""int64""], ""hash_sum"": ""6934637738391437775"", ""hash_xor"": ""13010755706745315299"", ""rows"": 19886}",261.093068,477396,19886,"[""01c6f222-0001-fe0c-0001-9ade000b9022""]",0.0,True,"{""01c6f222-0001-fe0c-0001-9ade000b9022"": {""server_total_ms"": 166, ""server_compilation_ms"": 61, ""server_execution_ms"": 105, ""server_provisioning_queue_ms"": 0, ""server_overload_queue_ms"": 0, ""server_bytes_scanned"": 973312}}"
1000000,warehouse,join_groupby,duckdb,1,1,01c6f222-0001-fe0c-0001-9ade000b9026,34.951116,250.0,947.37402,"{""columns"": [""region_id"", ""tier"", ""total_cents"", ""row_count""], ""dtypes"": [""int64"", ""int64"", ""int64"", ""int64""], ""hash_sum"": ""13023197678645621665"", ""hash_xor"": ""8219731451453916309"", ""rows"": 200}",895.850601,6532,200,"[""01c6f222-0001-fe0c-0001-9ade000b9046"", ""01c6f222-0001-fe0c-0001-9ade000b904a""]",16.572303,True,"{""01c6f222-0001-fe0c-0001-9ade000b9046"": {""server_total_ms"": 423, ""server_compilation_ms"": 58, ""server_execution_ms"": 365, ""server_provisioning_queue_ms"": 0, ""server_overload_queue_ms"": 0, ""server_bytes_scanned"": 7627264}, ""01c6f222-0001-fe0c-0001-9ade000b904a"": {""server_total_ms"": 180, ""server_compilation_ms"": 51, ""server_execution_ms"": 129, ""server_provisioning_queue_ms"": 0, ""server_overload_queue_ms"": 0, ""server_bytes_scanned"": 238592}}"
1000000,warehouse,join_groupby,duckdb,1,2,01c6f222-0001-fe0c-0001-9ade000b9026,33.680816,210.0,943.291738,"{""columns"": [""region_id"", ""tier"", ""total_cents"", ""row_count""], ""dtypes"": [""int64"", ""int64"", ""int64"", ""int64""], ""hash_sum"": ""13023197678645621665"", ""hash_xor"": ""8219731451453916309"", ""rows"": 200}",893.512496,6532,200,"[""01c6f222-0001-fe0c-0001-9ade000b904e"", ""01c6f222-0001-fe0c-0001-9ade000b9052""]",16.098426,True,"{""01c6f222-0001-fe0c-0001-9ade000b904e"": {""server_total_ms"": 406, ""server_compilation_ms"": 58, ""server_execution_ms"": 348, ""server_provisioning_queue_ms"": 0, ""server_overload_queue_ms"": 0, ""server_bytes_scanned"": 7627264}, ""01c6f222-0001-fe0c-0001-9ade000b9052"": {""server_total_ms"": 176, ""server_compilation_ms"": 55, ""server_execution_ms"": 121, ""server_provisioning_queue_ms"": 0, ""server_overload_queue_ms"": 0, ""server_bytes_scanned"": 238592}}"
1000000,warehouse,join_groupby,duckdb,1,3,01c6f222-0001-fe0c-0001-9ade000b9026,34.335504,280.0,933.323346,"{""columns"": [""region_id"", ""tier"", ""total_cents"", ""row_count""], ""dtypes"": [""int64"", ""int64"", ""int64"", ""int64""], ""hash_sum"": ""13023197678645621665"", ""hash_xor"": ""8219731451453916309"", ""rows"": 200}",882.659535,6532,200,"[""01c6f222-0001-fe0c-0001-9ade000b9056"", ""01c6f222-0001-fe0c-0001-9ade000b905a""]",16.328307,True,"{""01c6f222-0001-fe0c-0001-9ade000b9056"": {""server_total_ms"": 394, ""server_compilation_ms"": 59, ""server_execution_ms"": 335, ""server_provisioning_queue_ms"": 0, ""server_overload_queue_ms"": 0, ""server_bytes_scanned"": 7627264}, ""01c6f222-0001-fe0c-0001-9ade000b905a"": {""server_total_ms"": 192, ""server_compilation_ms"": 57, ""server_execution_ms"": 135, ""server_provisioning_queue_ms"": 0, ""server_overload_queue_ms"": 0, ""server_bytes_scanned"": 238592}}"
1000000,warehouse,join_groupby,duckdb,1,4,01c6f222-0001-fe0c-0001-9ade000b9026,33.714301,250.0,932.21732,"{""columns"": [""region_id"", ""tier"", ""total_cents"", ""row_count""], ""dtypes"": [""int64"", ""int64"", ""int64"", ""int64""], ""hash_sum"": ""13023197678645621665"", ""hash_xor"": ""8219731451453916309"", ""rows"": 200}",882.402646,6532,200,"[""01c6f222-0001-fe0c-0001-9ade000b905e"", ""01c6f222-0001-fe0c-0001-9ade000b9062""]",16.100373,True,"{""01c6f222-0001-fe0c-0001-9ade000b905e"": {""server_total_ms"": 403, ""server_compilation_ms"": 63, ""server_execution_ms"": 340, ""server_provisioning_queue_ms"": 0, ""server_overload_queue_ms"": 0, ""server_bytes_scanned"": 7627264}, ""01c6f222-0001-fe0c-0001-9ade000b9062"": {""server_total_ms"": 195, ""server_compilation_ms"": 61, ""server_execution_ms"": 134, ""server_provisioning_queue_ms"": 0, ""server_overload_queue_ms"": 0, ""server_bytes_scanned"": 238592}}"
1000000,warehouse,join_groupby,duckdb,1,5,01c6f222-0001-fe0c-0001-9ade000b9026,34.46765,220.0,950.02009,"{""columns"": [""region_id"", ""tier"", ""total_cents"", ""row_count""], ""dtypes"": [""int64"", ""int64"", ""int64"", ""int64""], ""hash_sum"": ""13023197678645621665"", ""hash_xor"": ""8219731451453916309"", ""rows"": 200}",899.291872,6532,200,"[""01c6f222-0001-fe0c-0001-9ade000b9066"", ""01c6f222-0001-fe0c-0001-9ade000b906a""]",16.260568,True,"{""01c6f222-0001-fe0c-0001-9ade000b9066"": {""server_total_ms"": 408, ""server_compilation_ms"": 67, ""server_execution_ms"": 341, ""server_provisioning_queue_ms"": 0, ""server_overload_queue_ms"": 0, ""server_bytes_scanned"": 7627264}, ""01c6f222-0001-fe0c-0001-9ade000b906a"": {""server_total_ms"": 195, ""server_compilation_ms"": 68, ""server_execution_ms"": 127, ""server_provisioning_queue_ms"": 0, ""server_overload_queue_ms"": 0, ""server_bytes_scanned"": 238592}}"
1000000,warehouse,groupby,pandas,1,1,01c6f222-0001-fcf9-0001-9ade000b53aa,20.803272,110.0,1119.424136,"{""columns"": [""region_id"", ""total_cents"", ""total_quantity"", ""row_count""], ""dtypes"": [""int64"", ""int64"", ""int64"", ""int64""], ""hash_sum"": ""3129039791569495086"", ""hash_xor"": ""14932865647023855810"", ""rows"": 50}",1098.620864,1732,50,"[""01c6f222-0001-fcf9-0001-9ade000b53c6""]",0.0,True,"{""01c6f222-0001-fcf9-0001-9ade000b53c6"": {""server_total_ms"": 825, ""server_compilation_ms"": 243, ""server_execution_ms"": 582, ""server_provisioning_queue_ms"": 0, ""server_overload_queue_ms"": 0, ""server_bytes_scanned"": 7627264}}"
1000000,warehouse,groupby,pandas,1,2,01c6f222-0001-fcf9-0001-9ade000b53aa,23.388231,100.0,537.347222,"{""columns"": [""region_id"", ""total_cents"", ""total_quantity"", ""row_count""], ""dtypes"": [""int64"", ""int64"", ""int64"", ""int64""], ""hash_sum"": ""3129039791569495086"", ""hash_xor"": ""14932865647023855810"", ""rows"": 50}",513.958991,1732,50,"[""01c6f222-0001-fcf9-0001-9ade000b53ca""]",0.0,True,"{""01c6f222-0001-fcf9-0001-9ade000b53ca"": {""server_total_ms"": 342, ""server_compilation_ms"": 56, ""server_execution_ms"": 286, ""server_provisioning_queue_ms"": 0, ""server_overload_queue_ms"": 0, ""server_bytes_scanned"": 7627264}}"
1000000,warehouse,groupby,pandas,1,3,01c6f222-0001-fcf9-0001-9ade000b53aa,21.78853,120.0,553.882632,"{""columns"": [""region_id"", ""total_cents"", ""total_quantity"", ""row_count""], ""dtypes"": [""int64"", ""int64"", ""int64"", ""int64""], ""hash_sum"": ""3129039791569495086"", ""hash_xor"": ""14932865647023855810"", ""rows"": 50}",532.094102,1732,50,"[""01c6f222-0001-fcf9-0001-9ade000b53ce""]",0.0,True,"{""01c6f222-0001-fcf9-0001-9ade000b53ce"": {""server_total_ms"": 359, ""server_compilation_ms"": 61, ""server_execution_ms"": 298, ""server_provisioning_queue_ms"": 0, ""server_overload_queue_ms"": 0, ""server_bytes_scanned"": 7627264}}"
1000000,warehouse,groupby,pandas,1,4,01c6f222-0001-fcf9-0001-9ade000b53aa,21.774799,110.0,538.371398,"{""columns"": [""region_id"", ""total_cents"", ""total_quantity"", ""row_count""], ""dtypes"": [""int64"", ""int64"", ""int64"", ""int64""], ""hash_sum"": ""3129039791569495086"", ""hash_xor"": ""14932865647023855810"", ""rows"": 50}",516.596599,1732,50,"[""01c6f222-0001-fcf9-0001-9ade000b53d2""]",0.0,True,"{""01c6f222-0001-fcf9-0001-9ade000b53d2"": {""server_total_ms"": 345, ""server_compilation_ms"": 60, ""server_execution_ms"": 285, ""server_provisioning_queue_ms"": 0, ""server_overload_queue_ms"": 0, ""server_bytes_scanned"": 7627264}}"
1000000,warehouse,groupby,pandas,1,5,01c6f222-0001-fcf9-0001-9ade000b53aa,21.779422,100.0,553.047482,"{""columns"": [""region_id"", ""total_cents"", ""total_quantity"", ""row_count""], ""dtypes"": [""int64"", ""int64"", ""int64"", ""int64""], ""hash_sum"": ""3129039791569495086"", ""hash_xor"": ""14932865647023855810"", ""rows"": 50}",531.26806,1732,50,"[""01c6f222-0001-fcf9-0001-9ade000b53d6""]",0.0,True,"{""01c6f222-0001-fcf9-0001-9ade000b53d6"": {""server_total_ms"": 347, ""server_compilation_ms"": 58, ""server_execution_ms"": 289, ""server_provisioning_queue_ms"": 0, ""server_overload_queue_ms"": 0, ""server_bytes_scanned"": 7627264}}"
100000,warehouse,join_groupby,pandas,1,1,01c6f222-0001-fcf9-0001-9ade000b53da,20.046771,60.0,637.197779,"{""columns"": [""region_id"", ""tier"", ""total_cents"", ""row_count""], ""dtypes"": [""int64"", ""int64"", ""int64"", ""int64""], ""hash_sum"": ""15482229778153811636"", ""hash_xor"": ""14299020784962879478"", ""rows"": 200}",617.151008,6532,200,"[""01c6f222-0001-fcf9-0001-9ade000b53fa"", ""01c6f222-0001-fcf9-0001-9ade000b53fe""]",0.0,True,"{""01c6f222-0001-fcf9-0001-9ade000b53fa"": {""server_total_ms"": 223, ""server_compilation_ms"": 55, ""server_execution_ms"": 168, ""server_provisioning_queue_ms"": 0, ""server_overload_queue_ms"": 0, ""server_bytes_scanned"": 973312}, ""01c6f222-0001-fcf9-0001-9ade000b53fe"": {""server_total_ms"": 196, ""server_compilation_ms"": 63, ""server_execution_ms"": 133, ""server_provisioning_queue_ms"": 0, ""server_overload_queue_ms"": 0, ""server_bytes_scanned"": 238592}}"
100000,warehouse,join_groupby,pandas,1,2,01c6f222-0001-fcf9-0001-9ade000b53da,20.124392,110.0,639.035295,"{""columns"": [""region_id"", ""tier"", ""total_cents"", ""row_count""], ""dtypes"": [""int64"", ""int64"", ""int64"", ""int64""], ""hash_sum"": ""15482229778153811636"", ""hash_xor"": ""14299020784962879478"", ""rows"": 200}",618.910903,6532,200,"[""01c6f222-0001-fcf9-0001-9ade000b5402"", ""01c6f222-0001-fcf9-0001-9ade000b5406""]",0.0,True,"{""01c6f222-0001-fcf9-0001-9ade000b5402"": {""server_total_ms"": 235, ""server_compilation_ms"": 62, ""server_execution_ms"": 173, ""server_provisioning_queue_ms"": 0, ""server_overload_queue_ms"": 0, ""server_bytes_scanned"": 973312}, ""01c6f222-0001-fcf9-0001-9ade000b5406"": {""server_total_ms"": 179, ""server_compilation_ms"": 58, ""server_execution_ms"": 121, ""server_provisioning_queue_ms"": 0, ""server_overload_queue_ms"": 0, ""server_bytes_scanned"": 238592}}"
100000,warehouse,join_groupby,pandas,1,3,01c6f222-0001-fcf9-0001-9ade000b53da,19.820052,100.0,628.157956,"{""columns"": [""region_id"", ""tier"", ""total_cents"", ""row_count""], ""dtypes"": [""int64"", ""int64"", ""int64"", ""int64""], ""hash_sum"": ""15482229778153811636"", ""hash_xor"": ""14299020784962879478"", ""rows"": 200}",608.337904,6532,200,"[""01c6f222-0001-fcf9-0001-9ade000b540a"", ""01c6f222-0001-fcf9-0001-9ade000b540e""]",0.0,True,"{""01c6f222-0001-fcf9-0001-9ade000b540a"": {""server_total_ms"": 221, ""server_compilation_ms"": 53, ""server_execution_ms"": 168, ""server_provisioning_queue_ms"": 0, ""server_overload_queue_ms"": 0, ""server_bytes_scanned"": 973312}, ""01c6f222-0001-fcf9-0001-9ade000b540e"": {""server_total_ms"": 192, ""server_compilation_ms"": 61, ""server_execution_ms"": 131, ""server_provisioning_queue_ms"": 0, ""server_overload_queue_ms"": 0, ""server_bytes_scanned"": 238592}}"
100000,warehouse,join_groupby,pandas,1,4,01c6f222-0001-fcf9-0001-9ade000b53da,19.353068,70.0,635.695541,"{""columns"": [""region_id"", ""tier"", ""total_cents"", ""row_count""], ""dtypes"": [""int64"", ""int64"", ""int64"", ""int64""], ""hash_sum"": ""15482229778153811636"", ""hash_xor"": ""14299020784962879478"", ""rows"": 200}",616.342473,6532,200,"[""01c6f222-0001-fcf9-0001-9ade000b5412"", ""01c6f222-0001-fcf9-0001-9ade000b5416""]",0.0,True,"{""01c6f222-0001-fcf9-0001-9ade000b5412"": {""server_total_ms"": 227, ""server_compilation_ms"": 59, ""server_execution_ms"": 168, ""server_provisioning_queue_ms"": 0, ""server_overload_queue_ms"": 0, ""server_bytes_scanned"": 973312}, ""01c6f222-0001-fcf9-0001-9ade000b5416"": {""server_total_ms"": 201, ""server_compilation_ms"": 63, ""server_execution_ms"": 138, ""server_provisioning_queue_ms"": 0, ""server_overload_queue_ms"": 0, ""server_bytes_scanned"": 238592}}"
100000,warehouse,join_groupby,pandas,1,5,01c6f222-0001-fcf9-0001-9ade000b53da,19.806959,60.0,635.607186,"{""columns"": [""region_id"", ""tier"", ""total_cents"", ""row_count""], ""dtypes"": [""int64"", ""int64"", ""int64"", ""int64""], ""hash_sum"": ""15482229778153811636"", ""hash_xor"": ""14299020784962879478"", ""rows"": 200}",615.800227,6532,200,"[""01c6f222-0001-fcf9-0001-9ade000b541a"", ""01c6f222-0001-fcf9-0001-9ade000b541e""]",0.0,True,"{""01c6f222-0001-fcf9-0001-9ade000b541a"": {""server_total_ms"": 222, ""server_compilation_ms"": 58, ""server_execution_ms"": 164, ""server_provisioning_queue_ms"": 0, ""server_overload_queue_ms"": 0, ""server_bytes_scanned"": 973312}, ""01c6f222-0001-fcf9-0001-9ade000b541e"": {""server_total_ms"": 193, ""server_compilation_ms"": 57, ""server_execution_ms"": 136, ""server_provisioning_queue_ms"": 0, ""server_overload_queue_ms"": 0, ""server_bytes_scanned"": 238592}}"
10000000,warehouse,clean_derive,duckdb,1,1,01c6f222-0001-fcf8-0001-9ade000aa9ca,296.903215,1670.0,2263.881285,"{""columns"": [""id"", ""net_cents""], ""dtypes"": [""int64"", ""int64""], ""hash_sum"": ""14285702759883698828"", ""hash_xor"": ""425970959959544156"", ""rows"": 10000000}",1953.410175,160000132,10000000,"[""01c6f222-0001-fcf8-0001-9ade000aa9e6""]",13.567895,True,"{""01c6f222-0001-fcf8-0001-9ade000aa9e6"": {""server_total_ms"": 420, ""server_compilation_ms"": 70, ""server_execution_ms"": 350, ""server_provisioning_queue_ms"": 0, ""server_overload_queue_ms"": 0, ""server_bytes_scanned"": 151591936}}"
10000000,warehouse,clean_derive,duckdb,1,2,01c6f222-0001-fcf8-0001-9ade000aa9ca,305.7505,1620.0,2504.133465,"{""columns"": [""id"", ""net_cents""], ""dtypes"": [""int64"", ""int64""], ""hash_sum"": ""14285702759883698828"", ""hash_xor"": ""425970959959544156"", ""rows"": 10000000}",2184.7628,160000132,10000000,"[""01c6f222-0001-fcf8-0001-9ade000aa9ea""]",13.620165,True,"{""01c6f222-0001-fcf8-0001-9ade000aa9ea"": {""server_total_ms"": 454, ""server_compilation_ms"": 63, ""server_execution_ms"": 391, ""server_provisioning_queue_ms"": 0, ""server_overload_queue_ms"": 0, ""server_bytes_scanned"": 151591936}}"
10000000,warehouse,clean_derive,duckdb,1,3,01c6f222-0001-fcf8-0001-9ade000aa9ca,251.66751,1660.0,2292.832885,"{""columns"": [""id"", ""net_cents""], ""dtypes"": [""int64"", ""int64""], ""hash_sum"": ""14285702759883698828"", ""hash_xor"": ""425970959959544156"", ""rows"": 10000000}",2027.434301,160000132,10000000,"[""01c6f222-0001-fcf8-0001-9ade000aa9ee""]",13.731074,True,"{""01c6f222-0001-fcf8-0001-9ade000aa9ee"": {""server_total_ms"": 498, ""server_compilation_ms"": 81, ""server_execution_ms"": 417, ""server_provisioning_queue_ms"": 0, ""server_overload_queue_ms"": 0, ""server_bytes_scanned"": 151591936}}"
10000000,warehouse,clean_derive,duckdb,1,4,01c6f222-0001-fcf8-0001-9ade000aa9ca,256.943377,1470.0,2263.239586,"{""columns"": [""id"", ""net_cents""], ""dtypes"": [""int64"", ""int64""], ""hash_sum"": ""14285702759883698828"", ""hash_xor"": ""425970959959544156"", ""rows"": 10000000}",1992.889658,160000132,10000000,"[""01c6f222-0001-fcf8-0001-9ade000aa9f2""]",13.406551,True,"{""01c6f222-0001-fcf8-0001-9ade000aa9f2"": {""server_total_ms"": 484, ""server_compilation_ms"": 58, ""server_execution_ms"": 426, ""server_provisioning_queue_ms"": 0, ""server_overload_queue_ms"": 0, ""server_bytes_scanned"": 151591936}}"
10000000,warehouse,clean_derive,duckdb,1,5,01c6f222-0001-fcf8-0001-9ade000aa9ca,264.746714,1510.0,2227.855725,"{""columns"": [""id"", ""net_cents""], ""dtypes"": [""int64"", ""int64""], ""hash_sum"": ""14285702759883698828"", ""hash_xor"": ""425970959959544156"", ""rows"": 10000000}",1949.147421,160000132,10000000,"[""01c6f222-0001-fcf8-0001-9ade000aa9f6""]",13.96159,True,"{""01c6f222-0001-fcf8-0001-9ade000aa9f6"": {""server_total_ms"": 461, ""server_compilation_ms"": 66, ""server_execution_ms"": 395, ""server_provisioning_queue_ms"": 0, ""server_overload_queue_ms"": 0, ""server_bytes_scanned"": 151591936}}"
100000,warehouse,join_groupby,snowflake,1,1,01c6f222-0001-fcf9-0001-9ade000b5426,165.894564,0.0,165.894564,"{""columns"": [""region_id"", ""tier"", ""total_cents"", ""row_count""], ""dtypes"": [""int64"", ""int64"", ""int64"", ""int64""], ""hash_sum"": ""15482229778153811636"", ""hash_xor"": ""14299020784962879478"", ""rows"": 200}",,6532,200,"[""01c6f222-0001-fcf9-0001-9ade000b5442""]",0.0,True,"{""01c6f222-0001-fcf9-0001-9ade000b5442"": {""server_total_ms"": 135, ""server_compilation_ms"": 88, ""server_execution_ms"": 47, ""server_provisioning_queue_ms"": 0, ""server_overload_queue_ms"": 0, ""server_bytes_scanned"": 1211904}}"
100000,warehouse,join_groupby,snowflake,1,2,01c6f222-0001-fcf9-0001-9ade000b5426,160.700041,10.0,160.700041,"{""columns"": [""region_id"", ""tier"", ""total_cents"", ""row_count""], ""dtypes"": [""int64"", ""int64"", ""int64"", ""int64""], ""hash_sum"": ""15482229778153811636"", ""hash_xor"": ""14299020784962879478"", ""rows"": 200}",,6532,200,"[""01c6f222-0001-fcf9-0001-9ade000b5446""]",0.0,True,"{""01c6f222-0001-fcf9-0001-9ade000b5446"": {""server_total_ms"": 129, ""server_compilation_ms"": 81, ""server_execution_ms"": 48, ""server_provisioning_queue_ms"": 0, ""server_overload_queue_ms"": 0, ""server_bytes_scanned"": 1211904}}"
100000,warehouse,join_groupby,snowflake,1,3,01c6f222-0001-fcf9-0001-9ade000b5426,164.542378,0.0,164.542378,"{""columns"": [""region_id"", ""tier"", ""total_cents"", ""row_count""], ""dtypes"": [""int64"", ""int64"", ""int64"", ""int64""], ""hash_sum"": ""15482229778153811636"", ""hash_xor"": ""14299020784962879478"", ""rows"": 200}",,6532,200,"[""01c6f222-0001-fcf9-0001-9ade000b544a""]",0.0,True,"{""01c6f222-0001-fcf9-0001-9ade000b544a"": {""server_total_ms"": 133, ""server_compilation_ms"": 83, ""server_execution_ms"": 50, ""server_provisioning_queue_ms"": 0, ""server_overload_queue_ms"": 0, ""server_bytes_scanned"": 1211904}}"
100000,warehouse,join_groupby,snowflake,1,4,01c6f222-0001-fcf9-0001-9ade000b5426,163.387409,0.0,163.387409,"{""columns"": [""region_id"", ""tier"", ""total_cents"", ""row_count""], ""dtypes"": [""int64"", ""int64"", ""int64"", ""int64""], ""hash_sum"": ""15482229778153811636"", ""hash_xor"": ""14299020784962879478"", ""rows"": 200}",,6532,200,"[""01c6f222-0001-fcf9-0001-9ade000b544e""]",0.0,True,"{""01c6f222-0001-fcf9-0001-9ade000b544e"": {""server_total_ms"": 130, ""server_compilation_ms"": 81, ""server_execution_ms"": 49, ""server_provisioning_queue_ms"": 0, ""server_overload_queue_ms"": 0, ""server_bytes_scanned"": 1211904}}"
100000,warehouse,join_groupby,snowflake,1,5,01c6f222-0001-fcf9-0001-9ade000b5426,163.116365,10.0,163.116365,"{""columns"": [""region_id"", ""tier"", ""total_cents"", ""row_count""], ""dtypes"": [""int64"", ""int64"", ""int64"", ""int64""], ""hash_sum"": ""15482229778153811636"", ""hash_xor"": ""14299020784962879478"", ""rows"": 200}",,6532,200,"[""01c6f222-0001-fcf9-0001-9ade000b5452""]",0.0,True,"{""01c6f222-0001-fcf9-0001-9ade000b5452"": {""server_total_ms"": 132, ""server_compilation_ms"": 83, ""server_execution_ms"": 49, ""server_provisioning_queue_ms"": 0, ""server_overload_queue_ms"": 0, ""server_bytes_scanned"": 1211904}}"
100000,warehouse,clean_derive,snowflake,1,1,01c6f222-0001-fcf9-0001-9ade000b5456,339.468562,30.0,339.468562,"{""columns"": [""id"", ""net_cents""], ""dtypes"": [""int64"", ""int64""], ""hash_sum"": ""6278141268544677052"", ""hash_xor"": ""11755483584262095886"", ""rows"": 100000}",,1600132,100000,"[""01c6f222-0001-fcf9-0001-9ade000b5472""]",0.0,True,"{""01c6f222-0001-fcf9-0001-9ade000b5472"": {""server_total_ms"": 236, ""server_compilation_ms"": 67, ""server_execution_ms"": 169, ""server_provisioning_queue_ms"": 0, ""server_overload_queue_ms"": 0, ""server_bytes_scanned"": 973312}}"
100000,warehouse,clean_derive,snowflake,1,2,01c6f222-0001-fcf9-0001-9ade000b5456,326.392857,10.0,326.392857,"{""columns"": [""id"", ""net_cents""], ""dtypes"": [""int64"", ""int64""], ""hash_sum"": ""6278141268544677052"", ""hash_xor"": ""11755483584262095886"", ""rows"": 100000}",,1600132,100000,"[""01c6f222-0001-fcf9-0001-9ade000b5476""]",0.0,True,"{""01c6f222-0001-fcf9-0001-9ade000b5476"": {""server_total_ms"": 230, ""server_compilation_ms"": 64, ""server_execution_ms"": 166, ""server_provisioning_queue_ms"": 0, ""server_overload_queue_ms"": 0, ""server_bytes_scanned"": 973312}}"
100000,warehouse,clean_derive,snowflake,1,3,01c6f222-0001-fcf9-0001-9ade000b5456,330.495157,40.0,330.495157,"{""columns"": [""id"", ""net_cents""], ""dtypes"": [""int64"", ""int64""], ""hash_sum"": ""6278141268544677052"", ""hash_xor"": ""11755483584262095886"", ""rows"": 100000}",,1600132,100000,"[""01c6f222-0001-fcf9-0001-9ade000b547a""]",0.0,True,"{""01c6f222-0001-fcf9-0001-9ade000b547a"": {""server_total_ms"": 235, ""server_compilation_ms"": 67, ""server_execution_ms"": 168, ""server_provisioning_queue_ms"": 0, ""server_overload_queue_ms"": 0, ""server_bytes_scanned"": 973312}}"
100000,warehouse,clean_derive,snowflake,1,4,01c6f222-0001-fcf9-0001-9ade000b5456,336.974843,20.0,336.974843,"{""columns"": [""id"", ""net_cents""], ""dtypes"": [""int64"", ""int64""], ""hash_sum"": ""6278141268544677052"", ""hash_xor"": ""11755483584262095886"", ""rows"": 100000}",,1600132,100000,"[""01c6f222-0001-fcf9-0001-9ade000b547e""]",0.0,True,"{""01c6f222-0001-fcf9-0001-9ade000b547e"": {""server_total_ms"": 233, ""server_compilation_ms"": 64, ""server_execution_ms"": 169, ""server_provisioning_queue_ms"": 0, ""server_overload_queue_ms"": 0, ""server_bytes_scanned"": 973312}}"
100000,warehouse,clean_derive,snowflake,1,5,01c6f222-0001-fcf9-0001-9ade000b5456,345.846902,20.0,345.846902,"{""columns"": [""id"", ""net_cents""], ""dtypes"": [""int64"", ""int64""], ""hash_sum"": ""6278141268544677052"", ""hash_xor"": ""11755483584262095886"", ""rows"": 100000}",,1600132,100000,"[""01c6f222-0001-fcf9-0001-9ade000b5482""]",0.0,True,"{""01c6f222-0001-fcf9-0001-9ade000b5482"": {""server_total_ms"": 229, ""server_compilation_ms"": 63, ""server_execution_ms"": 166, ""server_provisioning_queue_ms"": 0, ""server_overload_queue_ms"": 0, ""server_bytes_scanned"": 973312}}"
100000,warehouse,groupby,duckdb,1,1,01c6f222-0001-fe0c-0001-9ade000b9072,6.740316,50.0,385.363831,"{""columns"": [""region_id"", ""total_cents"", ""total_quantity"", ""row_count""], ""dtypes"": [""int64"", ""int64"", ""int64"", ""int64""], ""hash_sum"": ""5148165510768826946"", ""hash_xor"": ""7876665366988197046"", ""rows"": 50}",364.81833,1732,50,"[""01c6f223-0001-fe0c-0001-9ade000b908e""]",13.805185,True,"{""01c6f223-0001-fe0c-0001-9ade000b908e"": {""server_total_ms"": 247, ""server_compilation_ms"": 110, ""server_execution_ms"": 137, ""server_provisioning_queue_ms"": 0, ""server_overload_queue_ms"": 0, ""server_bytes_scanned"": 973312}}"
100000,warehouse,groupby,duckdb,1,2,01c6f222-0001-fe0c-0001-9ade000b9072,6.852674,50.0,402.093542,"{""columns"": [""region_id"", ""total_cents"", ""total_quantity"", ""row_count""], ""dtypes"": [""int64"", ""int64"", ""int64"", ""int64""], ""hash_sum"": ""5148165510768826946"", ""hash_xor"": ""7876665366988197046"", ""rows"": 50}",381.201483,1732,50,"[""01c6f223-0001-fe0c-0001-9ade000b9092""]",14.039385,True,"{""01c6f223-0001-fe0c-0001-9ade000b9092"": {""server_total_ms"": 265, ""server_compilation_ms"": 97, ""server_execution_ms"": 168, ""server_provisioning_queue_ms"": 0, ""server_overload_queue_ms"": 0, ""server_bytes_scanned"": 973312}}"
100000,warehouse,groupby,duckdb,1,3,01c6f222-0001-fe0c-0001-9ade000b9072,7.00122,60.0,452.3152,"{""columns"": [""region_id"", ""total_cents"", ""total_quantity"", ""row_count""], ""dtypes"": [""int64"", ""int64"", ""int64"", ""int64""], ""hash_sum"": ""5148165510768826946"", ""hash_xor"": ""7876665366988197046"", ""rows"": 50}",431.062369,1732,50,"[""01c6f223-0001-fe0c-0001-9ade000b9096""]",14.251611,True,"{""01c6f223-0001-fe0c-0001-9ade000b9096"": {""server_total_ms"": 302, ""server_compilation_ms"": 86, ""server_execution_ms"": 216, ""server_provisioning_queue_ms"": 0, ""server_overload_queue_ms"": 0, ""server_bytes_scanned"": 973312}}"
100000,warehouse,groupby,duckdb,1,4,01c6f222-0001-fe0c-0001-9ade000b9072,7.021748,60.0,363.804344,"{""columns"": [""region_id"", ""total_cents"", ""total_quantity"", ""row_count""], ""dtypes"": [""int64"", ""int64"", ""int64"", ""int64""], ""hash_sum"": ""5148165510768826946"", ""hash_xor"": ""7876665366988197046"", ""rows"": 50}",343.139663,1732,50,"[""01c6f223-0001-fe0c-0001-9ade000b909a""]",13.642933,True,"{""01c6f223-0001-fe0c-0001-9ade000b909a"": {""server_total_ms"": 231, ""server_compilation_ms"": 84, ""server_execution_ms"": 147, ""server_provisioning_queue_ms"": 0, ""server_overload_queue_ms"": 0, ""server_bytes_scanned"": 973312}}"
100000,warehouse,groupby,duckdb,1,5,01c6f222-0001-fe0c-0001-9ade000b9072,6.521402,30.0,340.243176,"{""columns"": [""region_id"", ""total_cents"", ""total_quantity"", ""row_count""], ""dtypes"": [""int64"", ""int64"", ""int64"", ""int64""], ""hash_sum"": ""5148165510768826946"", ""hash_xor"": ""7876665366988197046"", ""rows"": 50}",319.47119,1732,50,"[""01c6f223-0001-fe0c-0001-9ade000b909e""]",14.250584,True,"{""01c6f223-0001-fe0c-0001-9ade000b909e"": {""server_total_ms"": 208, ""server_compilation_ms"": 76, ""server_execution_ms"": 132, ""server_provisioning_queue_ms"": 0, ""server_overload_queue_ms"": 0, ""server_bytes_scanned"": 973312}}"
100000,warehouse,clean_derive,pandas,1,1,01c6f223-0001-fe2b-0001-9ade000b82de,2.0719,50.0,352.490066,"{""columns"": [""id"", ""net_cents""], ""dtypes"": [""int64"", ""int64""], ""hash_sum"": ""6278141268544677052"", ""hash_xor"": ""11755483584262095886"", ""rows"": 100000}",350.418166,1600132,100000,"[""01c6f223-0001-fe2b-0001-9ade000b82fa""]",0.0,True,"{""01c6f223-0001-fe2b-0001-9ade000b82fa"": {""server_total_ms"": 245, ""server_compilation_ms"": 71, ""server_execution_ms"": 174, ""server_provisioning_queue_ms"": 0, ""server_overload_queue_ms"": 0, ""server_bytes_scanned"": 973312}}"
100000,warehouse,clean_derive,pandas,1,2,01c6f223-0001-fe2b-0001-9ade000b82de,2.116523,50.0,379.501623,"{""columns"": [""id"", ""net_cents""], ""dtypes"": [""int64"", ""int64""], ""hash_sum"": ""6278141268544677052"", ""hash_xor"": ""11755483584262095886"", ""rows"": 100000}",377.3851,1600132,100000,"[""01c6f223-0001-fe2b-0001-9ade000b8302""]",0.0,True,"{""01c6f223-0001-fe2b-0001-9ade000b8302"": {""server_total_ms"": 262, ""server_compilation_ms"": 63, ""server_execution_ms"": 199, ""server_provisioning_queue_ms"": 0, ""server_overload_queue_ms"": 0, ""server_bytes_scanned"": 973312}}"
100000,warehouse,clean_derive,pandas,1,3,01c6f223-0001-fe2b-0001-9ade000b82de,1.86569,60.0,357.431736,"{""columns"": [""id"", ""net_cents""], ""dtypes"": [""int64"", ""int64""], ""hash_sum"": ""6278141268544677052"", ""hash_xor"": ""11755483584262095886"", ""rows"": 100000}",355.566046,1600132,100000,"[""01c6f223-0001-fe2b-0001-9ade000b8306""]",0.0,True,"{""01c6f223-0001-fe2b-0001-9ade000b8306"": {""server_total_ms"": 253, ""server_compilation_ms"": 79, ""server_execution_ms"": 174, ""server_provisioning_queue_ms"": 0, ""server_overload_queue_ms"": 0, ""server_bytes_scanned"": 973312}}"
100000,warehouse,clean_derive,pandas,1,4,01c6f223-0001-fe2b-0001-9ade000b82de,3.989595,80.0,353.624251,"{""columns"": [""id"", ""net_cents""], ""dtypes"": [""int64"", ""int64""], ""hash_sum"": ""6278141268544677052"", ""hash_xor"": ""11755483584262095886"", ""rows"": 100000}",349.634656,1600132,100000,"[""01c6f223-0001-fe2b-0001-9ade000b830a""]",0.0,True,"{""01c6f223-0001-fe2b-0001-9ade000b830a"": {""server_total_ms"": 233, ""server_compilation_ms"": 72, ""server_execution_ms"": 161, ""server_provisioning_queue_ms"": 0, ""server_overload_queue_ms"": 0, ""server_bytes_scanned"": 973312}}"
100000,warehouse,clean_derive,pandas,1,5,01c6f223-0001-fe2b-0001-9ade000b82de,2.00776,20.0,388.120466,"{""columns"": [""id"", ""net_cents""], ""dtypes"": [""int64"", ""int64""], ""hash_sum"": ""6278141268544677052"", ""hash_xor"": ""11755483584262095886"", ""rows"": 100000}",386.112706,1600132,100000,"[""01c6f223-0001-fe2b-0001-9ade000b830e""]",0.0,True,"{""01c6f223-0001-fe2b-0001-9ade000b830e"": {""server_total_ms"": 279, ""server_compilation_ms"": 75, ""server_execution_ms"": 204, ""server_provisioning_queue_ms"": 0, ""server_overload_queue_ms"": 0, ""server_bytes_scanned"": 973312}}"
1000000,warehouse,clean_derive,duckdb,1,1,01c6f223-0001-fe0c-0001-9ade000b90a2,18.291414,200.0,712.45483,"{""columns"": [""id"", ""net_cents""], ""dtypes"": [""int64"", ""int64""], ""hash_sum"": ""16902620082194219032"", ""hash_xor"": ""7441825716312922670"", ""rows"": 1000000}",680.096104,16000132,1000000,"[""01c6f223-0001-fe0c-0001-9ade000b90be""]",14.067312,True,"{""01c6f223-0001-fe0c-0001-9ade000b90be"": {""server_total_ms"": 465, ""server_compilation_ms"": 100, ""server_execution_ms"": 365, ""server_provisioning_queue_ms"": 0, ""server_overload_queue_ms"": 0, ""server_bytes_scanned"": 7627264}}"
1000000,warehouse,clean_derive,duckdb,1,2,01c6f223-0001-fe0c-0001-9ade000b90a2,18.253647,220.0,630.624275,"{""columns"": [""id"", ""net_cents""], ""dtypes"": [""int64"", ""int64""], ""hash_sum"": ""16902620082194219032"", ""hash_xor"": ""7441825716312922670"", ""rows"": 1000000}",598.006813,16000132,1000000,"[""01c6f223-0001-fe0c-0001-9ade000b90c2""]",14.363815,True,"{""01c6f223-0001-fe0c-0001-9ade000b90c2"": {""server_total_ms"": 399, ""server_compilation_ms"": 58, ""server_execution_ms"": 341, ""server_provisioning_queue_ms"": 0, ""server_overload_queue_ms"": 0, ""server_bytes_scanned"": 7627264}}"
1000000,warehouse,clean_derive,duckdb,1,3,01c6f223-0001-fe0c-0001-9ade000b90a2,18.185166,210.0,665.26773,"{""columns"": [""id"", ""net_cents""], ""dtypes"": [""int64"", ""int64""], ""hash_sum"": ""16902620082194219032"", ""hash_xor"": ""7441825716312922670"", ""rows"": 1000000}",633.538322,16000132,1000000,"[""01c6f223-0001-fe0c-0001-9ade000b90c6""]",13.544242,True,"{""01c6f223-0001-fe0c-0001-9ade000b90c6"": {""server_total_ms"": 426, ""server_compilation_ms"": 54, ""server_execution_ms"": 372, ""server_provisioning_queue_ms"": 0, ""server_overload_queue_ms"": 0, ""server_bytes_scanned"": 7627264}}"
1000000,warehouse,clean_derive,duckdb,1,4,01c6f223-0001-fe0c-0001-9ade000b90a2,18.576543,220.0,656.897277,"{""columns"": [""id"", ""net_cents""], ""dtypes"": [""int64"", ""int64""], ""hash_sum"": ""16902620082194219032"", ""hash_xor"": ""7441825716312922670"", ""rows"": 1000000}",624.087507,16000132,1000000,"[""01c6f223-0001-fe0c-0001-9ade000b90ca""]",14.233227,True,"{""01c6f223-0001-fe0c-0001-9ade000b90ca"": {""server_total_ms"": 417, ""server_compilation_ms"": 61, ""server_execution_ms"": 356, ""server_provisioning_queue_ms"": 0, ""server_overload_queue_ms"": 0, ""server_bytes_scanned"": 7627264}}"
1000000,warehouse,clean_derive,duckdb,1,5,01c6f223-0001-fe0c-0001-9ade000b90a2,17.958102,200.0,657.856847,"{""columns"": [""id"", ""net_cents""], ""dtypes"": [""int64"", ""int64""], ""hash_sum"": ""16902620082194219032"", ""hash_xor"": ""7441825716312922670"", ""rows"": 1000000}",625.889556,16000132,1000000,"[""01c6f223-0001-fe0c-0001-9ade000b90ce""]",14.009189,True,"{""01c6f223-0001-fe0c-0001-9ade000b90ce"": {""server_total_ms"": 419, ""server_compilation_ms"": 66, ""server_execution_ms"": 353, ""server_provisioning_queue_ms"": 0, ""server_overload_queue_ms"": 0, ""server_bytes_scanned"": 7627264}}"
10000000,warehouse,join_groupby,pandas,1,1,01c6f223-0001-fcf8-0001-9ade000aaa06,1110.798857,2110.0,3154.531573,"{""columns"": [""region_id"", ""tier"", ""total_cents"", ""row_count""], ""dtypes"": [""int64"", ""int64"", ""int64"", ""int64""], ""hash_sum"": ""17973786493157141569"", ""hash_xor"": ""18413190608798210925"", ""rows"": 200}",2043.732716,6532,200,"[""01c6f223-0001-fcf8-0001-9ade000aaa26"", ""01c6f223-0001-fcf8-0001-9ade000aaa2a""]",0.0,True,"{""01c6f223-0001-fcf8-0001-9ade000aaa26"": {""server_total_ms"": 426, ""server_compilation_ms"": 75, ""server_execution_ms"": 351, ""server_provisioning_queue_ms"": 0, ""server_overload_queue_ms"": 0, ""server_bytes_scanned"": 151591936}, ""01c6f223-0001-fcf8-0001-9ade000aaa2a"": {""server_total_ms"": 193, ""server_compilation_ms"": 64, ""server_execution_ms"": 129, ""server_provisioning_queue_ms"": 0, ""server_overload_queue_ms"": 0, ""server_bytes_scanned"": 238592}}"
10000000,warehouse,join_groupby,pandas,1,2,01c6f223-0001-fcf8-0001-9ade000aaa06,936.747095,1870.0,3046.014652,"{""columns"": [""region_id"", ""tier"", ""total_cents"", ""row_count""], ""dtypes"": [""int64"", ""int64"", ""int64"", ""int64""], ""hash_sum"": ""17973786493157141569"", ""hash_xor"": ""18413190608798210925"", ""rows"": 200}",2109.267557,6532,200,"[""01c6f223-0001-fcf8-0001-9ade000aaa2e"", ""01c6f223-0001-fcf8-0001-9ade000aaa32""]",0.0,True,"{""01c6f223-0001-fcf8-0001-9ade000aaa2e"": {""server_total_ms"": 465, ""server_compilation_ms"": 57, ""server_execution_ms"": 408, ""server_provisioning_queue_ms"": 0, ""server_overload_queue_ms"": 0, ""server_bytes_scanned"": 151591936}, ""01c6f223-0001-fcf8-0001-9ade000aaa32"": {""server_total_ms"": 195, ""server_compilation_ms"": 67, ""server_execution_ms"": 128, ""server_provisioning_queue_ms"": 0, ""server_overload_queue_ms"": 0, ""server_bytes_scanned"": 238592}}"
10000000,warehouse,join_groupby,pandas,1,3,01c6f223-0001-fcf8-0001-9ade000aaa06,935.739104,1940.0,3032.648001,"{""columns"": [""region_id"", ""tier"", ""total_cents"", ""row_count""], ""dtypes"": [""int64"", ""int64"", ""int64"", ""int64""], ""hash_sum"": ""17973786493157141569"", ""hash_xor"": ""18413190608798210925"", ""rows"": 200}",2096.908897,6532,200,"[""01c6f223-0001-fcf8-0001-9ade000aaa36"", ""01c6f223-0001-fcf8-0001-9ade000aaa3a""]",0.0,True,"{""01c6f223-0001-fcf8-0001-9ade000aaa36"": {""server_total_ms"": 431, ""server_compilation_ms"": 57, ""server_execution_ms"": 374, ""server_provisioning_queue_ms"": 0, ""server_overload_queue_ms"": 0, ""server_bytes_scanned"": 151591936}, ""01c6f223-0001-fcf8-0001-9ade000aaa3a"": {""server_total_ms"": 193, ""server_compilation_ms"": 58, ""server_execution_ms"": 135, ""server_provisioning_queue_ms"": 0, ""server_overload_queue_ms"": 0, ""server_bytes_scanned"": 238592}}"
10000000,warehouse,join_groupby,pandas,1,4,01c6f223-0001-fcf8-0001-9ade000aaa06,914.231992,1880.0,3009.960399,"{""columns"": [""region_id"", ""tier"", ""total_cents"", ""row_count""], ""dtypes"": [""int64"", ""int64"", ""int64"", ""int64""], ""hash_sum"": ""17973786493157141569"", ""hash_xor"": ""18413190608798210925"", ""rows"": 200}",2095.728407,6532,200,"[""01c6f223-0001-fcf8-0001-9ade000aaa3e"", ""01c6f223-0001-fcf8-0001-9ade000aaa42""]",0.0,True,"{""01c6f223-0001-fcf8-0001-9ade000aaa3e"": {""server_total_ms"": 443, ""server_compilation_ms"": 58, ""server_execution_ms"": 385, ""server_provisioning_queue_ms"": 0, ""server_overload_queue_ms"": 0, ""server_bytes_scanned"": 151591936}, ""01c6f223-0001-fcf8-0001-9ade000aaa42"": {""server_total_ms"": 252, ""server_compilation_ms"": 63, ""server_execution_ms"": 189, ""server_provisioning_queue_ms"": 0, ""server_overload_queue_ms"": 0, ""server_bytes_scanned"": 238592}}"
10000000,warehouse,join_groupby,pandas,1,5,01c6f223-0001-fcf8-0001-9ade000aaa06,936.341388,1930.0,3023.935152,"{""columns"": [""region_id"", ""tier"", ""total_cents"", ""row_count""], ""dtypes"": [""int64"", ""int64"", ""int64"", ""int64""], ""hash_sum"": ""17973786493157141569"", ""hash_xor"": ""18413190608798210925"", ""rows"": 200}",2087.593764,6532,200,"[""01c6f223-0001-fcf8-0001-9ade000aaa46"", ""01c6f223-0001-fcf8-0001-9ade000aaa4a""]",0.0,True,"{""01c6f223-0001-fcf8-0001-9ade000aaa46"": {""server_total_ms"": 455, ""server_compilation_ms"": 59, ""server_execution_ms"": 396, ""server_provisioning_queue_ms"": 0, ""server_overload_queue_ms"": 0, ""server_bytes_scanned"": 151591936}, ""01c6f223-0001-fcf8-0001-9ade000aaa4a"": {""server_total_ms"": 196, ""server_compilation_ms"": 56, ""server_execution_ms"": 140, ""server_provisioning_queue_ms"": 0, ""server_overload_queue_ms"": 0, ""server_bytes_scanned"": 238592}}"
10000000,warehouse,clean_derive,pandas,1,1,01c6f223-0001-fe0c-0001-9ade000b90d2,131.301822,1160.0,2197.132848,"{""columns"": [""id"", ""net_cents""], ""dtypes"": [""int64"", ""int64""], ""hash_sum"": ""14285702759883698828"", ""hash_xor"": ""425970959959544156"", ""rows"": 10000000}",2065.831026,160000132,10000000,"[""01c6f223-0001-fe0c-0001-9ade000b90ee""]",0.0,True,"{""01c6f223-0001-fe0c-0001-9ade000b90ee"": {""server_total_ms"": 526, ""server_compilation_ms"": 64, ""server_execution_ms"": 462, ""server_provisioning_queue_ms"": 0, ""server_overload_queue_ms"": 0, ""server_bytes_scanned"": 151591936}}"
10000000,warehouse,clean_derive,pandas,1,2,01c6f223-0001-fe0c-0001-9ade000b90d2,132.785783,1250.0,2081.086813,"{""columns"": [""id"", ""net_cents""], ""dtypes"": [""int64"", ""int64""], ""hash_sum"": ""14285702759883698828"", ""hash_xor"": ""425970959959544156"", ""rows"": 10000000}",1948.30103,160000132,10000000,"[""01c6f223-0001-fe0c-0001-9ade000b90f2""]",0.0,True,"{""01c6f223-0001-fe0c-0001-9ade000b90f2"": {""server_total_ms"": 473, ""server_compilation_ms"": 67, ""server_execution_ms"": 406, ""server_provisioning_queue_ms"": 0, ""server_overload_queue_ms"": 0, ""server_bytes_scanned"": 151591936}}"
10000000,warehouse,clean_derive,pandas,1,3,01c6f223-0001-fe0c-0001-9ade000b90d2,134.312969,1280.0,2313.846753,"{""columns"": [""id"", ""net_cents""], ""dtypes"": [""int64"", ""int64""], ""hash_sum"": ""14285702759883698828"", ""hash_xor"": ""425970959959544156"", ""rows"": 10000000}",2179.533784,160000132,10000000,"[""01c6f223-0001-fe0c-0001-9ade000b90f6""]",0.0,True,"{""01c6f223-0001-fe0c-0001-9ade000b90f6"": {""server_total_ms"": 471, ""server_compilation_ms"": 68, ""server_execution_ms"": 403, ""server_provisioning_queue_ms"": 0, ""server_overload_queue_ms"": 0, ""server_bytes_scanned"": 151591936}}"
10000000,warehouse,clean_derive,pandas,1,4,01c6f223-0001-fe0c-0001-9ade000b90d2,131.614364,1190.0,2120.199415,"{""columns"": [""id"", ""net_cents""], ""dtypes"": [""int64"", ""int64""], ""hash_sum"": ""14285702759883698828"", ""hash_xor"": ""425970959959544156"", ""rows"": 10000000}",1988.585051,160000132,10000000,"[""01c6f223-0001-fe0c-0001-9ade000b90fa""]",0.0,True,"{""01c6f223-0001-fe0c-0001-9ade000b90fa"": {""server_total_ms"": 515, ""server_compilation_ms"": 59, ""server_execution_ms"": 456, ""server_provisioning_queue_ms"": 0, ""server_overload_queue_ms"": 0, ""server_bytes_scanned"": 151591936}}"
10000000,warehouse,clean_derive,pandas,1,5,01c6f223-0001-fe0c-0001-9ade000b90d2,132.121268,1210.0,2029.18946,"{""columns"": [""id"", ""net_cents""], ""dtypes"": [""int64"", ""int64""], ""hash_sum"": ""14285702759883698828"", ""hash_xor"": ""425970959959544156"", ""rows"": 10000000}",1897.068192,160000132,10000000,"[""01c6f223-0001-fe0c-0001-9ade000b90fe""]",0.0,True,"{""01c6f223-0001-fe0c-0001-9ade000b90fe"": {""server_total_ms"": 442, ""server_compilation_ms"": 60, ""server_execution_ms"": 382, ""server_provisioning_queue_ms"": 0, ""server_overload_queue_ms"": 0, ""server_bytes_scanned"": 151591936}}"
100000,warehouse,groupby,snowflake,1,1,01c6f223-0001-fe0c-0001-9ade000b9102,132.365891,0.0,132.365891,"{""columns"": [""region_id"", ""total_cents"", ""total_quantity"", ""row_count""], ""dtypes"": [""int64"", ""int64"", ""int64"", ""int64""], ""hash_sum"": ""5148165510768826946"", ""hash_xor"": ""7876665366988197046"", ""rows"": 50}",,1732,50,"[""01c6f224-0001-fe0c-0001-9ade000b911e""]",0.0,True,"{""01c6f224-0001-fe0c-0001-9ade000b911e"": {""server_total_ms"": 110, ""server_compilation_ms"": 90, ""server_execution_ms"": 20, ""server_provisioning_queue_ms"": 0, ""server_overload_queue_ms"": 0, ""server_bytes_scanned"": 973312}}"
100000,warehouse,groupby,snowflake,1,2,01c6f223-0001-fe0c-0001-9ade000b9102,98.887887,0.0,98.887887,"{""columns"": [""region_id"", ""total_cents"", ""total_quantity"", ""row_count""], ""dtypes"": [""int64"", ""int64"", ""int64"", ""int64""], ""hash_sum"": ""5148165510768826946"", ""hash_xor"": ""7876665366988197046"", ""rows"": 50}",,1732,50,"[""01c6f224-0001-fe0c-0001-9ade000b9122""]",0.0,True,"{""01c6f224-0001-fe0c-0001-9ade000b9122"": {""server_total_ms"": 81, ""server_compilation_ms"": 61, ""server_execution_ms"": 20, ""server_provisioning_queue_ms"": 0, ""server_overload_queue_ms"": 0, ""server_bytes_scanned"": 973312}}"
100000,warehouse,groupby,snowflake,1,3,01c6f223-0001-fe0c-0001-9ade000b9102,103.314077,0.0,103.314077,"{""columns"": [""region_id"", ""total_cents"", ""total_quantity"", ""row_count""], ""dtypes"": [""int64"", ""int64"", ""int64"", ""int64""], ""hash_sum"": ""5148165510768826946"", ""hash_xor"": ""7876665366988197046"", ""rows"": 50}",,1732,50,"[""01c6f224-0001-fe0c-0001-9ade000b9126""]",0.0,True,"{""01c6f224-0001-fe0c-0001-9ade000b9126"": {""server_total_ms"": 86, ""server_compilation_ms"": 65, ""server_execution_ms"": 21, ""server_provisioning_queue_ms"": 0, ""server_overload_queue_ms"": 0, ""server_bytes_scanned"": 973312}}"
100000,warehouse,groupby,snowflake,1,4,01c6f223-0001-fe0c-0001-9ade000b9102,102.217127,0.0,102.217127,"{""columns"": [""region_id"", ""total_cents"", ""total_quantity"", ""row_count""], ""dtypes"": [""int64"", ""int64"", ""int64"", ""int64""], ""hash_sum"": ""5148165510768826946"", ""hash_xor"": ""7876665366988197046"", ""rows"": 50}",,1732,50,"[""01c6f224-0001-fe0c-0001-9ade000b912a""]",0.0,True,"{""01c6f224-0001-fe0c-0001-9ade000b912a"": {""server_total_ms"": 84, ""server_compilation_ms"": 63, ""server_execution_ms"": 21, ""server_provisioning_queue_ms"": 0, ""server_overload_queue_ms"": 0, ""server_bytes_scanned"": 973312}}"
100000,warehouse,groupby,snowflake,1,5,01c6f223-0001-fe0c-0001-9ade000b9102,98.019497,0.0,98.019497,"{""columns"": [""region_id"", ""total_cents"", ""total_quantity"", ""row_count""], ""dtypes"": [""int64"", ""int64"", ""int64"", ""int64""], ""hash_sum"": ""5148165510768826946"", ""hash_xor"": ""7876665366988197046"", ""rows"": 50}",,1732,50,"[""01c6f224-0001-fe0c-0001-9ade000b912e""]",0.0,True,"{""01c6f224-0001-fe0c-0001-9ade000b912e"": {""server_total_ms"": 80, ""server_compilation_ms"": 60, ""server_execution_ms"": 20, ""server_provisioning_queue_ms"": 0, ""server_overload_queue_ms"": 0, ""server_bytes_scanned"": 973312}}"
10000000,warehouse,join_groupby,snowflake,1,1,01c6f224-0001-fe2b-0001-9ade000b8326,218.266127,0.0,218.266127,"{""columns"": [""region_id"", ""tier"", ""total_cents"", ""row_count""], ""dtypes"": [""int64"", ""int64"", ""int64"", ""int64""], ""hash_sum"": ""17973786493157141569"", ""hash_xor"": ""18413190608798210925"", ""rows"": 200}",,6532,200,"[""01c6f224-0001-fe2b-0001-9ade000b8342""]",0.0,True,"{""01c6f224-0001-fe2b-0001-9ade000b8342"": {""server_total_ms"": 179, ""server_compilation_ms"": 87, ""server_execution_ms"": 92, ""server_provisioning_queue_ms"": 0, ""server_overload_queue_ms"": 0, ""server_bytes_scanned"": 151071667}}"
10000000,warehouse,join_groupby,snowflake,1,2,01c6f224-0001-fe2b-0001-9ade000b8326,227.534985,10.0,227.534985,"{""columns"": [""region_id"", ""tier"", ""total_cents"", ""row_count""], ""dtypes"": [""int64"", ""int64"", ""int64"", ""int64""], ""hash_sum"": ""17973786493157141569"", ""hash_xor"": ""18413190608798210925"", ""rows"": 200}",,6532,200,"[""01c6f224-0001-fe2b-0001-9ade000b8346""]",0.0,True,"{""01c6f224-0001-fe2b-0001-9ade000b8346"": {""server_total_ms"": 188, ""server_compilation_ms"": 89, ""server_execution_ms"": 99, ""server_provisioning_queue_ms"": 0, ""server_overload_queue_ms"": 0, ""server_bytes_scanned"": 146853376}}"
10000000,warehouse,join_groupby,snowflake,1,3,01c6f224-0001-fe2b-0001-9ade000b8326,220.2872,10.0,220.2872,"{""columns"": [""region_id"", ""tier"", ""total_cents"", ""row_count""], ""dtypes"": [""int64"", ""int64"", ""int64"", ""int64""], ""hash_sum"": ""17973786493157141569"", ""hash_xor"": ""18413190608798210925"", ""rows"": 200}",,6532,200,"[""01c6f224-0001-fe2b-0001-9ade000b834a""]",0.0,True,"{""01c6f224-0001-fe2b-0001-9ade000b834a"": {""server_total_ms"": 182, ""server_compilation_ms"": 89, ""server_execution_ms"": 93, ""server_provisioning_queue_ms"": 0, ""server_overload_queue_ms"": 0, ""server_bytes_scanned"": 146852864}}"
10000000,warehouse,join_groupby,snowflake,1,4,01c6f224-0001-fe2b-0001-9ade000b8326,247.106181,0.0,247.106181,"{""columns"": [""region_id"", ""tier"", ""total_cents"", ""row_count""], ""dtypes"": [""int64"", ""int64"", ""int64"", ""int64""], ""hash_sum"": ""17973786493157141569"", ""hash_xor"": ""18413190608798210925"", ""rows"": 200}",,6532,200,"[""01c6f224-0001-fe2b-0001-9ade000b834e""]",0.0,True,"{""01c6f224-0001-fe2b-0001-9ade000b834e"": {""server_total_ms"": 209, ""server_compilation_ms"": 102, ""server_execution_ms"": 107, ""server_provisioning_queue_ms"": 0, ""server_overload_queue_ms"": 0, ""server_bytes_scanned"": 146853376}}"
10000000,warehouse,join_groupby,snowflake,1,5,01c6f224-0001-fe2b-0001-9ade000b8326,224.37925,0.0,224.37925,"{""columns"": [""region_id"", ""tier"", ""total_cents"", ""row_count""], ""dtypes"": [""int64"", ""int64"", ""int64"", ""int64""], ""hash_sum"": ""17973786493157141569"", ""hash_xor"": ""18413190608798210925"", ""rows"": 200}",,6532,200,"[""01c6f224-0001-fe2b-0001-9ade000b8352""]",0.0,True,"{""01c6f224-0001-fe2b-0001-9ade000b8352"": {""server_total_ms"": 185, ""server_compilation_ms"": 88, ""server_execution_ms"": 97, ""server_provisioning_queue_ms"": 0, ""server_overload_queue_ms"": 0, ""server_bytes_scanned"": 151830528}}"
1000000,warehouse,clean_derive,pandas,1,1,01c6f224-0001-fcf9-0001-9ade000b548e,21.693047,180.0,650.792379,"{""columns"": [""id"", ""net_cents""], ""dtypes"": [""int64"", ""int64""], ""hash_sum"": ""16902620082194219032"", ""hash_xor"": ""7441825716312922670"", ""rows"": 1000000}",629.099332,16000132,1000000,"[""01c6f224-0001-fcf9-0001-9ade000b54aa""]",0.0,True,"{""01c6f224-0001-fcf9-0001-9ade000b54aa"": {""server_total_ms"": 427, ""server_compilation_ms"": 62, ""server_execution_ms"": 365, ""server_provisioning_queue_ms"": 0, ""server_overload_queue_ms"": 0, ""server_bytes_scanned"": 7627264}}"
1000000,warehouse,clean_derive,pandas,1,2,01c6f224-0001-fcf9-0001-9ade000b548e,18.976814,130.0,648.426472,"{""columns"": [""id"", ""net_cents""], ""dtypes"": [""int64"", ""int64""], ""hash_sum"": ""16902620082194219032"", ""hash_xor"": ""7441825716312922670"", ""rows"": 1000000}",629.449658,16000132,1000000,"[""01c6f224-0001-fcf9-0001-9ade000b54ae""]",0.0,True,"{""01c6f224-0001-fcf9-0001-9ade000b54ae"": {""server_total_ms"": 407, ""server_compilation_ms"": 58, ""server_execution_ms"": 349, ""server_provisioning_queue_ms"": 0, ""server_overload_queue_ms"": 0, ""server_bytes_scanned"": 7627264}}"
1000000,warehouse,clean_derive,pandas,1,3,01c6f224-0001-fcf9-0001-9ade000b548e,22.186262,190.0,668.565719,"{""columns"": [""id"", ""net_cents""], ""dtypes"": [""int64"", ""int64""], ""hash_sum"": ""16902620082194219032"", ""hash_xor"": ""7441825716312922670"", ""rows"": 1000000}",646.379457,16000132,1000000,"[""01c6f224-0001-fcf9-0001-9ade000b54b2""]",0.0,True,"{""01c6f224-0001-fcf9-0001-9ade000b54b2"": {""server_total_ms"": 427, ""server_compilation_ms"": 64, ""server_execution_ms"": 363, ""server_provisioning_queue_ms"": 0, ""server_overload_queue_ms"": 0, ""server_bytes_scanned"": 7627264}}"
1000000,warehouse,clean_derive,pandas,1,4,01c6f224-0001-fcf9-0001-9ade000b548e,18.077472,140.0,682.515441,"{""columns"": [""id"", ""net_cents""], ""dtypes"": [""int64"", ""int64""], ""hash_sum"": ""16902620082194219032"", ""hash_xor"": ""7441825716312922670"", ""rows"": 1000000}",664.437969,16000132,1000000,"[""01c6f224-0001-fcf9-0001-9ade000b54b6""]",0.0,True,"{""01c6f224-0001-fcf9-0001-9ade000b54b6"": {""server_total_ms"": 447, ""server_compilation_ms"": 64, ""server_execution_ms"": 383, ""server_provisioning_queue_ms"": 0, ""server_overload_queue_ms"": 0, ""server_bytes_scanned"": 7627264}}"
1000000,warehouse,clean_derive,pandas,1,5,01c6f224-0001-fcf9-0001-9ade000b548e,21.549229,170.0,636.37717,"{""columns"": [""id"", ""net_cents""], ""dtypes"": [""int64"", ""int64""], ""hash_sum"": ""16902620082194219032"", ""hash_xor"": ""7441825716312922670"", ""rows"": 1000000}",614.827941,16000132,1000000,"[""01c6f224-0001-fcf9-0001-9ade000b54ba""]",0.0,True,"{""01c6f224-0001-fcf9-0001-9ade000b54ba"": {""server_total_ms"": 418, ""server_compilation_ms"": 69, ""server_execution_ms"": 349, ""server_provisioning_queue_ms"": 0, ""server_overload_queue_ms"": 0, ""server_bytes_scanned"": 7627264}}"
1000000,warehouse,filter_project,duckdb,1,1,01c6f224-0001-fcf9-0001-9ade000b54be,6.917938,110.0,420.463014,"{""columns"": [""id"", ""region_id"", ""gross_cents""], ""dtypes"": [""int64"", ""int64"", ""int64""], ""hash_sum"": ""11356744842689536210"", ""hash_xor"": ""4329941149679941164"", ""rows"": 198279}",399.282458,4758828,198279,"[""01c6f224-0001-fcf9-0001-9ade000b54da""]",14.262618,True,"{""01c6f224-0001-fcf9-0001-9ade000b54da"": {""server_total_ms"": 292, ""server_compilation_ms"": 67, ""server_execution_ms"": 225, ""server_provisioning_queue_ms"": 0, ""server_overload_queue_ms"": 0, ""server_bytes_scanned"": 7627264}}"
1000000,warehouse,filter_project,duckdb,1,2,01c6f224-0001-fcf9-0001-9ade000b54be,6.493017,60.0,399.814272,"{""columns"": [""id"", ""region_id"", ""gross_cents""], ""dtypes"": [""int64"", ""int64"", ""int64""], ""hash_sum"": ""11356744842689536210"", ""hash_xor"": ""4329941149679941164"", ""rows"": 198279}",379.499351,4758828,198279,"[""01c6f224-0001-fcf9-0001-9ade000b54de""]",13.821904,True,"{""01c6f224-0001-fcf9-0001-9ade000b54de"": {""server_total_ms"": 272, ""server_compilation_ms"": 65, ""server_execution_ms"": 207, ""server_provisioning_queue_ms"": 0, ""server_overload_queue_ms"": 0, ""server_bytes_scanned"": 7627264}}"
1000000,warehouse,filter_project,duckdb,1,3,01c6f224-0001-fcf9-0001-9ade000b54be,6.477816,50.0,414.530277,"{""columns"": [""id"", ""region_id"", ""gross_cents""], ""dtypes"": [""int64"", ""int64"", ""int64""], ""hash_sum"": ""11356744842689536210"", ""hash_xor"": ""4329941149679941164"", ""rows"": 198279}",394.248833,4758828,198279,"[""01c6f224-0001-fcf9-0001-9ade000b54e2""]",13.803628,True,"{""01c6f224-0001-fcf9-0001-9ade000b54e2"": {""server_total_ms"": 281, ""server_compilation_ms"": 73, ""server_execution_ms"": 208, ""server_provisioning_queue_ms"": 0, ""server_overload_queue_ms"": 0, ""server_bytes_scanned"": 7627264}}"
1000000,warehouse,filter_project,duckdb,1,4,01c6f224-0001-fcf9-0001-9ade000b54be,6.810936,90.0,421.653817,"{""columns"": [""id"", ""region_id"", ""gross_cents""], ""dtypes"": [""int64"", ""int64"", ""int64""], ""hash_sum"": ""11356744842689536210"", ""hash_xor"": ""4329941149679941164"", ""rows"": 198279}",401.026198,4758828,198279,"[""01c6f224-0001-fcf9-0001-9ade000b54e6""]",13.816683,True,"{""01c6f224-0001-fcf9-0001-9ade000b54e6"": {""server_total_ms"": 289, ""server_compilation_ms"": 70, ""server_execution_ms"": 219, ""server_provisioning_queue_ms"": 0, ""server_overload_queue_ms"": 0, ""server_bytes_scanned"": 7627264}}"
1000000,warehouse,filter_project,duckdb,1,5,01c6f224-0001-fcf9-0001-9ade000b54be,6.585101,80.0,468.216357,"{""columns"": [""id"", ""region_id"", ""gross_cents""], ""dtypes"": [""int64"", ""int64"", ""int64""], ""hash_sum"": ""11356744842689536210"", ""hash_xor"": ""4329941149679941164"", ""rows"": 198279}",447.743732,4758828,198279,"[""01c6f224-0001-fcf9-0001-9ade000b54ea""]",13.887524,True,"{""01c6f224-0001-fcf9-0001-9ade000b54ea"": {""server_total_ms"": 334, ""server_compilation_ms"": 77, ""server_execution_ms"": 257, ""server_provisioning_queue_ms"": 0, ""server_overload_queue_ms"": 0, ""server_bytes_scanned"": 7627264}}"
10000000,warehouse,filter_project,snowflake,1,1,01c6f224-0001-fe2b-0001-9ade000b835a,979.560025,420.0,979.560025,"{""columns"": [""id"", ""region_id"", ""gross_cents""], ""dtypes"": [""int64"", ""int64"", ""int64""], ""hash_sum"": ""9297358661400020835"", ""hash_xor"": ""11916629792613770293"", ""rows"": 1980090}",,47522292,1980090,"[""01c6f224-0001-fe2b-0001-9ade000b8376""]",0.0,True,"{""01c6f224-0001-fe2b-0001-9ade000b8376"": {""server_total_ms"": 306, ""server_compilation_ms"": 91, ""server_execution_ms"": 215, ""server_provisioning_queue_ms"": 0, ""server_overload_queue_ms"": 0, ""server_bytes_scanned"": 151591936}}"
10000000,warehouse,filter_project,snowflake,1,2,01c6f224-0001-fe2b-0001-9ade000b835a,1010.86453,280.0,1010.86453,"{""columns"": [""id"", ""region_id"", ""gross_cents""], ""dtypes"": [""int64"", ""int64"", ""int64""], ""hash_sum"": ""9297358661400020835"", ""hash_xor"": ""11916629792613770293"", ""rows"": 1980090}",,47522292,1980090,"[""01c6f224-0001-fe2b-0001-9ade000b837a""]",0.0,True,"{""01c6f224-0001-fe2b-0001-9ade000b837a"": {""server_total_ms"": 333, ""server_compilation_ms"": 79, ""server_execution_ms"": 254, ""server_provisioning_queue_ms"": 0, ""server_overload_queue_ms"": 0, ""server_bytes_scanned"": 151591936}}"
10000000,warehouse,filter_project,snowflake,1,3,01c6f224-0001-fe2b-0001-9ade000b835a,1004.268181,320.0,1004.268181,"{""columns"": [""id"", ""region_id"", ""gross_cents""], ""dtypes"": [""int64"", ""int64"", ""int64""], ""hash_sum"": ""9297358661400020835"", ""hash_xor"": ""11916629792613770293"", ""rows"": 1980090}",,47522292,1980090,"[""01c6f224-0001-fe2b-0001-9ade000b837e""]",0.0,True,"{""01c6f224-0001-fe2b-0001-9ade000b837e"": {""server_total_ms"": 313, ""server_compilation_ms"": 78, ""server_execution_ms"": 235, ""server_provisioning_queue_ms"": 0, ""server_overload_queue_ms"": 0, ""server_bytes_scanned"": 151591936}}"
10000000,warehouse,filter_project,snowflake,1,4,01c6f224-0001-fe2b-0001-9ade000b835a,987.954692,240.0,987.954692,"{""columns"": [""id"", ""region_id"", ""gross_cents""], ""dtypes"": [""int64"", ""int64"", ""int64""], ""hash_sum"": ""9297358661400020835"", ""hash_xor"": ""11916629792613770293"", ""rows"": 1980090}",,47522292,1980090,"[""01c6f224-0001-fe2b-0001-9ade000b8382""]",0.0,True,"{""01c6f224-0001-fe2b-0001-9ade000b8382"": {""server_total_ms"": 309, ""server_compilation_ms"": 84, ""server_execution_ms"": 225, ""server_provisioning_queue_ms"": 0, ""server_overload_queue_ms"": 0, ""server_bytes_scanned"": 151591936}}"
10000000,warehouse,filter_project,snowflake,1,5,01c6f224-0001-fe2b-0001-9ade000b835a,1018.790813,310.0,1018.790813,"{""columns"": [""id"", ""region_id"", ""gross_cents""], ""dtypes"": [""int64"", ""int64"", ""int64""], ""hash_sum"": ""9297358661400020835"", ""hash_xor"": ""11916629792613770293"", ""rows"": 1980090}",,47522292,1980090,"[""01c6f224-0001-fe2b-0001-9ade000b8386""]",0.0,True,"{""01c6f224-0001-fe2b-0001-9ade000b8386"": {""server_total_ms"": 314, ""server_compilation_ms"": 74, ""server_execution_ms"": 240, ""server_provisioning_queue_ms"": 0, ""server_overload_queue_ms"": 0, ""server_bytes_scanned"": 141636608}}"
1000000,warehouse,filter_project,pandas,1,1,01c6f224-0001-fe2b-0001-9ade000b838a,6.45161,50.0,412.615078,"{""columns"": [""id"", ""region_id"", ""gross_cents""], ""dtypes"": [""int64"", ""int64"", ""int64""], ""hash_sum"": ""11356744842689536210"", ""hash_xor"": ""4329941149679941164"", ""rows"": 198279}",406.163468,4758828,198279,"[""01c6f224-0001-fe2b-0001-9ade000b83a6""]",0.0,True,"{""01c6f224-0001-fe2b-0001-9ade000b83a6"": {""server_total_ms"": 298, ""server_compilation_ms"": 75, ""server_execution_ms"": 223, ""server_provisioning_queue_ms"": 0, ""server_overload_queue_ms"": 0, ""server_bytes_scanned"": 7627264}}"
1000000,warehouse,filter_project,pandas,1,2,01c6f224-0001-fe2b-0001-9ade000b838a,7.680857,100.0,432.512058,"{""columns"": [""id"", ""region_id"", ""gross_cents""], ""dtypes"": [""int64"", ""int64"", ""int64""], ""hash_sum"": ""11356744842689536210"", ""hash_xor"": ""4329941149679941164"", ""rows"": 198279}",424.831201,4758828,198279,"[""01c6f224-0001-fe2b-0001-9ade000b83aa""]",0.0,True,"{""01c6f224-0001-fe2b-0001-9ade000b83aa"": {""server_total_ms"": 292, ""server_compilation_ms"": 71, ""server_execution_ms"": 221, ""server_provisioning_queue_ms"": 0, ""server_overload_queue_ms"": 0, ""server_bytes_scanned"": 7627264}}"
1000000,warehouse,filter_project,pandas,1,3,01c6f224-0001-fe2b-0001-9ade000b838a,7.594342,100.0,439.712376,"{""columns"": [""id"", ""region_id"", ""gross_cents""], ""dtypes"": [""int64"", ""int64"", ""int64""], ""hash_sum"": ""11356744842689536210"", ""hash_xor"": ""4329941149679941164"", ""rows"": 198279}",432.118034,4758828,198279,"[""01c6f224-0001-fe2b-0001-9ade000b83ae""]",0.0,True,"{""01c6f224-0001-fe2b-0001-9ade000b83ae"": {""server_total_ms"": 299, ""server_compilation_ms"": 67, ""server_execution_ms"": 232, ""server_provisioning_queue_ms"": 0, ""server_overload_queue_ms"": 0, ""server_bytes_scanned"": 7627264}}"
1000000,warehouse,filter_project,pandas,1,4,01c6f224-0001-fe2b-0001-9ade000b838a,6.96839,50.0,396.733641,"{""columns"": [""id"", ""region_id"", ""gross_cents""], ""dtypes"": [""int64"", ""int64"", ""int64""], ""hash_sum"": ""11356744842689536210"", ""hash_xor"": ""4329941149679941164"", ""rows"": 198279}",389.765251,4758828,198279,"[""01c6f224-0001-fe2b-0001-9ade000b83b2""]",0.0,True,"{""01c6f224-0001-fe2b-0001-9ade000b83b2"": {""server_total_ms"": 288, ""server_compilation_ms"": 84, ""server_execution_ms"": 204, ""server_provisioning_queue_ms"": 0, ""server_overload_queue_ms"": 0, ""server_bytes_scanned"": 7627264}}"
1000000,warehouse,filter_project,pandas,1,5,01c6f224-0001-fe2b-0001-9ade000b838a,7.960914,50.0,416.168865,"{""columns"": [""id"", ""region_id"", ""gross_cents""], ""dtypes"": [""int64"", ""int64"", ""int64""], ""hash_sum"": ""11356744842689536210"", ""hash_xor"": ""4329941149679941164"", ""rows"": 198279}",408.207951,4758828,198279,"[""01c6f224-0001-fe2b-0001-9ade000b83b6""]",0.0,True,"{""01c6f224-0001-fe2b-0001-9ade000b83b6"": {""server_total_ms"": 298, ""server_compilation_ms"": 71, ""server_execution_ms"": 227, ""server_provisioning_queue_ms"": 0, ""server_overload_queue_ms"": 0, ""server_bytes_scanned"": 7627264}}"
1000000,warehouse,filter_project,snowflake,1,1,01c6f224-0001-fcf8-0001-9ade000aaa5a,380.638411,20.0,380.638411,"{""columns"": [""id"", ""region_id"", ""gross_cents""], ""dtypes"": [""int64"", ""int64"", ""int64""], ""hash_sum"": ""11356744842689536210"", ""hash_xor"": ""4329941149679941164"", ""rows"": 198279}",,4758828,198279,"[""01c6f224-0001-fcf8-0001-9ade000aaa76""]",0.0,True,"{""01c6f224-0001-fcf8-0001-9ade000aaa76"": {""server_total_ms"": 283, ""server_compilation_ms"": 69, ""server_execution_ms"": 214, ""server_provisioning_queue_ms"": 0, ""server_overload_queue_ms"": 0, ""server_bytes_scanned"": 7627264}}"
1000000,warehouse,filter_project,snowflake,1,2,01c6f224-0001-fcf8-0001-9ade000aaa5a,380.418276,30.0,380.418276,"{""columns"": [""id"", ""region_id"", ""gross_cents""], ""dtypes"": [""int64"", ""int64"", ""int64""], ""hash_sum"": ""11356744842689536210"", ""hash_xor"": ""4329941149679941164"", ""rows"": 198279}",,4758828,198279,"[""01c6f224-0001-fcf8-0001-9ade000aaa7a""]",0.0,True,"{""01c6f224-0001-fcf8-0001-9ade000aaa7a"": {""server_total_ms"": 276, ""server_compilation_ms"": 68, ""server_execution_ms"": 208, ""server_provisioning_queue_ms"": 0, ""server_overload_queue_ms"": 0, ""server_bytes_scanned"": 7627264}}"
1000000,warehouse,filter_project,snowflake,1,3,01c6f224-0001-fcf8-0001-9ade000aaa5a,386.906384,50.0,386.906384,"{""columns"": [""id"", ""region_id"", ""gross_cents""], ""dtypes"": [""int64"", ""int64"", ""int64""], ""hash_sum"": ""11356744842689536210"", ""hash_xor"": ""4329941149679941164"", ""rows"": 198279}",,4758828,198279,"[""01c6f224-0001-fcf8-0001-9ade000aaa7e""]",0.0,True,"{""01c6f224-0001-fcf8-0001-9ade000aaa7e"": {""server_total_ms"": 272, ""server_compilation_ms"": 61, ""server_execution_ms"": 211, ""server_provisioning_queue_ms"": 0, ""server_overload_queue_ms"": 0, ""server_bytes_scanned"": 7627264}}"
1000000,warehouse,filter_project,snowflake,1,4,01c6f224-0001-fcf8-0001-9ade000aaa5a,409.6805,40.0,409.6805,"{""columns"": [""id"", ""region_id"", ""gross_cents""], ""dtypes"": [""int64"", ""int64"", ""int64""], ""hash_sum"": ""11356744842689536210"", ""hash_xor"": ""4329941149679941164"", ""rows"": 198279}",,4758828,198279,"[""01c6f224-0001-fcf8-0001-9ade000aaa82""]",0.0,True,"{""01c6f224-0001-fcf8-0001-9ade000aaa82"": {""server_total_ms"": 278, ""server_compilation_ms"": 58, ""server_execution_ms"": 220, ""server_provisioning_queue_ms"": 0, ""server_overload_queue_ms"": 0, ""server_bytes_scanned"": 7627264}}"
1000000,warehouse,filter_project,snowflake,1,5,01c6f224-0001-fcf8-0001-9ade000aaa5a,371.938388,60.0,371.938388,"{""columns"": [""id"", ""region_id"", ""gross_cents""], ""dtypes"": [""int64"", ""int64"", ""int64""], ""hash_sum"": ""11356744842689536210"", ""hash_xor"": ""4329941149679941164"", ""rows"": 198279}",,4758828,198279,"[""01c6f224-0001-fcf8-0001-9ade000aaa86""]",0.0,True,"{""01c6f224-0001-fcf8-0001-9ade000aaa86"": {""server_total_ms"": 265, ""server_compilation_ms"": 60, ""server_execution_ms"": 205, ""server_provisioning_queue_ms"": 0, ""server_overload_queue_ms"": 0, ""server_bytes_scanned"": 7627264}}"
1000000,warehouse,filter_project,snowflake,2,6,01c6f224-0001-fcf9-0001-9ade000b54f6,381.402739,80.0,381.402739,"{""columns"": [""id"", ""region_id"", ""gross_cents""], ""dtypes"": [""int64"", ""int64"", ""int64""], ""hash_sum"": ""11356744842689536210"", ""hash_xor"": ""4329941149679941164"", ""rows"": 198279}",,4758828,198279,"[""01c6f224-0001-fcf9-0001-9ade000b5512""]",0.0,True,"{""01c6f224-0001-fcf9-0001-9ade000b5512"": {""server_total_ms"": 281, ""server_compilation_ms"": 64, ""server_execution_ms"": 217, ""server_provisioning_queue_ms"": 0, ""server_overload_queue_ms"": 0, ""server_bytes_scanned"": 7627264}}"
1000000,warehouse,filter_project,snowflake,2,7,01c6f224-0001-fcf9-0001-9ade000b54f6,418.988617,70.0,418.988617,"{""columns"": [""id"", ""region_id"", ""gross_cents""], ""dtypes"": [""int64"", ""int64"", ""int64""], ""hash_sum"": ""11356744842689536210"", ""hash_xor"": ""4329941149679941164"", ""rows"": 198279}",,4758828,198279,"[""01c6f224-0001-fcf9-0001-9ade000b5516""]",0.0,True,"{""01c6f224-0001-fcf9-0001-9ade000b5516"": {""server_total_ms"": 317, ""server_compilation_ms"": 60, ""server_execution_ms"": 257, ""server_provisioning_queue_ms"": 0, ""server_overload_queue_ms"": 0, ""server_bytes_scanned"": 7627264}}"
1000000,warehouse,filter_project,snowflake,2,8,01c6f224-0001-fcf9-0001-9ade000b54f6,389.34844,40.0,389.34844,"{""columns"": [""id"", ""region_id"", ""gross_cents""], ""dtypes"": [""int64"", ""int64"", ""int64""], ""hash_sum"": ""11356744842689536210"", ""hash_xor"": ""4329941149679941164"", ""rows"": 198279}",,4758828,198279,"[""01c6f224-0001-fcf9-0001-9ade000b551a""]",0.0,True,"{""01c6f224-0001-fcf9-0001-9ade000b551a"": {""server_total_ms"": 282, ""server_compilation_ms"": 62, ""server_execution_ms"": 220, ""server_provisioning_queue_ms"": 0, ""server_overload_queue_ms"": 0, ""server_bytes_scanned"": 7627264}}"
1000000,warehouse,filter_project,snowflake,2,9,01c6f224-0001-fcf9-0001-9ade000b54f6,394.536858,40.0,394.536858,"{""columns"": [""id"", ""region_id"", ""gross_cents""], ""dtypes"": [""int64"", ""int64"", ""int64""], ""hash_sum"": ""11356744842689536210"", ""hash_xor"": ""4329941149679941164"", ""rows"": 198279}",,4758828,198279,"[""01c6f224-0001-fcf9-0001-9ade000b551e""]",0.0,True,"{""01c6f224-0001-fcf9-0001-9ade000b551e"": {""server_total_ms"": 295, ""server_compilation_ms"": 68, ""server_execution_ms"": 227, ""server_provisioning_queue_ms"": 0, ""server_overload_queue_ms"": 0, ""server_bytes_scanned"": 7627264}}"
1000000,warehouse,filter_project,snowflake,2,10,01c6f224-0001-fcf9-0001-9ade000b54f6,400.366051,40.0,400.366051,"{""columns"": [""id"", ""region_id"", ""gross_cents""], ""dtypes"": [""int64"", ""int64"", ""int64""], ""hash_sum"": ""11356744842689536210"", ""hash_xor"": ""4329941149679941164"", ""rows"": 198279}",,4758828,198279,"[""01c6f224-0001-fcf9-0001-9ade000b5522""]",0.0,True,"{""01c6f224-0001-fcf9-0001-9ade000b5522"": {""server_total_ms"": 289, ""server_compilation_ms"": 68, ""server_execution_ms"": 221, ""server_provisioning_queue_ms"": 0, ""server_overload_queue_ms"": 0, ""server_bytes_scanned"": 7627264}}"
100000,warehouse,join_groupby,snowflake,2,6,01c6f224-0001-fcf9-0001-9ade000b552a,155.078334,0.0,155.078334,"{""columns"": [""region_id"", ""tier"", ""total_cents"", ""row_count""], ""dtypes"": [""int64"", ""int64"", ""int64"", ""int64""], ""hash_sum"": ""15482229778153811636"", ""hash_xor"": ""14299020784962879478"", ""rows"": 200}",,6532,200,"[""01c6f224-0001-fcf9-0001-9ade000b5546""]",0.0,True,"{""01c6f224-0001-fcf9-0001-9ade000b5546"": {""server_total_ms"": 126, ""server_compilation_ms"": 79, ""server_execution_ms"": 47, ""server_provisioning_queue_ms"": 0, ""server_overload_queue_ms"": 0, ""server_bytes_scanned"": 1211904}}"
100000,warehouse,join_groupby,snowflake,2,7,01c6f224-0001-fcf9-0001-9ade000b552a,154.483133,0.0,154.483133,"{""columns"": [""region_id"", ""tier"", ""total_cents"", ""row_count""], ""dtypes"": [""int64"", ""int64"", ""int64"", ""int64""], ""hash_sum"": ""15482229778153811636"", ""hash_xor"": ""14299020784962879478"", ""rows"": 200}",,6532,200,"[""01c6f224-0001-fcf9-0001-9ade000b554a""]",0.0,True,"{""01c6f224-0001-fcf9-0001-9ade000b554a"": {""server_total_ms"": 126, ""server_compilation_ms"": 80, ""server_execution_ms"": 46, ""server_provisioning_queue_ms"": 0, ""server_overload_queue_ms"": 0, ""server_bytes_scanned"": 1211904}}"
100000,warehouse,join_groupby,snowflake,2,8,01c6f224-0001-fcf9-0001-9ade000b552a,161.181295,0.0,161.181295,"{""columns"": [""region_id"", ""tier"", ""total_cents"", ""row_count""], ""dtypes"": [""int64"", ""int64"", ""int64"", ""int64""], ""hash_sum"": ""15482229778153811636"", ""hash_xor"": ""14299020784962879478"", ""rows"": 200}",,6532,200,"[""01c6f224-0001-fcf9-0001-9ade000b554e""]",0.0,True,"{""01c6f224-0001-fcf9-0001-9ade000b554e"": {""server_total_ms"": 123, ""server_compilation_ms"": 76, ""server_execution_ms"": 47, ""server_provisioning_queue_ms"": 0, ""server_overload_queue_ms"": 0, ""server_bytes_scanned"": 1211904}}"
100000,warehouse,join_groupby,snowflake,2,9,01c6f224-0001-fcf9-0001-9ade000b552a,160.891263,0.0,160.891263,"{""columns"": [""region_id"", ""tier"", ""total_cents"", ""row_count""], ""dtypes"": [""int64"", ""int64"", ""int64"", ""int64""], ""hash_sum"": ""15482229778153811636"", ""hash_xor"": ""14299020784962879478"", ""rows"": 200}",,6532,200,"[""01c6f224-0001-fcf9-0001-9ade000b5552""]",0.0,True,"{""01c6f224-0001-fcf9-0001-9ade000b5552"": {""server_total_ms"": 133, ""server_compilation_ms"": 85, ""server_execution_ms"": 48, ""server_provisioning_queue_ms"": 0, ""server_overload_queue_ms"": 0, ""server_bytes_scanned"": 1211904}}"
100000,warehouse,join_groupby,snowflake,2,10,01c6f224-0001-fcf9-0001-9ade000b552a,154.797784,0.0,154.797784,"{""columns"": [""region_id"", ""tier"", ""total_cents"", ""row_count""], ""dtypes"": [""int64"", ""int64"", ""int64"", ""int64""], ""hash_sum"": ""15482229778153811636"", ""hash_xor"": ""14299020784962879478"", ""rows"": 200}",,6532,200,"[""01c6f224-0001-fcf9-0001-9ade000b5556""]",0.0,True,"{""01c6f224-0001-fcf9-0001-9ade000b5556"": {""server_total_ms"": 125, ""server_compilation_ms"": 77, ""server_execution_ms"": 48, ""server_provisioning_queue_ms"": 0, ""server_overload_queue_ms"": 0, ""server_bytes_scanned"": 1211904}}"
1000000,warehouse,clean_derive,pandas,2,6,01c6f224-0001-fe2b-0001-9ade000b83be,20.362305,140.0,650.705344,"{""columns"": [""id"", ""net_cents""], ""dtypes"": [""int64"", ""int64""], ""hash_sum"": ""16902620082194219032"", ""hash_xor"": ""7441825716312922670"", ""rows"": 1000000}",630.343039,16000132,1000000,"[""01c6f224-0001-fe2b-0001-9ade000b83da""]",0.0,True,"{""01c6f224-0001-fe2b-0001-9ade000b83da"": {""server_total_ms"": 429, ""server_compilation_ms"": 73, ""server_execution_ms"": 356, ""server_provisioning_queue_ms"": 0, ""server_overload_queue_ms"": 0, ""server_bytes_scanned"": 7627264}}"
1000000,warehouse,clean_derive,pandas,2,7,01c6f224-0001-fe2b-0001-9ade000b83be,17.178849,150.0,653.986992,"{""columns"": [""id"", ""net_cents""], ""dtypes"": [""int64"", ""int64""], ""hash_sum"": ""16902620082194219032"", ""hash_xor"": ""7441825716312922670"", ""rows"": 1000000}",636.808143,16000132,1000000,"[""01c6f225-0001-fe2b-0001-9ade000b83de""]",0.0,True,"{""01c6f225-0001-fe2b-0001-9ade000b83de"": {""server_total_ms"": 431, ""server_compilation_ms"": 65, ""server_execution_ms"": 366, ""server_provisioning_queue_ms"": 0, ""server_overload_queue_ms"": 0, ""server_bytes_scanned"": 7627264}}"
1000000,warehouse,clean_derive,pandas,2,8,01c6f224-0001-fe2b-0001-9ade000b83be,23.782264,150.0,672.032051,"{""columns"": [""id"", ""net_cents""], ""dtypes"": [""int64"", ""int64""], ""hash_sum"": ""16902620082194219032"", ""hash_xor"": ""7441825716312922670"", ""rows"": 1000000}",648.249787,16000132,1000000,"[""01c6f225-0001-fe2b-0001-9ade000b83e2""]",0.0,True,"{""01c6f225-0001-fe2b-0001-9ade000b83e2"": {""server_total_ms"": 426, ""server_compilation_ms"": 72, ""server_execution_ms"": 354, ""server_provisioning_queue_ms"": 0, ""server_overload_queue_ms"": 0, ""server_bytes_scanned"": 7627264}}"
1000000,warehouse,clean_derive,pandas,2,9,01c6f224-0001-fe2b-0001-9ade000b83be,18.861963,140.0,650.535702,"{""columns"": [""id"", ""net_cents""], ""dtypes"": [""int64"", ""int64""], ""hash_sum"": ""16902620082194219032"", ""hash_xor"": ""7441825716312922670"", ""rows"": 1000000}",631.673739,16000132,1000000,"[""01c6f225-0001-fe2b-0001-9ade000b83e6""]",0.0,True,"{""01c6f225-0001-fe2b-0001-9ade000b83e6"": {""server_total_ms"": 430, ""server_compilation_ms"": 68, ""server_execution_ms"": 362, ""server_provisioning_queue_ms"": 0, ""server_overload_queue_ms"": 0, ""server_bytes_scanned"": 7627264}}"
1000000,warehouse,clean_derive,pandas,2,10,01c6f224-0001-fe2b-0001-9ade000b83be,20.223787,140.0,666.51449,"{""columns"": [""id"", ""net_cents""], ""dtypes"": [""int64"", ""int64""], ""hash_sum"": ""16902620082194219032"", ""hash_xor"": ""7441825716312922670"", ""rows"": 1000000}",646.290703,16000132,1000000,"[""01c6f225-0001-fe2b-0001-9ade000b83ea""]",0.0,True,"{""01c6f225-0001-fe2b-0001-9ade000b83ea"": {""server_total_ms"": 437, ""server_compilation_ms"": 70, ""server_execution_ms"": 367, ""server_provisioning_queue_ms"": 0, ""server_overload_queue_ms"": 0, ""server_bytes_scanned"": 7627264}}"
1000000,warehouse,groupby,pandas,2,6,01c6f225-0001-fcf8-0001-9ade000aaa8e,19.199565,80.0,554.98846,"{""columns"": [""region_id"", ""total_cents"", ""total_quantity"", ""row_count""], ""dtypes"": [""int64"", ""int64"", ""int64"", ""int64""], ""hash_sum"": ""3129039791569495086"", ""hash_xor"": ""14932865647023855810"", ""rows"": 50}",535.788895,1732,50,"[""01c6f225-0001-fcf8-0001-9ade000aaaaa""]",0.0,True,"{""01c6f225-0001-fcf8-0001-9ade000aaaaa"": {""server_total_ms"": 347, ""server_compilation_ms"": 60, ""server_execution_ms"": 287, ""server_provisioning_queue_ms"": 0, ""server_overload_queue_ms"": 0, ""server_bytes_scanned"": 7627264}}"
1000000,warehouse,groupby,pandas,2,7,01c6f225-0001-fcf8-0001-9ade000aaa8e,20.894404,90.0,545.429022,"{""columns"": [""region_id"", ""total_cents"", ""total_quantity"", ""row_count""], ""dtypes"": [""int64"", ""int64"", ""int64"", ""int64""], ""hash_sum"": ""3129039791569495086"", ""hash_xor"": ""14932865647023855810"", ""rows"": 50}",524.534618,1732,50,"[""01c6f225-0001-fcf8-0001-9ade000aaaae""]",0.0,True,"{""01c6f225-0001-fcf8-0001-9ade000aaaae"": {""server_total_ms"": 363, ""server_compilation_ms"": 55, ""server_execution_ms"": 308, ""server_provisioning_queue_ms"": 0, ""server_overload_queue_ms"": 0, ""server_bytes_scanned"": 7627264}}"
1000000,warehouse,groupby,pandas,2,8,01c6f225-0001-fcf8-0001-9ade000aaa8e,21.283286,90.0,534.902727,"{""columns"": [""region_id"", ""total_cents"", ""total_quantity"", ""row_count""], ""dtypes"": [""int64"", ""int64"", ""int64"", ""int64""], ""hash_sum"": ""3129039791569495086"", ""hash_xor"": ""14932865647023855810"", ""rows"": 50}",513.619441,1732,50,"[""01c6f225-0001-fcf8-0001-9ade000aaab2""]",0.0,True,"{""01c6f225-0001-fcf8-0001-9ade000aaab2"": {""server_total_ms"": 347, ""server_compilation_ms"": 57, ""server_execution_ms"": 290, ""server_provisioning_queue_ms"": 0, ""server_overload_queue_ms"": 0, ""server_bytes_scanned"": 7627264}}"
1000000,warehouse,groupby,pandas,2,9,01c6f225-0001-fcf8-0001-9ade000aaa8e,21.127749,120.0,524.636531,"{""columns"": [""region_id"", ""total_cents"", ""total_quantity"", ""row_count""], ""dtypes"": [""int64"", ""int64"", ""int64"", ""int64""], ""hash_sum"": ""3129039791569495086"", ""hash_xor"": ""14932865647023855810"", ""rows"": 50}",503.508782,1732,50,"[""01c6f225-0001-fcf8-0001-9ade000aaab6""]",0.0,True,"{""01c6f225-0001-fcf8-0001-9ade000aaab6"": {""server_total_ms"": 334, ""server_compilation_ms"": 50, ""server_execution_ms"": 284, ""server_provisioning_queue_ms"": 0, ""server_overload_queue_ms"": 0, ""server_bytes_scanned"": 7627264}}"
1000000,warehouse,groupby,pandas,2,10,01c6f225-0001-fcf8-0001-9ade000aaa8e,21.119758,100.0,537.717562,"{""columns"": [""region_id"", ""total_cents"", ""total_quantity"", ""row_count""], ""dtypes"": [""int64"", ""int64"", ""int64"", ""int64""], ""hash_sum"": ""3129039791569495086"", ""hash_xor"": ""14932865647023855810"", ""rows"": 50}",516.597804,1732,50,"[""01c6f225-0001-fcf8-0001-9ade000aaaba""]",0.0,True,"{""01c6f225-0001-fcf8-0001-9ade000aaaba"": {""server_total_ms"": 342, ""server_compilation_ms"": 64, ""server_execution_ms"": 278, ""server_provisioning_queue_ms"": 0, ""server_overload_queue_ms"": 0, ""server_bytes_scanned"": 7627264}}"
100000,warehouse,clean_derive,pandas,2,6,01c6f225-0001-fcf8-0001-9ade000aaac2,1.971475,40.0,362.982068,"{""columns"": [""id"", ""net_cents""], ""dtypes"": [""int64"", ""int64""], ""hash_sum"": ""6278141268544677052"", ""hash_xor"": ""11755483584262095886"", ""rows"": 100000}",361.010593,1600132,100000,"[""01c6f225-0001-fcf8-0001-9ade000aaade""]",0.0,True,"{""01c6f225-0001-fcf8-0001-9ade000aaade"": {""server_total_ms"": 261, ""server_compilation_ms"": 59, ""server_execution_ms"": 202, ""server_provisioning_queue_ms"": 0, ""server_overload_queue_ms"": 0, ""server_bytes_scanned"": 973312}}"
100000,warehouse,clean_derive,pandas,2,7,01c6f225-0001-fcf8-0001-9ade000aaac2,1.906914,50.0,335.238815,"{""columns"": [""id"", ""net_cents""], ""dtypes"": [""int64"", ""int64""], ""hash_sum"": ""6278141268544677052"", ""hash_xor"": ""11755483584262095886"", ""rows"": 100000}",333.331901,1600132,100000,"[""01c6f225-0001-fcf8-0001-9ade000aaae2""]",0.0,True,"{""01c6f225-0001-fcf8-0001-9ade000aaae2"": {""server_total_ms"": 235, ""server_compilation_ms"": 60, ""server_execution_ms"": 175, ""server_provisioning_queue_ms"": 0, ""server_overload_queue_ms"": 0, ""server_bytes_scanned"": 973312}}"
100000,warehouse,clean_derive,pandas,2,8,01c6f225-0001-fcf8-0001-9ade000aaac2,1.974132,40.0,325.544213,"{""columns"": [""id"", ""net_cents""], ""dtypes"": [""int64"", ""int64""], ""hash_sum"": ""6278141268544677052"", ""hash_xor"": ""11755483584262095886"", ""rows"": 100000}",323.570081,1600132,100000,"[""01c6f225-0001-fcf8-0001-9ade000aaae6""]",0.0,True,"{""01c6f225-0001-fcf8-0001-9ade000aaae6"": {""server_total_ms"": 220, ""server_compilation_ms"": 46, ""server_execution_ms"": 174, ""server_provisioning_queue_ms"": 0, ""server_overload_queue_ms"": 0, ""server_bytes_scanned"": 973312}}"
100000,warehouse,clean_derive,pandas,2,9,01c6f225-0001-fcf8-0001-9ade000aaac2,1.897302,40.0,347.649654,"{""columns"": [""id"", ""net_cents""], ""dtypes"": [""int64"", ""int64""], ""hash_sum"": ""6278141268544677052"", ""hash_xor"": ""11755483584262095886"", ""rows"": 100000}",345.752352,1600132,100000,"[""01c6f225-0001-fcf8-0001-9ade000aaaea""]",0.0,True,"{""01c6f225-0001-fcf8-0001-9ade000aaaea"": {""server_total_ms"": 239, ""server_compilation_ms"": 68, ""server_execution_ms"": 171, ""server_provisioning_queue_ms"": 0, ""server_overload_queue_ms"": 0, ""server_bytes_scanned"": 973312}}"
100000,warehouse,clean_derive,pandas,2,10,01c6f225-0001-fcf8-0001-9ade000aaac2,1.896771,40.0,361.168645,"{""columns"": [""id"", ""net_cents""], ""dtypes"": [""int64"", ""int64""], ""hash_sum"": ""6278141268544677052"", ""hash_xor"": ""11755483584262095886"", ""rows"": 100000}",359.271874,1600132,100000,"[""01c6f225-0001-fcf8-0001-9ade000aaaee""]",0.0,True,"{""01c6f225-0001-fcf8-0001-9ade000aaaee"": {""server_total_ms"": 260, ""server_compilation_ms"": 54, ""server_execution_ms"": 206, ""server_provisioning_queue_ms"": 0, ""server_overload_queue_ms"": 0, ""server_bytes_scanned"": 973312}}"
100000,warehouse,join_groupby,pandas,2,6,01c6f225-0001-fcf9-0001-9ade000b555a,17.584333,50.0,633.259667,"{""columns"": [""region_id"", ""tier"", ""total_cents"", ""row_count""], ""dtypes"": [""int64"", ""int64"", ""int64"", ""int64""], ""hash_sum"": ""15482229778153811636"", ""hash_xor"": ""14299020784962879478"", ""rows"": 200}",615.675334,6532,200,"[""01c6f225-0001-fcf9-0001-9ade000b557a"", ""01c6f225-0001-fcf9-0001-9ade000b557e""]",0.0,True,"{""01c6f225-0001-fcf9-0001-9ade000b557a"": {""server_total_ms"": 220, ""server_compilation_ms"": 57, ""server_execution_ms"": 163, ""server_provisioning_queue_ms"": 0, ""server_overload_queue_ms"": 0, ""server_bytes_scanned"": 973312}, ""01c6f225-0001-fcf9-0001-9ade000b557e"": {""server_total_ms"": 197, ""server_compilation_ms"": 67, ""server_execution_ms"": 130, ""server_provisioning_queue_ms"": 0, ""server_overload_queue_ms"": 0, ""server_bytes_scanned"": 238592}}"
100000,warehouse,join_groupby,pandas,2,7,01c6f225-0001-fcf9-0001-9ade000b555a,17.136541,60.0,648.505807,"{""columns"": [""region_id"", ""tier"", ""total_cents"", ""row_count""], ""dtypes"": [""int64"", ""int64"", ""int64"", ""int64""], ""hash_sum"": ""15482229778153811636"", ""hash_xor"": ""14299020784962879478"", ""rows"": 200}",631.369266,6532,200,"[""01c6f225-0001-fcf9-0001-9ade000b5582"", ""01c6f225-0001-fcf9-0001-9ade000b5586""]",0.0,True,"{""01c6f225-0001-fcf9-0001-9ade000b5582"": {""server_total_ms"": 241, ""server_compilation_ms"": 65, ""server_execution_ms"": 176, ""server_provisioning_queue_ms"": 0, ""server_overload_queue_ms"": 0, ""server_bytes_scanned"": 973312}, ""01c6f225-0001-fcf9-0001-9ade000b5586"": {""server_total_ms"": 203, ""server_compilation_ms"": 61, ""server_execution_ms"": 142, ""server_provisioning_queue_ms"": 0, ""server_overload_queue_ms"": 0, ""server_bytes_scanned"": 238592}}"
100000,warehouse,join_groupby,pandas,2,8,01c6f225-0001-fcf9-0001-9ade000b555a,17.098602,70.0,1049.859644,"{""columns"": [""region_id"", ""tier"", ""total_cents"", ""row_count""], ""dtypes"": [""int64"", ""int64"", ""int64"", ""int64""], ""hash_sum"": ""15482229778153811636"", ""hash_xor"": ""14299020784962879478"", ""rows"": 200}",1032.761042,6532,200,"[""01c6f225-0001-fcf9-0001-9ade000b558a"", ""01c6f225-0001-fcf9-0001-9ade000b558e""]",0.0,True,"{""01c6f225-0001-fcf9-0001-9ade000b558a"": {""server_total_ms"": 247, ""server_compilation_ms"": 66, ""server_execution_ms"": 181, ""server_provisioning_queue_ms"": 0, ""server_overload_queue_ms"": 0, ""server_bytes_scanned"": 973312}, ""01c6f225-0001-fcf9-0001-9ade000b558e"": {""server_total_ms"": 598, ""server_compilation_ms"": 59, ""server_execution_ms"": 539, ""server_provisioning_queue_ms"": 0, ""server_overload_queue_ms"": 0, ""server_bytes_scanned"": 238592}}"
100000,warehouse,join_groupby,pandas,2,9,01c6f225-0001-fcf9-0001-9ade000b555a,17.539883,50.0,636.461477,"{""columns"": [""region_id"", ""tier"", ""total_cents"", ""row_count""], ""dtypes"": [""int64"", ""int64"", ""int64"", ""int64""], ""hash_sum"": ""15482229778153811636"", ""hash_xor"": ""14299020784962879478"", ""rows"": 200}",618.921594,6532,200,"[""01c6f225-0001-fcf9-0001-9ade000b5592"", ""01c6f225-0001-fcf9-0001-9ade000b5596""]",0.0,True,"{""01c6f225-0001-fcf9-0001-9ade000b5592"": {""server_total_ms"": 234, ""server_compilation_ms"": 60, ""server_execution_ms"": 174, ""server_provisioning_queue_ms"": 0, ""server_overload_queue_ms"": 0, ""server_bytes_scanned"": 973312}, ""01c6f225-0001-fcf9-0001-9ade000b5596"": {""server_total_ms"": 183, ""server_compilation_ms"": 60, ""server_execution_ms"": 123, ""server_provisioning_queue_ms"": 0, ""server_overload_queue_ms"": 0, ""server_bytes_scanned"": 238592}}"
100000,warehouse,join_groupby,pandas,2,10,01c6f225-0001-fcf9-0001-9ade000b555a,17.225612,60.0,638.966204,"{""columns"": [""region_id"", ""tier"", ""total_cents"", ""row_count""], ""dtypes"": [""int64"", ""int64"", ""int64"", ""int64""], ""hash_sum"": ""15482229778153811636"", ""hash_xor"": ""14299020784962879478"", ""rows"": 200}",621.740592,6532,200,"[""01c6f225-0001-fcf9-0001-9ade000b559a"", ""01c6f225-0001-fcf9-0001-9ade000b559e""]",0.0,True,"{""01c6f225-0001-fcf9-0001-9ade000b559a"": {""server_total_ms"": 231, ""server_compilation_ms"": 65, ""server_execution_ms"": 166, ""server_provisioning_queue_ms"": 0, ""server_overload_queue_ms"": 0, ""server_bytes_scanned"": 973312}, ""01c6f225-0001-fcf9-0001-9ade000b559e"": {""server_total_ms"": 179, ""server_compilation_ms"": 57, ""server_execution_ms"": 122, ""server_provisioning_queue_ms"": 0, ""server_overload_queue_ms"": 0, ""server_bytes_scanned"": 238592}}"
1000000,warehouse,join_groupby,snowflake,2,6,01c6f225-0001-fe2b-0001-9ade000b83f2,206.397932,10.0,206.397932,"{""columns"": [""region_id"", ""tier"", ""total_cents"", ""row_count""], ""dtypes"": [""int64"", ""int64"", ""int64"", ""int64""], ""hash_sum"": ""13023197678645621665"", ""hash_xor"": ""8219731451453916309"", ""rows"": 200}",,6532,200,"[""01c6f225-0001-fe2b-0001-9ade000b840e""]",0.0,True,"{""01c6f225-0001-fe2b-0001-9ade000b840e"": {""server_total_ms"": 173, ""server_compilation_ms"": 83, ""server_execution_ms"": 90, ""server_provisioning_queue_ms"": 0, ""server_overload_queue_ms"": 0, ""server_bytes_scanned"": 7865856}}"
1000000,warehouse,join_groupby,snowflake,2,7,01c6f225-0001-fe2b-0001-9ade000b83f2,206.449702,0.0,206.449702,"{""columns"": [""region_id"", ""tier"", ""total_cents"", ""row_count""], ""dtypes"": [""int64"", ""int64"", ""int64"", ""int64""], ""hash_sum"": ""13023197678645621665"", ""hash_xor"": ""8219731451453916309"", ""rows"": 200}",,6532,200,"[""01c6f225-0001-fe2b-0001-9ade000b8412""]",0.0,True,"{""01c6f225-0001-fe2b-0001-9ade000b8412"": {""server_total_ms"": 175, ""server_compilation_ms"": 86, ""server_execution_ms"": 89, ""server_provisioning_queue_ms"": 0, ""server_overload_queue_ms"": 0, ""server_bytes_scanned"": 7865856}}"
1000000,warehouse,join_groupby,snowflake,2,8,01c6f225-0001-fe2b-0001-9ade000b83f2,220.195688,10.0,220.195688,"{""columns"": [""region_id"", ""tier"", ""total_cents"", ""row_count""], ""dtypes"": [""int64"", ""int64"", ""int64"", ""int64""], ""hash_sum"": ""13023197678645621665"", ""hash_xor"": ""8219731451453916309"", ""rows"": 200}",,6532,200,"[""01c6f225-0001-fe2b-0001-9ade000b8416""]",0.0,True,"{""01c6f225-0001-fe2b-0001-9ade000b8416"": {""server_total_ms"": 183, ""server_compilation_ms"": 90, ""server_execution_ms"": 93, ""server_provisioning_queue_ms"": 0, ""server_overload_queue_ms"": 0, ""server_bytes_scanned"": 7865856}}"
1000000,warehouse,join_groupby,snowflake,2,9,01c6f225-0001-fe2b-0001-9ade000b83f2,207.199779,10.0,207.199779,"{""columns"": [""region_id"", ""tier"", ""total_cents"", ""row_count""], ""dtypes"": [""int64"", ""int64"", ""int64"", ""int64""], ""hash_sum"": ""13023197678645621665"", ""hash_xor"": ""8219731451453916309"", ""rows"": 200}",,6532,200,"[""01c6f225-0001-fe2b-0001-9ade000b841a""]",0.0,True,"{""01c6f225-0001-fe2b-0001-9ade000b841a"": {""server_total_ms"": 174, ""server_compilation_ms"": 86, ""server_execution_ms"": 88, ""server_provisioning_queue_ms"": 0, ""server_overload_queue_ms"": 0, ""server_bytes_scanned"": 7865856}}"
1000000,warehouse,join_groupby,snowflake,2,10,01c6f225-0001-fe2b-0001-9ade000b83f2,212.500724,0.0,212.500724,"{""columns"": [""region_id"", ""tier"", ""total_cents"", ""row_count""], ""dtypes"": [""int64"", ""int64"", ""int64"", ""int64""], ""hash_sum"": ""13023197678645621665"", ""hash_xor"": ""8219731451453916309"", ""rows"": 200}",,6532,200,"[""01c6f225-0001-fe2b-0001-9ade000b841e""]",0.0,True,"{""01c6f225-0001-fe2b-0001-9ade000b841e"": {""server_total_ms"": 178, ""server_compilation_ms"": 88, ""server_execution_ms"": 90, ""server_provisioning_queue_ms"": 0, ""server_overload_queue_ms"": 0, ""server_bytes_scanned"": 7865856}}"
100000,warehouse,groupby,duckdb,2,6,01c6f225-0001-fe2b-0001-9ade000b8422,6.448232,70.0,326.436599,"{""columns"": [""region_id"", ""total_cents"", ""total_quantity"", ""row_count""], ""dtypes"": [""int64"", ""int64"", ""int64"", ""int64""], ""hash_sum"": ""5148165510768826946"", ""hash_xor"": ""7876665366988197046"", ""rows"": 50}",306.77935,1732,50,"[""01c6f225-0001-fe2b-0001-9ade000b843e""]",13.209017,True,"{""01c6f225-0001-fe2b-0001-9ade000b843e"": {""server_total_ms"": 203, ""server_compilation_ms"": 73, ""server_execution_ms"": 130, ""server_provisioning_queue_ms"": 0, ""server_overload_queue_ms"": 0, ""server_bytes_scanned"": 973312}}"
100000,warehouse,groupby,duckdb,2,7,01c6f225-0001-fe2b-0001-9ade000b8422,6.314228,120.0,315.682032,"{""columns"": [""region_id"", ""total_cents"", ""total_quantity"", ""row_count""], ""dtypes"": [""int64"", ""int64"", ""int64"", ""int64""], ""hash_sum"": ""5148165510768826946"", ""hash_xor"": ""7876665366988197046"", ""rows"": 50}",296.182489,1732,50,"[""01c6f225-0001-fe2b-0001-9ade000b8442""]",13.185315,True,"{""01c6f225-0001-fe2b-0001-9ade000b8442"": {""server_total_ms"": 191, ""server_compilation_ms"": 66, ""server_execution_ms"": 125, ""server_provisioning_queue_ms"": 0, ""server_overload_queue_ms"": 0, ""server_bytes_scanned"": 973312}}"
100000,warehouse,groupby,duckdb,2,8,01c6f225-0001-fe2b-0001-9ade000b8422,6.385382,40.0,323.827734,"{""columns"": [""region_id"", ""total_cents"", ""total_quantity"", ""row_count""], ""dtypes"": [""int64"", ""int64"", ""int64"", ""int64""], ""hash_sum"": ""5148165510768826946"", ""hash_xor"": ""7876665366988197046"", ""rows"": 50}",304.340714,1732,50,"[""01c6f225-0001-fe2b-0001-9ade000b8446""]",13.101638,True,"{""01c6f225-0001-fe2b-0001-9ade000b8446"": {""server_total_ms"": 200, ""server_compilation_ms"": 65, ""server_execution_ms"": 135, ""server_provisioning_queue_ms"": 0, ""server_overload_queue_ms"": 0, ""server_bytes_scanned"": 973312}}"
100000,warehouse,groupby,duckdb,2,9,01c6f225-0001-fe2b-0001-9ade000b8422,6.852409,20.0,319.869375,"{""columns"": [""region_id"", ""total_cents"", ""total_quantity"", ""row_count""], ""dtypes"": [""int64"", ""int64"", ""int64"", ""int64""], ""hash_sum"": ""5148165510768826946"", ""hash_xor"": ""7876665366988197046"", ""rows"": 50}",299.827409,1732,50,"[""01c6f225-0001-fe2b-0001-9ade000b844a""]",13.189557,True,"{""01c6f225-0001-fe2b-0001-9ade000b844a"": {""server_total_ms"": 193, ""server_compilation_ms"": 62, ""server_execution_ms"": 131, ""server_provisioning_queue_ms"": 0, ""server_overload_queue_ms"": 0, ""server_bytes_scanned"": 973312}}"
100000,warehouse,groupby,duckdb,2,10,01c6f225-0001-fe2b-0001-9ade000b8422,6.514953,70.0,320.053002,"{""columns"": [""region_id"", ""total_cents"", ""total_quantity"", ""row_count""], ""dtypes"": [""int64"", ""int64"", ""int64"", ""int64""], ""hash_sum"": ""5148165510768826946"", ""hash_xor"": ""7876665366988197046"", ""rows"": 50}",300.450365,1732,50,"[""01c6f225-0001-fe2b-0001-9ade000b844e""]",13.087684,True,"{""01c6f225-0001-fe2b-0001-9ade000b844e"": {""server_total_ms"": 200, ""server_compilation_ms"": 66, ""server_execution_ms"": 134, ""server_provisioning_queue_ms"": 0, ""server_overload_queue_ms"": 0, ""server_bytes_scanned"": 973312}}"
1000000,warehouse,clean_derive,duckdb,2,6,01c6f225-0001-fcf8-0001-9ade000aaaf6,19.417745,210.0,692.116565,"{""columns"": [""id"", ""net_cents""], ""dtypes"": [""int64"", ""int64""], ""hash_sum"": ""16902620082194219032"", ""hash_xor"": ""7441825716312922670"", ""rows"": 1000000}",658.477031,16000132,1000000,"[""01c6f225-0001-fcf8-0001-9ade000aab12""]",14.221789,True,"{""01c6f225-0001-fcf8-0001-9ade000aab12"": {""server_total_ms"": 461, ""server_compilation_ms"": 62, ""server_execution_ms"": 399, ""server_provisioning_queue_ms"": 0, ""server_overload_queue_ms"": 0, ""server_bytes_scanned"": 7627264}}"
1000000,warehouse,clean_derive,duckdb,2,7,01c6f225-0001-fcf8-0001-9ade000aaaf6,17.995113,190.0,651.543012,"{""columns"": [""id"", ""net_cents""], ""dtypes"": [""int64"", ""int64""], ""hash_sum"": ""16902620082194219032"", ""hash_xor"": ""7441825716312922670"", ""rows"": 1000000}",619.199795,16000132,1000000,"[""01c6f225-0001-fcf8-0001-9ade000aab16""]",14.348104,True,"{""01c6f225-0001-fcf8-0001-9ade000aab16"": {""server_total_ms"": 415, ""server_compilation_ms"": 63, ""server_execution_ms"": 352, ""server_provisioning_queue_ms"": 0, ""server_overload_queue_ms"": 0, ""server_bytes_scanned"": 7627264}}"
1000000,warehouse,clean_derive,duckdb,2,8,01c6f225-0001-fcf8-0001-9ade000aaaf6,18.797927,200.0,671.086855,"{""columns"": [""id"", ""net_cents""], ""dtypes"": [""int64"", ""int64""], ""hash_sum"": ""16902620082194219032"", ""hash_xor"": ""7441825716312922670"", ""rows"": 1000000}",637.938307,16000132,1000000,"[""01c6f225-0001-fcf8-0001-9ade000aab1a""]",14.350621,True,"{""01c6f225-0001-fcf8-0001-9ade000aab1a"": {""server_total_ms"": 441, ""server_compilation_ms"": 73, ""server_execution_ms"": 368, ""server_provisioning_queue_ms"": 0, ""server_overload_queue_ms"": 0, ""server_bytes_scanned"": 7627264}}"
1000000,warehouse,clean_derive,duckdb,2,9,01c6f225-0001-fcf8-0001-9ade000aaaf6,18.880423,170.0,693.070237,"{""columns"": [""id"", ""net_cents""], ""dtypes"": [""int64"", ""int64""], ""hash_sum"": ""16902620082194219032"", ""hash_xor"": ""7441825716312922670"", ""rows"": 1000000}",659.888558,16000132,1000000,"[""01c6f225-0001-fcf8-0001-9ade000aab1e""]",14.301256,True,"{""01c6f225-0001-fcf8-0001-9ade000aab1e"": {""server_total_ms"": 463, ""server_compilation_ms"": 55, ""server_execution_ms"": 408, ""server_provisioning_queue_ms"": 0, ""server_overload_queue_ms"": 0, ""server_bytes_scanned"": 7627264}}"
1000000,warehouse,clean_derive,duckdb,2,10,01c6f225-0001-fcf8-0001-9ade000aaaf6,17.979654,180.0,667.501432,"{""columns"": [""id"", ""net_cents""], ""dtypes"": [""int64"", ""int64""], ""hash_sum"": ""16902620082194219032"", ""hash_xor"": ""7441825716312922670"", ""rows"": 1000000}",634.976055,16000132,1000000,"[""01c6f225-0001-fcf8-0001-9ade000aab22""]",14.545723,True,"{""01c6f225-0001-fcf8-0001-9ade000aab22"": {""server_total_ms"": 410, ""server_compilation_ms"": 60, ""server_execution_ms"": 350, ""server_provisioning_queue_ms"": 0, ""server_overload_queue_ms"": 0, ""server_bytes_scanned"": 7627264}}"
1000000,warehouse,clean_derive,snowflake,2,6,01c6f225-0001-fe2b-0001-9ade000b8456,674.648233,110.0,674.648233,"{""columns"": [""id"", ""net_cents""], ""dtypes"": [""int64"", ""int64""], ""hash_sum"": ""16902620082194219032"", ""hash_xor"": ""7441825716312922670"", ""rows"": 1000000}",,16000132,1000000,"[""01c6f225-0001-fe2b-0001-9ade000b8472""]",0.0,True,"{""01c6f225-0001-fe2b-0001-9ade000b8472"": {""server_total_ms"": 483, ""server_compilation_ms"": 71, ""server_execution_ms"": 412, ""server_provisioning_queue_ms"": 0, ""server_overload_queue_ms"": 0, ""server_bytes_scanned"": 7627264}}"
1000000,warehouse,clean_derive,snowflake,2,7,01c6f225-0001-fe2b-0001-9ade000b8456,681.86413,70.0,681.86413,"{""columns"": [""id"", ""net_cents""], ""dtypes"": [""int64"", ""int64""], ""hash_sum"": ""16902620082194219032"", ""hash_xor"": ""7441825716312922670"", ""rows"": 1000000}",,16000132,1000000,"[""01c6f225-0001-fe2b-0001-9ade000b8476""]",0.0,True,"{""01c6f225-0001-fe2b-0001-9ade000b8476"": {""server_total_ms"": 472, ""server_compilation_ms"": 70, ""server_execution_ms"": 402, ""server_provisioning_queue_ms"": 0, ""server_overload_queue_ms"": 0, ""server_bytes_scanned"": 7627264}}"
1000000,warehouse,clean_derive,snowflake,2,8,01c6f225-0001-fe2b-0001-9ade000b8456,712.562122,90.0,712.562122,"{""columns"": [""id"", ""net_cents""], ""dtypes"": [""int64"", ""int64""], ""hash_sum"": ""16902620082194219032"", ""hash_xor"": ""7441825716312922670"", ""rows"": 1000000}",,16000132,1000000,"[""01c6f225-0001-fe2b-0001-9ade000b847a""]",0.0,True,"{""01c6f225-0001-fe2b-0001-9ade000b847a"": {""server_total_ms"": 500, ""server_compilation_ms"": 64, ""server_execution_ms"": 436, ""server_provisioning_queue_ms"": 0, ""server_overload_queue_ms"": 0, ""server_bytes_scanned"": 7627264}}"
1000000,warehouse,clean_derive,snowflake,2,9,01c6f225-0001-fe2b-0001-9ade000b8456,650.770745,160.0,650.770745,"{""columns"": [""id"", ""net_cents""], ""dtypes"": [""int64"", ""int64""], ""hash_sum"": ""16902620082194219032"", ""hash_xor"": ""7441825716312922670"", ""rows"": 1000000}",,16000132,1000000,"[""01c6f225-0001-fe2b-0001-9ade000b847e""]",0.0,True,"{""01c6f225-0001-fe2b-0001-9ade000b847e"": {""server_total_ms"": 464, ""server_compilation_ms"": 68, ""server_execution_ms"": 396, ""server_provisioning_queue_ms"": 0, ""server_overload_queue_ms"": 0, ""server_bytes_scanned"": 7627264}}"
1000000,warehouse,clean_derive,snowflake,2,10,01c6f225-0001-fe2b-0001-9ade000b8456,668.690266,140.0,668.690266,"{""columns"": [""id"", ""net_cents""], ""dtypes"": [""int64"", ""int64""], ""hash_sum"": ""16902620082194219032"", ""hash_xor"": ""7441825716312922670"", ""rows"": 1000000}",,16000132,1000000,"[""01c6f225-0001-fe2b-0001-9ade000b8482""]",0.0,True,"{""01c6f225-0001-fe2b-0001-9ade000b8482"": {""server_total_ms"": 472, ""server_compilation_ms"": 71, ""server_execution_ms"": 401, ""server_provisioning_queue_ms"": 0, ""server_overload_queue_ms"": 0, ""server_bytes_scanned"": 7627264}}"
1000000,warehouse,join_groupby,duckdb,2,6,01c6f225-0001-fe0c-0001-9ade000b913e,29.938961,180.0,936.316821,"{""columns"": [""region_id"", ""tier"", ""total_cents"", ""row_count""], ""dtypes"": [""int64"", ""int64"", ""int64"", ""int64""], ""hash_sum"": ""13023197678645621665"", ""hash_xor"": ""8219731451453916309"", ""rows"": 200}",892.487073,6532,200,"[""01c6f225-0001-fe0c-0001-9ade000b915e"", ""01c6f225-0001-fe0c-0001-9ade000b9162""]",13.890787,True,"{""01c6f225-0001-fe0c-0001-9ade000b915e"": {""server_total_ms"": 383, ""server_compilation_ms"": 69, ""server_execution_ms"": 314, ""server_provisioning_queue_ms"": 0, ""server_overload_queue_ms"": 0, ""server_bytes_scanned"": 7627264}, ""01c6f225-0001-fe0c-0001-9ade000b9162"": {""server_total_ms"": 220, ""server_compilation_ms"": 58, ""server_execution_ms"": 162, ""server_provisioning_queue_ms"": 0, ""server_overload_queue_ms"": 0, ""server_bytes_scanned"": 238592}}"
1000000,warehouse,join_groupby,duckdb,2,7,01c6f225-0001-fe0c-0001-9ade000b913e,31.623915,260.0,957.854293,"{""columns"": [""region_id"", ""tier"", ""total_cents"", ""row_count""], ""dtypes"": [""int64"", ""int64"", ""int64"", ""int64""], ""hash_sum"": ""13023197678645621665"", ""hash_xor"": ""8219731451453916309"", ""rows"": 200}",911.202009,6532,200,"[""01c6f225-0001-fe0c-0001-9ade000b9166"", ""01c6f225-0001-fe0c-0001-9ade000b916a""]",15.028369,True,"{""01c6f225-0001-fe0c-0001-9ade000b9166"": {""server_total_ms"": 460, ""server_compilation_ms"": 62, ""server_execution_ms"": 398, ""server_provisioning_queue_ms"": 0, ""server_overload_queue_ms"": 0, ""server_bytes_scanned"": 7627264}, ""01c6f225-0001-fe0c-0001-9ade000b916a"": {""server_total_ms"": 183, ""server_compilation_ms"": 59, ""server_execution_ms"": 124, ""server_provisioning_queue_ms"": 0, ""server_overload_queue_ms"": 0, ""server_bytes_scanned"": 238592}}"
1000000,warehouse,join_groupby,duckdb,2,8,01c6f225-0001-fe0c-0001-9ade000b913e,30.639398,220.0,931.086296,"{""columns"": [""region_id"", ""tier"", ""total_cents"", ""row_count""], ""dtypes"": [""int64"", ""int64"", ""int64"", ""int64""], ""hash_sum"": ""13023197678645621665"", ""hash_xor"": ""8219731451453916309"", ""rows"": 200}",885.132396,6532,200,"[""01c6f225-0001-fe0c-0001-9ade000b916e"", ""01c6f225-0001-fe0c-0001-9ade000b9172""]",15.314502,True,"{""01c6f225-0001-fe0c-0001-9ade000b916e"": {""server_total_ms"": 428, ""server_compilation_ms"": 59, ""server_execution_ms"": 369, ""server_provisioning_queue_ms"": 0, ""server_overload_queue_ms"": 0, ""server_bytes_scanned"": 7627264}, ""01c6f225-0001-fe0c-0001-9ade000b9172"": {""server_total_ms"": 169, ""server_compilation_ms"": 51, ""server_execution_ms"": 118, ""server_provisioning_queue_ms"": 0, ""server_overload_queue_ms"": 0, ""server_bytes_scanned"": 238592}}"
1000000,warehouse,join_groupby,duckdb,2,9,01c6f225-0001-fe0c-0001-9ade000b913e,31.833857,280.0,933.473289,"{""columns"": [""region_id"", ""tier"", ""total_cents"", ""row_count""], ""dtypes"": [""int64"", ""int64"", ""int64"", ""int64""], ""hash_sum"": ""13023197678645621665"", ""hash_xor"": ""8219731451453916309"", ""rows"": 200}",886.492669,6532,200,"[""01c6f225-0001-fe0c-0001-9ade000b9176"", ""01c6f225-0001-fe0c-0001-9ade000b917a""]",15.146763,True,"{""01c6f225-0001-fe0c-0001-9ade000b9176"": {""server_total_ms"": 393, ""server_compilation_ms"": 54, ""server_execution_ms"": 339, ""server_provisioning_queue_ms"": 0, ""server_overload_queue_ms"": 0, ""server_bytes_scanned"": 7627264}, ""01c6f225-0001-fe0c-0001-9ade000b917a"": {""server_total_ms"": 216, ""server_compilation_ms"": 62, ""server_execution_ms"": 154, ""server_provisioning_queue_ms"": 0, ""server_overload_queue_ms"": 0, ""server_bytes_scanned"": 238592}}"
1000000,warehouse,join_groupby,duckdb,2,10,01c6f225-0001-fe0c-0001-9ade000b913e,30.944173,270.0,944.567422,"{""columns"": [""region_id"", ""tier"", ""total_cents"", ""row_count""], ""dtypes"": [""int64"", ""int64"", ""int64"", ""int64""], ""hash_sum"": ""13023197678645621665"", ""hash_xor"": ""8219731451453916309"", ""rows"": 200}",898.568252,6532,200,"[""01c6f225-0001-fe0c-0001-9ade000b917e"", ""01c6f225-0001-fe0c-0001-9ade000b9182""]",15.054997,True,"{""01c6f225-0001-fe0c-0001-9ade000b917e"": {""server_total_ms"": 393, ""server_compilation_ms"": 62, ""server_execution_ms"": 331, ""server_provisioning_queue_ms"": 0, ""server_overload_queue_ms"": 0, ""server_bytes_scanned"": 7627264}, ""01c6f225-0001-fe0c-0001-9ade000b9182"": {""server_total_ms"": 194, ""server_compilation_ms"": 57, ""server_execution_ms"": 137, ""server_provisioning_queue_ms"": 0, ""server_overload_queue_ms"": 0, ""server_bytes_scanned"": 238592}}"
1000000,warehouse,filter_project,duckdb,2,6,01c6f226-0001-fe0c-0001-9ade000b9186,6.661745,100.0,421.357368,"{""columns"": [""id"", ""region_id"", ""gross_cents""], ""dtypes"": [""int64"", ""int64"", ""int64""], ""hash_sum"": ""11356744842689536210"", ""hash_xor"": ""4329941149679941164"", ""rows"": 198279}",401.404587,4758828,198279,"[""01c6f226-0001-fe0c-0001-9ade000b91a2""]",13.291036,True,"{""01c6f226-0001-fe0c-0001-9ade000b91a2"": {""server_total_ms"": 281, ""server_compilation_ms"": 59, ""server_execution_ms"": 222, ""server_provisioning_queue_ms"": 0, ""server_overload_queue_ms"": 0, ""server_bytes_scanned"": 7627264}}"
1000000,warehouse,filter_project,duckdb,2,7,01c6f226-0001-fe0c-0001-9ade000b9186,5.603217,110.0,419.465511,"{""columns"": [""id"", ""region_id"", ""gross_cents""], ""dtypes"": [""int64"", ""int64"", ""int64""], ""hash_sum"": ""11356744842689536210"", ""hash_xor"": ""4329941149679941164"", ""rows"": 198279}",400.860446,4758828,198279,"[""01c6f226-0001-fe0c-0001-9ade000b91a6""]",13.001848,True,"{""01c6f226-0001-fe0c-0001-9ade000b91a6"": {""server_total_ms"": 276, ""server_compilation_ms"": 59, ""server_execution_ms"": 217, ""server_provisioning_queue_ms"": 0, ""server_overload_queue_ms"": 0, ""server_bytes_scanned"": 7627264}}"
1000000,warehouse,filter_project,duckdb,2,8,01c6f226-0001-fe0c-0001-9ade000b9186,6.076533,60.0,438.608532,"{""columns"": [""id"", ""region_id"", ""gross_cents""], ""dtypes"": [""int64"", ""int64"", ""int64""], ""hash_sum"": ""11356744842689536210"", ""hash_xor"": ""4329941149679941164"", ""rows"": 198279}",419.195461,4758828,198279,"[""01c6f226-0001-fe0c-0001-9ade000b91aa""]",13.336538,True,"{""01c6f226-0001-fe0c-0001-9ade000b91aa"": {""server_total_ms"": 287, ""server_compilation_ms"": 70, ""server_execution_ms"": 217, ""server_provisioning_queue_ms"": 0, ""server_overload_queue_ms"": 0, ""server_bytes_scanned"": 7627264}}"
1000000,warehouse,filter_project,duckdb,2,9,01c6f226-0001-fe0c-0001-9ade000b9186,6.051007,70.0,417.987898,"{""columns"": [""id"", ""region_id"", ""gross_cents""], ""dtypes"": [""int64"", ""int64"", ""int64""], ""hash_sum"": ""11356744842689536210"", ""hash_xor"": ""4329941149679941164"", ""rows"": 198279}",398.690259,4758828,198279,"[""01c6f226-0001-fe0c-0001-9ade000b91ae""]",13.246632,True,"{""01c6f226-0001-fe0c-0001-9ade000b91ae"": {""server_total_ms"": 275, ""server_compilation_ms"": 59, ""server_execution_ms"": 216, ""server_provisioning_queue_ms"": 0, ""server_overload_queue_ms"": 0, ""server_bytes_scanned"": 7627264}}"
1000000,warehouse,filter_project,duckdb,2,10,01c6f226-0001-fe0c-0001-9ade000b9186,6.071064,60.0,402.357945,"{""columns"": [""id"", ""region_id"", ""gross_cents""], ""dtypes"": [""int64"", ""int64"", ""int64""], ""hash_sum"": ""11356744842689536210"", ""hash_xor"": ""4329941149679941164"", ""rows"": 198279}",382.856895,4758828,198279,"[""01c6f226-0001-fe0c-0001-9ade000b91b2""]",13.429986,True,"{""01c6f226-0001-fe0c-0001-9ade000b91b2"": {""server_total_ms"": 264, ""server_compilation_ms"": 65, ""server_execution_ms"": 199, ""server_provisioning_queue_ms"": 0, ""server_overload_queue_ms"": 0, ""server_bytes_scanned"": 7627264}}"
10000000,warehouse,filter_project,duckdb,2,6,01c6f226-0001-fe0c-0001-9ade000b91b6,25.521687,340.0,1028.789943,"{""columns"": [""id"", ""region_id"", ""gross_cents""], ""dtypes"": [""int64"", ""int64"", ""int64""], ""hash_sum"": ""9297358661400020835"", ""hash_xor"": ""11916629792613770293"", ""rows"": 1980090}",988.833475,47522292,1980090,"[""01c6f226-0001-fe0c-0001-9ade000b91d2""]",14.434781,True,"{""01c6f226-0001-fe0c-0001-9ade000b91d2"": {""server_total_ms"": 300, ""server_compilation_ms"": 62, ""server_execution_ms"": 238, ""server_provisioning_queue_ms"": 0, ""server_overload_queue_ms"": 0, ""server_bytes_scanned"": 151591936}}"
10000000,warehouse,filter_project,duckdb,2,7,01c6f226-0001-fe0c-0001-9ade000b91b6,25.33582,440.0,1118.314215,"{""columns"": [""id"", ""region_id"", ""gross_cents""], ""dtypes"": [""int64"", ""int64"", ""int64""], ""hash_sum"": ""9297358661400020835"", ""hash_xor"": ""11916629792613770293"", ""rows"": 1980090}",1077.807484,47522292,1980090,"[""01c6f226-0001-fe0c-0001-9ade000b91d6""]",15.170911,True,"{""01c6f226-0001-fe0c-0001-9ade000b91d6"": {""server_total_ms"": 337, ""server_compilation_ms"": 69, ""server_execution_ms"": 268, ""server_provisioning_queue_ms"": 0, ""server_overload_queue_ms"": 0, ""server_bytes_scanned"": 141637632}}"
10000000,warehouse,filter_project,duckdb,2,8,01c6f226-0001-fe0c-0001-9ade000b91b6,26.465599,310.0,1061.339205,"{""columns"": [""id"", ""region_id"", ""gross_cents""], ""dtypes"": [""int64"", ""int64"", ""int64""], ""hash_sum"": ""9297358661400020835"", ""hash_xor"": ""11916629792613770293"", ""rows"": 1980090}",1020.752824,47522292,1980090,"[""01c6f226-0001-fe0c-0001-9ade000b91da""]",14.120782,True,"{""01c6f226-0001-fe0c-0001-9ade000b91da"": {""server_total_ms"": 317, ""server_compilation_ms"": 58, ""server_execution_ms"": 259, ""server_provisioning_queue_ms"": 0, ""server_overload_queue_ms"": 0, ""server_bytes_scanned"": 146614272}}"
10000000,warehouse,filter_project,duckdb,2,9,01c6f226-0001-fe0c-0001-9ade000b91b6,25.302177,410.0,1033.54351,"{""columns"": [""id"", ""region_id"", ""gross_cents""], ""dtypes"": [""int64"", ""int64"", ""int64""], ""hash_sum"": ""9297358661400020835"", ""hash_xor"": ""11916629792613770293"", ""rows"": 1980090}",994.553076,47522292,1980090,"[""01c6f226-0001-fe0c-0001-9ade000b91de""]",13.688257,True,"{""01c6f226-0001-fe0c-0001-9ade000b91de"": {""server_total_ms"": 300, ""server_compilation_ms"": 68, ""server_execution_ms"": 232, ""server_provisioning_queue_ms"": 0, ""server_overload_queue_ms"": 0, ""server_bytes_scanned"": 146614272}}"
10000000,warehouse,filter_project,duckdb,2,10,01c6f226-0001-fe0c-0001-9ade000b91b6,25.272269,410.0,1070.533073,"{""columns"": [""id"", ""region_id"", ""gross_cents""], ""dtypes"": [""int64"", ""int64"", ""int64""], ""hash_sum"": ""9297358661400020835"", ""hash_xor"": ""11916629792613770293"", ""rows"": 1980090}",1031.502451,47522292,1980090,"[""01c6f226-0001-fe0c-0001-9ade000b91e2""]",13.758353,True,"{""01c6f226-0001-fe0c-0001-9ade000b91e2"": {""server_total_ms"": 331, ""server_compilation_ms"": 75, ""server_execution_ms"": 256, ""server_provisioning_queue_ms"": 0, ""server_overload_queue_ms"": 0, ""server_bytes_scanned"": 151591936}}"
10000000,warehouse,join_groupby,snowflake,2,6,01c6f226-0001-fcf9-0001-9ade000b55b2,211.019635,20.0,211.019635,"{""columns"": [""region_id"", ""tier"", ""total_cents"", ""row_count""], ""dtypes"": [""int64"", ""int64"", ""int64"", ""int64""], ""hash_sum"": ""17973786493157141569"", ""hash_xor"": ""18413190608798210925"", ""rows"": 200}",,6532,200,"[""01c6f226-0001-fcf9-0001-9ade000b55ce""]",0.0,True,"{""01c6f226-0001-fcf9-0001-9ade000b55ce"": {""server_total_ms"": 171, ""server_compilation_ms"": 75, ""server_execution_ms"": 96, ""server_provisioning_queue_ms"": 0, ""server_overload_queue_ms"": 0, ""server_bytes_scanned"": 146852864}}"
10000000,warehouse,join_groupby,snowflake,2,7,01c6f226-0001-fcf9-0001-9ade000b55b2,215.561334,20.0,215.561334,"{""columns"": [""region_id"", ""tier"", ""total_cents"", ""row_count""], ""dtypes"": [""int64"", ""int64"", ""int64"", ""int64""], ""hash_sum"": ""17973786493157141569"", ""hash_xor"": ""18413190608798210925"", ""rows"": 200}",,6532,200,"[""01c6f226-0001-fcf9-0001-9ade000b55d2""]",0.0,True,"{""01c6f226-0001-fcf9-0001-9ade000b55d2"": {""server_total_ms"": 186, ""server_compilation_ms"": 79, ""server_execution_ms"": 107, ""server_provisioning_queue_ms"": 0, ""server_overload_queue_ms"": 0, ""server_bytes_scanned"": 151830528}}"
10000000,warehouse,join_groupby,snowflake,2,8,01c6f226-0001-fcf9-0001-9ade000b55b2,207.316652,0.0,207.316652,"{""columns"": [""region_id"", ""tier"", ""total_cents"", ""row_count""], ""dtypes"": [""int64"", ""int64"", ""int64"", ""int64""], ""hash_sum"": ""17973786493157141569"", ""hash_xor"": ""18413190608798210925"", ""rows"": 200}",,6532,200,"[""01c6f226-0001-fcf9-0001-9ade000b55d6""]",0.0,True,"{""01c6f226-0001-fcf9-0001-9ade000b55d6"": {""server_total_ms"": 178, ""server_compilation_ms"": 81, ""server_execution_ms"": 97, ""server_provisioning_queue_ms"": 0, ""server_overload_queue_ms"": 0, ""server_bytes_scanned"": 151830528}}"
10000000,warehouse,join_groupby,snowflake,2,9,01c6f226-0001-fcf9-0001-9ade000b55b2,207.497698,0.0,207.497698,"{""columns"": [""region_id"", ""tier"", ""total_cents"", ""row_count""], ""dtypes"": [""int64"", ""int64"", ""int64"", ""int64""], ""hash_sum"": ""17973786493157141569"", ""hash_xor"": ""18413190608798210925"", ""rows"": 200}",,6532,200,"[""01c6f226-0001-fcf9-0001-9ade000b55da""]",0.0,True,"{""01c6f226-0001-fcf9-0001-9ade000b55da"": {""server_total_ms"": 174, ""server_compilation_ms"": 83, ""server_execution_ms"": 91, ""server_provisioning_queue_ms"": 0, ""server_overload_queue_ms"": 0, ""server_bytes_scanned"": 146852864}}"
10000000,warehouse,join_groupby,snowflake,2,10,01c6f226-0001-fcf9-0001-9ade000b55b2,220.328005,10.0,220.328005,"{""columns"": [""region_id"", ""tier"", ""total_cents"", ""row_count""], ""dtypes"": [""int64"", ""int64"", ""int64"", ""int64""], ""hash_sum"": ""17973786493157141569"", ""hash_xor"": ""18413190608798210925"", ""rows"": 200}",,6532,200,"[""01c6f226-0001-fcf9-0001-9ade000b55de""]",0.0,True,"{""01c6f226-0001-fcf9-0001-9ade000b55de"": {""server_total_ms"": 184, ""server_compilation_ms"": 87, ""server_execution_ms"": 97, ""server_provisioning_queue_ms"": 0, ""server_overload_queue_ms"": 0, ""server_bytes_scanned"": 151830528}}"
100000,warehouse,groupby,pandas,2,6,01c6f226-0001-fe0c-0001-9ade000b91e6,5.623854,30.0,330.205977,"{""columns"": [""region_id"", ""total_cents"", ""total_quantity"", ""row_count""], ""dtypes"": [""int64"", ""int64"", ""int64"", ""int64""], ""hash_sum"": ""5148165510768826946"", ""hash_xor"": ""7876665366988197046"", ""rows"": 50}",324.582123,1732,50,"[""01c6f226-0001-fe0c-0001-9ade000b9202""]",0.0,True,"{""01c6f226-0001-fe0c-0001-9ade000b9202"": {""server_total_ms"": 224, ""server_compilation_ms"": 61, ""server_execution_ms"": 163, ""server_provisioning_queue_ms"": 0, ""server_overload_queue_ms"": 0, ""server_bytes_scanned"": 973312}}"
100000,warehouse,groupby,pandas,2,7,01c6f226-0001-fe0c-0001-9ade000b91e6,5.392927,30.0,294.60586,"{""columns"": [""region_id"", ""total_cents"", ""total_quantity"", ""row_count""], ""dtypes"": [""int64"", ""int64"", ""int64"", ""int64""], ""hash_sum"": ""5148165510768826946"", ""hash_xor"": ""7876665366988197046"", ""rows"": 50}",289.212933,1732,50,"[""01c6f226-0001-fe0c-0001-9ade000b9206""]",0.0,True,"{""01c6f226-0001-fe0c-0001-9ade000b9206"": {""server_total_ms"": 186, ""server_compilation_ms"": 56, ""server_execution_ms"": 130, ""server_provisioning_queue_ms"": 0, ""server_overload_queue_ms"": 0, ""server_bytes_scanned"": 973312}}"
100000,warehouse,groupby,pandas,2,8,01c6f226-0001-fe0c-0001-9ade000b91e6,4.856583,30.0,300.227268,"{""columns"": [""region_id"", ""total_cents"", ""total_quantity"", ""row_count""], ""dtypes"": [""int64"", ""int64"", ""int64"", ""int64""], ""hash_sum"": ""5148165510768826946"", ""hash_xor"": ""7876665366988197046"", ""rows"": 50}",295.370685,1732,50,"[""01c6f226-0001-fe0c-0001-9ade000b920a""]",0.0,True,"{""01c6f226-0001-fe0c-0001-9ade000b920a"": {""server_total_ms"": 196, ""server_compilation_ms"": 52, ""server_execution_ms"": 144, ""server_provisioning_queue_ms"": 0, ""server_overload_queue_ms"": 0, ""server_bytes_scanned"": 973312}}"
100000,warehouse,groupby,pandas,2,9,01c6f226-0001-fe0c-0001-9ade000b91e6,5.471205,60.0,283.318627,"{""columns"": [""region_id"", ""total_cents"", ""total_quantity"", ""row_count""], ""dtypes"": [""int64"", ""int64"", ""int64"", ""int64""], ""hash_sum"": ""5148165510768826946"", ""hash_xor"": ""7876665366988197046"", ""rows"": 50}",277.847422,1732,50,"[""01c6f226-0001-fe0c-0001-9ade000b920e""]",0.0,True,"{""01c6f226-0001-fe0c-0001-9ade000b920e"": {""server_total_ms"": 183, ""server_compilation_ms"": 54, ""server_execution_ms"": 129, ""server_provisioning_queue_ms"": 0, ""server_overload_queue_ms"": 0, ""server_bytes_scanned"": 973312}}"
100000,warehouse,groupby,pandas,2,10,01c6f226-0001-fe0c-0001-9ade000b91e6,5.271956,10.0,290.493543,"{""columns"": [""region_id"", ""total_cents"", ""total_quantity"", ""row_count""], ""dtypes"": [""int64"", ""int64"", ""int64"", ""int64""], ""hash_sum"": ""5148165510768826946"", ""hash_xor"": ""7876665366988197046"", ""rows"": 50}",285.221587,1732,50,"[""01c6f226-0001-fe0c-0001-9ade000b9212""]",0.0,True,"{""01c6f226-0001-fe0c-0001-9ade000b9212"": {""server_total_ms"": 189, ""server_compilation_ms"": 51, ""server_execution_ms"": 138, ""server_provisioning_queue_ms"": 0, ""server_overload_queue_ms"": 0, ""server_bytes_scanned"": 973312}}"
10000000,warehouse,join_groupby,pandas,2,6,01c6f226-0001-fcf8-0001-9ade000aab32,754.613397,1750.0,2870.368456,"{""columns"": [""region_id"", ""tier"", ""total_cents"", ""row_count""], ""dtypes"": [""int64"", ""int64"", ""int64"", ""int64""], ""hash_sum"": ""17973786493157141569"", ""hash_xor"": ""18413190608798210925"", ""rows"": 200}",2115.755059,6532,200,"[""01c6f226-0001-fcf8-0001-9ade000aab52"", ""01c6f226-0001-fcf8-0001-9ade000aab56""]",0.0,True,"{""01c6f226-0001-fcf8-0001-9ade000aab52"": {""server_total_ms"": 442, ""server_compilation_ms"": 70, ""server_execution_ms"": 372, ""server_provisioning_queue_ms"": 0, ""server_overload_queue_ms"": 0, ""server_bytes_scanned"": 151591936}, ""01c6f226-0001-fcf8-0001-9ade000aab56"": {""server_total_ms"": 211, ""server_compilation_ms"": 64, ""server_execution_ms"": 147, ""server_provisioning_queue_ms"": 0, ""server_overload_queue_ms"": 0, ""server_bytes_scanned"": 238592}}"
10000000,warehouse,join_groupby,pandas,2,7,01c6f226-0001-fcf8-0001-9ade000aab32,738.939758,1650.0,2795.360324,"{""columns"": [""region_id"", ""tier"", ""total_cents"", ""row_count""], ""dtypes"": [""int64"", ""int64"", ""int64"", ""int64""], ""hash_sum"": ""17973786493157141569"", ""hash_xor"": ""18413190608798210925"", ""rows"": 200}",2056.420566,6532,200,"[""01c6f226-0001-fcf8-0001-9ade000aab5a"", ""01c6f226-0001-fcf8-0001-9ade000aab5e""]",0.0,True,"{""01c6f226-0001-fcf8-0001-9ade000aab5a"": {""server_total_ms"": 436, ""server_compilation_ms"": 60, ""server_execution_ms"": 376, ""server_provisioning_queue_ms"": 0, ""server_overload_queue_ms"": 0, ""server_bytes_scanned"": 151591936}, ""01c6f226-0001-fcf8-0001-9ade000aab5e"": {""server_total_ms"": 199, ""server_compilation_ms"": 57, ""server_execution_ms"": 142, ""server_provisioning_queue_ms"": 0, ""server_overload_queue_ms"": 0, ""server_bytes_scanned"": 238592}}"
10000000,warehouse,join_groupby,pandas,2,8,01c6f226-0001-fcf8-0001-9ade000aab32,738.245961,1710.0,2823.464225,"{""columns"": [""region_id"", ""tier"", ""total_cents"", ""row_count""], ""dtypes"": [""int64"", ""int64"", ""int64"", ""int64""], ""hash_sum"": ""17973786493157141569"", ""hash_xor"": ""18413190608798210925"", ""rows"": 200}",2085.218264,6532,200,"[""01c6f226-0001-fcf8-0001-9ade000aab62"", ""01c6f226-0001-fcf8-0001-9ade000aab66""]",0.0,True,"{""01c6f226-0001-fcf8-0001-9ade000aab62"": {""server_total_ms"": 437, ""server_compilation_ms"": 74, ""server_execution_ms"": 363, ""server_provisioning_queue_ms"": 0, ""server_overload_queue_ms"": 0, ""server_bytes_scanned"": 151591936}, ""01c6f226-0001-fcf8-0001-9ade000aab66"": {""server_total_ms"": 207, ""server_compilation_ms"": 63, ""server_execution_ms"": 144, ""server_provisioning_queue_ms"": 0, ""server_overload_queue_ms"": 0, ""server_bytes_scanned"": 238592}}"
10000000,warehouse,join_groupby,pandas,2,9,01c6f226-0001-fcf8-0001-9ade000aab32,776.848734,1760.0,2935.173122,"{""columns"": [""region_id"", ""tier"", ""total_cents"", ""row_count""], ""dtypes"": [""int64"", ""int64"", ""int64"", ""int64""], ""hash_sum"": ""17973786493157141569"", ""hash_xor"": ""18413190608798210925"", ""rows"": 200}",2158.324388,6532,200,"[""01c6f226-0001-fcf8-0001-9ade000aab6a"", ""01c6f226-0001-fcf8-0001-9ade000aab6e""]",0.0,True,"{""01c6f226-0001-fcf8-0001-9ade000aab6a"": {""server_total_ms"": 432, ""server_compilation_ms"": 65, ""server_execution_ms"": 367, ""server_provisioning_queue_ms"": 0, ""server_overload_queue_ms"": 0, ""server_bytes_scanned"": 151591936}, ""01c6f226-0001-fcf8-0001-9ade000aab6e"": {""server_total_ms"": 191, ""server_compilation_ms"": 54, ""server_execution_ms"": 137, ""server_provisioning_queue_ms"": 0, ""server_overload_queue_ms"": 0, ""server_bytes_scanned"": 238592}}"
10000000,warehouse,join_groupby,pandas,2,10,01c6f226-0001-fcf8-0001-9ade000aab32,788.472606,1700.0,2874.711347,"{""columns"": [""region_id"", ""tier"", ""total_cents"", ""row_count""], ""dtypes"": [""int64"", ""int64"", ""int64"", ""int64""], ""hash_sum"": ""17973786493157141569"", ""hash_xor"": ""18413190608798210925"", ""rows"": 200}",2086.238741,6532,200,"[""01c6f226-0001-fcf8-0001-9ade000aab72"", ""01c6f226-0001-fcf8-0001-9ade000aab76""]",0.0,True,"{""01c6f226-0001-fcf8-0001-9ade000aab72"": {""server_total_ms"": 439, ""server_compilation_ms"": 61, ""server_execution_ms"": 378, ""server_provisioning_queue_ms"": 0, ""server_overload_queue_ms"": 0, ""server_bytes_scanned"": 151591936}, ""01c6f226-0001-fcf8-0001-9ade000aab76"": {""server_total_ms"": 199, ""server_compilation_ms"": 59, ""server_execution_ms"": 140, ""server_provisioning_queue_ms"": 0, ""server_overload_queue_ms"": 0, ""server_bytes_scanned"": 238592}}"
10000000,warehouse,filter_project,snowflake,2,6,01c6f226-0001-fcf9-0001-9ade000b55ea,1027.096629,310.0,1027.096629,"{""columns"": [""id"", ""region_id"", ""gross_cents""], ""dtypes"": [""int64"", ""int64"", ""int64""], ""hash_sum"": ""9297358661400020835"", ""hash_xor"": ""11916629792613770293"", ""rows"": 1980090}",,47522292,1980090,"[""01c6f226-0001-fcf9-0001-9ade000b5606""]",0.0,True,"{""01c6f226-0001-fcf9-0001-9ade000b5606"": {""server_total_ms"": 299, ""server_compilation_ms"": 70, ""server_execution_ms"": 229, ""server_provisioning_queue_ms"": 0, ""server_overload_queue_ms"": 0, ""server_bytes_scanned"": 151591936}}"
10000000,warehouse,filter_project,snowflake,2,7,01c6f226-0001-fcf9-0001-9ade000b55ea,1029.457015,320.0,1029.457015,"{""columns"": [""id"", ""region_id"", ""gross_cents""], ""dtypes"": [""int64"", ""int64"", ""int64""], ""hash_sum"": ""9297358661400020835"", ""hash_xor"": ""11916629792613770293"", ""rows"": 1980090}",,47522292,1980090,"[""01c6f226-0001-fcf9-0001-9ade000b560a""]",0.0,True,"{""01c6f226-0001-fcf9-0001-9ade000b560a"": {""server_total_ms"": 312, ""server_compilation_ms"": 70, ""server_execution_ms"": 242, ""server_provisioning_queue_ms"": 0, ""server_overload_queue_ms"": 0, ""server_bytes_scanned"": 151591936}}"
10000000,warehouse,filter_project,snowflake,2,8,01c6f226-0001-fcf9-0001-9ade000b55ea,1024.098353,310.0,1024.098353,"{""columns"": [""id"", ""region_id"", ""gross_cents""], ""dtypes"": [""int64"", ""int64"", ""int64""], ""hash_sum"": ""9297358661400020835"", ""hash_xor"": ""11916629792613770293"", ""rows"": 1980090}",,47522292,1980090,"[""01c6f226-0001-fcf9-0001-9ade000b560e""]",0.0,True,"{""01c6f226-0001-fcf9-0001-9ade000b560e"": {""server_total_ms"": 280, ""server_compilation_ms"": 68, ""server_execution_ms"": 212, ""server_provisioning_queue_ms"": 0, ""server_overload_queue_ms"": 0, ""server_bytes_scanned"": 151591936}}"
10000000,warehouse,filter_project,snowflake,2,9,01c6f226-0001-fcf9-0001-9ade000b55ea,1006.62107,300.0,1006.62107,"{""columns"": [""id"", ""region_id"", ""gross_cents""], ""dtypes"": [""int64"", ""int64"", ""int64""], ""hash_sum"": ""9297358661400020835"", ""hash_xor"": ""11916629792613770293"", ""rows"": 1980090}",,47522292,1980090,"[""01c6f226-0001-fcf9-0001-9ade000b5612""]",0.0,True,"{""01c6f226-0001-fcf9-0001-9ade000b5612"": {""server_total_ms"": 278, ""server_compilation_ms"": 66, ""server_execution_ms"": 212, ""server_provisioning_queue_ms"": 0, ""server_overload_queue_ms"": 0, ""server_bytes_scanned"": 141637632}}"
10000000,warehouse,filter_project,snowflake,2,10,01c6f226-0001-fcf9-0001-9ade000b55ea,1020.647729,360.0,1020.647729,"{""columns"": [""id"", ""region_id"", ""gross_cents""], ""dtypes"": [""int64"", ""int64"", ""int64""], ""hash_sum"": ""9297358661400020835"", ""hash_xor"": ""11916629792613770293"", ""rows"": 1980090}",,47522292,1980090,"[""01c6f226-0001-fcf9-0001-9ade000b5616""]",0.0,True,"{""01c6f226-0001-fcf9-0001-9ade000b5616"": {""server_total_ms"": 323, ""server_compilation_ms"": 76, ""server_execution_ms"": 247, ""server_provisioning_queue_ms"": 0, ""server_overload_queue_ms"": 0, ""server_bytes_scanned"": 151591936}}"
10000000,warehouse,clean_derive,pandas,2,6,01c6f226-0001-fe0c-0001-9ade000b921a,223.843051,1150.0,2154.549259,"{""columns"": [""id"", ""net_cents""], ""dtypes"": [""int64"", ""int64""], ""hash_sum"": ""14285702759883698828"", ""hash_xor"": ""425970959959544156"", ""rows"": 10000000}",1930.706208,160000132,10000000,"[""01c6f227-0001-fe0c-0001-9ade000b9236""]",0.0,True,"{""01c6f227-0001-fe0c-0001-9ade000b9236"": {""server_total_ms"": 475, ""server_compilation_ms"": 61, ""server_execution_ms"": 414, ""server_provisioning_queue_ms"": 0, ""server_overload_queue_ms"": 0, ""server_bytes_scanned"": 151591936}}"
10000000,warehouse,clean_derive,pandas,2,7,01c6f226-0001-fe0c-0001-9ade000b921a,185.365425,1200.0,2293.557743,"{""columns"": [""id"", ""net_cents""], ""dtypes"": [""int64"", ""int64""], ""hash_sum"": ""14285702759883698828"", ""hash_xor"": ""425970959959544156"", ""rows"": 10000000}",2108.192318,160000132,10000000,"[""01c6f227-0001-fe0c-0001-9ade000b923a""]",0.0,True,"{""01c6f227-0001-fe0c-0001-9ade000b923a"": {""server_total_ms"": 535, ""server_compilation_ms"": 113, ""server_execution_ms"": 422, ""server_provisioning_queue_ms"": 0, ""server_overload_queue_ms"": 0, ""server_bytes_scanned"": 151591936}}"
10000000,warehouse,clean_derive,pandas,2,8,01c6f226-0001-fe0c-0001-9ade000b921a,195.066141,1210.0,2135.712193,"{""columns"": [""id"", ""net_cents""], ""dtypes"": [""int64"", ""int64""], ""hash_sum"": ""14285702759883698828"", ""hash_xor"": ""425970959959544156"", ""rows"": 10000000}",1940.646052,160000132,10000000,"[""01c6f227-0001-fe0c-0001-9ade000b923e""]",0.0,True,"{""01c6f227-0001-fe0c-0001-9ade000b923e"": {""server_total_ms"": 460, ""server_compilation_ms"": 91, ""server_execution_ms"": 369, ""server_provisioning_queue_ms"": 0, ""server_overload_queue_ms"": 0, ""server_bytes_scanned"": 151591936}}"
10000000,warehouse,clean_derive,pandas,2,9,01c6f226-0001-fe0c-0001-9ade000b921a,182.07967,1290.0,2131.003664,"{""columns"": [""id"", ""net_cents""], ""dtypes"": [""int64"", ""int64""], ""hash_sum"": ""14285702759883698828"", ""hash_xor"": ""425970959959544156"", ""rows"": 10000000}",1948.923994,160000132,10000000,"[""01c6f227-0001-fe0c-0001-9ade000b9242""]",0.0,True,"{""01c6f227-0001-fe0c-0001-9ade000b9242"": {""server_total_ms"": 465, ""server_compilation_ms"": 71, ""server_execution_ms"": 394, ""server_provisioning_queue_ms"": 0, ""server_overload_queue_ms"": 0, ""server_bytes_scanned"": 151591936}}"
10000000,warehouse,clean_derive,pandas,2,10,01c6f226-0001-fe0c-0001-9ade000b921a,192.661099,1210.0,2140.19276,"{""columns"": [""id"", ""net_cents""], ""dtypes"": [""int64"", ""int64""], ""hash_sum"": ""14285702759883698828"", ""hash_xor"": ""425970959959544156"", ""rows"": 10000000}",1947.531661,160000132,10000000,"[""01c6f227-0001-fe0c-0001-9ade000b9246""]",0.0,True,"{""01c6f227-0001-fe0c-0001-9ade000b9246"": {""server_total_ms"": 472, ""server_compilation_ms"": 73, ""server_execution_ms"": 399, ""server_provisioning_queue_ms"": 0, ""server_overload_queue_ms"": 0, ""server_bytes_scanned"": 151591936}}"
100000,warehouse,groupby,snowflake,2,6,01c6f227-0001-fcf8-0001-9ade000aab7a,110.189535,0.0,110.189535,"{""columns"": [""region_id"", ""total_cents"", ""total_quantity"", ""row_count""], ""dtypes"": [""int64"", ""int64"", ""int64"", ""int64""], ""hash_sum"": ""5148165510768826946"", ""hash_xor"": ""7876665366988197046"", ""rows"": 50}",,1732,50,"[""01c6f227-0001-fcf8-0001-9ade000aab96""]",0.0,True,"{""01c6f227-0001-fcf8-0001-9ade000aab96"": {""server_total_ms"": 92, ""server_compilation_ms"": 73, ""server_execution_ms"": 19, ""server_provisioning_queue_ms"": 0, ""server_overload_queue_ms"": 0, ""server_bytes_scanned"": 973312}}"
100000,warehouse,groupby,snowflake,2,7,01c6f227-0001-fcf8-0001-9ade000aab7a,105.372714,10.0,105.372714,"{""columns"": [""region_id"", ""total_cents"", ""total_quantity"", ""row_count""], ""dtypes"": [""int64"", ""int64"", ""int64"", ""int64""], ""hash_sum"": ""5148165510768826946"", ""hash_xor"": ""7876665366988197046"", ""rows"": 50}",,1732,50,"[""01c6f227-0001-fcf8-0001-9ade000aab9a""]",0.0,True,"{""01c6f227-0001-fcf8-0001-9ade000aab9a"": {""server_total_ms"": 80, ""server_compilation_ms"": 62, ""server_execution_ms"": 18, ""server_provisioning_queue_ms"": 0, ""server_overload_queue_ms"": 0, ""server_bytes_scanned"": 973312}}"
100000,warehouse,groupby,snowflake,2,8,01c6f227-0001-fcf8-0001-9ade000aab7a,97.817334,0.0,97.817334,"{""columns"": [""region_id"", ""total_cents"", ""total_quantity"", ""row_count""], ""dtypes"": [""int64"", ""int64"", ""int64"", ""int64""], ""hash_sum"": ""5148165510768826946"", ""hash_xor"": ""7876665366988197046"", ""rows"": 50}",,1732,50,"[""01c6f227-0001-fcf8-0001-9ade000aab9e""]",0.0,True,"{""01c6f227-0001-fcf8-0001-9ade000aab9e"": {""server_total_ms"": 75, ""server_compilation_ms"": 57, ""server_execution_ms"": 18, ""server_provisioning_queue_ms"": 0, ""server_overload_queue_ms"": 0, ""server_bytes_scanned"": 973312}}"
100000,warehouse,groupby,snowflake,2,9,01c6f227-0001-fcf8-0001-9ade000aab7a,105.583921,20.0,105.583921,"{""columns"": [""region_id"", ""total_cents"", ""total_quantity"", ""row_count""], ""dtypes"": [""int64"", ""int64"", ""int64"", ""int64""], ""hash_sum"": ""5148165510768826946"", ""hash_xor"": ""7876665366988197046"", ""rows"": 50}",,1732,50,"[""01c6f227-0001-fcf8-0001-9ade000aaba2""]",0.0,True,"{""01c6f227-0001-fcf8-0001-9ade000aaba2"": {""server_total_ms"": 85, ""server_compilation_ms"": 66, ""server_execution_ms"": 19, ""server_provisioning_queue_ms"": 0, ""server_overload_queue_ms"": 0, ""server_bytes_scanned"": 973312}}"
100000,warehouse,groupby,snowflake,2,10,01c6f227-0001-fcf8-0001-9ade000aab7a,107.849013,10.0,107.849013,"{""columns"": [""region_id"", ""total_cents"", ""total_quantity"", ""row_count""], ""dtypes"": [""int64"", ""int64"", ""int64"", ""int64""], ""hash_sum"": ""5148165510768826946"", ""hash_xor"": ""7876665366988197046"", ""rows"": 50}",,1732,50,"[""01c6f227-0001-fcf8-0001-9ade000aaba6""]",0.0,True,"{""01c6f227-0001-fcf8-0001-9ade000aaba6"": {""server_total_ms"": 77, ""server_compilation_ms"": 59, ""server_execution_ms"": 18, ""server_provisioning_queue_ms"": 0, ""server_overload_queue_ms"": 0, ""server_bytes_scanned"": 973312}}"
10000000,warehouse,groupby,snowflake,2,6,01c6f227-0001-fcf8-0001-9ade000aabaa,145.773605,20.0,145.773605,"{""columns"": [""region_id"", ""total_cents"", ""total_quantity"", ""row_count""], ""dtypes"": [""int64"", ""int64"", ""int64"", ""int64""], ""hash_sum"": ""3404719191165042972"", ""hash_xor"": ""2526757767072946434"", ""rows"": 50}",,1732,50,"[""01c6f227-0001-fcf8-0001-9ade000aabc6""]",0.0,True,"{""01c6f227-0001-fcf8-0001-9ade000aabc6"": {""server_total_ms"": 120, ""server_compilation_ms"": 70, ""server_execution_ms"": 50, ""server_provisioning_queue_ms"": 0, ""server_overload_queue_ms"": 0, ""server_bytes_scanned"": 151591936}}"
10000000,warehouse,groupby,snowflake,2,7,01c6f227-0001-fcf8-0001-9ade000aabaa,162.776096,0.0,162.776096,"{""columns"": [""region_id"", ""total_cents"", ""total_quantity"", ""row_count""], ""dtypes"": [""int64"", ""int64"", ""int64"", ""int64""], ""hash_sum"": ""3404719191165042972"", ""hash_xor"": ""2526757767072946434"", ""rows"": 50}",,1732,50,"[""01c6f227-0001-fcf8-0001-9ade000aabca""]",0.0,True,"{""01c6f227-0001-fcf8-0001-9ade000aabca"": {""server_total_ms"": 137, ""server_compilation_ms"": 76, ""server_execution_ms"": 61, ""server_provisioning_queue_ms"": 0, ""server_overload_queue_ms"": 0, ""server_bytes_scanned"": 151591936}}"
10000000,warehouse,groupby,snowflake,2,8,01c6f227-0001-fcf8-0001-9ade000aabaa,152.553737,0.0,152.553737,"{""columns"": [""region_id"", ""total_cents"", ""total_quantity"", ""row_count""], ""dtypes"": [""int64"", ""int64"", ""int64"", ""int64""], ""hash_sum"": ""3404719191165042972"", ""hash_xor"": ""2526757767072946434"", ""rows"": 50}",,1732,50,"[""01c6f227-0001-fcf8-0001-9ade000aabce""]",0.0,True,"{""01c6f227-0001-fcf8-0001-9ade000aabce"": {""server_total_ms"": 132, ""server_compilation_ms"": 67, ""server_execution_ms"": 65, ""server_provisioning_queue_ms"": 0, ""server_overload_queue_ms"": 0, ""server_bytes_scanned"": 151591936}}"
10000000,warehouse,groupby,snowflake,2,9,01c6f227-0001-fcf8-0001-9ade000aabaa,178.117356,0.0,178.117356,"{""columns"": [""region_id"", ""total_cents"", ""total_quantity"", ""row_count""], ""dtypes"": [""int64"", ""int64"", ""int64"", ""int64""], ""hash_sum"": ""3404719191165042972"", ""hash_xor"": ""2526757767072946434"", ""rows"": 50}",,1732,50,"[""01c6f227-0001-fcf8-0001-9ade000aabd2""]",0.0,True,"{""01c6f227-0001-fcf8-0001-9ade000aabd2"": {""server_total_ms"": 153, ""server_compilation_ms"": 89, ""server_execution_ms"": 64, ""server_provisioning_queue_ms"": 0, ""server_overload_queue_ms"": 0, ""server_bytes_scanned"": 151591936}}"
10000000,warehouse,groupby,snowflake,2,10,01c6f227-0001-fcf8-0001-9ade000aabaa,151.409976,10.0,151.409976,"{""columns"": [""region_id"", ""total_cents"", ""total_quantity"", ""row_count""], ""dtypes"": [""int64"", ""int64"", ""int64"", ""int64""], ""hash_sum"": ""3404719191165042972"", ""hash_xor"": ""2526757767072946434"", ""rows"": 50}",,1732,50,"[""01c6f227-0001-fcf8-0001-9ade000aabd6""]",0.0,True,"{""01c6f227-0001-fcf8-0001-9ade000aabd6"": {""server_total_ms"": 128, ""server_compilation_ms"": 71, ""server_execution_ms"": 57, ""server_provisioning_queue_ms"": 0, ""server_overload_queue_ms"": 0, ""server_bytes_scanned"": 151591936}}"
10000000,warehouse,join_groupby,duckdb,2,6,01c6f227-0001-fcf9-0001-9ade000b561e,125.522147,1490.0,2166.596591,"{""columns"": [""region_id"", ""tier"", ""total_cents"", ""row_count""], ""dtypes"": [""int64"", ""int64"", ""int64"", ""int64""], ""hash_sum"": ""17973786493157141569"", ""hash_xor"": ""18413190608798210925"", ""rows"": 200}",2027.095919,6532,200,"[""01c6f227-0001-fcf9-0001-9ade000b563e"", ""01c6f227-0001-fcf9-0001-9ade000b5642""]",13.978525,True,"{""01c6f227-0001-fcf9-0001-9ade000b563e"": {""server_total_ms"": 451, ""server_compilation_ms"": 61, ""server_execution_ms"": 390, ""server_provisioning_queue_ms"": 0, ""server_overload_queue_ms"": 0, ""server_bytes_scanned"": 151591936}, ""01c6f227-0001-fcf9-0001-9ade000b5642"": {""server_total_ms"": 188, ""server_compilation_ms"": 59, ""server_execution_ms"": 129, ""server_provisioning_queue_ms"": 0, ""server_overload_queue_ms"": 0, ""server_bytes_scanned"": 238592}}"
10000000,warehouse,join_groupby,duckdb,2,7,01c6f227-0001-fcf9-0001-9ade000b561e,124.32396,1330.0,2227.122967,"{""columns"": [""region_id"", ""tier"", ""total_cents"", ""row_count""], ""dtypes"": [""int64"", ""int64"", ""int64"", ""int64""], ""hash_sum"": ""17973786493157141569"", ""hash_xor"": ""18413190608798210925"", ""rows"": 200}",2088.784386,6532,200,"[""01c6f227-0001-fcf9-0001-9ade000b5646"", ""01c6f227-0001-fcf9-0001-9ade000b564a""]",14.014621,True,"{""01c6f227-0001-fcf9-0001-9ade000b5646"": {""server_total_ms"": 467, ""server_compilation_ms"": 64, ""server_execution_ms"": 403, ""server_provisioning_queue_ms"": 0, ""server_overload_queue_ms"": 0, ""server_bytes_scanned"": 151591936}, ""01c6f227-0001-fcf9-0001-9ade000b564a"": {""server_total_ms"": 182, ""server_compilation_ms"": 58, ""server_execution_ms"": 124, ""server_provisioning_queue_ms"": 0, ""server_overload_queue_ms"": 0, ""server_bytes_scanned"": 238592}}"
10000000,warehouse,join_groupby,duckdb,2,8,01c6f227-0001-fcf9-0001-9ade000b561e,122.394155,1390.0,2151.674394,"{""columns"": [""region_id"", ""tier"", ""total_cents"", ""row_count""], ""dtypes"": [""int64"", ""int64"", ""int64"", ""int64""], ""hash_sum"": ""17973786493157141569"", ""hash_xor"": ""18413190608798210925"", ""rows"": 200}",2015.30149,6532,200,"[""01c6f227-0001-fcf9-0001-9ade000b564e"", ""01c6f227-0001-fcf9-0001-9ade000b5652""]",13.978749,True,"{""01c6f227-0001-fcf9-0001-9ade000b564e"": {""server_total_ms"": 448, ""server_compilation_ms"": 67, ""server_execution_ms"": 381, ""server_provisioning_queue_ms"": 0, ""server_overload_queue_ms"": 0, ""server_bytes_scanned"": 151591936}, ""01c6f227-0001-fcf9-0001-9ade000b5652"": {""server_total_ms"": 187, ""server_compilation_ms"": 59, ""server_execution_ms"": 128, ""server_provisioning_queue_ms"": 0, ""server_overload_queue_ms"": 0, ""server_bytes_scanned"": 238592}}"
10000000,warehouse,join_groupby,duckdb,2,9,01c6f227-0001-fcf9-0001-9ade000b561e,123.646588,1390.0,2273.074391,"{""columns"": [""region_id"", ""tier"", ""total_cents"", ""row_count""], ""dtypes"": [""int64"", ""int64"", ""int64"", ""int64""], ""hash_sum"": ""17973786493157141569"", ""hash_xor"": ""18413190608798210925"", ""rows"": 200}",2135.397214,6532,200,"[""01c6f227-0001-fcf9-0001-9ade000b5656"", ""01c6f227-0001-fcf9-0001-9ade000b565a""]",14.030589,True,"{""01c6f227-0001-fcf9-0001-9ade000b5656"": {""server_total_ms"": 424, ""server_compilation_ms"": 60, ""server_execution_ms"": 364, ""server_provisioning_queue_ms"": 0, ""server_overload_queue_ms"": 0, ""server_bytes_scanned"": 151591936}, ""01c6f227-0001-fcf9-0001-9ade000b565a"": {""server_total_ms"": 211, ""server_compilation_ms"": 59, ""server_execution_ms"": 152, ""server_provisioning_queue_ms"": 0, ""server_overload_queue_ms"": 0, ""server_bytes_scanned"": 238592}}"
10000000,warehouse,join_groupby,duckdb,2,10,01c6f227-0001-fcf9-0001-9ade000b561e,126.897997,1420.0,2288.296802,"{""columns"": [""region_id"", ""tier"", ""total_cents"", ""row_count""], ""dtypes"": [""int64"", ""int64"", ""int64"", ""int64""], ""hash_sum"": ""17973786493157141569"", ""hash_xor"": ""18413190608798210925"", ""rows"": 200}",2147.327647,6532,200,"[""01c6f227-0001-fcf9-0001-9ade000b565e"", ""01c6f227-0001-fcf9-0001-9ade000b5662""]",14.071158,True,"{""01c6f227-0001-fcf9-0001-9ade000b565e"": {""server_total_ms"": 464, ""server_compilation_ms"": 63, ""server_execution_ms"": 401, ""server_provisioning_queue_ms"": 0, ""server_overload_queue_ms"": 0, ""server_bytes_scanned"": 151591936}, ""01c6f227-0001-fcf9-0001-9ade000b5662"": {""server_total_ms"": 200, ""server_compilation_ms"": 66, ""server_execution_ms"": 134, ""server_provisioning_queue_ms"": 0, ""server_overload_queue_ms"": 0, ""server_bytes_scanned"": 238592}}"
10000000,warehouse,groupby,pandas,2,6,01c6f227-0001-fe0c-0001-9ade000b9252,136.538167,840.0,1687.910342,"{""columns"": [""region_id"", ""total_cents"", ""total_quantity"", ""row_count""], ""dtypes"": [""int64"", ""int64"", ""int64"", ""int64""], ""hash_sum"": ""3404719191165042972"", ""hash_xor"": ""2526757767072946434"", ""rows"": 50}",1551.372175,1732,50,"[""01c6f227-0001-fe0c-0001-9ade000b926e""]",0.0,True,"{""01c6f227-0001-fe0c-0001-9ade000b926e"": {""server_total_ms"": 403, ""server_compilation_ms"": 65, ""server_execution_ms"": 338, ""server_provisioning_queue_ms"": 0, ""server_overload_queue_ms"": 0, ""server_bytes_scanned"": 151591936}}"
10000000,warehouse,groupby,pandas,2,7,01c6f227-0001-fe0c-0001-9ade000b9252,137.71262,820.0,1622.320603,"{""columns"": [""region_id"", ""total_cents"", ""total_quantity"", ""row_count""], ""dtypes"": [""int64"", ""int64"", ""int64"", ""int64""], ""hash_sum"": ""3404719191165042972"", ""hash_xor"": ""2526757767072946434"", ""rows"": 50}",1484.607983,1732,50,"[""01c6f227-0001-fe0c-0001-9ade000b9272""]",0.0,True,"{""01c6f227-0001-fe0c-0001-9ade000b9272"": {""server_total_ms"": 380, ""server_compilation_ms"": 68, ""server_execution_ms"": 312, ""server_provisioning_queue_ms"": 0, ""server_overload_queue_ms"": 0, ""server_bytes_scanned"": 151591936}}"
10000000,warehouse,groupby,pandas,2,8,01c6f227-0001-fe0c-0001-9ade000b9252,138.642577,900.0,1628.385515,"{""columns"": [""region_id"", ""total_cents"", ""total_quantity"", ""row_count""], ""dtypes"": [""int64"", ""int64"", ""int64"", ""int64""], ""hash_sum"": ""3404719191165042972"", ""hash_xor"": ""2526757767072946434"", ""rows"": 50}",1489.742938,1732,50,"[""01c6f227-0001-fe0c-0001-9ade000b9276""]",0.0,True,"{""01c6f227-0001-fe0c-0001-9ade000b9276"": {""server_total_ms"": 388, ""server_compilation_ms"": 60, ""server_execution_ms"": 328, ""server_provisioning_queue_ms"": 0, ""server_overload_queue_ms"": 0, ""server_bytes_scanned"": 151591936}}"
10000000,warehouse,groupby,pandas,2,9,01c6f227-0001-fe0c-0001-9ade000b9252,138.571436,820.0,1638.086662,"{""columns"": [""region_id"", ""total_cents"", ""total_quantity"", ""row_count""], ""dtypes"": [""int64"", ""int64"", ""int64"", ""int64""], ""hash_sum"": ""3404719191165042972"", ""hash_xor"": ""2526757767072946434"", ""rows"": 50}",1499.515226,1732,50,"[""01c6f227-0001-fe0c-0001-9ade000b927a""]",0.0,True,"{""01c6f227-0001-fe0c-0001-9ade000b927a"": {""server_total_ms"": 392, ""server_compilation_ms"": 66, ""server_execution_ms"": 326, ""server_provisioning_queue_ms"": 0, ""server_overload_queue_ms"": 0, ""server_bytes_scanned"": 151591936}}"
10000000,warehouse,groupby,pandas,2,10,01c6f227-0001-fe0c-0001-9ade000b9252,138.519774,840.0,1660.003341,"{""columns"": [""region_id"", ""total_cents"", ""total_quantity"", ""row_count""], ""dtypes"": [""int64"", ""int64"", ""int64"", ""int64""], ""hash_sum"": ""3404719191165042972"", ""hash_xor"": ""2526757767072946434"", ""rows"": 50}",1521.483567,1732,50,"[""01c6f227-0001-fe0c-0001-9ade000b9282""]",0.0,True,"{""01c6f227-0001-fe0c-0001-9ade000b9282"": {""server_total_ms"": 466, ""server_compilation_ms"": 58, ""server_execution_ms"": 408, ""server_provisioning_queue_ms"": 0, ""server_overload_queue_ms"": 0, ""server_bytes_scanned"": 151591936}}"
100000,warehouse,clean_derive,duckdb,2,6,01c6f227-0001-fe2b-0001-9ade000b848e,7.534453,50.0,375.305028,"{""columns"": [""id"", ""net_cents""], ""dtypes"": [""int64"", ""int64""], ""hash_sum"": ""6278141268544677052"", ""hash_xor"": ""11755483584262095886"", ""rows"": 100000}",353.612258,1600132,100000,"[""01c6f228-0001-fe2b-0001-9ade000b84aa""]",14.158317,True,"{""01c6f228-0001-fe2b-0001-9ade000b84aa"": {""server_total_ms"": 243, ""server_compilation_ms"": 73, ""server_execution_ms"": 170, ""server_provisioning_queue_ms"": 0, ""server_overload_queue_ms"": 0, ""server_bytes_scanned"": 973312}}"
100000,warehouse,clean_derive,duckdb,2,7,01c6f227-0001-fe2b-0001-9ade000b848e,6.907556,80.0,376.160972,"{""columns"": [""id"", ""net_cents""], ""dtypes"": [""int64"", ""int64""], ""hash_sum"": ""6278141268544677052"", ""hash_xor"": ""11755483584262095886"", ""rows"": 100000}",355.770362,1600132,100000,"[""01c6f228-0001-fe2b-0001-9ade000b84ae""]",13.483054,True,"{""01c6f228-0001-fe2b-0001-9ade000b84ae"": {""server_total_ms"": 249, ""server_compilation_ms"": 73, ""server_execution_ms"": 176, ""server_provisioning_queue_ms"": 0, ""server_overload_queue_ms"": 0, ""server_bytes_scanned"": 973312}}"
100000,warehouse,clean_derive,duckdb,2,8,01c6f227-0001-fe2b-0001-9ade000b848e,7.54146,50.0,363.14423,"{""columns"": [""id"", ""net_cents""], ""dtypes"": [""int64"", ""int64""], ""hash_sum"": ""6278141268544677052"", ""hash_xor"": ""11755483584262095886"", ""rows"": 100000}",342.036663,1600132,100000,"[""01c6f228-0001-fe2b-0001-9ade000b84b2""]",13.566107,True,"{""01c6f228-0001-fe2b-0001-9ade000b84b2"": {""server_total_ms"": 244, ""server_compilation_ms"": 65, ""server_execution_ms"": 179, ""server_provisioning_queue_ms"": 0, ""server_overload_queue_ms"": 0, ""server_bytes_scanned"": 973312}}"
100000,warehouse,clean_derive,duckdb,2,9,01c6f227-0001-fe2b-0001-9ade000b848e,6.927158,40.0,359.082094,"{""columns"": [""id"", ""net_cents""], ""dtypes"": [""int64"", ""int64""], ""hash_sum"": ""6278141268544677052"", ""hash_xor"": ""11755483584262095886"", ""rows"": 100000}",338.997241,1600132,100000,"[""01c6f228-0001-fe2b-0001-9ade000b84b6""]",13.157695,True,"{""01c6f228-0001-fe2b-0001-9ade000b84b6"": {""server_total_ms"": 235, ""server_compilation_ms"": 72, ""server_execution_ms"": 163, ""server_provisioning_queue_ms"": 0, ""server_overload_queue_ms"": 0, ""server_bytes_scanned"": 973312}}"
100000,warehouse,clean_derive,duckdb,2,10,01c6f227-0001-fe2b-0001-9ade000b848e,6.860465,60.0,387.587857,"{""columns"": [""id"", ""net_cents""], ""dtypes"": [""int64"", ""int64""], ""hash_sum"": ""6278141268544677052"", ""hash_xor"": ""11755483584262095886"", ""rows"": 100000}",367.452677,1600132,100000,"[""01c6f228-0001-fe2b-0001-9ade000b84ba""]",13.274715,True,"{""01c6f228-0001-fe2b-0001-9ade000b84ba"": {""server_total_ms"": 242, ""server_compilation_ms"": 67, ""server_execution_ms"": 175, ""server_provisioning_queue_ms"": 0, ""server_overload_queue_ms"": 0, ""server_bytes_scanned"": 973312}}"
1000000,warehouse,groupby,snowflake,2,6,01c6f228-0001-fcf8-0001-9ade000aabda,117.304277,0.0,117.304277,"{""columns"": [""region_id"", ""total_cents"", ""total_quantity"", ""row_count""], ""dtypes"": [""int64"", ""int64"", ""int64"", ""int64""], ""hash_sum"": ""3129039791569495086"", ""hash_xor"": ""14932865647023855810"", ""rows"": 50}",,1732,50,"[""01c6f228-0001-fcf8-0001-9ade000aabf6""]",0.0,True,"{""01c6f228-0001-fcf8-0001-9ade000aabf6"": {""server_total_ms"": 97, ""server_compilation_ms"": 64, ""server_execution_ms"": 33, ""server_provisioning_queue_ms"": 0, ""server_overload_queue_ms"": 0, ""server_bytes_scanned"": 7627264}}"
1000000,warehouse,groupby,snowflake,2,7,01c6f228-0001-fcf8-0001-9ade000aabda,108.016758,0.0,108.016758,"{""columns"": [""region_id"", ""total_cents"", ""total_quantity"", ""row_count""], ""dtypes"": [""int64"", ""int64"", ""int64"", ""int64""], ""hash_sum"": ""3129039791569495086"", ""hash_xor"": ""14932865647023855810"", ""rows"": 50}",,1732,50,"[""01c6f228-0001-fcf8-0001-9ade000aabfa""]",0.0,True,"{""01c6f228-0001-fcf8-0001-9ade000aabfa"": {""server_total_ms"": 91, ""server_compilation_ms"": 57, ""server_execution_ms"": 34, ""server_provisioning_queue_ms"": 0, ""server_overload_queue_ms"": 0, ""server_bytes_scanned"": 7627264}}"
1000000,warehouse,groupby,snowflake,2,8,01c6f228-0001-fcf8-0001-9ade000aabda,114.185389,10.0,114.185389,"{""columns"": [""region_id"", ""total_cents"", ""total_quantity"", ""row_count""], ""dtypes"": [""int64"", ""int64"", ""int64"", ""int64""], ""hash_sum"": ""3129039791569495086"", ""hash_xor"": ""14932865647023855810"", ""rows"": 50}",,1732,50,"[""01c6f228-0001-fcf8-0001-9ade000aabfe""]",0.0,True,"{""01c6f228-0001-fcf8-0001-9ade000aabfe"": {""server_total_ms"": 94, ""server_compilation_ms"": 61, ""server_execution_ms"": 33, ""server_provisioning_queue_ms"": 0, ""server_overload_queue_ms"": 0, ""server_bytes_scanned"": 7627264}}"
1000000,warehouse,groupby,snowflake,2,9,01c6f228-0001-fcf8-0001-9ade000aabda,113.584883,0.0,113.584883,"{""columns"": [""region_id"", ""total_cents"", ""total_quantity"", ""row_count""], ""dtypes"": [""int64"", ""int64"", ""int64"", ""int64""], ""hash_sum"": ""3129039791569495086"", ""hash_xor"": ""14932865647023855810"", ""rows"": 50}",,1732,50,"[""01c6f228-0001-fcf8-0001-9ade000aac02""]",0.0,True,"{""01c6f228-0001-fcf8-0001-9ade000aac02"": {""server_total_ms"": 98, ""server_compilation_ms"": 64, ""server_execution_ms"": 34, ""server_provisioning_queue_ms"": 0, ""server_overload_queue_ms"": 0, ""server_bytes_scanned"": 7627264}}"
1000000,warehouse,groupby,snowflake,2,10,01c6f228-0001-fcf8-0001-9ade000aabda,113.66646,10.0,113.66646,"{""columns"": [""region_id"", ""total_cents"", ""total_quantity"", ""row_count""], ""dtypes"": [""int64"", ""int64"", ""int64"", ""int64""], ""hash_sum"": ""3129039791569495086"", ""hash_xor"": ""14932865647023855810"", ""rows"": 50}",,1732,50,"[""01c6f228-0001-fcf8-0001-9ade000aac06""]",0.0,True,"{""01c6f228-0001-fcf8-0001-9ade000aac06"": {""server_total_ms"": 95, ""server_compilation_ms"": 60, ""server_execution_ms"": 35, ""server_provisioning_queue_ms"": 0, ""server_overload_queue_ms"": 0, ""server_bytes_scanned"": 7627264}}"
1000000,warehouse,groupby,duckdb,2,6,01c6f228-0001-fcf9-0001-9ade000b566a,11.534344,110.0,541.801091,"{""columns"": [""region_id"", ""total_cents"", ""total_quantity"", ""row_count""], ""dtypes"": [""int64"", ""int64"", ""int64"", ""int64""], ""hash_sum"": ""3129039791569495086"", ""hash_xor"": ""14932865647023855810"", ""rows"": 50}",517.313508,1732,50,"[""01c6f228-0001-fcf9-0001-9ade000b5686""]",12.953239,True,"{""01c6f228-0001-fcf9-0001-9ade000b5686"": {""server_total_ms"": 345, ""server_compilation_ms"": 62, ""server_execution_ms"": 283, ""server_provisioning_queue_ms"": 0, ""server_overload_queue_ms"": 0, ""server_bytes_scanned"": 7627264}}"
1000000,warehouse,groupby,duckdb,2,7,01c6f228-0001-fcf9-0001-9ade000b566a,11.315897,160.0,534.784991,"{""columns"": [""region_id"", ""total_cents"", ""total_quantity"", ""row_count""], ""dtypes"": [""int64"", ""int64"", ""int64"", ""int64""], ""hash_sum"": ""3129039791569495086"", ""hash_xor"": ""14932865647023855810"", ""rows"": 50}",509.882372,1732,50,"[""01c6f228-0001-fcf9-0001-9ade000b568a""]",13.586722,True,"{""01c6f228-0001-fcf9-0001-9ade000b568a"": {""server_total_ms"": 339, ""server_compilation_ms"": 58, ""server_execution_ms"": 281, ""server_provisioning_queue_ms"": 0, ""server_overload_queue_ms"": 0, ""server_bytes_scanned"": 7627264}}"
1000000,warehouse,groupby,duckdb,2,8,01c6f228-0001-fcf9-0001-9ade000b566a,11.296103,160.0,530.527131,"{""columns"": [""region_id"", ""total_cents"", ""total_quantity"", ""row_count""], ""dtypes"": [""int64"", ""int64"", ""int64"", ""int64""], ""hash_sum"": ""3129039791569495086"", ""hash_xor"": ""14932865647023855810"", ""rows"": 50}",505.903593,1732,50,"[""01c6f228-0001-fcf9-0001-9ade000b568e""]",13.327435,True,"{""01c6f228-0001-fcf9-0001-9ade000b568e"": {""server_total_ms"": 334, ""server_compilation_ms"": 59, ""server_execution_ms"": 275, ""server_provisioning_queue_ms"": 0, ""server_overload_queue_ms"": 0, ""server_bytes_scanned"": 7627264}}"
1000000,warehouse,groupby,duckdb,2,9,01c6f228-0001-fcf9-0001-9ade000b566a,11.253492,150.0,579.081874,"{""columns"": [""region_id"", ""total_cents"", ""total_quantity"", ""row_count""], ""dtypes"": [""int64"", ""int64"", ""int64"", ""int64""], ""hash_sum"": ""3129039791569495086"", ""hash_xor"": ""14932865647023855810"", ""rows"": 50}",554.400374,1732,50,"[""01c6f228-0001-fcf9-0001-9ade000b5692""]",13.428008,True,"{""01c6f228-0001-fcf9-0001-9ade000b5692"": {""server_total_ms"": 377, ""server_compilation_ms"": 60, ""server_execution_ms"": 317, ""server_provisioning_queue_ms"": 0, ""server_overload_queue_ms"": 0, ""server_bytes_scanned"": 7627264}}"
1000000,warehouse,groupby,duckdb,2,10,01c6f228-0001-fcf9-0001-9ade000b566a,11.355067,110.0,513.779752,"{""columns"": [""region_id"", ""total_cents"", ""total_quantity"", ""row_count""], ""dtypes"": [""int64"", ""int64"", ""int64"", ""int64""], ""hash_sum"": ""3129039791569495086"", ""hash_xor"": ""14932865647023855810"", ""rows"": 50}",489.231361,1732,50,"[""01c6f228-0001-fcf9-0001-9ade000b5696""]",13.193324,True,"{""01c6f228-0001-fcf9-0001-9ade000b5696"": {""server_total_ms"": 321, ""server_compilation_ms"": 60, ""server_execution_ms"": 261, ""server_provisioning_queue_ms"": 0, ""server_overload_queue_ms"": 0, ""server_bytes_scanned"": 7627264}}"
100000,warehouse,filter_project,pandas,2,6,01c6f228-0001-fe0c-0001-9ade000b928e,1.46004,0.0,263.249406,"{""columns"": [""id"", ""region_id"", ""gross_cents""], ""dtypes"": [""int64"", ""int64"", ""int64""], ""hash_sum"": ""6934637738391437775"", ""hash_xor"": ""13010755706745315299"", ""rows"": 19886}",261.789366,477396,19886,"[""01c6f228-0001-fe0c-0001-9ade000b92aa""]",0.0,True,"{""01c6f228-0001-fe0c-0001-9ade000b92aa"": {""server_total_ms"": 167, ""server_compilation_ms"": 60, ""server_execution_ms"": 107, ""server_provisioning_queue_ms"": 0, ""server_overload_queue_ms"": 0, ""server_bytes_scanned"": 973312}}"
100000,warehouse,filter_project,pandas,2,7,01c6f228-0001-fe0c-0001-9ade000b928e,1.378596,20.0,258.665555,"{""columns"": [""id"", ""region_id"", ""gross_cents""], ""dtypes"": [""int64"", ""int64"", ""int64""], ""hash_sum"": ""6934637738391437775"", ""hash_xor"": ""13010755706745315299"", ""rows"": 19886}",257.286959,477396,19886,"[""01c6f228-0001-fe0c-0001-9ade000b92ae""]",0.0,True,"{""01c6f228-0001-fe0c-0001-9ade000b92ae"": {""server_total_ms"": 168, ""server_compilation_ms"": 58, ""server_execution_ms"": 110, ""server_provisioning_queue_ms"": 0, ""server_overload_queue_ms"": 0, ""server_bytes_scanned"": 973312}}"
100000,warehouse,filter_project,pandas,2,8,01c6f228-0001-fe0c-0001-9ade000b928e,1.302056,10.0,260.204794,"{""columns"": [""id"", ""region_id"", ""gross_cents""], ""dtypes"": [""int64"", ""int64"", ""int64""], ""hash_sum"": ""6934637738391437775"", ""hash_xor"": ""13010755706745315299"", ""rows"": 19886}",258.902738,477396,19886,"[""01c6f228-0001-fe0c-0001-9ade000b92b2""]",0.0,True,"{""01c6f228-0001-fe0c-0001-9ade000b92b2"": {""server_total_ms"": 170, ""server_compilation_ms"": 63, ""server_execution_ms"": 107, ""server_provisioning_queue_ms"": 0, ""server_overload_queue_ms"": 0, ""server_bytes_scanned"": 973312}}"
100000,warehouse,filter_project,pandas,2,9,01c6f228-0001-fe0c-0001-9ade000b928e,1.400653,10.0,248.111399,"{""columns"": [""id"", ""region_id"", ""gross_cents""], ""dtypes"": [""int64"", ""int64"", ""int64""], ""hash_sum"": ""6934637738391437775"", ""hash_xor"": ""13010755706745315299"", ""rows"": 19886}",246.710746,477396,19886,"[""01c6f228-0001-fe0c-0001-9ade000b92b6""]",0.0,True,"{""01c6f228-0001-fe0c-0001-9ade000b92b6"": {""server_total_ms"": 155, ""server_compilation_ms"": 61, ""server_execution_ms"": 94, ""server_provisioning_queue_ms"": 0, ""server_overload_queue_ms"": 0, ""server_bytes_scanned"": 973312}}"
100000,warehouse,filter_project,pandas,2,10,01c6f228-0001-fe0c-0001-9ade000b928e,1.317969,20.0,282.534379,"{""columns"": [""id"", ""region_id"", ""gross_cents""], ""dtypes"": [""int64"", ""int64"", ""int64""], ""hash_sum"": ""6934637738391437775"", ""hash_xor"": ""13010755706745315299"", ""rows"": 19886}",281.21641,477396,19886,"[""01c6f228-0001-fe0c-0001-9ade000b92ba""]",0.0,True,"{""01c6f228-0001-fe0c-0001-9ade000b92ba"": {""server_total_ms"": 186, ""server_compilation_ms"": 68, ""server_execution_ms"": 118, ""server_provisioning_queue_ms"": 0, ""server_overload_queue_ms"": 0, ""server_bytes_scanned"": 973312}}"
100000,warehouse,filter_project,snowflake,2,6,01c6f228-0001-fcf8-0001-9ade000aac0e,263.334151,10.0,263.334151,"{""columns"": [""id"", ""region_id"", ""gross_cents""], ""dtypes"": [""int64"", ""int64"", ""int64""], ""hash_sum"": ""6934637738391437775"", ""hash_xor"": ""13010755706745315299"", ""rows"": 19886}",,477396,19886,"[""01c6f228-0001-fcf8-0001-9ade000aac2a""]",0.0,True,"{""01c6f228-0001-fcf8-0001-9ade000aac2a"": {""server_total_ms"": 175, ""server_compilation_ms"": 62, ""server_execution_ms"": 113, ""server_provisioning_queue_ms"": 0, ""server_overload_queue_ms"": 0, ""server_bytes_scanned"": 973312}}"
100000,warehouse,filter_project,snowflake,2,7,01c6f228-0001-fcf8-0001-9ade000aac0e,252.854738,0.0,252.854738,"{""columns"": [""id"", ""region_id"", ""gross_cents""], ""dtypes"": [""int64"", ""int64"", ""int64""], ""hash_sum"": ""6934637738391437775"", ""hash_xor"": ""13010755706745315299"", ""rows"": 19886}",,477396,19886,"[""01c6f228-0001-fcf8-0001-9ade000aac2e""]",0.0,True,"{""01c6f228-0001-fcf8-0001-9ade000aac2e"": {""server_total_ms"": 164, ""server_compilation_ms"": 60, ""server_execution_ms"": 104, ""server_provisioning_queue_ms"": 0, ""server_overload_queue_ms"": 0, ""server_bytes_scanned"": 973312}}"
100000,warehouse,filter_project,snowflake,2,8,01c6f228-0001-fcf8-0001-9ade000aac0e,258.830798,20.0,258.830798,"{""columns"": [""id"", ""region_id"", ""gross_cents""], ""dtypes"": [""int64"", ""int64"", ""int64""], ""hash_sum"": ""6934637738391437775"", ""hash_xor"": ""13010755706745315299"", ""rows"": 19886}",,477396,19886,"[""01c6f228-0001-fcf8-0001-9ade000aac32""]",0.0,True,"{""01c6f228-0001-fcf8-0001-9ade000aac32"": {""server_total_ms"": 170, ""server_compilation_ms"": 63, ""server_execution_ms"": 107, ""server_provisioning_queue_ms"": 0, ""server_overload_queue_ms"": 0, ""server_bytes_scanned"": 973312}}"
100000,warehouse,filter_project,snowflake,2,9,01c6f228-0001-fcf8-0001-9ade000aac0e,248.47804,0.0,248.47804,"{""columns"": [""id"", ""region_id"", ""gross_cents""], ""dtypes"": [""int64"", ""int64"", ""int64""], ""hash_sum"": ""6934637738391437775"", ""hash_xor"": ""13010755706745315299"", ""rows"": 19886}",,477396,19886,"[""01c6f228-0001-fcf8-0001-9ade000aac36""]",0.0,True,"{""01c6f228-0001-fcf8-0001-9ade000aac36"": {""server_total_ms"": 161, ""server_compilation_ms"": 57, ""server_execution_ms"": 104, ""server_provisioning_queue_ms"": 0, ""server_overload_queue_ms"": 0, ""server_bytes_scanned"": 973312}}"
100000,warehouse,filter_project,snowflake,2,10,01c6f228-0001-fcf8-0001-9ade000aac0e,293.51606,10.0,293.51606,"{""columns"": [""id"", ""region_id"", ""gross_cents""], ""dtypes"": [""int64"", ""int64"", ""int64""], ""hash_sum"": ""6934637738391437775"", ""hash_xor"": ""13010755706745315299"", ""rows"": 19886}",,477396,19886,"[""01c6f228-0001-fcf8-0001-9ade000aac3a""]",0.0,True,"{""01c6f228-0001-fcf8-0001-9ade000aac3a"": {""server_total_ms"": 199, ""server_compilation_ms"": 64, ""server_execution_ms"": 135, ""server_provisioning_queue_ms"": 0, ""server_overload_queue_ms"": 0, ""server_bytes_scanned"": 973312}}"
100000,warehouse,filter_project,duckdb,2,6,01c6f228-0001-fcf9-0001-9ade000b569a,2.748231,30.0,287.946972,"{""columns"": [""id"", ""region_id"", ""gross_cents""], ""dtypes"": [""int64"", ""int64"", ""int64""], ""hash_sum"": ""6934637738391437775"", ""hash_xor"": ""13010755706745315299"", ""rows"": 19886}",272.651372,477396,19886,"[""01c6f228-0001-fcf9-0001-9ade000b56b6""]",12.547369,True,"{""01c6f228-0001-fcf9-0001-9ade000b56b6"": {""server_total_ms"": 177, ""server_compilation_ms"": 71, ""server_execution_ms"": 106, ""server_provisioning_queue_ms"": 0, ""server_overload_queue_ms"": 0, ""server_bytes_scanned"": 973312}}"
100000,warehouse,filter_project,duckdb,2,7,01c6f228-0001-fcf9-0001-9ade000b569a,2.76566,30.0,281.860586,"{""columns"": [""id"", ""region_id"", ""gross_cents""], ""dtypes"": [""int64"", ""int64"", ""int64""], ""hash_sum"": ""6934637738391437775"", ""hash_xor"": ""13010755706745315299"", ""rows"": 19886}",266.753735,477396,19886,"[""01c6f228-0001-fcf9-0001-9ade000b56ba""]",12.341191,True,"{""01c6f228-0001-fcf9-0001-9ade000b56ba"": {""server_total_ms"": 173, ""server_compilation_ms"": 63, ""server_execution_ms"": 110, ""server_provisioning_queue_ms"": 0, ""server_overload_queue_ms"": 0, ""server_bytes_scanned"": 973312}}"
100000,warehouse,filter_project,duckdb,2,8,01c6f228-0001-fcf9-0001-9ade000b569a,2.71763,30.0,281.114136,"{""columns"": [""id"", ""region_id"", ""gross_cents""], ""dtypes"": [""int64"", ""int64"", ""int64""], ""hash_sum"": ""6934637738391437775"", ""hash_xor"": ""13010755706745315299"", ""rows"": 19886}",265.832527,477396,19886,"[""01c6f228-0001-fcf9-0001-9ade000b56be""]",12.563979,True,"{""01c6f228-0001-fcf9-0001-9ade000b56be"": {""server_total_ms"": 171, ""server_compilation_ms"": 62, ""server_execution_ms"": 109, ""server_provisioning_queue_ms"": 0, ""server_overload_queue_ms"": 0, ""server_bytes_scanned"": 973312}}"
100000,warehouse,filter_project,duckdb,2,9,01c6f228-0001-fcf9-0001-9ade000b569a,2.965171,30.0,280.767184,"{""columns"": [""id"", ""region_id"", ""gross_cents""], ""dtypes"": [""int64"", ""int64"", ""int64""], ""hash_sum"": ""6934637738391437775"", ""hash_xor"": ""13010755706745315299"", ""rows"": 19886}",265.279434,477396,19886,"[""01c6f228-0001-fcf9-0001-9ade000b56c2""]",12.522579,True,"{""01c6f228-0001-fcf9-0001-9ade000b56c2"": {""server_total_ms"": 172, ""server_compilation_ms"": 64, ""server_execution_ms"": 108, ""server_provisioning_queue_ms"": 0, ""server_overload_queue_ms"": 0, ""server_bytes_scanned"": 973312}}"
100000,warehouse,filter_project,duckdb,2,10,01c6f228-0001-fcf9-0001-9ade000b569a,2.735741,20.0,298.335385,"{""columns"": [""id"", ""region_id"", ""gross_cents""], ""dtypes"": [""int64"", ""int64"", ""int64""], ""hash_sum"": ""6934637738391437775"", ""hash_xor"": ""13010755706745315299"", ""rows"": 19886}",283.160017,477396,19886,"[""01c6f228-0001-fcf9-0001-9ade000b56c6""]",12.439627,True,"{""01c6f228-0001-fcf9-0001-9ade000b56c6"": {""server_total_ms"": 184, ""server_compilation_ms"": 73, ""server_execution_ms"": 111, ""server_provisioning_queue_ms"": 0, ""server_overload_queue_ms"": 0, ""server_bytes_scanned"": 973312}}"
10000000,warehouse,clean_derive,snowflake,2,6,01c6f228-0001-fcf9-0001-9ade000b56ce,1845.242467,960.0,1845.242467,"{""columns"": [""id"", ""net_cents""], ""dtypes"": [""int64"", ""int64""], ""hash_sum"": ""14285702759883698828"", ""hash_xor"": ""425970959959544156"", ""rows"": 10000000}",,160000132,10000000,"[""01c6f228-0001-fcf9-0001-9ade000b56ea""]",0.0,True,"{""01c6f228-0001-fcf9-0001-9ade000b56ea"": {""server_total_ms"": 504, ""server_compilation_ms"": 67, ""server_execution_ms"": 437, ""server_provisioning_queue_ms"": 0, ""server_overload_queue_ms"": 0, ""server_bytes_scanned"": 151591936}}"
10000000,warehouse,clean_derive,snowflake,2,7,01c6f228-0001-fcf9-0001-9ade000b56ce,1818.478641,880.0,1818.478641,"{""columns"": [""id"", ""net_cents""], ""dtypes"": [""int64"", ""int64""], ""hash_sum"": ""14285702759883698828"", ""hash_xor"": ""425970959959544156"", ""rows"": 10000000}",,160000132,10000000,"[""01c6f228-0001-fcf9-0001-9ade000b56ee""]",0.0,True,"{""01c6f228-0001-fcf9-0001-9ade000b56ee"": {""server_total_ms"": 523, ""server_compilation_ms"": 67, ""server_execution_ms"": 456, ""server_provisioning_queue_ms"": 0, ""server_overload_queue_ms"": 0, ""server_bytes_scanned"": 151591936}}"
10000000,warehouse,clean_derive,snowflake,2,8,01c6f228-0001-fcf9-0001-9ade000b56ce,1881.647505,940.0,1881.647505,"{""columns"": [""id"", ""net_cents""], ""dtypes"": [""int64"", ""int64""], ""hash_sum"": ""14285702759883698828"", ""hash_xor"": ""425970959959544156"", ""rows"": 10000000}",,160000132,10000000,"[""01c6f228-0001-fcf9-0001-9ade000b56f2""]",0.0,True,"{""01c6f228-0001-fcf9-0001-9ade000b56f2"": {""server_total_ms"": 482, ""server_compilation_ms"": 81, ""server_execution_ms"": 401, ""server_provisioning_queue_ms"": 0, ""server_overload_queue_ms"": 0, ""server_bytes_scanned"": 151591936}}"
10000000,warehouse,clean_derive,snowflake,2,9,01c6f228-0001-fcf9-0001-9ade000b56ce,1874.380049,830.0,1874.380049,"{""columns"": [""id"", ""net_cents""], ""dtypes"": [""int64"", ""int64""], ""hash_sum"": ""14285702759883698828"", ""hash_xor"": ""425970959959544156"", ""rows"": 10000000}",,160000132,10000000,"[""01c6f228-0001-fcf9-0001-9ade000b56f6""]",0.0,True,"{""01c6f228-0001-fcf9-0001-9ade000b56f6"": {""server_total_ms"": 536, ""server_compilation_ms"": 69, ""server_execution_ms"": 467, ""server_provisioning_queue_ms"": 0, ""server_overload_queue_ms"": 0, ""server_bytes_scanned"": 151591936}}"
10000000,warehouse,clean_derive,snowflake,2,10,01c6f228-0001-fcf9-0001-9ade000b56ce,1823.486947,870.0,1823.486947,"{""columns"": [""id"", ""net_cents""], ""dtypes"": [""int64"", ""int64""], ""hash_sum"": ""14285702759883698828"", ""hash_xor"": ""425970959959544156"", ""rows"": 10000000}",,160000132,10000000,"[""01c6f228-0001-fcf9-0001-9ade000b56fa""]",0.0,True,"{""01c6f228-0001-fcf9-0001-9ade000b56fa"": {""server_total_ms"": 522, ""server_compilation_ms"": 61, ""server_execution_ms"": 461, ""server_provisioning_queue_ms"": 0, ""server_overload_queue_ms"": 0, ""server_bytes_scanned"": 151591936}}"
1000000,warehouse,filter_project,pandas,2,6,01c6f228-0001-fe2b-0001-9ade000b84c6,6.321017,40.0,399.470805,"{""columns"": [""id"", ""region_id"", ""gross_cents""], ""dtypes"": [""int64"", ""int64"", ""int64""], ""hash_sum"": ""11356744842689536210"", ""hash_xor"": ""4329941149679941164"", ""rows"": 198279}",393.149788,4758828,198279,"[""01c6f228-0001-fe2b-0001-9ade000b84e2""]",0.0,True,"{""01c6f228-0001-fe2b-0001-9ade000b84e2"": {""server_total_ms"": 287, ""server_compilation_ms"": 67, ""server_execution_ms"": 220, ""server_provisioning_queue_ms"": 0, ""server_overload_queue_ms"": 0, ""server_bytes_scanned"": 7627264}}"
1000000,warehouse,filter_project,pandas,2,7,01c6f228-0001-fe2b-0001-9ade000b84c6,7.890492,50.0,421.498175,"{""columns"": [""id"", ""region_id"", ""gross_cents""], ""dtypes"": [""int64"", ""int64"", ""int64""], ""hash_sum"": ""11356744842689536210"", ""hash_xor"": ""4329941149679941164"", ""rows"": 198279}",413.607683,4758828,198279,"[""01c6f228-0001-fe2b-0001-9ade000b84e6""]",0.0,True,"{""01c6f228-0001-fe2b-0001-9ade000b84e6"": {""server_total_ms"": 308, ""server_compilation_ms"": 76, ""server_execution_ms"": 232, ""server_provisioning_queue_ms"": 0, ""server_overload_queue_ms"": 0, ""server_bytes_scanned"": 7627264}}"
1000000,warehouse,filter_project,pandas,2,8,01c6f228-0001-fe2b-0001-9ade000b84c6,6.914498,30.0,398.751816,"{""columns"": [""id"", ""region_id"", ""gross_cents""], ""dtypes"": [""int64"", ""int64"", ""int64""], ""hash_sum"": ""11356744842689536210"", ""hash_xor"": ""4329941149679941164"", ""rows"": 198279}",391.837318,4758828,198279,"[""01c6f228-0001-fe2b-0001-9ade000b84ea""]",0.0,True,"{""01c6f228-0001-fe2b-0001-9ade000b84ea"": {""server_total_ms"": 284, ""server_compilation_ms"": 70, ""server_execution_ms"": 214, ""server_provisioning_queue_ms"": 0, ""server_overload_queue_ms"": 0, ""server_bytes_scanned"": 7627264}}"
1000000,warehouse,filter_project,pandas,2,9,01c6f228-0001-fe2b-0001-9ade000b84c6,6.790786,40.0,420.599548,"{""columns"": [""id"", ""region_id"", ""gross_cents""], ""dtypes"": [""int64"", ""int64"", ""int64""], ""hash_sum"": ""11356744842689536210"", ""hash_xor"": ""4329941149679941164"", ""rows"": 198279}",413.808762,4758828,198279,"[""01c6f228-0001-fe2b-0001-9ade000b84ee""]",0.0,True,"{""01c6f228-0001-fe2b-0001-9ade000b84ee"": {""server_total_ms"": 300, ""server_compilation_ms"": 80, ""server_execution_ms"": 220, ""server_provisioning_queue_ms"": 0, ""server_overload_queue_ms"": 0, ""server_bytes_scanned"": 7627264}}"
1000000,warehouse,filter_project,pandas,2,10,01c6f228-0001-fe2b-0001-9ade000b84c6,7.714195,70.0,398.829682,"{""columns"": [""id"", ""region_id"", ""gross_cents""], ""dtypes"": [""int64"", ""int64"", ""int64""], ""hash_sum"": ""11356744842689536210"", ""hash_xor"": ""4329941149679941164"", ""rows"": 198279}",391.115487,4758828,198279,"[""01c6f228-0001-fe2b-0001-9ade000b84f2""]",0.0,True,"{""01c6f228-0001-fe2b-0001-9ade000b84f2"": {""server_total_ms"": 289, ""server_compilation_ms"": 71, ""server_execution_ms"": 218, ""server_provisioning_queue_ms"": 0, ""server_overload_queue_ms"": 0, ""server_bytes_scanned"": 7627264}}"
100000,warehouse,clean_derive,snowflake,2,6,01c6f228-0001-fcf8-0001-9ade000aac46,339.923386,10.0,339.923386,"{""columns"": [""id"", ""net_cents""], ""dtypes"": [""int64"", ""int64""], ""hash_sum"": ""6278141268544677052"", ""hash_xor"": ""11755483584262095886"", ""rows"": 100000}",,1600132,100000,"[""01c6f228-0001-fcf8-0001-9ade000aac62""]",0.0,True,"{""01c6f228-0001-fcf8-0001-9ade000aac62"": {""server_total_ms"": 242, ""server_compilation_ms"": 61, ""server_execution_ms"": 181, ""server_provisioning_queue_ms"": 0, ""server_overload_queue_ms"": 0, ""server_bytes_scanned"": 973312}}"
100000,warehouse,clean_derive,snowflake,2,7,01c6f228-0001-fcf8-0001-9ade000aac46,325.684212,10.0,325.684212,"{""columns"": [""id"", ""net_cents""], ""dtypes"": [""int64"", ""int64""], ""hash_sum"": ""6278141268544677052"", ""hash_xor"": ""11755483584262095886"", ""rows"": 100000}",,1600132,100000,"[""01c6f228-0001-fcf8-0001-9ade000aac66""]",0.0,True,"{""01c6f228-0001-fcf8-0001-9ade000aac66"": {""server_total_ms"": 229, ""server_compilation_ms"": 63, ""server_execution_ms"": 166, ""server_provisioning_queue_ms"": 0, ""server_overload_queue_ms"": 0, ""server_bytes_scanned"": 973312}}"
100000,warehouse,clean_derive,snowflake,2,8,01c6f228-0001-fcf8-0001-9ade000aac46,313.184618,20.0,313.184618,"{""columns"": [""id"", ""net_cents""], ""dtypes"": [""int64"", ""int64""], ""hash_sum"": ""6278141268544677052"", ""hash_xor"": ""11755483584262095886"", ""rows"": 100000}",,1600132,100000,"[""01c6f228-0001-fcf8-0001-9ade000aac6a""]",0.0,True,"{""01c6f228-0001-fcf8-0001-9ade000aac6a"": {""server_total_ms"": 217, ""server_compilation_ms"": 51, ""server_execution_ms"": 166, ""server_provisioning_queue_ms"": 0, ""server_overload_queue_ms"": 0, ""server_bytes_scanned"": 973312}}"
100000,warehouse,clean_derive,snowflake,2,9,01c6f228-0001-fcf8-0001-9ade000aac46,328.592198,30.0,328.592198,"{""columns"": [""id"", ""net_cents""], ""dtypes"": [""int64"", ""int64""], ""hash_sum"": ""6278141268544677052"", ""hash_xor"": ""11755483584262095886"", ""rows"": 100000}",,1600132,100000,"[""01c6f228-0001-fcf8-0001-9ade000aac6e""]",0.0,True,"{""01c6f228-0001-fcf8-0001-9ade000aac6e"": {""server_total_ms"": 236, ""server_compilation_ms"": 54, ""server_execution_ms"": 182, ""server_provisioning_queue_ms"": 0, ""server_overload_queue_ms"": 0, ""server_bytes_scanned"": 973312}}"
100000,warehouse,clean_derive,snowflake,2,10,01c6f228-0001-fcf8-0001-9ade000aac46,326.141379,30.0,326.141379,"{""columns"": [""id"", ""net_cents""], ""dtypes"": [""int64"", ""int64""], ""hash_sum"": ""6278141268544677052"", ""hash_xor"": ""11755483584262095886"", ""rows"": 100000}",,1600132,100000,"[""01c6f228-0001-fcf8-0001-9ade000aac72""]",0.0,True,"{""01c6f228-0001-fcf8-0001-9ade000aac72"": {""server_total_ms"": 226, ""server_compilation_ms"": 58, ""server_execution_ms"": 168, ""server_provisioning_queue_ms"": 0, ""server_overload_queue_ms"": 0, ""server_bytes_scanned"": 973312}}"
10000000,warehouse,clean_derive,duckdb,2,6,01c6f228-0001-fe2b-0001-9ade000b84f6,108.150776,1340.0,2072.377671,"{""columns"": [""id"", ""net_cents""], ""dtypes"": [""int64"", ""int64""], ""hash_sum"": ""14285702759883698828"", ""hash_xor"": ""425970959959544156"", ""rows"": 10000000}",1950.763485,160000132,10000000,"[""01c6f229-0001-fe2b-0001-9ade000b8512""]",13.46341,True,"{""01c6f229-0001-fe2b-0001-9ade000b8512"": {""server_total_ms"": 491, ""server_compilation_ms"": 67, ""server_execution_ms"": 424, ""server_provisioning_queue_ms"": 0, ""server_overload_queue_ms"": 0, ""server_bytes_scanned"": 151591936}}"
10000000,warehouse,clean_derive,duckdb,2,7,01c6f228-0001-fe2b-0001-9ade000b84f6,107.171905,1380.0,2124.819941,"{""columns"": [""id"", ""net_cents""], ""dtypes"": [""int64"", ""int64""], ""hash_sum"": ""14285702759883698828"", ""hash_xor"": ""425970959959544156"", ""rows"": 10000000}",2003.981451,160000132,10000000,"[""01c6f229-0001-fe2b-0001-9ade000b8516""]",13.666585,True,"{""01c6f229-0001-fe2b-0001-9ade000b8516"": {""server_total_ms"": 547, ""server_compilation_ms"": 87, ""server_execution_ms"": 460, ""server_provisioning_queue_ms"": 0, ""server_overload_queue_ms"": 0, ""server_bytes_scanned"": 151591936}}"
10000000,warehouse,clean_derive,duckdb,2,8,01c6f228-0001-fe2b-0001-9ade000b84f6,108.84547,1370.0,2118.148753,"{""columns"": [""id"", ""net_cents""], ""dtypes"": [""int64"", ""int64""], ""hash_sum"": ""14285702759883698828"", ""hash_xor"": ""425970959959544156"", ""rows"": 10000000}",1995.626644,160000132,10000000,"[""01c6f229-0001-fe2b-0001-9ade000b851a""]",13.676639,True,"{""01c6f229-0001-fe2b-0001-9ade000b851a"": {""server_total_ms"": 486, ""server_compilation_ms"": 80, ""server_execution_ms"": 406, ""server_provisioning_queue_ms"": 0, ""server_overload_queue_ms"": 0, ""server_bytes_scanned"": 151591936}}"
10000000,warehouse,clean_derive,duckdb,2,9,01c6f228-0001-fe2b-0001-9ade000b84f6,110.710419,1320.0,2120.040853,"{""columns"": [""id"", ""net_cents""], ""dtypes"": [""int64"", ""int64""], ""hash_sum"": ""14285702759883698828"", ""hash_xor"": ""425970959959544156"", ""rows"": 10000000}",1996.39215,160000132,10000000,"[""01c6f229-0001-fe2b-0001-9ade000b851e""]",12.938284,True,"{""01c6f229-0001-fe2b-0001-9ade000b851e"": {""server_total_ms"": 480, ""server_compilation_ms"": 70, ""server_execution_ms"": 410, ""server_provisioning_queue_ms"": 0, ""server_overload_queue_ms"": 0, ""server_bytes_scanned"": 151591936}}"
10000000,warehouse,clean_derive,duckdb,2,10,01c6f228-0001-fe2b-0001-9ade000b84f6,109.940322,1420.0,2087.143835,"{""columns"": [""id"", ""net_cents""], ""dtypes"": [""int64"", ""int64""], ""hash_sum"": ""14285702759883698828"", ""hash_xor"": ""425970959959544156"", ""rows"": 10000000}",1963.820256,160000132,10000000,"[""01c6f229-0001-fe2b-0001-9ade000b8522""]",13.383257,True,"{""01c6f229-0001-fe2b-0001-9ade000b8522"": {""server_total_ms"": 495, ""server_compilation_ms"": 75, ""server_execution_ms"": 420, ""server_provisioning_queue_ms"": 0, ""server_overload_queue_ms"": 0, ""server_bytes_scanned"": 151591936}}"
10000000,warehouse,groupby,duckdb,2,6,01c6f229-0001-fe2b-0001-9ade000b852a,42.465007,860.0,1527.326949,"{""columns"": [""region_id"", ""total_cents"", ""total_quantity"", ""row_count""], ""dtypes"": [""int64"", ""int64"", ""int64"", ""int64""], ""hash_sum"": ""3404719191165042972"", ""hash_xor"": ""2526757767072946434"", ""rows"": 50}",1472.232919,1732,50,"[""01c6f229-0001-fe2b-0001-9ade000b8546""]",12.629023,True,"{""01c6f229-0001-fe2b-0001-9ade000b8546"": {""server_total_ms"": 384, ""server_compilation_ms"": 77, ""server_execution_ms"": 307, ""server_provisioning_queue_ms"": 0, ""server_overload_queue_ms"": 0, ""server_bytes_scanned"": 151591936}}"
10000000,warehouse,groupby,duckdb,2,7,01c6f229-0001-fe2b-0001-9ade000b852a,42.56392,740.0,1551.029322,"{""columns"": [""region_id"", ""total_cents"", ""total_quantity"", ""row_count""], ""dtypes"": [""int64"", ""int64"", ""int64"", ""int64""], ""hash_sum"": ""3404719191165042972"", ""hash_xor"": ""2526757767072946434"", ""rows"": 50}",1495.735302,1732,50,"[""01c6f229-0001-fe2b-0001-9ade000b854a""]",12.7301,True,"{""01c6f229-0001-fe2b-0001-9ade000b854a"": {""server_total_ms"": 384, ""server_compilation_ms"": 70, ""server_execution_ms"": 314, ""server_provisioning_queue_ms"": 0, ""server_overload_queue_ms"": 0, ""server_bytes_scanned"": 151591936}}"
10000000,warehouse,groupby,duckdb,2,8,01c6f229-0001-fe2b-0001-9ade000b852a,42.560436,770.0,1551.432943,"{""columns"": [""region_id"", ""total_cents"", ""total_quantity"", ""row_count""], ""dtypes"": [""int64"", ""int64"", ""int64"", ""int64""], ""hash_sum"": ""3404719191165042972"", ""hash_xor"": ""2526757767072946434"", ""rows"": 50}",1495.94895,1732,50,"[""01c6f229-0001-fe2b-0001-9ade000b854e""]",12.923557,True,"{""01c6f229-0001-fe2b-0001-9ade000b854e"": {""server_total_ms"": 422, ""server_compilation_ms"": 73, ""server_execution_ms"": 349, ""server_provisioning_queue_ms"": 0, ""server_overload_queue_ms"": 0, ""server_bytes_scanned"": 151591936}}"
10000000,warehouse,groupby,duckdb,2,9,01c6f229-0001-fe2b-0001-9ade000b852a,42.576067,720.0,1579.714114,"{""columns"": [""region_id"", ""total_cents"", ""total_quantity"", ""row_count""], ""dtypes"": [""int64"", ""int64"", ""int64"", ""int64""], ""hash_sum"": ""3404719191165042972"", ""hash_xor"": ""2526757767072946434"", ""rows"": 50}",1524.448322,1732,50,"[""01c6f229-0001-fe2b-0001-9ade000b8552""]",12.689725,True,"{""01c6f229-0001-fe2b-0001-9ade000b8552"": {""server_total_ms"": 410, ""server_compilation_ms"": 76, ""server_execution_ms"": 334, ""server_provisioning_queue_ms"": 0, ""server_overload_queue_ms"": 0, ""server_bytes_scanned"": 151591936}}"
10000000,warehouse,groupby,duckdb,2,10,01c6f229-0001-fe2b-0001-9ade000b852a,42.323211,860.0,1571.51218,"{""columns"": [""region_id"", ""total_cents"", ""total_quantity"", ""row_count""], ""dtypes"": [""int64"", ""int64"", ""int64"", ""int64""], ""hash_sum"": ""3404719191165042972"", ""hash_xor"": ""2526757767072946434"", ""rows"": 50}",1516.340938,1732,50,"[""01c6f229-0001-fe2b-0001-9ade000b8556""]",12.848031,True,"{""01c6f229-0001-fe2b-0001-9ade000b8556"": {""server_total_ms"": 437, ""server_compilation_ms"": 77, ""server_execution_ms"": 360, ""server_provisioning_queue_ms"": 0, ""server_overload_queue_ms"": 0, ""server_bytes_scanned"": 151591936}}"
100000,warehouse,join_groupby,duckdb,2,6,01c6f229-0001-fe2b-0001-9ade000b855e,17.015286,110.0,686.809721,"{""columns"": [""region_id"", ""tier"", ""total_cents"", ""row_count""], ""dtypes"": [""int64"", ""int64"", ""int64"", ""int64""], ""hash_sum"": ""15482229778153811636"", ""hash_xor"": ""14299020784962879478"", ""rows"": 200}",654.313514,6532,200,"[""01c6f229-0001-fe2b-0001-9ade000b857e"", ""01c6f229-0001-fe2b-0001-9ade000b8582""]",15.480921,True,"{""01c6f229-0001-fe2b-0001-9ade000b857e"": {""server_total_ms"": 235, ""server_compilation_ms"": 61, ""server_execution_ms"": 174, ""server_provisioning_queue_ms"": 0, ""server_overload_queue_ms"": 0, ""server_bytes_scanned"": 973312}, ""01c6f229-0001-fe2b-0001-9ade000b8582"": {""server_total_ms"": 211, ""server_compilation_ms"": 74, ""server_execution_ms"": 137, ""server_provisioning_queue_ms"": 0, ""server_overload_queue_ms"": 0, ""server_bytes_scanned"": 238592}}"
100000,warehouse,join_groupby,duckdb,2,7,01c6f229-0001-fe2b-0001-9ade000b855e,16.320109,80.0,750.798264,"{""columns"": [""region_id"", ""tier"", ""total_cents"", ""row_count""], ""dtypes"": [""int64"", ""int64"", ""int64"", ""int64""], ""hash_sum"": ""15482229778153811636"", ""hash_xor"": ""14299020784962879478"", ""rows"": 200}",719.900182,6532,200,"[""01c6f229-0001-fe2b-0001-9ade000b8586"", ""01c6f229-0001-fe2b-0001-9ade000b858a""]",14.577973,True,"{""01c6f229-0001-fe2b-0001-9ade000b8586"": {""server_total_ms"": 242, ""server_compilation_ms"": 68, ""server_execution_ms"": 174, ""server_provisioning_queue_ms"": 0, ""server_overload_queue_ms"": 0, ""server_bytes_scanned"": 973312}, ""01c6f229-0001-fe2b-0001-9ade000b858a"": {""server_total_ms"": 213, ""server_compilation_ms"": 72, ""server_execution_ms"": 141, ""server_provisioning_queue_ms"": 0, ""server_overload_queue_ms"": 0, ""server_bytes_scanned"": 238592}}"
100000,warehouse,join_groupby,duckdb,2,8,01c6f229-0001-fe2b-0001-9ade000b855e,17.100345,100.0,690.020856,"{""columns"": [""region_id"", ""tier"", ""total_cents"", ""row_count""], ""dtypes"": [""int64"", ""int64"", ""int64"", ""int64""], ""hash_sum"": ""15482229778153811636"", ""hash_xor"": ""14299020784962879478"", ""rows"": 200}",658.027825,6532,200,"[""01c6f229-0001-fe2b-0001-9ade000b858e"", ""01c6f229-0001-fe2b-0001-9ade000b8592""]",14.892686,True,"{""01c6f229-0001-fe2b-0001-9ade000b858e"": {""server_total_ms"": 232, ""server_compilation_ms"": 67, ""server_execution_ms"": 165, ""server_provisioning_queue_ms"": 0, ""server_overload_queue_ms"": 0, ""server_bytes_scanned"": 973312}, ""01c6f229-0001-fe2b-0001-9ade000b8592"": {""server_total_ms"": 223, ""server_compilation_ms"": 79, ""server_execution_ms"": 144, ""server_provisioning_queue_ms"": 0, ""server_overload_queue_ms"": 0, ""server_bytes_scanned"": 238592}}"
100000,warehouse,join_groupby,duckdb,2,9,01c6f229-0001-fe2b-0001-9ade000b855e,19.441097,120.0,671.003153,"{""columns"": [""region_id"", ""tier"", ""total_cents"", ""row_count""], ""dtypes"": [""int64"", ""int64"", ""int64"", ""int64""], ""hash_sum"": ""15482229778153811636"", ""hash_xor"": ""14299020784962879478"", ""rows"": 200}",636.479523,6532,200,"[""01c6f229-0001-fe2b-0001-9ade000b8596"", ""01c6f229-0001-fe2b-0001-9ade000b859a""]",15.082533,True,"{""01c6f229-0001-fe2b-0001-9ade000b8596"": {""server_total_ms"": 241, ""server_compilation_ms"": 70, ""server_execution_ms"": 171, ""server_provisioning_queue_ms"": 0, ""server_overload_queue_ms"": 0, ""server_bytes_scanned"": 973312}, ""01c6f229-0001-fe2b-0001-9ade000b859a"": {""server_total_ms"": 203, ""server_compilation_ms"": 67, ""server_execution_ms"": 136, ""server_provisioning_queue_ms"": 0, ""server_overload_queue_ms"": 0, ""server_bytes_scanned"": 238592}}"
100000,warehouse,join_groupby,duckdb,2,10,01c6f229-0001-fe2b-0001-9ade000b855e,18.206006,130.0,728.919016,"{""columns"": [""region_id"", ""tier"", ""total_cents"", ""row_count""], ""dtypes"": [""int64"", ""int64"", ""int64"", ""int64""], ""hash_sum"": ""15482229778153811636"", ""hash_xor"": ""14299020784962879478"", ""rows"": 200}",695.911731,6532,200,"[""01c6f229-0001-fe2b-0001-9ade000b859e"", ""01c6f229-0001-fe2b-0001-9ade000b85a2""]",14.801279,True,"{""01c6f229-0001-fe2b-0001-9ade000b859e"": {""server_total_ms"": 259, ""server_compilation_ms"": 73, ""server_execution_ms"": 186, ""server_provisioning_queue_ms"": 0, ""server_overload_queue_ms"": 0, ""server_bytes_scanned"": 973312}, ""01c6f229-0001-fe2b-0001-9ade000b85a2"": {""server_total_ms"": 228, ""server_compilation_ms"": 69, ""server_execution_ms"": 159, ""server_provisioning_queue_ms"": 0, ""server_overload_queue_ms"": 0, ""server_bytes_scanned"": 238592}}"
1000000,warehouse,join_groupby,pandas,2,6,01c6f229-0001-fe2b-0001-9ade000b85a6,103.206464,220.0,1033.653461,"{""columns"": [""region_id"", ""tier"", ""total_cents"", ""row_count""], ""dtypes"": [""int64"", ""int64"", ""int64"", ""int64""], ""hash_sum"": ""13023197678645621665"", ""hash_xor"": ""8219731451453916309"", ""rows"": 200}",930.446997,6532,200,"[""01c6f229-0001-fe2b-0001-9ade000b85c6"", ""01c6f229-0001-fe2b-0001-9ade000b85ca""]",0.0,True,"{""01c6f229-0001-fe2b-0001-9ade000b85c6"": {""server_total_ms"": 415, ""server_compilation_ms"": 68, ""server_execution_ms"": 347, ""server_provisioning_queue_ms"": 0, ""server_overload_queue_ms"": 0, ""server_bytes_scanned"": 7627264}, ""01c6f229-0001-fe2b-0001-9ade000b85ca"": {""server_total_ms"": 212, ""server_compilation_ms"": 72, ""server_execution_ms"": 140, ""server_provisioning_queue_ms"": 0, ""server_overload_queue_ms"": 0, ""server_bytes_scanned"": 238592}}"
1000000,warehouse,join_groupby,pandas,2,7,01c6f229-0001-fe2b-0001-9ade000b85a6,107.355316,270.0,1008.153816,"{""columns"": [""region_id"", ""tier"", ""total_cents"", ""row_count""], ""dtypes"": [""int64"", ""int64"", ""int64"", ""int64""], ""hash_sum"": ""13023197678645621665"", ""hash_xor"": ""8219731451453916309"", ""rows"": 200}",900.7985,6532,200,"[""01c6f229-0001-fe2b-0001-9ade000b85ce"", ""01c6f229-0001-fe2b-0001-9ade000b85d2""]",0.0,True,"{""01c6f229-0001-fe2b-0001-9ade000b85ce"": {""server_total_ms"": 420, ""server_compilation_ms"": 74, ""server_execution_ms"": 346, ""server_provisioning_queue_ms"": 0, ""server_overload_queue_ms"": 0, ""server_bytes_scanned"": 7627264}, ""01c6f229-0001-fe2b-0001-9ade000b85d2"": {""server_total_ms"": 199, ""server_compilation_ms"": 65, ""server_execution_ms"": 134, ""server_provisioning_queue_ms"": 0, ""server_overload_queue_ms"": 0, ""server_bytes_scanned"": 238592}}"
1000000,warehouse,join_groupby,pandas,2,8,01c6f229-0001-fe2b-0001-9ade000b85a6,103.560753,220.0,1011.633281,"{""columns"": [""region_id"", ""tier"", ""total_cents"", ""row_count""], ""dtypes"": [""int64"", ""int64"", ""int64"", ""int64""], ""hash_sum"": ""13023197678645621665"", ""hash_xor"": ""8219731451453916309"", ""rows"": 200}",908.072528,6532,200,"[""01c6f229-0001-fe2b-0001-9ade000b85d6"", ""01c6f229-0001-fe2b-0001-9ade000b85da""]",0.0,True,"{""01c6f229-0001-fe2b-0001-9ade000b85d6"": {""server_total_ms"": 410, ""server_compilation_ms"": 66, ""server_execution_ms"": 344, ""server_provisioning_queue_ms"": 0, ""server_overload_queue_ms"": 0, ""server_bytes_scanned"": 7627264}, ""01c6f229-0001-fe2b-0001-9ade000b85da"": {""server_total_ms"": 211, ""server_compilation_ms"": 62, ""server_execution_ms"": 149, ""server_provisioning_queue_ms"": 0, ""server_overload_queue_ms"": 0, ""server_bytes_scanned"": 238592}}"
1000000,warehouse,join_groupby,pandas,2,9,01c6f229-0001-fe2b-0001-9ade000b85a6,108.029275,270.0,1093.023008,"{""columns"": [""region_id"", ""tier"", ""total_cents"", ""row_count""], ""dtypes"": [""int64"", ""int64"", ""int64"", ""int64""], ""hash_sum"": ""13023197678645621665"", ""hash_xor"": ""8219731451453916309"", ""rows"": 200}",984.993733,6532,200,"[""01c6f229-0001-fe2b-0001-9ade000b85de"", ""01c6f229-0001-fe2b-0001-9ade000b85e2""]",0.0,True,"{""01c6f229-0001-fe2b-0001-9ade000b85de"": {""server_total_ms"": 474, ""server_compilation_ms"": 67, ""server_execution_ms"": 407, ""server_provisioning_queue_ms"": 0, ""server_overload_queue_ms"": 0, ""server_bytes_scanned"": 7627264}, ""01c6f229-0001-fe2b-0001-9ade000b85e2"": {""server_total_ms"": 215, ""server_compilation_ms"": 72, ""server_execution_ms"": 143, ""server_provisioning_queue_ms"": 0, ""server_overload_queue_ms"": 0, ""server_bytes_scanned"": 238592}}"
1000000,warehouse,join_groupby,pandas,2,10,01c6f229-0001-fe2b-0001-9ade000b85a6,105.973074,280.0,1022.756895,"{""columns"": [""region_id"", ""tier"", ""total_cents"", ""row_count""], ""dtypes"": [""int64"", ""int64"", ""int64"", ""int64""], ""hash_sum"": ""13023197678645621665"", ""hash_xor"": ""8219731451453916309"", ""rows"": 200}",916.783821,6532,200,"[""01c6f229-0001-fe2b-0001-9ade000b85e6"", ""01c6f229-0001-fe2b-0001-9ade000b85ea""]",0.0,True,"{""01c6f229-0001-fe2b-0001-9ade000b85e6"": {""server_total_ms"": 411, ""server_compilation_ms"": 57, ""server_execution_ms"": 354, ""server_provisioning_queue_ms"": 0, ""server_overload_queue_ms"": 0, ""server_bytes_scanned"": 7627264}, ""01c6f229-0001-fe2b-0001-9ade000b85ea"": {""server_total_ms"": 211, ""server_compilation_ms"": 70, ""server_execution_ms"": 141, ""server_provisioning_queue_ms"": 0, ""server_overload_queue_ms"": 0, ""server_bytes_scanned"": 238592}}"
10000000,warehouse,filter_project,pandas,2,6,01c6f229-0001-fcf8-0001-9ade000aac76,57.210675,460.0,1468.80829,"{""columns"": [""id"", ""region_id"", ""gross_cents""], ""dtypes"": [""int64"", ""int64"", ""int64""], ""hash_sum"": ""9297358661400020835"", ""hash_xor"": ""11916629792613770293"", ""rows"": 1980090}",1411.597615,47522292,1980090,"[""01c6f229-0001-fcf8-0001-9ade000aac92""]",0.0,True,"{""01c6f229-0001-fcf8-0001-9ade000aac92"": {""server_total_ms"": 306, ""server_compilation_ms"": 66, ""server_execution_ms"": 240, ""server_provisioning_queue_ms"": 0, ""server_overload_queue_ms"": 0, ""server_bytes_scanned"": 141636608}}"
10000000,warehouse,filter_project,pandas,2,7,01c6f229-0001-fcf8-0001-9ade000aac76,58.072377,320.0,1116.211091,"{""columns"": [""id"", ""region_id"", ""gross_cents""], ""dtypes"": [""int64"", ""int64"", ""int64""], ""hash_sum"": ""9297358661400020835"", ""hash_xor"": ""11916629792613770293"", ""rows"": 1980090}",1058.138714,47522292,1980090,"[""01c6f229-0001-fcf8-0001-9ade000aac96""]",0.0,True,"{""01c6f229-0001-fcf8-0001-9ade000aac96"": {""server_total_ms"": 308, ""server_compilation_ms"": 75, ""server_execution_ms"": 233, ""server_provisioning_queue_ms"": 0, ""server_overload_queue_ms"": 0, ""server_bytes_scanned"": 151591936}}"
10000000,warehouse,filter_project,pandas,2,8,01c6f229-0001-fcf8-0001-9ade000aac76,59.697851,370.0,1091.269381,"{""columns"": [""id"", ""region_id"", ""gross_cents""], ""dtypes"": [""int64"", ""int64"", ""int64""], ""hash_sum"": ""9297358661400020835"", ""hash_xor"": ""11916629792613770293"", ""rows"": 1980090}",1031.57153,47522292,1980090,"[""01c6f229-0001-fcf8-0001-9ade000aac9a""]",0.0,True,"{""01c6f229-0001-fcf8-0001-9ade000aac9a"": {""server_total_ms"": 315, ""server_compilation_ms"": 71, ""server_execution_ms"": 244, ""server_provisioning_queue_ms"": 0, ""server_overload_queue_ms"": 0, ""server_bytes_scanned"": 151591936}}"
10000000,warehouse,filter_project,pandas,2,9,01c6f229-0001-fcf8-0001-9ade000aac76,56.730677,330.0,1046.985317,"{""columns"": [""id"", ""region_id"", ""gross_cents""], ""dtypes"": [""int64"", ""int64"", ""int64""], ""hash_sum"": ""9297358661400020835"", ""hash_xor"": ""11916629792613770293"", ""rows"": 1980090}",990.25464,47522292,1980090,"[""01c6f229-0001-fcf8-0001-9ade000aac9e""]",0.0,True,"{""01c6f229-0001-fcf8-0001-9ade000aac9e"": {""server_total_ms"": 309, ""server_compilation_ms"": 67, ""server_execution_ms"": 242, ""server_provisioning_queue_ms"": 0, ""server_overload_queue_ms"": 0, ""server_bytes_scanned"": 136658944}}"
10000000,warehouse,filter_project,pandas,2,10,01c6f229-0001-fcf8-0001-9ade000aac76,59.307454,340.0,1125.107153,"{""columns"": [""id"", ""region_id"", ""gross_cents""], ""dtypes"": [""int64"", ""int64"", ""int64""], ""hash_sum"": ""9297358661400020835"", ""hash_xor"": ""11916629792613770293"", ""rows"": 1980090}",1065.799699,47522292,1980090,"[""01c6f229-0001-fcf8-0001-9ade000aaca2""]",0.0,True,"{""01c6f229-0001-fcf8-0001-9ade000aaca2"": {""server_total_ms"": 318, ""server_compilation_ms"": 80, ""server_execution_ms"": 238, ""server_provisioning_queue_ms"": 0, ""server_overload_queue_ms"": 0, ""server_bytes_scanned"": 146614784}}"
10000000,warehouse,join_groupby,snowflake,3,11,01c6f229-0001-fe0c-0001-9ade000b92c6,210.317542,0.0,210.317542,"{""columns"": [""region_id"", ""tier"", ""total_cents"", ""row_count""], ""dtypes"": [""int64"", ""int64"", ""int64"", ""int64""], ""hash_sum"": ""17973786493157141569"", ""hash_xor"": ""18413190608798210925"", ""rows"": 200}",,6532,200,"[""01c6f22a-0001-fe0c-0001-9ade000b92e2""]",0.0,True,"{""01c6f22a-0001-fe0c-0001-9ade000b92e2"": {""server_total_ms"": 181, ""server_compilation_ms"": 76, ""server_execution_ms"": 105, ""server_provisioning_queue_ms"": 0, ""server_overload_queue_ms"": 0, ""server_bytes_scanned"": 141875712}}"
10000000,warehouse,join_groupby,snowflake,3,12,01c6f229-0001-fe0c-0001-9ade000b92c6,205.947914,10.0,205.947914,"{""columns"": [""region_id"", ""tier"", ""total_cents"", ""row_count""], ""dtypes"": [""int64"", ""int64"", ""int64"", ""int64""], ""hash_sum"": ""17973786493157141569"", ""hash_xor"": ""18413190608798210925"", ""rows"": 200}",,6532,200,"[""01c6f22a-0001-fe0c-0001-9ade000b92e6""]",0.0,True,"{""01c6f22a-0001-fe0c-0001-9ade000b92e6"": {""server_total_ms"": 175, ""server_compilation_ms"": 76, ""server_execution_ms"": 99, ""server_provisioning_queue_ms"": 0, ""server_overload_queue_ms"": 0, ""server_bytes_scanned"": 151830528}}"
10000000,warehouse,join_groupby,snowflake,3,13,01c6f229-0001-fe0c-0001-9ade000b92c6,231.756835,0.0,231.756835,"{""columns"": [""region_id"", ""tier"", ""total_cents"", ""row_count""], ""dtypes"": [""int64"", ""int64"", ""int64"", ""int64""], ""hash_sum"": ""17973786493157141569"", ""hash_xor"": ""18413190608798210925"", ""rows"": 200}",,6532,200,"[""01c6f22a-0001-fe0c-0001-9ade000b92ea""]",0.0,True,"{""01c6f22a-0001-fe0c-0001-9ade000b92ea"": {""server_total_ms"": 200, ""server_compilation_ms"": 87, ""server_execution_ms"": 113, ""server_provisioning_queue_ms"": 0, ""server_overload_queue_ms"": 0, ""server_bytes_scanned"": 151830528}}"
10000000,warehouse,join_groupby,snowflake,3,14,01c6f229-0001-fe0c-0001-9ade000b92c6,205.135273,0.0,205.135273,"{""columns"": [""region_id"", ""tier"", ""total_cents"", ""row_count""], ""dtypes"": [""int64"", ""int64"", ""int64"", ""int64""], ""hash_sum"": ""17973786493157141569"", ""hash_xor"": ""18413190608798210925"", ""rows"": 200}",,6532,200,"[""01c6f22a-0001-fe0c-0001-9ade000b92ee""]",0.0,True,"{""01c6f22a-0001-fe0c-0001-9ade000b92ee"": {""server_total_ms"": 173, ""server_compilation_ms"": 82, ""server_execution_ms"": 91, ""server_provisioning_queue_ms"": 0, ""server_overload_queue_ms"": 0, ""server_bytes_scanned"": 151830528}}"
10000000,warehouse,join_groupby,snowflake,3,15,01c6f229-0001-fe0c-0001-9ade000b92c6,220.181719,10.0,220.181719,"{""columns"": [""region_id"", ""tier"", ""total_cents"", ""row_count""], ""dtypes"": [""int64"", ""int64"", ""int64"", ""int64""], ""hash_sum"": ""17973786493157141569"", ""hash_xor"": ""18413190608798210925"", ""rows"": 200}",,6532,200,"[""01c6f22a-0001-fe0c-0001-9ade000b92f2""]",0.0,True,"{""01c6f22a-0001-fe0c-0001-9ade000b92f2"": {""server_total_ms"": 189, ""server_compilation_ms"": 98, ""server_execution_ms"": 91, ""server_provisioning_queue_ms"": 0, ""server_overload_queue_ms"": 0, ""server_bytes_scanned"": 156048380}}"
10000000,warehouse,filter_project,duckdb,3,11,01c6f22a-0001-fcf8-0001-9ade000aacaa,21.64901,340.0,1060.587978,"{""columns"": [""id"", ""region_id"", ""gross_cents""], ""dtypes"": [""int64"", ""int64"", ""int64""], ""hash_sum"": ""9297358661400020835"", ""hash_xor"": ""11916629792613770293"", ""rows"": 1980090}",1025.34217,47522292,1980090,"[""01c6f22a-0001-fcf8-0001-9ade000aacc6""]",13.596798,True,"{""01c6f22a-0001-fcf8-0001-9ade000aacc6"": {""server_total_ms"": 303, ""server_compilation_ms"": 60, ""server_execution_ms"": 243, ""server_provisioning_queue_ms"": 0, ""server_overload_queue_ms"": 0, ""server_bytes_scanned"": 151591936}}"
10000000,warehouse,filter_project,duckdb,3,12,01c6f22a-0001-fcf8-0001-9ade000aacaa,23.606478,360.0,1029.901695,"{""columns"": [""id"", ""region_id"", ""gross_cents""], ""dtypes"": [""int64"", ""int64"", ""int64""], ""hash_sum"": ""9297358661400020835"", ""hash_xor"": ""11916629792613770293"", ""rows"": 1980090}",993.34368,47522292,1980090,"[""01c6f22a-0001-fcf8-0001-9ade000aacca""]",12.951537,True,"{""01c6f22a-0001-fcf8-0001-9ade000aacca"": {""server_total_ms"": 301, ""server_compilation_ms"": 78, ""server_execution_ms"": 223, ""server_provisioning_queue_ms"": 0, ""server_overload_queue_ms"": 0, ""server_bytes_scanned"": 151591936}}"
10000000,warehouse,filter_project,duckdb,3,13,01c6f22a-0001-fcf8-0001-9ade000aacaa,23.735596,400.0,1074.548698,"{""columns"": [""id"", ""region_id"", ""gross_cents""], ""dtypes"": [""int64"", ""int64"", ""int64""], ""hash_sum"": ""9297358661400020835"", ""hash_xor"": ""11916629792613770293"", ""rows"": 1980090}",1036.862273,47522292,1980090,"[""01c6f22a-0001-fcf8-0001-9ade000aacce""]",13.950829,True,"{""01c6f22a-0001-fcf8-0001-9ade000aacce"": {""server_total_ms"": 305, ""server_compilation_ms"": 73, ""server_execution_ms"": 232, ""server_provisioning_queue_ms"": 0, ""server_overload_queue_ms"": 0, ""server_bytes_scanned"": 151591936}}"
10000000,warehouse,filter_project,duckdb,3,14,01c6f22a-0001-fcf8-0001-9ade000aacaa,24.94067,400.0,1038.859621,"{""columns"": [""id"", ""region_id"", ""gross_cents""], ""dtypes"": [""int64"", ""int64"", ""int64""], ""hash_sum"": ""9297358661400020835"", ""hash_xor"": ""11916629792613770293"", ""rows"": 1980090}",1000.481256,47522292,1980090,"[""01c6f22a-0001-fcf8-0001-9ade000aacd2""]",13.437695,True,"{""01c6f22a-0001-fcf8-0001-9ade000aacd2"": {""server_total_ms"": 296, ""server_compilation_ms"": 67, ""server_execution_ms"": 229, ""server_provisioning_queue_ms"": 0, ""server_overload_queue_ms"": 0, ""server_bytes_scanned"": 151591936}}"
10000000,warehouse,filter_project,duckdb,3,15,01c6f22a-0001-fcf8-0001-9ade000aacaa,23.993114,320.0,1070.495972,"{""columns"": [""id"", ""region_id"", ""gross_cents""], ""dtypes"": [""int64"", ""int64"", ""int64""], ""hash_sum"": ""9297358661400020835"", ""hash_xor"": ""11916629792613770293"", ""rows"": 1980090}",1032.90811,47522292,1980090,"[""01c6f22a-0001-fcf8-0001-9ade000aacd6""]",13.594748,True,"{""01c6f22a-0001-fcf8-0001-9ade000aacd6"": {""server_total_ms"": 316, ""server_compilation_ms"": 70, ""server_execution_ms"": 246, ""server_provisioning_queue_ms"": 0, ""server_overload_queue_ms"": 0, ""server_bytes_scanned"": 150832557}}"
1000000,warehouse,clean_derive,duckdb,3,11,01c6f22a-0001-fe2b-0001-9ade000b85f2,18.362412,210.0,714.572953,"{""columns"": [""id"", ""net_cents""], ""dtypes"": [""int64"", ""int64""], ""hash_sum"": ""16902620082194219032"", ""hash_xor"": ""7441825716312922670"", ""rows"": 1000000}",681.830267,16000132,1000000,"[""01c6f22a-0001-fe2b-0001-9ade000b860e""]",14.380274,True,"{""01c6f22a-0001-fe2b-0001-9ade000b860e"": {""server_total_ms"": 471, ""server_compilation_ms"": 87, ""server_execution_ms"": 384, ""server_provisioning_queue_ms"": 0, ""server_overload_queue_ms"": 0, ""server_bytes_scanned"": 7627264}}"
1000000,warehouse,clean_derive,duckdb,3,12,01c6f22a-0001-fe2b-0001-9ade000b85f2,18.723818,180.0,719.90828,"{""columns"": [""id"", ""net_cents""], ""dtypes"": [""int64"", ""int64""], ""hash_sum"": ""16902620082194219032"", ""hash_xor"": ""7441825716312922670"", ""rows"": 1000000}",686.551528,16000132,1000000,"[""01c6f22a-0001-fe2b-0001-9ade000b8612""]",14.632934,True,"{""01c6f22a-0001-fe2b-0001-9ade000b8612"": {""server_total_ms"": 469, ""server_compilation_ms"": 73, ""server_execution_ms"": 396, ""server_provisioning_queue_ms"": 0, ""server_overload_queue_ms"": 0, ""server_bytes_scanned"": 7627264}}"
1000000,warehouse,clean_derive,duckdb,3,13,01c6f22a-0001-fe2b-0001-9ade000b85f2,18.333394,220.0,680.342515,"{""columns"": [""id"", ""net_cents""], ""dtypes"": [""int64"", ""int64""], ""hash_sum"": ""16902620082194219032"", ""hash_xor"": ""7441825716312922670"", ""rows"": 1000000}",647.884549,16000132,1000000,"[""01c6f22a-0001-fe2b-0001-9ade000b8616""]",14.124572,True,"{""01c6f22a-0001-fe2b-0001-9ade000b8616"": {""server_total_ms"": 446, ""server_compilation_ms"": 79, ""server_execution_ms"": 367, ""server_provisioning_queue_ms"": 0, ""server_overload_queue_ms"": 0, ""server_bytes_scanned"": 7627264}}"
1000000,warehouse,clean_derive,duckdb,3,14,01c6f22a-0001-fe2b-0001-9ade000b85f2,17.766345,200.0,695.316335,"{""columns"": [""id"", ""net_cents""], ""dtypes"": [""int64"", ""int64""], ""hash_sum"": ""16902620082194219032"", ""hash_xor"": ""7441825716312922670"", ""rows"": 1000000}",663.673343,16000132,1000000,"[""01c6f22a-0001-fe2b-0001-9ade000b861a""]",13.876647,True,"{""01c6f22a-0001-fe2b-0001-9ade000b861a"": {""server_total_ms"": 444, ""server_compilation_ms"": 77, ""server_execution_ms"": 367, ""server_provisioning_queue_ms"": 0, ""server_overload_queue_ms"": 0, ""server_bytes_scanned"": 7627264}}"
1000000,warehouse,clean_derive,duckdb,3,15,01c6f22a-0001-fe2b-0001-9ade000b85f2,16.023034,150.0,713.360446,"{""columns"": [""id"", ""net_cents""], ""dtypes"": [""int64"", ""int64""], ""hash_sum"": ""16902620082194219032"", ""hash_xor"": ""7441825716312922670"", ""rows"": 1000000}",684.025201,16000132,1000000,"[""01c6f22a-0001-fe2b-0001-9ade000b861e""]",13.312211,True,"{""01c6f22a-0001-fe2b-0001-9ade000b861e"": {""server_total_ms"": 446, ""server_compilation_ms"": 71, ""server_execution_ms"": 375, ""server_provisioning_queue_ms"": 0, ""server_overload_queue_ms"": 0, ""server_bytes_scanned"": 7627264}}"
10000000,warehouse,join_groupby,duckdb,3,11,01c6f22a-0001-fe2b-0001-9ade000b8622,135.706643,1480.0,2416.304386,"{""columns"": [""region_id"", ""tier"", ""total_cents"", ""row_count""], ""dtypes"": [""int64"", ""int64"", ""int64"", ""int64""], ""hash_sum"": ""17973786493157141569"", ""hash_xor"": ""18413190608798210925"", ""rows"": 200}",2265.616348,6532,200,"[""01c6f22a-0001-fe2b-0001-9ade000b8642"", ""01c6f22a-0001-fe2b-0001-9ade000b8646""]",14.981395,True,"{""01c6f22a-0001-fe2b-0001-9ade000b8642"": {""server_total_ms"": 460, ""server_compilation_ms"": 77, ""server_execution_ms"": 383, ""server_provisioning_queue_ms"": 0, ""server_overload_queue_ms"": 0, ""server_bytes_scanned"": 151591936}, ""01c6f22a-0001-fe2b-0001-9ade000b8646"": {""server_total_ms"": 190, ""server_compilation_ms"": 68, ""server_execution_ms"": 122, ""server_provisioning_queue_ms"": 0, ""server_overload_queue_ms"": 0, ""server_bytes_scanned"": 238592}}"
10000000,warehouse,join_groupby,duckdb,3,12,01c6f22a-0001-fe2b-0001-9ade000b8622,132.824331,1450.0,2385.820234,"{""columns"": [""region_id"", ""tier"", ""total_cents"", ""row_count""], ""dtypes"": [""int64"", ""int64"", ""int64"", ""int64""], ""hash_sum"": ""17973786493157141569"", ""hash_xor"": ""18413190608798210925"", ""rows"": 200}",2238.061428,6532,200,"[""01c6f22a-0001-fe2b-0001-9ade000b864a"", ""01c6f22a-0001-fe2b-0001-9ade000b864e""]",14.934475,True,"{""01c6f22a-0001-fe2b-0001-9ade000b864a"": {""server_total_ms"": 441, ""server_compilation_ms"": 72, ""server_execution_ms"": 369, ""server_provisioning_queue_ms"": 0, ""server_overload_queue_ms"": 0, ""server_bytes_scanned"": 151591936}, ""01c6f22a-0001-fe2b-0001-9ade000b864e"": {""server_total_ms"": 207, ""server_compilation_ms"": 66, ""server_execution_ms"": 141, ""server_provisioning_queue_ms"": 0, ""server_overload_queue_ms"": 0, ""server_bytes_scanned"": 238592}}"
10000000,warehouse,join_groupby,duckdb,3,13,01c6f22a-0001-fe2b-0001-9ade000b8622,134.61934,1420.0,2403.0696,"{""columns"": [""region_id"", ""tier"", ""total_cents"", ""row_count""], ""dtypes"": [""int64"", ""int64"", ""int64"", ""int64""], ""hash_sum"": ""17973786493157141569"", ""hash_xor"": ""18413190608798210925"", ""rows"": 200}",2253.407342,6532,200,"[""01c6f22a-0001-fe2b-0001-9ade000b8652"", ""01c6f22a-0001-fe2b-0001-9ade000b8656""]",15.042918,True,"{""01c6f22a-0001-fe2b-0001-9ade000b8652"": {""server_total_ms"": 484, ""server_compilation_ms"": 79, ""server_execution_ms"": 405, ""server_provisioning_queue_ms"": 0, ""server_overload_queue_ms"": 0, ""server_bytes_scanned"": 151591936}, ""01c6f22a-0001-fe2b-0001-9ade000b8656"": {""server_total_ms"": 219, ""server_compilation_ms"": 73, ""server_execution_ms"": 146, ""server_provisioning_queue_ms"": 0, ""server_overload_queue_ms"": 0, ""server_bytes_scanned"": 238592}}"
10000000,warehouse,join_groupby,duckdb,3,14,01c6f22a-0001-fe2b-0001-9ade000b8622,129.363052,1410.0,2250.390405,"{""columns"": [""region_id"", ""tier"", ""total_cents"", ""row_count""], ""dtypes"": [""int64"", ""int64"", ""int64"", ""int64""], ""hash_sum"": ""17973786493157141569"", ""hash_xor"": ""18413190608798210925"", ""rows"": 200}",2105.824209,6532,200,"[""01c6f22a-0001-fe2b-0001-9ade000b865a"", ""01c6f22a-0001-fe2b-0001-9ade000b865e""]",15.203144,True,"{""01c6f22a-0001-fe2b-0001-9ade000b865a"": {""server_total_ms"": 442, ""server_compilation_ms"": 65, ""server_execution_ms"": 377, ""server_provisioning_queue_ms"": 0, ""server_overload_queue_ms"": 0, ""server_bytes_scanned"": 151591936}, ""01c6f22a-0001-fe2b-0001-9ade000b865e"": {""server_total_ms"": 218, ""server_compilation_ms"": 72, ""server_execution_ms"": 146, ""server_provisioning_queue_ms"": 0, ""server_overload_queue_ms"": 0, ""server_bytes_scanned"": 238592}}"
10000000,warehouse,join_groupby,duckdb,3,15,01c6f22a-0001-fe2b-0001-9ade000b8622,135.795846,1490.0,2302.701555,"{""columns"": [""region_id"", ""tier"", ""total_cents"", ""row_count""], ""dtypes"": [""int64"", ""int64"", ""int64"", ""int64""], ""hash_sum"": ""17973786493157141569"", ""hash_xor"": ""18413190608798210925"", ""rows"": 200}",2152.113298,6532,200,"[""01c6f22a-0001-fe2b-0001-9ade000b8662"", ""01c6f22a-0001-fe2b-0001-9ade000b8666""]",14.792411,True,"{""01c6f22a-0001-fe2b-0001-9ade000b8662"": {""server_total_ms"": 493, ""server_compilation_ms"": 72, ""server_execution_ms"": 421, ""server_provisioning_queue_ms"": 0, ""server_overload_queue_ms"": 0, ""server_bytes_scanned"": 151591936}, ""01c6f22a-0001-fe2b-0001-9ade000b8666"": {""server_total_ms"": 222, ""server_compilation_ms"": 81, ""server_execution_ms"": 141, ""server_provisioning_queue_ms"": 0, ""server_overload_queue_ms"": 0, ""server_bytes_scanned"": 238592}}"
100000,warehouse,filter_project,pandas,3,11,01c6f22a-0001-fcf9-0001-9ade000b5712,1.407857,0.0,272.292235,"{""columns"": [""id"", ""region_id"", ""gross_cents""], ""dtypes"": [""int64"", ""int64"", ""int64""], ""hash_sum"": ""6934637738391437775"", ""hash_xor"": ""13010755706745315299"", ""rows"": 19886}",270.884378,477396,19886,"[""01c6f22a-0001-fcf9-0001-9ade000b572e""]",0.0,True,"{""01c6f22a-0001-fcf9-0001-9ade000b572e"": {""server_total_ms"": 173, ""server_compilation_ms"": 62, ""server_execution_ms"": 111, ""server_provisioning_queue_ms"": 0, ""server_overload_queue_ms"": 0, ""server_bytes_scanned"": 973312}}"
100000,warehouse,filter_project,pandas,3,12,01c6f22a-0001-fcf9-0001-9ade000b5712,1.342813,0.0,277.8069,"{""columns"": [""id"", ""region_id"", ""gross_cents""], ""dtypes"": [""int64"", ""int64"", ""int64""], ""hash_sum"": ""6934637738391437775"", ""hash_xor"": ""13010755706745315299"", ""rows"": 19886}",276.464087,477396,19886,"[""01c6f22a-0001-fcf9-0001-9ade000b5732""]",0.0,True,"{""01c6f22a-0001-fcf9-0001-9ade000b5732"": {""server_total_ms"": 178, ""server_compilation_ms"": 65, ""server_execution_ms"": 113, ""server_provisioning_queue_ms"": 0, ""server_overload_queue_ms"": 0, ""server_bytes_scanned"": 973312}}"
100000,warehouse,filter_project,pandas,3,13,01c6f22a-0001-fcf9-0001-9ade000b5712,1.302611,40.0,273.525339,"{""columns"": [""id"", ""region_id"", ""gross_cents""], ""dtypes"": [""int64"", ""int64"", ""int64""], ""hash_sum"": ""6934637738391437775"", ""hash_xor"": ""13010755706745315299"", ""rows"": 19886}",272.222728,477396,19886,"[""01c6f22a-0001-fcf9-0001-9ade000b5736""]",0.0,True,"{""01c6f22a-0001-fcf9-0001-9ade000b5736"": {""server_total_ms"": 172, ""server_compilation_ms"": 62, ""server_execution_ms"": 110, ""server_provisioning_queue_ms"": 0, ""server_overload_queue_ms"": 0, ""server_bytes_scanned"": 973312}}"
100000,warehouse,filter_project,pandas,3,14,01c6f22a-0001-fcf9-0001-9ade000b5712,1.372445,10.0,288.59313,"{""columns"": [""id"", ""region_id"", ""gross_cents""], ""dtypes"": [""int64"", ""int64"", ""int64""], ""hash_sum"": ""6934637738391437775"", ""hash_xor"": ""13010755706745315299"", ""rows"": 19886}",287.220685,477396,19886,"[""01c6f22a-0001-fcf9-0001-9ade000b573a""]",0.0,True,"{""01c6f22a-0001-fcf9-0001-9ade000b573a"": {""server_total_ms"": 188, ""server_compilation_ms"": 70, ""server_execution_ms"": 118, ""server_provisioning_queue_ms"": 0, ""server_overload_queue_ms"": 0, ""server_bytes_scanned"": 973312}}"
100000,warehouse,filter_project,pandas,3,15,01c6f22a-0001-fcf9-0001-9ade000b5712,1.315915,20.0,281.685853,"{""columns"": [""id"", ""region_id"", ""gross_cents""], ""dtypes"": [""int64"", ""int64"", ""int64""], ""hash_sum"": ""6934637738391437775"", ""hash_xor"": ""13010755706745315299"", ""rows"": 19886}",280.369938,477396,19886,"[""01c6f22a-0001-fcf9-0001-9ade000b573e""]",0.0,True,"{""01c6f22a-0001-fcf9-0001-9ade000b573e"": {""server_total_ms"": 176, ""server_compilation_ms"": 65, ""server_execution_ms"": 111, ""server_provisioning_queue_ms"": 0, ""server_overload_queue_ms"": 0, ""server_bytes_scanned"": 973312}}"
10000000,warehouse,join_groupby,pandas,3,11,01c6f22a-0001-fcf8-0001-9ade000aacde,714.607338,1520.0,2923.665876,"{""columns"": [""region_id"", ""tier"", ""total_cents"", ""row_count""], ""dtypes"": [""int64"", ""int64"", ""int64"", ""int64""], ""hash_sum"": ""17973786493157141569"", ""hash_xor"": ""18413190608798210925"", ""rows"": 200}",2209.058538,6532,200,"[""01c6f22a-0001-fcf8-0001-9ade000aacfe"", ""01c6f22a-0001-fcf8-0001-9ade000aad02""]",0.0,True,"{""01c6f22a-0001-fcf8-0001-9ade000aacfe"": {""server_total_ms"": 501, ""server_compilation_ms"": 56, ""server_execution_ms"": 445, ""server_provisioning_queue_ms"": 0, ""server_overload_queue_ms"": 0, ""server_bytes_scanned"": 151591936}, ""01c6f22a-0001-fcf8-0001-9ade000aad02"": {""server_total_ms"": 244, ""server_compilation_ms"": 57, ""server_execution_ms"": 187, ""server_provisioning_queue_ms"": 0, ""server_overload_queue_ms"": 0, ""server_bytes_scanned"": 238592}}"
10000000,warehouse,join_groupby,pandas,3,12,01c6f22a-0001-fcf8-0001-9ade000aacde,719.31757,1580.0,2844.945121,"{""columns"": [""region_id"", ""tier"", ""total_cents"", ""row_count""], ""dtypes"": [""int64"", ""int64"", ""int64"", ""int64""], ""hash_sum"": ""17973786493157141569"", ""hash_xor"": ""18413190608798210925"", ""rows"": 200}",2125.627551,6532,200,"[""01c6f22a-0001-fcf8-0001-9ade000aad06"", ""01c6f22a-0001-fcf8-0001-9ade000aad0a""]",0.0,True,"{""01c6f22a-0001-fcf8-0001-9ade000aad06"": {""server_total_ms"": 462, ""server_compilation_ms"": 60, ""server_execution_ms"": 402, ""server_provisioning_queue_ms"": 0, ""server_overload_queue_ms"": 0, ""server_bytes_scanned"": 151591936}, ""01c6f22a-0001-fcf8-0001-9ade000aad0a"": {""server_total_ms"": 227, ""server_compilation_ms"": 81, ""server_execution_ms"": 146, ""server_provisioning_queue_ms"": 0, ""server_overload_queue_ms"": 0, ""server_bytes_scanned"": 238592}}"
10000000,warehouse,join_groupby,pandas,3,13,01c6f22a-0001-fcf8-0001-9ade000aacde,723.193975,1620.0,3250.593011,"{""columns"": [""region_id"", ""tier"", ""total_cents"", ""row_count""], ""dtypes"": [""int64"", ""int64"", ""int64"", ""int64""], ""hash_sum"": ""17973786493157141569"", ""hash_xor"": ""18413190608798210925"", ""rows"": 200}",2527.399036,6532,200,"[""01c6f22a-0001-fcf8-0001-9ade000aad0e"", ""01c6f22b-0001-fcf8-0001-9ade000aad12""]",0.0,True,"{""01c6f22a-0001-fcf8-0001-9ade000aad0e"": {""server_total_ms"": 930, ""server_compilation_ms"": 566, ""server_execution_ms"": 364, ""server_provisioning_queue_ms"": 0, ""server_overload_queue_ms"": 0, ""server_bytes_scanned"": 151591936}, ""01c6f22b-0001-fcf8-0001-9ade000aad12"": {""server_total_ms"": 185, ""server_compilation_ms"": 59, ""server_execution_ms"": 126, ""server_provisioning_queue_ms"": 0, ""server_overload_queue_ms"": 0, ""server_bytes_scanned"": 238592}}"
10000000,warehouse,join_groupby,pandas,3,14,01c6f22a-0001-fcf8-0001-9ade000aacde,713.916013,1480.0,2860.439742,"{""columns"": [""region_id"", ""tier"", ""total_cents"", ""row_count""], ""dtypes"": [""int64"", ""int64"", ""int64"", ""int64""], ""hash_sum"": ""17973786493157141569"", ""hash_xor"": ""18413190608798210925"", ""rows"": 200}",2146.523729,6532,200,"[""01c6f22b-0001-fcf8-0001-9ade000aad16"", ""01c6f22b-0001-fcf8-0001-9ade000aad1a""]",0.0,True,"{""01c6f22b-0001-fcf8-0001-9ade000aad16"": {""server_total_ms"": 460, ""server_compilation_ms"": 79, ""server_execution_ms"": 381, ""server_provisioning_queue_ms"": 0, ""server_overload_queue_ms"": 0, ""server_bytes_scanned"": 151591936}, ""01c6f22b-0001-fcf8-0001-9ade000aad1a"": {""server_total_ms"": 223, ""server_compilation_ms"": 64, ""server_execution_ms"": 159, ""server_provisioning_queue_ms"": 0, ""server_overload_queue_ms"": 0, ""server_bytes_scanned"": 238592}}"
10000000,warehouse,join_groupby,pandas,3,15,01c6f22a-0001-fcf8-0001-9ade000aacde,772.798658,1690.0,2859.127075,"{""columns"": [""region_id"", ""tier"", ""total_cents"", ""row_count""], ""dtypes"": [""int64"", ""int64"", ""int64"", ""int64""], ""hash_sum"": ""17973786493157141569"", ""hash_xor"": ""18413190608798210925"", ""rows"": 200}",2086.328417,6532,200,"[""01c6f22b-0001-fcf8-0001-9ade000aad1e"", ""01c6f22b-0001-fcf8-0001-9ade000aad22""]",0.0,True,"{""01c6f22b-0001-fcf8-0001-9ade000aad1e"": {""server_total_ms"": 445, ""server_compilation_ms"": 60, ""server_execution_ms"": 385, ""server_provisioning_queue_ms"": 0, ""server_overload_queue_ms"": 0, ""server_bytes_scanned"": 151591936}, ""01c6f22b-0001-fcf8-0001-9ade000aad22"": {""server_total_ms"": 189, ""server_compilation_ms"": 62, ""server_execution_ms"": 127, ""server_provisioning_queue_ms"": 0, ""server_overload_queue_ms"": 0, ""server_bytes_scanned"": 238592}}"
10000000,warehouse,groupby,pandas,3,11,01c6f22b-0001-fe0c-0001-9ade000b9302,136.391841,850.0,1567.16882,"{""columns"": [""region_id"", ""total_cents"", ""total_quantity"", ""row_count""], ""dtypes"": [""int64"", ""int64"", ""int64"", ""int64""], ""hash_sum"": ""3404719191165042972"", ""hash_xor"": ""2526757767072946434"", ""rows"": 50}",1430.776979,1732,50,"[""01c6f22b-0001-fe0c-0001-9ade000b931e""]",0.0,True,"{""01c6f22b-0001-fe0c-0001-9ade000b931e"": {""server_total_ms"": 386, ""server_compilation_ms"": 79, ""server_execution_ms"": 307, ""server_provisioning_queue_ms"": 0, ""server_overload_queue_ms"": 0, ""server_bytes_scanned"": 151591936}}"
10000000,warehouse,groupby,pandas,3,12,01c6f22b-0001-fe0c-0001-9ade000b9302,137.234159,910.0,1582.762699,"{""columns"": [""region_id"", ""total_cents"", ""total_quantity"", ""row_count""], ""dtypes"": [""int64"", ""int64"", ""int64"", ""int64""], ""hash_sum"": ""3404719191165042972"", ""hash_xor"": ""2526757767072946434"", ""rows"": 50}",1445.52854,1732,50,"[""01c6f22b-0001-fe0c-0001-9ade000b9322""]",0.0,True,"{""01c6f22b-0001-fe0c-0001-9ade000b9322"": {""server_total_ms"": 373, ""server_compilation_ms"": 67, ""server_execution_ms"": 306, ""server_provisioning_queue_ms"": 0, ""server_overload_queue_ms"": 0, ""server_bytes_scanned"": 151591936}}"
10000000,warehouse,groupby,pandas,3,13,01c6f22b-0001-fe0c-0001-9ade000b9302,138.636416,690.0,1634.463599,"{""columns"": [""region_id"", ""total_cents"", ""total_quantity"", ""row_count""], ""dtypes"": [""int64"", ""int64"", ""int64"", ""int64""], ""hash_sum"": ""3404719191165042972"", ""hash_xor"": ""2526757767072946434"", ""rows"": 50}",1495.827183,1732,50,"[""01c6f22b-0001-fe0c-0001-9ade000b9326""]",0.0,True,"{""01c6f22b-0001-fe0c-0001-9ade000b9326"": {""server_total_ms"": 432, ""server_compilation_ms"": 86, ""server_execution_ms"": 346, ""server_provisioning_queue_ms"": 0, ""server_overload_queue_ms"": 0, ""server_bytes_scanned"": 151591936}}"
10000000,warehouse,groupby,pandas,3,14,01c6f22b-0001-fe0c-0001-9ade000b9302,138.98696,770.0,1683.630973,"{""columns"": [""region_id"", ""total_cents"", ""total_quantity"", ""row_count""], ""dtypes"": [""int64"", ""int64"", ""int64"", ""int64""], ""hash_sum"": ""3404719191165042972"", ""hash_xor"": ""2526757767072946434"", ""rows"": 50}",1544.644013,1732,50,"[""01c6f22b-0001-fe0c-0001-9ade000b932a""]",0.0,True,"{""01c6f22b-0001-fe0c-0001-9ade000b932a"": {""server_total_ms"": 401, ""server_compilation_ms"": 64, ""server_execution_ms"": 337, ""server_provisioning_queue_ms"": 0, ""server_overload_queue_ms"": 0, ""server_bytes_scanned"": 151591936}}"
10000000,warehouse,groupby,pandas,3,15,01c6f22b-0001-fe0c-0001-9ade000b9302,137.658975,790.0,1688.593306,"{""columns"": [""region_id"", ""total_cents"", ""total_quantity"", ""row_count""], ""dtypes"": [""int64"", ""int64"", ""int64"", ""int64""], ""hash_sum"": ""3404719191165042972"", ""hash_xor"": ""2526757767072946434"", ""rows"": 50}",1550.934331,1732,50,"[""01c6f22b-0001-fe0c-0001-9ade000b932e""]",0.0,True,"{""01c6f22b-0001-fe0c-0001-9ade000b932e"": {""server_total_ms"": 457, ""server_compilation_ms"": 126, ""server_execution_ms"": 331, ""server_provisioning_queue_ms"": 0, ""server_overload_queue_ms"": 0, ""server_bytes_scanned"": 151591936}}"
1000000,warehouse,groupby,snowflake,3,11,01c6f22b-0001-fe2b-0001-9ade000b866e,132.123962,0.0,132.123962,"{""columns"": [""region_id"", ""total_cents"", ""total_quantity"", ""row_count""], ""dtypes"": [""int64"", ""int64"", ""int64"", ""int64""], ""hash_sum"": ""3129039791569495086"", ""hash_xor"": ""14932865647023855810"", ""rows"": 50}",,1732,50,"[""01c6f22b-0001-fe2b-0001-9ade000b868a""]",0.0,True,"{""01c6f22b-0001-fe2b-0001-9ade000b868a"": {""server_total_ms"": 109, ""server_compilation_ms"": 75, ""server_execution_ms"": 34, ""server_provisioning_queue_ms"": 0, ""server_overload_queue_ms"": 0, ""server_bytes_scanned"": 7627264}}"
1000000,warehouse,groupby,snowflake,3,12,01c6f22b-0001-fe2b-0001-9ade000b866e,122.183344,0.0,122.183344,"{""columns"": [""region_id"", ""total_cents"", ""total_quantity"", ""row_count""], ""dtypes"": [""int64"", ""int64"", ""int64"", ""int64""], ""hash_sum"": ""3129039791569495086"", ""hash_xor"": ""14932865647023855810"", ""rows"": 50}",,1732,50,"[""01c6f22b-0001-fe2b-0001-9ade000b868e""]",0.0,True,"{""01c6f22b-0001-fe2b-0001-9ade000b868e"": {""server_total_ms"": 102, ""server_compilation_ms"": 68, ""server_execution_ms"": 34, ""server_provisioning_queue_ms"": 0, ""server_overload_queue_ms"": 0, ""server_bytes_scanned"": 7627264}}"
1000000,warehouse,groupby,snowflake,3,13,01c6f22b-0001-fe2b-0001-9ade000b866e,129.346452,0.0,129.346452,"{""columns"": [""region_id"", ""total_cents"", ""total_quantity"", ""row_count""], ""dtypes"": [""int64"", ""int64"", ""int64"", ""int64""], ""hash_sum"": ""3129039791569495086"", ""hash_xor"": ""14932865647023855810"", ""rows"": 50}",,1732,50,"[""01c6f22b-0001-fe2b-0001-9ade000b8692""]",0.0,True,"{""01c6f22b-0001-fe2b-0001-9ade000b8692"": {""server_total_ms"": 107, ""server_compilation_ms"": 73, ""server_execution_ms"": 34, ""server_provisioning_queue_ms"": 0, ""server_overload_queue_ms"": 0, ""server_bytes_scanned"": 7627264}}"
1000000,warehouse,groupby,snowflake,3,14,01c6f22b-0001-fe2b-0001-9ade000b866e,124.139668,0.0,124.139668,"{""columns"": [""region_id"", ""total_cents"", ""total_quantity"", ""row_count""], ""dtypes"": [""int64"", ""int64"", ""int64"", ""int64""], ""hash_sum"": ""3129039791569495086"", ""hash_xor"": ""14932865647023855810"", ""rows"": 50}",,1732,50,"[""01c6f22b-0001-fe2b-0001-9ade000b8696""]",0.0,True,"{""01c6f22b-0001-fe2b-0001-9ade000b8696"": {""server_total_ms"": 102, ""server_compilation_ms"": 71, ""server_execution_ms"": 31, ""server_provisioning_queue_ms"": 0, ""server_overload_queue_ms"": 0, ""server_bytes_scanned"": 7627264}}"
1000000,warehouse,groupby,snowflake,3,15,01c6f22b-0001-fe2b-0001-9ade000b866e,134.503588,0.0,134.503588,"{""columns"": [""region_id"", ""total_cents"", ""total_quantity"", ""row_count""], ""dtypes"": [""int64"", ""int64"", ""int64"", ""int64""], ""hash_sum"": ""3129039791569495086"", ""hash_xor"": ""14932865647023855810"", ""rows"": 50}",,1732,50,"[""01c6f22b-0001-fe2b-0001-9ade000b869a""]",0.0,True,"{""01c6f22b-0001-fe2b-0001-9ade000b869a"": {""server_total_ms"": 114, ""server_compilation_ms"": 82, ""server_execution_ms"": 32, ""server_provisioning_queue_ms"": 0, ""server_overload_queue_ms"": 0, ""server_bytes_scanned"": 7627264}}"
100000,warehouse,join_groupby,duckdb,3,11,01c6f22b-0001-fcf9-0001-9ade000b574a,17.884268,110.0,676.565588,"{""columns"": [""region_id"", ""tier"", ""total_cents"", ""row_count""], ""dtypes"": [""int64"", ""int64"", ""int64"", ""int64""], ""hash_sum"": ""15482229778153811636"", ""hash_xor"": ""14299020784962879478"", ""rows"": 200}",643.916773,6532,200,"[""01c6f22b-0001-fcf9-0001-9ade000b576a"", ""01c6f22b-0001-fcf9-0001-9ade000b576e""]",14.764547,True,"{""01c6f22b-0001-fcf9-0001-9ade000b576a"": {""server_total_ms"": 254, ""server_compilation_ms"": 61, ""server_execution_ms"": 193, ""server_provisioning_queue_ms"": 0, ""server_overload_queue_ms"": 0, ""server_bytes_scanned"": 973312}, ""01c6f22b-0001-fcf9-0001-9ade000b576e"": {""server_total_ms"": 192, ""server_compilation_ms"": 57, ""server_execution_ms"": 135, ""server_provisioning_queue_ms"": 0, ""server_overload_queue_ms"": 0, ""server_bytes_scanned"": 238592}}"
100000,warehouse,join_groupby,duckdb,3,12,01c6f22b-0001-fcf9-0001-9ade000b574a,16.780585,90.0,659.514398,"{""columns"": [""region_id"", ""tier"", ""total_cents"", ""row_count""], ""dtypes"": [""int64"", ""int64"", ""int64"", ""int64""], ""hash_sum"": ""15482229778153811636"", ""hash_xor"": ""14299020784962879478"", ""rows"": 200}",628.00378,6532,200,"[""01c6f22b-0001-fcf9-0001-9ade000b5772"", ""01c6f22b-0001-fcf9-0001-9ade000b5776""]",14.730033,True,"{""01c6f22b-0001-fcf9-0001-9ade000b5772"": {""server_total_ms"": 234, ""server_compilation_ms"": 60, ""server_execution_ms"": 174, ""server_provisioning_queue_ms"": 0, ""server_overload_queue_ms"": 0, ""server_bytes_scanned"": 973312}, ""01c6f22b-0001-fcf9-0001-9ade000b5776"": {""server_total_ms"": 188, ""server_compilation_ms"": 61, ""server_execution_ms"": 127, ""server_provisioning_queue_ms"": 0, ""server_overload_queue_ms"": 0, ""server_bytes_scanned"": 238592}}"
100000,warehouse,join_groupby,duckdb,3,13,01c6f22b-0001-fcf9-0001-9ade000b574a,15.37342,140.0,639.412442,"{""columns"": [""region_id"", ""tier"", ""total_cents"", ""row_count""], ""dtypes"": [""int64"", ""int64"", ""int64"", ""int64""], ""hash_sum"": ""15482229778153811636"", ""hash_xor"": ""14299020784962879478"", ""rows"": 200}",609.946176,6532,200,"[""01c6f22b-0001-fcf9-0001-9ade000b577a"", ""01c6f22b-0001-fcf9-0001-9ade000b577e""]",14.092846,True,"{""01c6f22b-0001-fcf9-0001-9ade000b577a"": {""server_total_ms"": 226, ""server_compilation_ms"": 60, ""server_execution_ms"": 166, ""server_provisioning_queue_ms"": 0, ""server_overload_queue_ms"": 0, ""server_bytes_scanned"": 973312}, ""01c6f22b-0001-fcf9-0001-9ade000b577e"": {""server_total_ms"": 189, ""server_compilation_ms"": 52, ""server_execution_ms"": 137, ""server_provisioning_queue_ms"": 0, ""server_overload_queue_ms"": 0, ""server_bytes_scanned"": 238592}}"
100000,warehouse,join_groupby,duckdb,3,14,01c6f22b-0001-fcf9-0001-9ade000b574a,15.870141,130.0,704.643428,"{""columns"": [""region_id"", ""tier"", ""total_cents"", ""row_count""], ""dtypes"": [""int64"", ""int64"", ""int64"", ""int64""], ""hash_sum"": ""15482229778153811636"", ""hash_xor"": ""14299020784962879478"", ""rows"": 200}",674.909098,6532,200,"[""01c6f22b-0001-fcf9-0001-9ade000b5782"", ""01c6f22b-0001-fcf9-0001-9ade000b5786""]",13.864189,True,"{""01c6f22b-0001-fcf9-0001-9ade000b5782"": {""server_total_ms"": 258, ""server_compilation_ms"": 89, ""server_execution_ms"": 169, ""server_provisioning_queue_ms"": 0, ""server_overload_queue_ms"": 0, ""server_bytes_scanned"": 973312}, ""01c6f22b-0001-fcf9-0001-9ade000b5786"": {""server_total_ms"": 211, ""server_compilation_ms"": 60, ""server_execution_ms"": 151, ""server_provisioning_queue_ms"": 0, ""server_overload_queue_ms"": 0, ""server_bytes_scanned"": 238592}}"
100000,warehouse,join_groupby,duckdb,3,15,01c6f22b-0001-fcf9-0001-9ade000b574a,16.12236,120.0,671.411329,"{""columns"": [""region_id"", ""tier"", ""total_cents"", ""row_count""], ""dtypes"": [""int64"", ""int64"", ""int64"", ""int64""], ""hash_sum"": ""15482229778153811636"", ""hash_xor"": ""14299020784962879478"", ""rows"": 200}",641.40105,6532,200,"[""01c6f22b-0001-fcf9-0001-9ade000b578a"", ""01c6f22b-0001-fcf9-0001-9ade000b578e""]",13.887919,True,"{""01c6f22b-0001-fcf9-0001-9ade000b578a"": {""server_total_ms"": 234, ""server_compilation_ms"": 55, ""server_execution_ms"": 179, ""server_provisioning_queue_ms"": 0, ""server_overload_queue_ms"": 0, ""server_bytes_scanned"": 973312}, ""01c6f22b-0001-fcf9-0001-9ade000b578e"": {""server_total_ms"": 206, ""server_compilation_ms"": 71, ""server_execution_ms"": 135, ""server_provisioning_queue_ms"": 0, ""server_overload_queue_ms"": 0, ""server_bytes_scanned"": 238592}}"
1000000,warehouse,clean_derive,snowflake,3,11,01c6f22b-0001-fe0c-0001-9ade000b9332,678.213492,70.0,678.213492,"{""columns"": [""id"", ""net_cents""], ""dtypes"": [""int64"", ""int64""], ""hash_sum"": ""16902620082194219032"", ""hash_xor"": ""7441825716312922670"", ""rows"": 1000000}",,16000132,1000000,"[""01c6f22b-0001-fe0c-0001-9ade000b934e""]",0.0,True,"{""01c6f22b-0001-fe0c-0001-9ade000b934e"": {""server_total_ms"": 504, ""server_compilation_ms"": 75, ""server_execution_ms"": 429, ""server_provisioning_queue_ms"": 0, ""server_overload_queue_ms"": 0, ""server_bytes_scanned"": 7627264}}"
1000000,warehouse,clean_derive,snowflake,3,12,01c6f22b-0001-fe0c-0001-9ade000b9332,681.834779,120.0,681.834779,"{""columns"": [""id"", ""net_cents""], ""dtypes"": [""int64"", ""int64""], ""hash_sum"": ""16902620082194219032"", ""hash_xor"": ""7441825716312922670"", ""rows"": 1000000}",,16000132,1000000,"[""01c6f22b-0001-fe0c-0001-9ade000b9352""]",0.0,True,"{""01c6f22b-0001-fe0c-0001-9ade000b9352"": {""server_total_ms"": 506, ""server_compilation_ms"": 56, ""server_execution_ms"": 450, ""server_provisioning_queue_ms"": 0, ""server_overload_queue_ms"": 0, ""server_bytes_scanned"": 7627264}}"
1000000,warehouse,clean_derive,snowflake,3,13,01c6f22b-0001-fe0c-0001-9ade000b9332,634.188246,100.0,634.188246,"{""columns"": [""id"", ""net_cents""], ""dtypes"": [""int64"", ""int64""], ""hash_sum"": ""16902620082194219032"", ""hash_xor"": ""7441825716312922670"", ""rows"": 1000000}",,16000132,1000000,"[""01c6f22b-0001-fe0c-0001-9ade000b9356""]",0.0,True,"{""01c6f22b-0001-fe0c-0001-9ade000b9356"": {""server_total_ms"": 455, ""server_compilation_ms"": 57, ""server_execution_ms"": 398, ""server_provisioning_queue_ms"": 0, ""server_overload_queue_ms"": 0, ""server_bytes_scanned"": 7627264}}"
1000000,warehouse,clean_derive,snowflake,3,14,01c6f22b-0001-fe0c-0001-9ade000b9332,643.883841,90.0,643.883841,"{""columns"": [""id"", ""net_cents""], ""dtypes"": [""int64"", ""int64""], ""hash_sum"": ""16902620082194219032"", ""hash_xor"": ""7441825716312922670"", ""rows"": 1000000}",,16000132,1000000,"[""01c6f22b-0001-fe0c-0001-9ade000b935a""]",0.0,True,"{""01c6f22b-0001-fe0c-0001-9ade000b935a"": {""server_total_ms"": 461, ""server_compilation_ms"": 63, ""server_execution_ms"": 398, ""server_provisioning_queue_ms"": 0, ""server_overload_queue_ms"": 0, ""server_bytes_scanned"": 7627264}}"
1000000,warehouse,clean_derive,snowflake,3,15,01c6f22b-0001-fe0c-0001-9ade000b9332,653.239703,70.0,653.239703,"{""columns"": [""id"", ""net_cents""], ""dtypes"": [""int64"", ""int64""], ""hash_sum"": ""16902620082194219032"", ""hash_xor"": ""7441825716312922670"", ""rows"": 1000000}",,16000132,1000000,"[""01c6f22b-0001-fe0c-0001-9ade000b935e""]",0.0,True,"{""01c6f22b-0001-fe0c-0001-9ade000b935e"": {""server_total_ms"": 469, ""server_compilation_ms"": 53, ""server_execution_ms"": 416, ""server_provisioning_queue_ms"": 0, ""server_overload_queue_ms"": 0, ""server_bytes_scanned"": 7627264}}"
100000,warehouse,clean_derive,snowflake,3,11,01c6f22b-0001-fcf8-0001-9ade000aad2a,387.26729,40.0,387.26729,"{""columns"": [""id"", ""net_cents""], ""dtypes"": [""int64"", ""int64""], ""hash_sum"": ""6278141268544677052"", ""hash_xor"": ""11755483584262095886"", ""rows"": 100000}",,1600132,100000,"[""01c6f22b-0001-fcf8-0001-9ade000aad46""]",0.0,True,"{""01c6f22b-0001-fcf8-0001-9ade000aad46"": {""server_total_ms"": 249, ""server_compilation_ms"": 66, ""server_execution_ms"": 183, ""server_provisioning_queue_ms"": 0, ""server_overload_queue_ms"": 0, ""server_bytes_scanned"": 973312}}"
100000,warehouse,clean_derive,snowflake,3,12,01c6f22b-0001-fcf8-0001-9ade000aad2a,368.636552,40.0,368.636552,"{""columns"": [""id"", ""net_cents""], ""dtypes"": [""int64"", ""int64""], ""hash_sum"": ""6278141268544677052"", ""hash_xor"": ""11755483584262095886"", ""rows"": 100000}",,1600132,100000,"[""01c6f22b-0001-fcf8-0001-9ade000aad4a""]",0.0,True,"{""01c6f22b-0001-fcf8-0001-9ade000aad4a"": {""server_total_ms"": 236, ""server_compilation_ms"": 59, ""server_execution_ms"": 177, ""server_provisioning_queue_ms"": 0, ""server_overload_queue_ms"": 0, ""server_bytes_scanned"": 973312}}"
100000,warehouse,clean_derive,snowflake,3,13,01c6f22b-0001-fcf8-0001-9ade000aad2a,352.30629,20.0,352.30629,"{""columns"": [""id"", ""net_cents""], ""dtypes"": [""int64"", ""int64""], ""hash_sum"": ""6278141268544677052"", ""hash_xor"": ""11755483584262095886"", ""rows"": 100000}",,1600132,100000,"[""01c6f22b-0001-fcf8-0001-9ade000aad4e""]",0.0,True,"{""01c6f22b-0001-fcf8-0001-9ade000aad4e"": {""server_total_ms"": 257, ""server_compilation_ms"": 51, ""server_execution_ms"": 206, ""server_provisioning_queue_ms"": 0, ""server_overload_queue_ms"": 0, ""server_bytes_scanned"": 973312}}"
100000,warehouse,clean_derive,snowflake,3,14,01c6f22b-0001-fcf8-0001-9ade000aad2a,361.476856,40.0,361.476856,"{""columns"": [""id"", ""net_cents""], ""dtypes"": [""int64"", ""int64""], ""hash_sum"": ""6278141268544677052"", ""hash_xor"": ""11755483584262095886"", ""rows"": 100000}",,1600132,100000,"[""01c6f22b-0001-fcf8-0001-9ade000aad52""]",0.0,True,"{""01c6f22b-0001-fcf8-0001-9ade000aad52"": {""server_total_ms"": 265, ""server_compilation_ms"": 91, ""server_execution_ms"": 174, ""server_provisioning_queue_ms"": 0, ""server_overload_queue_ms"": 0, ""server_bytes_scanned"": 973312}}"
100000,warehouse,clean_derive,snowflake,3,15,01c6f22b-0001-fcf8-0001-9ade000aad2a,342.62863,20.0,342.62863,"{""columns"": [""id"", ""net_cents""], ""dtypes"": [""int64"", ""int64""], ""hash_sum"": ""6278141268544677052"", ""hash_xor"": ""11755483584262095886"", ""rows"": 100000}",,1600132,100000,"[""01c6f22b-0001-fcf8-0001-9ade000aad56""]",0.0,True,"{""01c6f22b-0001-fcf8-0001-9ade000aad56"": {""server_total_ms"": 233, ""server_compilation_ms"": 66, ""server_execution_ms"": 167, ""server_provisioning_queue_ms"": 0, ""server_overload_queue_ms"": 0, ""server_bytes_scanned"": 973312}}"
100000,warehouse,groupby,snowflake,3,11,01c6f22b-0001-fcf9-0001-9ade000b5796,96.694896,20.0,96.694896,"{""columns"": [""region_id"", ""total_cents"", ""total_quantity"", ""row_count""], ""dtypes"": [""int64"", ""int64"", ""int64"", ""int64""], ""hash_sum"": ""5148165510768826946"", ""hash_xor"": ""7876665366988197046"", ""rows"": 50}",,1732,50,"[""01c6f22b-0001-fcf9-0001-9ade000b57b2""]",0.0,True,"{""01c6f22b-0001-fcf9-0001-9ade000b57b2"": {""server_total_ms"": 79, ""server_compilation_ms"": 60, ""server_execution_ms"": 19, ""server_provisioning_queue_ms"": 0, ""server_overload_queue_ms"": 0, ""server_bytes_scanned"": 973312}}"
100000,warehouse,groupby,snowflake,3,12,01c6f22b-0001-fcf9-0001-9ade000b5796,108.690478,0.0,108.690478,"{""columns"": [""region_id"", ""total_cents"", ""total_quantity"", ""row_count""], ""dtypes"": [""int64"", ""int64"", ""int64"", ""int64""], ""hash_sum"": ""5148165510768826946"", ""hash_xor"": ""7876665366988197046"", ""rows"": 50}",,1732,50,"[""01c6f22b-0001-fcf9-0001-9ade000b57b6""]",0.0,True,"{""01c6f22b-0001-fcf9-0001-9ade000b57b6"": {""server_total_ms"": 91, ""server_compilation_ms"": 72, ""server_execution_ms"": 19, ""server_provisioning_queue_ms"": 0, ""server_overload_queue_ms"": 0, ""server_bytes_scanned"": 973312}}"
100000,warehouse,groupby,snowflake,3,13,01c6f22b-0001-fcf9-0001-9ade000b5796,95.922408,0.0,95.922408,"{""columns"": [""region_id"", ""total_cents"", ""total_quantity"", ""row_count""], ""dtypes"": [""int64"", ""int64"", ""int64"", ""int64""], ""hash_sum"": ""5148165510768826946"", ""hash_xor"": ""7876665366988197046"", ""rows"": 50}",,1732,50,"[""01c6f22b-0001-fcf9-0001-9ade000b57ba""]",0.0,True,"{""01c6f22b-0001-fcf9-0001-9ade000b57ba"": {""server_total_ms"": 79, ""server_compilation_ms"": 62, ""server_execution_ms"": 17, ""server_provisioning_queue_ms"": 0, ""server_overload_queue_ms"": 0, ""server_bytes_scanned"": 973312}}"
100000,warehouse,groupby,snowflake,3,14,01c6f22b-0001-fcf9-0001-9ade000b5796,100.997766,0.0,100.997766,"{""columns"": [""region_id"", ""total_cents"", ""total_quantity"", ""row_count""], ""dtypes"": [""int64"", ""int64"", ""int64"", ""int64""], ""hash_sum"": ""5148165510768826946"", ""hash_xor"": ""7876665366988197046"", ""rows"": 50}",,1732,50,"[""01c6f22b-0001-fcf9-0001-9ade000b57be""]",0.0,True,"{""01c6f22b-0001-fcf9-0001-9ade000b57be"": {""server_total_ms"": 75, ""server_compilation_ms"": 57, ""server_execution_ms"": 18, ""server_provisioning_queue_ms"": 0, ""server_overload_queue_ms"": 0, ""server_bytes_scanned"": 973312}}"
100000,warehouse,groupby,snowflake,3,15,01c6f22b-0001-fcf9-0001-9ade000b5796,99.072647,10.0,99.072647,"{""columns"": [""region_id"", ""total_cents"", ""total_quantity"", ""row_count""], ""dtypes"": [""int64"", ""int64"", ""int64"", ""int64""], ""hash_sum"": ""5148165510768826946"", ""hash_xor"": ""7876665366988197046"", ""rows"": 50}",,1732,50,"[""01c6f22b-0001-fcf9-0001-9ade000b57c2""]",0.0,True,"{""01c6f22b-0001-fcf9-0001-9ade000b57c2"": {""server_total_ms"": 83, ""server_compilation_ms"": 64, ""server_execution_ms"": 19, ""server_provisioning_queue_ms"": 0, ""server_overload_queue_ms"": 0, ""server_bytes_scanned"": 973312}}"
10000000,warehouse,filter_project,pandas,3,11,01c6f22b-0001-fe2b-0001-9ade000b86a2,55.398096,340.0,1084.335849,"{""columns"": [""id"", ""region_id"", ""gross_cents""], ""dtypes"": [""int64"", ""int64"", ""int64""], ""hash_sum"": ""9297358661400020835"", ""hash_xor"": ""11916629792613770293"", ""rows"": 1980090}",1028.937753,47522292,1980090,"[""01c6f22b-0001-fe2b-0001-9ade000b86be""]",0.0,True,"{""01c6f22b-0001-fe2b-0001-9ade000b86be"": {""server_total_ms"": 322, ""server_compilation_ms"": 78, ""server_execution_ms"": 244, ""server_provisioning_queue_ms"": 0, ""server_overload_queue_ms"": 0, ""server_bytes_scanned"": 141637120}}"
10000000,warehouse,filter_project,pandas,3,12,01c6f22b-0001-fe2b-0001-9ade000b86a2,59.490545,340.0,1087.492057,"{""columns"": [""id"", ""region_id"", ""gross_cents""], ""dtypes"": [""int64"", ""int64"", ""int64""], ""hash_sum"": ""9297358661400020835"", ""hash_xor"": ""11916629792613770293"", ""rows"": 1980090}",1028.001512,47522292,1980090,"[""01c6f22b-0001-fe2b-0001-9ade000b86c2""]",0.0,True,"{""01c6f22b-0001-fe2b-0001-9ade000b86c2"": {""server_total_ms"": 327, ""server_compilation_ms"": 86, ""server_execution_ms"": 241, ""server_provisioning_queue_ms"": 0, ""server_overload_queue_ms"": 0, ""server_bytes_scanned"": 146614272}}"
10000000,warehouse,filter_project,pandas,3,13,01c6f22b-0001-fe2b-0001-9ade000b86a2,66.215373,470.0,1110.487936,"{""columns"": [""id"", ""region_id"", ""gross_cents""], ""dtypes"": [""int64"", ""int64"", ""int64""], ""hash_sum"": ""9297358661400020835"", ""hash_xor"": ""11916629792613770293"", ""rows"": 1980090}",1044.272563,47522292,1980090,"[""01c6f22c-0001-fe2b-0001-9ade000b86c6""]",0.0,True,"{""01c6f22c-0001-fe2b-0001-9ade000b86c6"": {""server_total_ms"": 316, ""server_compilation_ms"": 79, ""server_execution_ms"": 237, ""server_provisioning_queue_ms"": 0, ""server_overload_queue_ms"": 0, ""server_bytes_scanned"": 151591936}}"
10000000,warehouse,filter_project,pandas,3,14,01c6f22b-0001-fe2b-0001-9ade000b86a2,57.699507,390.0,1151.297031,"{""columns"": [""id"", ""region_id"", ""gross_cents""], ""dtypes"": [""int64"", ""int64"", ""int64""], ""hash_sum"": ""9297358661400020835"", ""hash_xor"": ""11916629792613770293"", ""rows"": 1980090}",1093.597524,47522292,1980090,"[""01c6f22c-0001-fe2b-0001-9ade000b86ca""]",0.0,True,"{""01c6f22c-0001-fe2b-0001-9ade000b86ca"": {""server_total_ms"": 381, ""server_compilation_ms"": 80, ""server_execution_ms"": 301, ""server_provisioning_queue_ms"": 0, ""server_overload_queue_ms"": 0, ""server_bytes_scanned"": 151591936}}"
10000000,warehouse,filter_project,pandas,3,15,01c6f22b-0001-fe2b-0001-9ade000b86a2,58.690904,520.0,1073.31444,"{""columns"": [""id"", ""region_id"", ""gross_cents""], ""dtypes"": [""int64"", ""int64"", ""int64""], ""hash_sum"": ""9297358661400020835"", ""hash_xor"": ""11916629792613770293"", ""rows"": 1980090}",1014.623536,47522292,1980090,"[""01c6f22c-0001-fe2b-0001-9ade000b86ce""]",0.0,True,"{""01c6f22c-0001-fe2b-0001-9ade000b86ce"": {""server_total_ms"": 310, ""server_compilation_ms"": 73, ""server_execution_ms"": 237, ""server_provisioning_queue_ms"": 0, ""server_overload_queue_ms"": 0, ""server_bytes_scanned"": 151591936}}"
1000000,warehouse,groupby,duckdb,3,11,01c6f22c-0001-fe0c-0001-9ade000b936a,11.770349,140.0,555.460331,"{""columns"": [""region_id"", ""total_cents"", ""total_quantity"", ""row_count""], ""dtypes"": [""int64"", ""int64"", ""int64"", ""int64""], ""hash_sum"": ""3129039791569495086"", ""hash_xor"": ""14932865647023855810"", ""rows"": 50}",530.276536,1732,50,"[""01c6f22c-0001-fe0c-0001-9ade000b9386""]",13.413446,True,"{""01c6f22c-0001-fe0c-0001-9ade000b9386"": {""server_total_ms"": 349, ""server_compilation_ms"": 70, ""server_execution_ms"": 279, ""server_provisioning_queue_ms"": 0, ""server_overload_queue_ms"": 0, ""server_bytes_scanned"": 7627264}}"
1000000,warehouse,groupby,duckdb,3,12,01c6f22c-0001-fe0c-0001-9ade000b936a,11.36027,140.0,534.193687,"{""columns"": [""region_id"", ""total_cents"", ""total_quantity"", ""row_count""], ""dtypes"": [""int64"", ""int64"", ""int64"", ""int64""], ""hash_sum"": ""3129039791569495086"", ""hash_xor"": ""14932865647023855810"", ""rows"": 50}",508.986147,1732,50,"[""01c6f22c-0001-fe0c-0001-9ade000b938a""]",13.84727,True,"{""01c6f22c-0001-fe0c-0001-9ade000b938a"": {""server_total_ms"": 346, ""server_compilation_ms"": 61, ""server_execution_ms"": 285, ""server_provisioning_queue_ms"": 0, ""server_overload_queue_ms"": 0, ""server_bytes_scanned"": 7627264}}"
1000000,warehouse,groupby,duckdb,3,13,01c6f22c-0001-fe0c-0001-9ade000b936a,11.565288,120.0,547.429171,"{""columns"": [""region_id"", ""total_cents"", ""total_quantity"", ""row_count""], ""dtypes"": [""int64"", ""int64"", ""int64"", ""int64""], ""hash_sum"": ""3129039791569495086"", ""hash_xor"": ""14932865647023855810"", ""rows"": 50}",522.213434,1732,50,"[""01c6f22c-0001-fe0c-0001-9ade000b938e""]",13.650449,True,"{""01c6f22c-0001-fe0c-0001-9ade000b938e"": {""server_total_ms"": 339, ""server_compilation_ms"": 57, ""server_execution_ms"": 282, ""server_provisioning_queue_ms"": 0, ""server_overload_queue_ms"": 0, ""server_bytes_scanned"": 7627264}}"
1000000,warehouse,groupby,duckdb,3,14,01c6f22c-0001-fe0c-0001-9ade000b936a,11.530864,120.0,520.722701,"{""columns"": [""region_id"", ""total_cents"", ""total_quantity"", ""row_count""], ""dtypes"": [""int64"", ""int64"", ""int64"", ""int64""], ""hash_sum"": ""3129039791569495086"", ""hash_xor"": ""14932865647023855810"", ""rows"": 50}",495.925744,1732,50,"[""01c6f22c-0001-fe0c-0001-9ade000b9392""]",13.266093,True,"{""01c6f22c-0001-fe0c-0001-9ade000b9392"": {""server_total_ms"": 320, ""server_compilation_ms"": 53, ""server_execution_ms"": 267, ""server_provisioning_queue_ms"": 0, ""server_overload_queue_ms"": 0, ""server_bytes_scanned"": 7627264}}"
1000000,warehouse,groupby,duckdb,3,15,01c6f22c-0001-fe0c-0001-9ade000b936a,11.320395,170.0,553.24521,"{""columns"": [""region_id"", ""total_cents"", ""total_quantity"", ""row_count""], ""dtypes"": [""int64"", ""int64"", ""int64"", ""int64""], ""hash_sum"": ""3129039791569495086"", ""hash_xor"": ""14932865647023855810"", ""rows"": 50}",528.170901,1732,50,"[""01c6f22c-0001-fe0c-0001-9ade000b9396""]",13.753914,True,"{""01c6f22c-0001-fe0c-0001-9ade000b9396"": {""server_total_ms"": 349, ""server_compilation_ms"": 58, ""server_execution_ms"": 291, ""server_provisioning_queue_ms"": 0, ""server_overload_queue_ms"": 0, ""server_bytes_scanned"": 7627264}}"
1000000,warehouse,clean_derive,pandas,3,11,01c6f22c-0001-fe0c-0001-9ade000b939a,19.60652,140.0,641.110879,"{""columns"": [""id"", ""net_cents""], ""dtypes"": [""int64"", ""int64""], ""hash_sum"": ""16902620082194219032"", ""hash_xor"": ""7441825716312922670"", ""rows"": 1000000}",621.504359,16000132,1000000,"[""01c6f22c-0001-fe0c-0001-9ade000b93b6""]",0.0,True,"{""01c6f22c-0001-fe0c-0001-9ade000b93b6"": {""server_total_ms"": 425, ""server_compilation_ms"": 59, ""server_execution_ms"": 366, ""server_provisioning_queue_ms"": 0, ""server_overload_queue_ms"": 0, ""server_bytes_scanned"": 7627264}}"
1000000,warehouse,clean_derive,pandas,3,12,01c6f22c-0001-fe0c-0001-9ade000b939a,16.185661,170.0,622.823733,"{""columns"": [""id"", ""net_cents""], ""dtypes"": [""int64"", ""int64""], ""hash_sum"": ""16902620082194219032"", ""hash_xor"": ""7441825716312922670"", ""rows"": 1000000}",606.638072,16000132,1000000,"[""01c6f22c-0001-fe0c-0001-9ade000b93ba""]",0.0,True,"{""01c6f22c-0001-fe0c-0001-9ade000b93ba"": {""server_total_ms"": 399, ""server_compilation_ms"": 58, ""server_execution_ms"": 341, ""server_provisioning_queue_ms"": 0, ""server_overload_queue_ms"": 0, ""server_bytes_scanned"": 7627264}}"
1000000,warehouse,clean_derive,pandas,3,13,01c6f22c-0001-fe0c-0001-9ade000b939a,20.299911,140.0,642.176935,"{""columns"": [""id"", ""net_cents""], ""dtypes"": [""int64"", ""int64""], ""hash_sum"": ""16902620082194219032"", ""hash_xor"": ""7441825716312922670"", ""rows"": 1000000}",621.877024,16000132,1000000,"[""01c6f22c-0001-fe0c-0001-9ade000b93be""]",0.0,True,"{""01c6f22c-0001-fe0c-0001-9ade000b93be"": {""server_total_ms"": 409, ""server_compilation_ms"": 58, ""server_execution_ms"": 351, ""server_provisioning_queue_ms"": 0, ""server_overload_queue_ms"": 0, ""server_bytes_scanned"": 7627264}}"
1000000,warehouse,clean_derive,pandas,3,14,01c6f22c-0001-fe0c-0001-9ade000b939a,16.845593,130.0,660.949221,"{""columns"": [""id"", ""net_cents""], ""dtypes"": [""int64"", ""int64""], ""hash_sum"": ""16902620082194219032"", ""hash_xor"": ""7441825716312922670"", ""rows"": 1000000}",644.103628,16000132,1000000,"[""01c6f22c-0001-fe0c-0001-9ade000b93c2""]",0.0,True,"{""01c6f22c-0001-fe0c-0001-9ade000b93c2"": {""server_total_ms"": 458, ""server_compilation_ms"": 63, ""server_execution_ms"": 395, ""server_provisioning_queue_ms"": 0, ""server_overload_queue_ms"": 0, ""server_bytes_scanned"": 7627264}}"
1000000,warehouse,clean_derive,pandas,3,15,01c6f22c-0001-fe0c-0001-9ade000b939a,19.802014,160.0,682.94971,"{""columns"": [""id"", ""net_cents""], ""dtypes"": [""int64"", ""int64""], ""hash_sum"": ""16902620082194219032"", ""hash_xor"": ""7441825716312922670"", ""rows"": 1000000}",663.147696,16000132,1000000,"[""01c6f22c-0001-fe0c-0001-9ade000b93c6""]",0.0,True,"{""01c6f22c-0001-fe0c-0001-9ade000b93c6"": {""server_total_ms"": 452, ""server_compilation_ms"": 75, ""server_execution_ms"": 377, ""server_provisioning_queue_ms"": 0, ""server_overload_queue_ms"": 0, ""server_bytes_scanned"": 7627264}}"
10000000,warehouse,clean_derive,snowflake,3,11,01c6f22c-0001-fe0c-0001-9ade000b93ca,1856.850892,900.0,1856.850892,"{""columns"": [""id"", ""net_cents""], ""dtypes"": [""int64"", ""int64""], ""hash_sum"": ""14285702759883698828"", ""hash_xor"": ""425970959959544156"", ""rows"": 10000000}",,160000132,10000000,"[""01c6f22c-0001-fe0c-0001-9ade000b93e6""]",0.0,True,"{""01c6f22c-0001-fe0c-0001-9ade000b93e6"": {""server_total_ms"": 535, ""server_compilation_ms"": 70, ""server_execution_ms"": 465, ""server_provisioning_queue_ms"": 0, ""server_overload_queue_ms"": 0, ""server_bytes_scanned"": 151591936}}"
10000000,warehouse,clean_derive,snowflake,3,12,01c6f22c-0001-fe0c-0001-9ade000b93ca,1867.184696,800.0,1867.184696,"{""columns"": [""id"", ""net_cents""], ""dtypes"": [""int64"", ""int64""], ""hash_sum"": ""14285702759883698828"", ""hash_xor"": ""425970959959544156"", ""rows"": 10000000}",,160000132,10000000,"[""01c6f22c-0001-fe0c-0001-9ade000b93ea""]",0.0,True,"{""01c6f22c-0001-fe0c-0001-9ade000b93ea"": {""server_total_ms"": 524, ""server_compilation_ms"": 75, ""server_execution_ms"": 449, ""server_provisioning_queue_ms"": 0, ""server_overload_queue_ms"": 0, ""server_bytes_scanned"": 151591936}}"
10000000,warehouse,clean_derive,snowflake,3,13,01c6f22c-0001-fe0c-0001-9ade000b93ca,1887.023409,810.0,1887.023409,"{""columns"": [""id"", ""net_cents""], ""dtypes"": [""int64"", ""int64""], ""hash_sum"": ""14285702759883698828"", ""hash_xor"": ""425970959959544156"", ""rows"": 10000000}",,160000132,10000000,"[""01c6f22c-0001-fe0c-0001-9ade000b93ee""]",0.0,True,"{""01c6f22c-0001-fe0c-0001-9ade000b93ee"": {""server_total_ms"": 484, ""server_compilation_ms"": 69, ""server_execution_ms"": 415, ""server_provisioning_queue_ms"": 0, ""server_overload_queue_ms"": 0, ""server_bytes_scanned"": 151591936}}"
10000000,warehouse,clean_derive,snowflake,3,14,01c6f22c-0001-fe0c-0001-9ade000b93ca,1803.027855,740.0,1803.027855,"{""columns"": [""id"", ""net_cents""], ""dtypes"": [""int64"", ""int64""], ""hash_sum"": ""14285702759883698828"", ""hash_xor"": ""425970959959544156"", ""rows"": 10000000}",,160000132,10000000,"[""01c6f22c-0001-fe0c-0001-9ade000b93f2""]",0.0,True,"{""01c6f22c-0001-fe0c-0001-9ade000b93f2"": {""server_total_ms"": 540, ""server_compilation_ms"": 97, ""server_execution_ms"": 443, ""server_provisioning_queue_ms"": 0, ""server_overload_queue_ms"": 0, ""server_bytes_scanned"": 151591936}}"
10000000,warehouse,clean_derive,snowflake,3,15,01c6f22c-0001-fe0c-0001-9ade000b93ca,1813.28846,810.0,1813.28846,"{""columns"": [""id"", ""net_cents""], ""dtypes"": [""int64"", ""int64""], ""hash_sum"": ""14285702759883698828"", ""hash_xor"": ""425970959959544156"", ""rows"": 10000000}",,160000132,10000000,"[""01c6f22c-0001-fe0c-0001-9ade000b93f6""]",0.0,True,"{""01c6f22c-0001-fe0c-0001-9ade000b93f6"": {""server_total_ms"": 521, ""server_compilation_ms"": 71, ""server_execution_ms"": 450, ""server_provisioning_queue_ms"": 0, ""server_overload_queue_ms"": 0, ""server_bytes_scanned"": 151591936}}"
100000,warehouse,filter_project,snowflake,3,11,01c6f22c-0001-fcf8-0001-9ade000aad5e,266.848449,10.0,266.848449,"{""columns"": [""id"", ""region_id"", ""gross_cents""], ""dtypes"": [""int64"", ""int64"", ""int64""], ""hash_sum"": ""6934637738391437775"", ""hash_xor"": ""13010755706745315299"", ""rows"": 19886}",,477396,19886,"[""01c6f22c-0001-fcf8-0001-9ade000aad7a""]",0.0,True,"{""01c6f22c-0001-fcf8-0001-9ade000aad7a"": {""server_total_ms"": 170, ""server_compilation_ms"": 67, ""server_execution_ms"": 103, ""server_provisioning_queue_ms"": 0, ""server_overload_queue_ms"": 0, ""server_bytes_scanned"": 973312}}"
100000,warehouse,filter_project,snowflake,3,12,01c6f22c-0001-fcf8-0001-9ade000aad5e,267.909715,10.0,267.909715,"{""columns"": [""id"", ""region_id"", ""gross_cents""], ""dtypes"": [""int64"", ""int64"", ""int64""], ""hash_sum"": ""6934637738391437775"", ""hash_xor"": ""13010755706745315299"", ""rows"": 19886}",,477396,19886,"[""01c6f22c-0001-fcf8-0001-9ade000aad7e""]",0.0,True,"{""01c6f22c-0001-fcf8-0001-9ade000aad7e"": {""server_total_ms"": 177, ""server_compilation_ms"": 72, ""server_execution_ms"": 105, ""server_provisioning_queue_ms"": 0, ""server_overload_queue_ms"": 0, ""server_bytes_scanned"": 973312}}"
100000,warehouse,filter_project,snowflake,3,13,01c6f22c-0001-fcf8-0001-9ade000aad5e,275.458601,0.0,275.458601,"{""columns"": [""id"", ""region_id"", ""gross_cents""], ""dtypes"": [""int64"", ""int64"", ""int64""], ""hash_sum"": ""6934637738391437775"", ""hash_xor"": ""13010755706745315299"", ""rows"": 19886}",,477396,19886,"[""01c6f22c-0001-fcf8-0001-9ade000aad82""]",0.0,True,"{""01c6f22c-0001-fcf8-0001-9ade000aad82"": {""server_total_ms"": 171, ""server_compilation_ms"": 74, ""server_execution_ms"": 97, ""server_provisioning_queue_ms"": 0, ""server_overload_queue_ms"": 0, ""server_bytes_scanned"": 973312}}"
100000,warehouse,filter_project,snowflake,3,14,01c6f22c-0001-fcf8-0001-9ade000aad5e,261.754956,10.0,261.754956,"{""columns"": [""id"", ""region_id"", ""gross_cents""], ""dtypes"": [""int64"", ""int64"", ""int64""], ""hash_sum"": ""6934637738391437775"", ""hash_xor"": ""13010755706745315299"", ""rows"": 19886}",,477396,19886,"[""01c6f22c-0001-fcf8-0001-9ade000aad86""]",0.0,True,"{""01c6f22c-0001-fcf8-0001-9ade000aad86"": {""server_total_ms"": 169, ""server_compilation_ms"": 62, ""server_execution_ms"": 107, ""server_provisioning_queue_ms"": 0, ""server_overload_queue_ms"": 0, ""server_bytes_scanned"": 973312}}"
100000,warehouse,filter_project,snowflake,3,15,01c6f22c-0001-fcf8-0001-9ade000aad5e,266.753988,30.0,266.753988,"{""columns"": [""id"", ""region_id"", ""gross_cents""], ""dtypes"": [""int64"", ""int64"", ""int64""], ""hash_sum"": ""6934637738391437775"", ""hash_xor"": ""13010755706745315299"", ""rows"": 19886}",,477396,19886,"[""01c6f22c-0001-fcf8-0001-9ade000aad8a""]",0.0,True,"{""01c6f22c-0001-fcf8-0001-9ade000aad8a"": {""server_total_ms"": 182, ""server_compilation_ms"": 79, ""server_execution_ms"": 103, ""server_provisioning_queue_ms"": 0, ""server_overload_queue_ms"": 0, ""server_bytes_scanned"": 973312}}"
1000000,warehouse,join_groupby,snowflake,3,11,01c6f22c-0001-fcf8-0001-9ade000aad8e,194.487775,10.0,194.487775,"{""columns"": [""region_id"", ""tier"", ""total_cents"", ""row_count""], ""dtypes"": [""int64"", ""int64"", ""int64"", ""int64""], ""hash_sum"": ""13023197678645621665"", ""hash_xor"": ""8219731451453916309"", ""rows"": 200}",,6532,200,"[""01c6f22c-0001-fcf8-0001-9ade000aadaa""]",0.0,True,"{""01c6f22c-0001-fcf8-0001-9ade000aadaa"": {""server_total_ms"": 166, ""server_compilation_ms"": 76, ""server_execution_ms"": 90, ""server_provisioning_queue_ms"": 0, ""server_overload_queue_ms"": 0, ""server_bytes_scanned"": 7865856}}"
1000000,warehouse,join_groupby,snowflake,3,12,01c6f22c-0001-fcf8-0001-9ade000aad8e,206.042625,30.0,206.042625,"{""columns"": [""region_id"", ""tier"", ""total_cents"", ""row_count""], ""dtypes"": [""int64"", ""int64"", ""int64"", ""int64""], ""hash_sum"": ""13023197678645621665"", ""hash_xor"": ""8219731451453916309"", ""rows"": 200}",,6532,200,"[""01c6f22c-0001-fcf8-0001-9ade000aadae""]",0.0,True,"{""01c6f22c-0001-fcf8-0001-9ade000aadae"": {""server_total_ms"": 174, ""server_compilation_ms"": 86, ""server_execution_ms"": 88, ""server_provisioning_queue_ms"": 0, ""server_overload_queue_ms"": 0, ""server_bytes_scanned"": 7865856}}"
1000000,warehouse,join_groupby,snowflake,3,13,01c6f22c-0001-fcf8-0001-9ade000aad8e,211.955702,20.0,211.955702,"{""columns"": [""region_id"", ""tier"", ""total_cents"", ""row_count""], ""dtypes"": [""int64"", ""int64"", ""int64"", ""int64""], ""hash_sum"": ""13023197678645621665"", ""hash_xor"": ""8219731451453916309"", ""rows"": 200}",,6532,200,"[""01c6f22c-0001-fcf8-0001-9ade000aadb2""]",0.0,True,"{""01c6f22c-0001-fcf8-0001-9ade000aadb2"": {""server_total_ms"": 183, ""server_compilation_ms"": 92, ""server_execution_ms"": 91, ""server_provisioning_queue_ms"": 0, ""server_overload_queue_ms"": 0, ""server_bytes_scanned"": 7865856}}"
1000000,warehouse,join_groupby,snowflake,3,14,01c6f22c-0001-fcf8-0001-9ade000aad8e,695.49845,10.0,695.49845,"{""columns"": [""region_id"", ""tier"", ""total_cents"", ""row_count""], ""dtypes"": [""int64"", ""int64"", ""int64"", ""int64""], ""hash_sum"": ""13023197678645621665"", ""hash_xor"": ""8219731451453916309"", ""rows"": 200}",,6532,200,"[""01c6f22c-0001-fcf8-0001-9ade000aadb6""]",0.0,True,"{""01c6f22c-0001-fcf8-0001-9ade000aadb6"": {""server_total_ms"": 659, ""server_compilation_ms"": 566, ""server_execution_ms"": 93, ""server_provisioning_queue_ms"": 0, ""server_overload_queue_ms"": 0, ""server_bytes_scanned"": 7865856}}"
1000000,warehouse,join_groupby,snowflake,3,15,01c6f22c-0001-fcf8-0001-9ade000aad8e,204.874812,0.0,204.874812,"{""columns"": [""region_id"", ""tier"", ""total_cents"", ""row_count""], ""dtypes"": [""int64"", ""int64"", ""int64"", ""int64""], ""hash_sum"": ""13023197678645621665"", ""hash_xor"": ""8219731451453916309"", ""rows"": 200}",,6532,200,"[""01c6f22c-0001-fcf8-0001-9ade000aadba""]",0.0,True,"{""01c6f22c-0001-fcf8-0001-9ade000aadba"": {""server_total_ms"": 174, ""server_compilation_ms"": 83, ""server_execution_ms"": 91, ""server_provisioning_queue_ms"": 0, ""server_overload_queue_ms"": 0, ""server_bytes_scanned"": 7865856}}"
100000,warehouse,clean_derive,pandas,3,11,01c6f22c-0001-fcf9-0001-9ade000b57ca,1.817953,40.0,350.957763,"{""columns"": [""id"", ""net_cents""], ""dtypes"": [""int64"", ""int64""], ""hash_sum"": ""6278141268544677052"", ""hash_xor"": ""11755483584262095886"", ""rows"": 100000}",349.13981,1600132,100000,"[""01c6f22c-0001-fcf9-0001-9ade000b57e6""]",0.0,True,"{""01c6f22c-0001-fcf9-0001-9ade000b57e6"": {""server_total_ms"": 246, ""server_compilation_ms"": 72, ""server_execution_ms"": 174, ""server_provisioning_queue_ms"": 0, ""server_overload_queue_ms"": 0, ""server_bytes_scanned"": 973312}}"
100000,warehouse,clean_derive,pandas,3,12,01c6f22c-0001-fcf9-0001-9ade000b57ca,1.707641,60.0,328.259946,"{""columns"": [""id"", ""net_cents""], ""dtypes"": [""int64"", ""int64""], ""hash_sum"": ""6278141268544677052"", ""hash_xor"": ""11755483584262095886"", ""rows"": 100000}",326.552305,1600132,100000,"[""01c6f22c-0001-fcf9-0001-9ade000b57ea""]",0.0,True,"{""01c6f22c-0001-fcf9-0001-9ade000b57ea"": {""server_total_ms"": 224, ""server_compilation_ms"": 62, ""server_execution_ms"": 162, ""server_provisioning_queue_ms"": 0, ""server_overload_queue_ms"": 0, ""server_bytes_scanned"": 973312}}"
100000,warehouse,clean_derive,pandas,3,13,01c6f22c-0001-fcf9-0001-9ade000b57ca,1.786043,10.0,337.78583,"{""columns"": [""id"", ""net_cents""], ""dtypes"": [""int64"", ""int64""], ""hash_sum"": ""6278141268544677052"", ""hash_xor"": ""11755483584262095886"", ""rows"": 100000}",335.999787,1600132,100000,"[""01c6f22c-0001-fcf9-0001-9ade000b57ee""]",0.0,True,"{""01c6f22c-0001-fcf9-0001-9ade000b57ee"": {""server_total_ms"": 231, ""server_compilation_ms"": 59, ""server_execution_ms"": 172, ""server_provisioning_queue_ms"": 0, ""server_overload_queue_ms"": 0, ""server_bytes_scanned"": 973312}}"
100000,warehouse,clean_derive,pandas,3,14,01c6f22c-0001-fcf9-0001-9ade000b57ca,1.706311,30.0,355.936862,"{""columns"": [""id"", ""net_cents""], ""dtypes"": [""int64"", ""int64""], ""hash_sum"": ""6278141268544677052"", ""hash_xor"": ""11755483584262095886"", ""rows"": 100000}",354.230551,1600132,100000,"[""01c6f22c-0001-fcf9-0001-9ade000b57f2""]",0.0,True,"{""01c6f22c-0001-fcf9-0001-9ade000b57f2"": {""server_total_ms"": 233, ""server_compilation_ms"": 65, ""server_execution_ms"": 168, ""server_provisioning_queue_ms"": 0, ""server_overload_queue_ms"": 0, ""server_bytes_scanned"": 973312}}"
100000,warehouse,clean_derive,pandas,3,15,01c6f22c-0001-fcf9-0001-9ade000b57ca,1.813127,10.0,336.541515,"{""columns"": [""id"", ""net_cents""], ""dtypes"": [""int64"", ""int64""], ""hash_sum"": ""6278141268544677052"", ""hash_xor"": ""11755483584262095886"", ""rows"": 100000}",334.728388,1600132,100000,"[""01c6f22c-0001-fcf9-0001-9ade000b57f6""]",0.0,True,"{""01c6f22c-0001-fcf9-0001-9ade000b57f6"": {""server_total_ms"": 229, ""server_compilation_ms"": 60, ""server_execution_ms"": 169, ""server_provisioning_queue_ms"": 0, ""server_overload_queue_ms"": 0, ""server_bytes_scanned"": 973312}}"
100000,warehouse,groupby,pandas,3,11,01c6f22c-0001-fcf9-0001-9ade000b57fe,5.242673,30.0,295.487377,"{""columns"": [""region_id"", ""total_cents"", ""total_quantity"", ""row_count""], ""dtypes"": [""int64"", ""int64"", ""int64"", ""int64""], ""hash_sum"": ""5148165510768826946"", ""hash_xor"": ""7876665366988197046"", ""rows"": 50}",290.244704,1732,50,"[""01c6f22c-0001-fcf9-0001-9ade000b581a""]",0.0,True,"{""01c6f22c-0001-fcf9-0001-9ade000b581a"": {""server_total_ms"": 191, ""server_compilation_ms"": 62, ""server_execution_ms"": 129, ""server_provisioning_queue_ms"": 0, ""server_overload_queue_ms"": 0, ""server_bytes_scanned"": 973312}}"
100000,warehouse,groupby,pandas,3,12,01c6f22c-0001-fcf9-0001-9ade000b57fe,5.372037,20.0,293.578285,"{""columns"": [""region_id"", ""total_cents"", ""total_quantity"", ""row_count""], ""dtypes"": [""int64"", ""int64"", ""int64"", ""int64""], ""hash_sum"": ""5148165510768826946"", ""hash_xor"": ""7876665366988197046"", ""rows"": 50}",288.206248,1732,50,"[""01c6f22c-0001-fcf9-0001-9ade000b581e""]",0.0,True,"{""01c6f22c-0001-fcf9-0001-9ade000b581e"": {""server_total_ms"": 190, ""server_compilation_ms"": 57, ""server_execution_ms"": 133, ""server_provisioning_queue_ms"": 0, ""server_overload_queue_ms"": 0, ""server_bytes_scanned"": 973312}}"
100000,warehouse,groupby,pandas,3,13,01c6f22c-0001-fcf9-0001-9ade000b57fe,5.320652,20.0,312.504503,"{""columns"": [""region_id"", ""total_cents"", ""total_quantity"", ""row_count""], ""dtypes"": [""int64"", ""int64"", ""int64"", ""int64""], ""hash_sum"": ""5148165510768826946"", ""hash_xor"": ""7876665366988197046"", ""rows"": 50}",307.183851,1732,50,"[""01c6f22c-0001-fcf9-0001-9ade000b5822""]",0.0,True,"{""01c6f22c-0001-fcf9-0001-9ade000b5822"": {""server_total_ms"": 210, ""server_compilation_ms"": 60, ""server_execution_ms"": 150, ""server_provisioning_queue_ms"": 0, ""server_overload_queue_ms"": 0, ""server_bytes_scanned"": 973312}}"
100000,warehouse,groupby,pandas,3,14,01c6f22c-0001-fcf9-0001-9ade000b57fe,5.262727,30.0,296.659271,"{""columns"": [""region_id"", ""total_cents"", ""total_quantity"", ""row_count""], ""dtypes"": [""int64"", ""int64"", ""int64"", ""int64""], ""hash_sum"": ""5148165510768826946"", ""hash_xor"": ""7876665366988197046"", ""rows"": 50}",291.396544,1732,50,"[""01c6f22c-0001-fcf9-0001-9ade000b5826""]",0.0,True,"{""01c6f22c-0001-fcf9-0001-9ade000b5826"": {""server_total_ms"": 195, ""server_compilation_ms"": 60, ""server_execution_ms"": 135, ""server_provisioning_queue_ms"": 0, ""server_overload_queue_ms"": 0, ""server_bytes_scanned"": 973312}}"
100000,warehouse,groupby,pandas,3,15,01c6f22c-0001-fcf9-0001-9ade000b57fe,5.242038,40.0,304.60458,"{""columns"": [""region_id"", ""total_cents"", ""total_quantity"", ""row_count""], ""dtypes"": [""int64"", ""int64"", ""int64"", ""int64""], ""hash_sum"": ""5148165510768826946"", ""hash_xor"": ""7876665366988197046"", ""rows"": 50}",299.362542,1732,50,"[""01c6f22c-0001-fcf9-0001-9ade000b582a""]",0.0,True,"{""01c6f22c-0001-fcf9-0001-9ade000b582a"": {""server_total_ms"": 205, ""server_compilation_ms"": 56, ""server_execution_ms"": 149, ""server_provisioning_queue_ms"": 0, ""server_overload_queue_ms"": 0, ""server_bytes_scanned"": 973312}}"
1000000,warehouse,groupby,pandas,3,11,01c6f22c-0001-fcf9-0001-9ade000b582e,19.364996,110.0,567.236684,"{""columns"": [""region_id"", ""total_cents"", ""total_quantity"", ""row_count""], ""dtypes"": [""int64"", ""int64"", ""int64"", ""int64""], ""hash_sum"": ""3129039791569495086"", ""hash_xor"": ""14932865647023855810"", ""rows"": 50}",547.871688,1732,50,"[""01c6f22d-0001-fcf9-0001-9ade000b584a""]",0.0,True,"{""01c6f22d-0001-fcf9-0001-9ade000b584a"": {""server_total_ms"": 364, ""server_compilation_ms"": 72, ""server_execution_ms"": 292, ""server_provisioning_queue_ms"": 0, ""server_overload_queue_ms"": 0, ""server_bytes_scanned"": 7627264}}"
1000000,warehouse,groupby,pandas,3,12,01c6f22c-0001-fcf9-0001-9ade000b582e,19.721044,70.0,560.612781,"{""columns"": [""region_id"", ""total_cents"", ""total_quantity"", ""row_count""], ""dtypes"": [""int64"", ""int64"", ""int64"", ""int64""], ""hash_sum"": ""3129039791569495086"", ""hash_xor"": ""14932865647023855810"", ""rows"": 50}",540.891737,1732,50,"[""01c6f22d-0001-fcf9-0001-9ade000b584e""]",0.0,True,"{""01c6f22d-0001-fcf9-0001-9ade000b584e"": {""server_total_ms"": 326, ""server_compilation_ms"": 59, ""server_execution_ms"": 267, ""server_provisioning_queue_ms"": 0, ""server_overload_queue_ms"": 0, ""server_bytes_scanned"": 7627264}}"
1000000,warehouse,groupby,pandas,3,13,01c6f22c-0001-fcf9-0001-9ade000b582e,21.074669,90.0,544.451542,"{""columns"": [""region_id"", ""total_cents"", ""total_quantity"", ""row_count""], ""dtypes"": [""int64"", ""int64"", ""int64"", ""int64""], ""hash_sum"": ""3129039791569495086"", ""hash_xor"": ""14932865647023855810"", ""rows"": 50}",523.376873,1732,50,"[""01c6f22d-0001-fcf9-0001-9ade000b5852""]",0.0,True,"{""01c6f22d-0001-fcf9-0001-9ade000b5852"": {""server_total_ms"": 359, ""server_compilation_ms"": 68, ""server_execution_ms"": 291, ""server_provisioning_queue_ms"": 0, ""server_overload_queue_ms"": 0, ""server_bytes_scanned"": 7627264}}"
1000000,warehouse,groupby,pandas,3,14,01c6f22c-0001-fcf9-0001-9ade000b582e,19.83844,110.0,578.54737,"{""columns"": [""region_id"", ""total_cents"", ""total_quantity"", ""row_count""], ""dtypes"": [""int64"", ""int64"", ""int64"", ""int64""], ""hash_sum"": ""3129039791569495086"", ""hash_xor"": ""14932865647023855810"", ""rows"": 50}",558.70893,1732,50,"[""01c6f22d-0001-fcf9-0001-9ade000b5856""]",0.0,True,"{""01c6f22d-0001-fcf9-0001-9ade000b5856"": {""server_total_ms"": 364, ""server_compilation_ms"": 70, ""server_execution_ms"": 294, ""server_provisioning_queue_ms"": 0, ""server_overload_queue_ms"": 0, ""server_bytes_scanned"": 7627264}}"
1000000,warehouse,groupby,pandas,3,15,01c6f22c-0001-fcf9-0001-9ade000b582e,19.928132,90.0,540.058867,"{""columns"": [""region_id"", ""total_cents"", ""total_quantity"", ""row_count""], ""dtypes"": [""int64"", ""int64"", ""int64"", ""int64""], ""hash_sum"": ""3129039791569495086"", ""hash_xor"": ""14932865647023855810"", ""rows"": 50}",520.130735,1732,50,"[""01c6f22d-0001-fcf9-0001-9ade000b585a""]",0.0,True,"{""01c6f22d-0001-fcf9-0001-9ade000b585a"": {""server_total_ms"": 363, ""server_compilation_ms"": 64, ""server_execution_ms"": 299, ""server_provisioning_queue_ms"": 0, ""server_overload_queue_ms"": 0, ""server_bytes_scanned"": 7627264}}"
1000000,warehouse,join_groupby,pandas,3,11,01c6f22d-0001-fe2b-0001-9ade000b86d6,103.273935,300.0,1206.94053,"{""columns"": [""region_id"", ""tier"", ""total_cents"", ""row_count""], ""dtypes"": [""int64"", ""int64"", ""int64"", ""int64""], ""hash_sum"": ""13023197678645621665"", ""hash_xor"": ""8219731451453916309"", ""rows"": 200}",1103.666595,6532,200,"[""01c6f22d-0001-fe2b-0001-9ade000b86f6"", ""01c6f22d-0001-fe2b-0001-9ade000b86fa""]",0.0,True,"{""01c6f22d-0001-fe2b-0001-9ade000b86f6"": {""server_total_ms"": 407, ""server_compilation_ms"": 74, ""server_execution_ms"": 333, ""server_provisioning_queue_ms"": 0, ""server_overload_queue_ms"": 0, ""server_bytes_scanned"": 7627264}, ""01c6f22d-0001-fe2b-0001-9ade000b86fa"": {""server_total_ms"": 332, ""server_compilation_ms"": 88, ""server_execution_ms"": 244, ""server_provisioning_queue_ms"": 0, ""server_overload_queue_ms"": 0, ""server_bytes_scanned"": 238592}}"
1000000,warehouse,join_groupby,pandas,3,12,01c6f22d-0001-fe2b-0001-9ade000b86d6,104.789973,260.0,1062.980356,"{""columns"": [""region_id"", ""tier"", ""total_cents"", ""row_count""], ""dtypes"": [""int64"", ""int64"", ""int64"", ""int64""], ""hash_sum"": ""13023197678645621665"", ""hash_xor"": ""8219731451453916309"", ""rows"": 200}",958.190383,6532,200,"[""01c6f22d-0001-fe2b-0001-9ade000b86fe"", ""01c6f22d-0001-fe2b-0001-9ade000b8702""]",0.0,True,"{""01c6f22d-0001-fe2b-0001-9ade000b86fe"": {""server_total_ms"": 413, ""server_compilation_ms"": 73, ""server_execution_ms"": 340, ""server_provisioning_queue_ms"": 0, ""server_overload_queue_ms"": 0, ""server_bytes_scanned"": 7627264}, ""01c6f22d-0001-fe2b-0001-9ade000b8702"": {""server_total_ms"": 237, ""server_compilation_ms"": 65, ""server_execution_ms"": 172, ""server_provisioning_queue_ms"": 0, ""server_overload_queue_ms"": 0, ""server_bytes_scanned"": 238592}}"
1000000,warehouse,join_groupby,pandas,3,13,01c6f22d-0001-fe2b-0001-9ade000b86d6,102.468952,220.0,1020.483383,"{""columns"": [""region_id"", ""tier"", ""total_cents"", ""row_count""], ""dtypes"": [""int64"", ""int64"", ""int64"", ""int64""], ""hash_sum"": ""13023197678645621665"", ""hash_xor"": ""8219731451453916309"", ""rows"": 200}",918.014431,6532,200,"[""01c6f22d-0001-fe2b-0001-9ade000b8706"", ""01c6f22d-0001-fe2b-0001-9ade000b870a""]",0.0,True,"{""01c6f22d-0001-fe2b-0001-9ade000b8706"": {""server_total_ms"": 402, ""server_compilation_ms"": 70, ""server_execution_ms"": 332, ""server_provisioning_queue_ms"": 0, ""server_overload_queue_ms"": 0, ""server_bytes_scanned"": 7627264}, ""01c6f22d-0001-fe2b-0001-9ade000b870a"": {""server_total_ms"": 219, ""server_compilation_ms"": 68, ""server_execution_ms"": 151, ""server_provisioning_queue_ms"": 0, ""server_overload_queue_ms"": 0, ""server_bytes_scanned"": 238592}}"
1000000,warehouse,join_groupby,pandas,3,14,01c6f22d-0001-fe2b-0001-9ade000b86d6,103.487865,220.0,1055.63511,"{""columns"": [""region_id"", ""tier"", ""total_cents"", ""row_count""], ""dtypes"": [""int64"", ""int64"", ""int64"", ""int64""], ""hash_sum"": ""13023197678645621665"", ""hash_xor"": ""8219731451453916309"", ""rows"": 200}",952.147245,6532,200,"[""01c6f22d-0001-fe2b-0001-9ade000b870e"", ""01c6f22d-0001-fe2b-0001-9ade000b8712""]",0.0,True,"{""01c6f22d-0001-fe2b-0001-9ade000b870e"": {""server_total_ms"": 416, ""server_compilation_ms"": 70, ""server_execution_ms"": 346, ""server_provisioning_queue_ms"": 0, ""server_overload_queue_ms"": 0, ""server_bytes_scanned"": 7627264}, ""01c6f22d-0001-fe2b-0001-9ade000b8712"": {""server_total_ms"": 233, ""server_compilation_ms"": 64, ""server_execution_ms"": 169, ""server_provisioning_queue_ms"": 0, ""server_overload_queue_ms"": 0, ""server_bytes_scanned"": 238592}}"
1000000,warehouse,join_groupby,pandas,3,15,01c6f22d-0001-fe2b-0001-9ade000b86d6,109.28192,220.0,1051.132213,"{""columns"": [""region_id"", ""tier"", ""total_cents"", ""row_count""], ""dtypes"": [""int64"", ""int64"", ""int64"", ""int64""], ""hash_sum"": ""13023197678645621665"", ""hash_xor"": ""8219731451453916309"", ""rows"": 200}",941.850293,6532,200,"[""01c6f22d-0001-fe2b-0001-9ade000b8716"", ""01c6f22d-0001-fe2b-0001-9ade000b871a""]",0.0,True,"{""01c6f22d-0001-fe2b-0001-9ade000b8716"": {""server_total_ms"": 431, ""server_compilation_ms"": 73, ""server_execution_ms"": 358, ""server_provisioning_queue_ms"": 0, ""server_overload_queue_ms"": 0, ""server_bytes_scanned"": 7627264}, ""01c6f22d-0001-fe2b-0001-9ade000b871a"": {""server_total_ms"": 225, ""server_compilation_ms"": 67, ""server_execution_ms"": 158, ""server_provisioning_queue_ms"": 0, ""server_overload_queue_ms"": 0, ""server_bytes_scanned"": 238592}}"
1000000,warehouse,filter_project,snowflake,3,11,01c6f22d-0001-fe0c-0001-9ade000b940e,425.164225,40.0,425.164225,"{""columns"": [""id"", ""region_id"", ""gross_cents""], ""dtypes"": [""int64"", ""int64"", ""int64""], ""hash_sum"": ""11356744842689536210"", ""hash_xor"": ""4329941149679941164"", ""rows"": 198279}",,4758828,198279,"[""01c6f22d-0001-fe0c-0001-9ade000b942a""]",0.0,True,"{""01c6f22d-0001-fe0c-0001-9ade000b942a"": {""server_total_ms"": 317, ""server_compilation_ms"": 72, ""server_execution_ms"": 245, ""server_provisioning_queue_ms"": 0, ""server_overload_queue_ms"": 0, ""server_bytes_scanned"": 7627264}}"
1000000,warehouse,filter_project,snowflake,3,12,01c6f22d-0001-fe0c-0001-9ade000b940e,380.412512,50.0,380.412512,"{""columns"": [""id"", ""region_id"", ""gross_cents""], ""dtypes"": [""int64"", ""int64"", ""int64""], ""hash_sum"": ""11356744842689536210"", ""hash_xor"": ""4329941149679941164"", ""rows"": 198279}",,4758828,198279,"[""01c6f22d-0001-fe0c-0001-9ade000b942e""]",0.0,True,"{""01c6f22d-0001-fe0c-0001-9ade000b942e"": {""server_total_ms"": 280, ""server_compilation_ms"": 55, ""server_execution_ms"": 225, ""server_provisioning_queue_ms"": 0, ""server_overload_queue_ms"": 0, ""server_bytes_scanned"": 7627264}}"
1000000,warehouse,filter_project,snowflake,3,13,01c6f22d-0001-fe0c-0001-9ade000b940e,382.710833,50.0,382.710833,"{""columns"": [""id"", ""region_id"", ""gross_cents""], ""dtypes"": [""int64"", ""int64"", ""int64""], ""hash_sum"": ""11356744842689536210"", ""hash_xor"": ""4329941149679941164"", ""rows"": 198279}",,4758828,198279,"[""01c6f22d-0001-fe0c-0001-9ade000b9432""]",0.0,True,"{""01c6f22d-0001-fe0c-0001-9ade000b9432"": {""server_total_ms"": 276, ""server_compilation_ms"": 69, ""server_execution_ms"": 207, ""server_provisioning_queue_ms"": 0, ""server_overload_queue_ms"": 0, ""server_bytes_scanned"": 7627264}}"
1000000,warehouse,filter_project,snowflake,3,14,01c6f22d-0001-fe0c-0001-9ade000b940e,400.676432,80.0,400.676432,"{""columns"": [""id"", ""region_id"", ""gross_cents""], ""dtypes"": [""int64"", ""int64"", ""int64""], ""hash_sum"": ""11356744842689536210"", ""hash_xor"": ""4329941149679941164"", ""rows"": 198279}",,4758828,198279,"[""01c6f22d-0001-fe0c-0001-9ade000b9436""]",0.0,True,"{""01c6f22d-0001-fe0c-0001-9ade000b9436"": {""server_total_ms"": 296, ""server_compilation_ms"": 61, ""server_execution_ms"": 235, ""server_provisioning_queue_ms"": 0, ""server_overload_queue_ms"": 0, ""server_bytes_scanned"": 7627264}}"
1000000,warehouse,filter_project,snowflake,3,15,01c6f22d-0001-fe0c-0001-9ade000b940e,369.537449,50.0,369.537449,"{""columns"": [""id"", ""region_id"", ""gross_cents""], ""dtypes"": [""int64"", ""int64"", ""int64""], ""hash_sum"": ""11356744842689536210"", ""hash_xor"": ""4329941149679941164"", ""rows"": 198279}",,4758828,198279,"[""01c6f22d-0001-fe0c-0001-9ade000b943a""]",0.0,True,"{""01c6f22d-0001-fe0c-0001-9ade000b943a"": {""server_total_ms"": 270, ""server_compilation_ms"": 55, ""server_execution_ms"": 215, ""server_provisioning_queue_ms"": 0, ""server_overload_queue_ms"": 0, ""server_bytes_scanned"": 7627264}}"
100000,warehouse,clean_derive,duckdb,3,11,01c6f22d-0001-fcf8-0001-9ade000aadc2,6.949397,40.0,354.316624,"{""columns"": [""id"", ""net_cents""], ""dtypes"": [""int64"", ""int64""], ""hash_sum"": ""6278141268544677052"", ""hash_xor"": ""11755483584262095886"", ""rows"": 100000}",334.097727,1600132,100000,"[""01c6f22d-0001-fcf8-0001-9ade000aadde""]",13.2695,True,"{""01c6f22d-0001-fcf8-0001-9ade000aadde"": {""server_total_ms"": 233, ""server_compilation_ms"": 64, ""server_execution_ms"": 169, ""server_provisioning_queue_ms"": 0, ""server_overload_queue_ms"": 0, ""server_bytes_scanned"": 973312}}"
100000,warehouse,clean_derive,duckdb,3,12,01c6f22d-0001-fcf8-0001-9ade000aadc2,6.855952,80.0,359.325304,"{""columns"": [""id"", ""net_cents""], ""dtypes"": [""int64"", ""int64""], ""hash_sum"": ""6278141268544677052"", ""hash_xor"": ""11755483584262095886"", ""rows"": 100000}",339.042827,1600132,100000,"[""01c6f22d-0001-fcf8-0001-9ade000aade2""]",13.426525,True,"{""01c6f22d-0001-fcf8-0001-9ade000aade2"": {""server_total_ms"": 229, ""server_compilation_ms"": 59, ""server_execution_ms"": 170, ""server_provisioning_queue_ms"": 0, ""server_overload_queue_ms"": 0, ""server_bytes_scanned"": 973312}}"
100000,warehouse,clean_derive,duckdb,3,13,01c6f22d-0001-fcf8-0001-9ade000aadc2,6.831072,50.0,346.784487,"{""columns"": [""id"", ""net_cents""], ""dtypes"": [""int64"", ""int64""], ""hash_sum"": ""6278141268544677052"", ""hash_xor"": ""11755483584262095886"", ""rows"": 100000}",326.68333,1600132,100000,"[""01c6f22d-0001-fcf8-0001-9ade000aade6""]",13.270085,True,"{""01c6f22d-0001-fcf8-0001-9ade000aade6"": {""server_total_ms"": 224, ""server_compilation_ms"": 62, ""server_execution_ms"": 162, ""server_provisioning_queue_ms"": 0, ""server_overload_queue_ms"": 0, ""server_bytes_scanned"": 973312}}"
100000,warehouse,clean_derive,duckdb,3,14,01c6f22d-0001-fcf8-0001-9ade000aadc2,7.055916,40.0,337.159196,"{""columns"": [""id"", ""net_cents""], ""dtypes"": [""int64"", ""int64""], ""hash_sum"": ""6278141268544677052"", ""hash_xor"": ""11755483584262095886"", ""rows"": 100000}",315.689601,1600132,100000,"[""01c6f22d-0001-fcf8-0001-9ade000aadea""]",14.413679,True,"{""01c6f22d-0001-fcf8-0001-9ade000aadea"": {""server_total_ms"": 216, ""server_compilation_ms"": 62, ""server_execution_ms"": 154, ""server_provisioning_queue_ms"": 0, ""server_overload_queue_ms"": 0, ""server_bytes_scanned"": 973312}}"
100000,warehouse,clean_derive,duckdb,3,15,01c6f22d-0001-fcf8-0001-9ade000aadc2,7.396117,90.0,359.008606,"{""columns"": [""id"", ""net_cents""], ""dtypes"": [""int64"", ""int64""], ""hash_sum"": ""6278141268544677052"", ""hash_xor"": ""11755483584262095886"", ""rows"": 100000}",338.067007,1600132,100000,"[""01c6f22d-0001-fcf8-0001-9ade000aadee""]",13.545482,True,"{""01c6f22d-0001-fcf8-0001-9ade000aadee"": {""server_total_ms"": 234, ""server_compilation_ms"": 60, ""server_execution_ms"": 174, ""server_provisioning_queue_ms"": 0, ""server_overload_queue_ms"": 0, ""server_bytes_scanned"": 973312}}"
100000,warehouse,join_groupby,snowflake,3,11,01c6f22d-0001-fcf8-0001-9ade000aadf2,171.253685,0.0,171.253685,"{""columns"": [""region_id"", ""tier"", ""total_cents"", ""row_count""], ""dtypes"": [""int64"", ""int64"", ""int64"", ""int64""], ""hash_sum"": ""15482229778153811636"", ""hash_xor"": ""14299020784962879478"", ""rows"": 200}",,6532,200,"[""01c6f22d-0001-fcf8-0001-9ade000aae0e""]",0.0,True,"{""01c6f22d-0001-fcf8-0001-9ade000aae0e"": {""server_total_ms"": 130, ""server_compilation_ms"": 80, ""server_execution_ms"": 50, ""server_provisioning_queue_ms"": 0, ""server_overload_queue_ms"": 0, ""server_bytes_scanned"": 1211904}}"
100000,warehouse,join_groupby,snowflake,3,12,01c6f22d-0001-fcf8-0001-9ade000aadf2,163.212819,0.0,163.212819,"{""columns"": [""region_id"", ""tier"", ""total_cents"", ""row_count""], ""dtypes"": [""int64"", ""int64"", ""int64"", ""int64""], ""hash_sum"": ""15482229778153811636"", ""hash_xor"": ""14299020784962879478"", ""rows"": 200}",,6532,200,"[""01c6f22d-0001-fcf8-0001-9ade000aae12""]",0.0,True,"{""01c6f22d-0001-fcf8-0001-9ade000aae12"": {""server_total_ms"": 135, ""server_compilation_ms"": 88, ""server_execution_ms"": 47, ""server_provisioning_queue_ms"": 0, ""server_overload_queue_ms"": 0, ""server_bytes_scanned"": 1211904}}"
100000,warehouse,join_groupby,snowflake,3,13,01c6f22d-0001-fcf8-0001-9ade000aadf2,160.822302,10.0,160.822302,"{""columns"": [""region_id"", ""tier"", ""total_cents"", ""row_count""], ""dtypes"": [""int64"", ""int64"", ""int64"", ""int64""], ""hash_sum"": ""15482229778153811636"", ""hash_xor"": ""14299020784962879478"", ""rows"": 200}",,6532,200,"[""01c6f22d-0001-fcf8-0001-9ade000aae16""]",0.0,True,"{""01c6f22d-0001-fcf8-0001-9ade000aae16"": {""server_total_ms"": 129, ""server_compilation_ms"": 81, ""server_execution_ms"": 48, ""server_provisioning_queue_ms"": 0, ""server_overload_queue_ms"": 0, ""server_bytes_scanned"": 1211904}}"
100000,warehouse,join_groupby,snowflake,3,14,01c6f22d-0001-fcf8-0001-9ade000aadf2,160.917714,10.0,160.917714,"{""columns"": [""region_id"", ""tier"", ""total_cents"", ""row_count""], ""dtypes"": [""int64"", ""int64"", ""int64"", ""int64""], ""hash_sum"": ""15482229778153811636"", ""hash_xor"": ""14299020784962879478"", ""rows"": 200}",,6532,200,"[""01c6f22d-0001-fcf8-0001-9ade000aae1a""]",0.0,True,"{""01c6f22d-0001-fcf8-0001-9ade000aae1a"": {""server_total_ms"": 130, ""server_compilation_ms"": 84, ""server_execution_ms"": 46, ""server_provisioning_queue_ms"": 0, ""server_overload_queue_ms"": 0, ""server_bytes_scanned"": 1211904}}"
100000,warehouse,join_groupby,snowflake,3,15,01c6f22d-0001-fcf8-0001-9ade000aadf2,152.838294,0.0,152.838294,"{""columns"": [""region_id"", ""tier"", ""total_cents"", ""row_count""], ""dtypes"": [""int64"", ""int64"", ""int64"", ""int64""], ""hash_sum"": ""15482229778153811636"", ""hash_xor"": ""14299020784962879478"", ""rows"": 200}",,6532,200,"[""01c6f22d-0001-fcf8-0001-9ade000aae1e""]",0.0,True,"{""01c6f22d-0001-fcf8-0001-9ade000aae1e"": {""server_total_ms"": 120, ""server_compilation_ms"": 75, ""server_execution_ms"": 45, ""server_provisioning_queue_ms"": 0, ""server_overload_queue_ms"": 0, ""server_bytes_scanned"": 1211904}}"
10000000,warehouse,clean_derive,pandas,3,11,01c6f22d-0001-fcf8-0001-9ade000aae26,125.323822,1230.0,1986.713928,"{""columns"": [""id"", ""net_cents""], ""dtypes"": [""int64"", ""int64""], ""hash_sum"": ""14285702759883698828"", ""hash_xor"": ""425970959959544156"", ""rows"": 10000000}",1861.390106,160000132,10000000,"[""01c6f22d-0001-fcf8-0001-9ade000aae42""]",0.0,True,"{""01c6f22d-0001-fcf8-0001-9ade000aae42"": {""server_total_ms"": 449, ""server_compilation_ms"": 69, ""server_execution_ms"": 380, ""server_provisioning_queue_ms"": 0, ""server_overload_queue_ms"": 0, ""server_bytes_scanned"": 151591936}}"
10000000,warehouse,clean_derive,pandas,3,12,01c6f22d-0001-fcf8-0001-9ade000aae26,127.631402,1090.0,2026.36694,"{""columns"": [""id"", ""net_cents""], ""dtypes"": [""int64"", ""int64""], ""hash_sum"": ""14285702759883698828"", ""hash_xor"": ""425970959959544156"", ""rows"": 10000000}",1898.735538,160000132,10000000,"[""01c6f22d-0001-fcf8-0001-9ade000aae46""]",0.0,True,"{""01c6f22d-0001-fcf8-0001-9ade000aae46"": {""server_total_ms"": 438, ""server_compilation_ms"": 60, ""server_execution_ms"": 378, ""server_provisioning_queue_ms"": 0, ""server_overload_queue_ms"": 0, ""server_bytes_scanned"": 151591936}}"
10000000,warehouse,clean_derive,pandas,3,13,01c6f22d-0001-fcf8-0001-9ade000aae26,127.533044,1280.0,2027.862863,"{""columns"": [""id"", ""net_cents""], ""dtypes"": [""int64"", ""int64""], ""hash_sum"": ""14285702759883698828"", ""hash_xor"": ""425970959959544156"", ""rows"": 10000000}",1900.329819,160000132,10000000,"[""01c6f22d-0001-fcf8-0001-9ade000aae4a""]",0.0,True,"{""01c6f22d-0001-fcf8-0001-9ade000aae4a"": {""server_total_ms"": 464, ""server_compilation_ms"": 62, ""server_execution_ms"": 402, ""server_provisioning_queue_ms"": 0, ""server_overload_queue_ms"": 0, ""server_bytes_scanned"": 151591936}}"
10000000,warehouse,clean_derive,pandas,3,14,01c6f22d-0001-fcf8-0001-9ade000aae26,124.908113,1240.0,1999.847346,"{""columns"": [""id"", ""net_cents""], ""dtypes"": [""int64"", ""int64""], ""hash_sum"": ""14285702759883698828"", ""hash_xor"": ""425970959959544156"", ""rows"": 10000000}",1874.939233,160000132,10000000,"[""01c6f22d-0001-fcf8-0001-9ade000aae4e""]",0.0,True,"{""01c6f22d-0001-fcf8-0001-9ade000aae4e"": {""server_total_ms"": 436, ""server_compilation_ms"": 67, ""server_execution_ms"": 369, ""server_provisioning_queue_ms"": 0, ""server_overload_queue_ms"": 0, ""server_bytes_scanned"": 151591936}}"
10000000,warehouse,clean_derive,pandas,3,15,01c6f22d-0001-fcf8-0001-9ade000aae26,127.53706,1230.0,2029.373184,"{""columns"": [""id"", ""net_cents""], ""dtypes"": [""int64"", ""int64""], ""hash_sum"": ""14285702759883698828"", ""hash_xor"": ""425970959959544156"", ""rows"": 10000000}",1901.836124,160000132,10000000,"[""01c6f22d-0001-fcf8-0001-9ade000aae52""]",0.0,True,"{""01c6f22d-0001-fcf8-0001-9ade000aae52"": {""server_total_ms"": 427, ""server_compilation_ms"": 61, ""server_execution_ms"": 366, ""server_provisioning_queue_ms"": 0, ""server_overload_queue_ms"": 0, ""server_bytes_scanned"": 151591936}}"
10000000,warehouse,groupby,duckdb,3,11,01c6f22d-0001-fcf8-0001-9ade000aae56,42.57713,750.0,1531.100578,"{""columns"": [""region_id"", ""total_cents"", ""total_quantity"", ""row_count""], ""dtypes"": [""int64"", ""int64"", ""int64"", ""int64""], ""hash_sum"": ""3404719191165042972"", ""hash_xor"": ""2526757767072946434"", ""rows"": 50}",1475.942589,1732,50,"[""01c6f22d-0001-fcf8-0001-9ade000aae72""]",12.580859,True,"{""01c6f22d-0001-fcf8-0001-9ade000aae72"": {""server_total_ms"": 392, ""server_compilation_ms"": 75, ""server_execution_ms"": 317, ""server_provisioning_queue_ms"": 0, ""server_overload_queue_ms"": 0, ""server_bytes_scanned"": 151591936}}"
10000000,warehouse,groupby,duckdb,3,12,01c6f22d-0001-fcf8-0001-9ade000aae56,42.220183,750.0,1523.076335,"{""columns"": [""region_id"", ""total_cents"", ""total_quantity"", ""row_count""], ""dtypes"": [""int64"", ""int64"", ""int64"", ""int64""], ""hash_sum"": ""3404719191165042972"", ""hash_xor"": ""2526757767072946434"", ""rows"": 50}",1468.297104,1732,50,"[""01c6f22d-0001-fcf8-0001-9ade000aae76""]",12.559048,True,"{""01c6f22d-0001-fcf8-0001-9ade000aae76"": {""server_total_ms"": 384, ""server_compilation_ms"": 67, ""server_execution_ms"": 317, ""server_provisioning_queue_ms"": 0, ""server_overload_queue_ms"": 0, ""server_bytes_scanned"": 151591936}}"
10000000,warehouse,groupby,duckdb,3,13,01c6f22d-0001-fcf8-0001-9ade000aae56,42.398278,770.0,1521.236627,"{""columns"": [""region_id"", ""total_cents"", ""total_quantity"", ""row_count""], ""dtypes"": [""int64"", ""int64"", ""int64"", ""int64""], ""hash_sum"": ""3404719191165042972"", ""hash_xor"": ""2526757767072946434"", ""rows"": 50}",1466.314102,1732,50,"[""01c6f22d-0001-fcf8-0001-9ade000aae7a""]",12.524247,True,"{""01c6f22d-0001-fcf8-0001-9ade000aae7a"": {""server_total_ms"": 386, ""server_compilation_ms"": 62, ""server_execution_ms"": 324, ""server_provisioning_queue_ms"": 0, ""server_overload_queue_ms"": 0, ""server_bytes_scanned"": 151591936}}"
10000000,warehouse,groupby,duckdb,3,14,01c6f22d-0001-fcf8-0001-9ade000aae56,42.319116,760.0,1562.561549,"{""columns"": [""region_id"", ""total_cents"", ""total_quantity"", ""row_count""], ""dtypes"": [""int64"", ""int64"", ""int64"", ""int64""], ""hash_sum"": ""3404719191165042972"", ""hash_xor"": ""2526757767072946434"", ""rows"": 50}",1506.980125,1732,50,"[""01c6f22d-0001-fcf8-0001-9ade000aae7e""]",13.262308,True,"{""01c6f22d-0001-fcf8-0001-9ade000aae7e"": {""server_total_ms"": 418, ""server_compilation_ms"": 57, ""server_execution_ms"": 361, ""server_provisioning_queue_ms"": 0, ""server_overload_queue_ms"": 0, ""server_bytes_scanned"": 151591936}}"
10000000,warehouse,groupby,duckdb,3,15,01c6f22d-0001-fcf8-0001-9ade000aae56,42.318787,810.0,1541.540514,"{""columns"": [""region_id"", ""total_cents"", ""total_quantity"", ""row_count""], ""dtypes"": [""int64"", ""int64"", ""int64"", ""int64""], ""hash_sum"": ""3404719191165042972"", ""hash_xor"": ""2526757767072946434"", ""rows"": 50}",1486.645022,1732,50,"[""01c6f22d-0001-fcf8-0001-9ade000aae82""]",12.576705,True,"{""01c6f22d-0001-fcf8-0001-9ade000aae82"": {""server_total_ms"": 413, ""server_compilation_ms"": 66, ""server_execution_ms"": 347, ""server_provisioning_queue_ms"": 0, ""server_overload_queue_ms"": 0, ""server_bytes_scanned"": 151591936}}"
10000000,warehouse,filter_project,snowflake,3,11,01c6f22e-0001-fcf9-0001-9ade000b585e,1006.100631,310.0,1006.100631,"{""columns"": [""id"", ""region_id"", ""gross_cents""], ""dtypes"": [""int64"", ""int64"", ""int64""], ""hash_sum"": ""9297358661400020835"", ""hash_xor"": ""11916629792613770293"", ""rows"": 1980090}",,47522292,1980090,"[""01c6f22e-0001-fcf9-0001-9ade000b587a""]",0.0,True,"{""01c6f22e-0001-fcf9-0001-9ade000b587a"": {""server_total_ms"": 304, ""server_compilation_ms"": 70, ""server_execution_ms"": 234, ""server_provisioning_queue_ms"": 0, ""server_overload_queue_ms"": 0, ""server_bytes_scanned"": 141637120}}"
10000000,warehouse,filter_project,snowflake,3,12,01c6f22e-0001-fcf9-0001-9ade000b585e,1000.323509,260.0,1000.323509,"{""columns"": [""id"", ""region_id"", ""gross_cents""], ""dtypes"": [""int64"", ""int64"", ""int64""], ""hash_sum"": ""9297358661400020835"", ""hash_xor"": ""11916629792613770293"", ""rows"": 1980090}",,47522292,1980090,"[""01c6f22e-0001-fcf9-0001-9ade000b587e""]",0.0,True,"{""01c6f22e-0001-fcf9-0001-9ade000b587e"": {""server_total_ms"": 293, ""server_compilation_ms"": 67, ""server_execution_ms"": 226, ""server_provisioning_queue_ms"": 0, ""server_overload_queue_ms"": 0, ""server_bytes_scanned"": 146614272}}"
10000000,warehouse,filter_project,snowflake,3,13,01c6f22e-0001-fcf9-0001-9ade000b585e,1005.959785,220.0,1005.959785,"{""columns"": [""id"", ""region_id"", ""gross_cents""], ""dtypes"": [""int64"", ""int64"", ""int64""], ""hash_sum"": ""9297358661400020835"", ""hash_xor"": ""11916629792613770293"", ""rows"": 1980090}",,47522292,1980090,"[""01c6f22e-0001-fcf9-0001-9ade000b5882""]",0.0,True,"{""01c6f22e-0001-fcf9-0001-9ade000b5882"": {""server_total_ms"": 311, ""server_compilation_ms"": 74, ""server_execution_ms"": 237, ""server_provisioning_queue_ms"": 0, ""server_overload_queue_ms"": 0, ""server_bytes_scanned"": 146614272}}"
10000000,warehouse,filter_project,snowflake,3,14,01c6f22e-0001-fcf9-0001-9ade000b585e,997.656174,410.0,997.656174,"{""columns"": [""id"", ""region_id"", ""gross_cents""], ""dtypes"": [""int64"", ""int64"", ""int64""], ""hash_sum"": ""9297358661400020835"", ""hash_xor"": ""11916629792613770293"", ""rows"": 1980090}",,47522292,1980090,"[""01c6f22e-0001-fcf9-0001-9ade000b5886""]",0.0,True,"{""01c6f22e-0001-fcf9-0001-9ade000b5886"": {""server_total_ms"": 293, ""server_compilation_ms"": 69, ""server_execution_ms"": 224, ""server_provisioning_queue_ms"": 0, ""server_overload_queue_ms"": 0, ""server_bytes_scanned"": 151591936}}"
10000000,warehouse,filter_project,snowflake,3,15,01c6f22e-0001-fcf9-0001-9ade000b585e,1330.887552,300.0,1330.887552,"{""columns"": [""id"", ""region_id"", ""gross_cents""], ""dtypes"": [""int64"", ""int64"", ""int64""], ""hash_sum"": ""9297358661400020835"", ""hash_xor"": ""11916629792613770293"", ""rows"": 1980090}",,47522292,1980090,"[""01c6f22e-0001-fcf9-0001-9ade000b588a""]",0.0,True,"{""01c6f22e-0001-fcf9-0001-9ade000b588a"": {""server_total_ms"": 297, ""server_compilation_ms"": 75, ""server_execution_ms"": 222, ""server_provisioning_queue_ms"": 0, ""server_overload_queue_ms"": 0, ""server_bytes_scanned"": 141636608}}"
1000000,warehouse,filter_project,pandas,3,11,01c6f22e-0001-fe2b-0001-9ade000b8722,6.770717,70.0,418.183126,"{""columns"": [""id"", ""region_id"", ""gross_cents""], ""dtypes"": [""int64"", ""int64"", ""int64""], ""hash_sum"": ""11356744842689536210"", ""hash_xor"": ""4329941149679941164"", ""rows"": 198279}",411.412409,4758828,198279,"[""01c6f22e-0001-fe2b-0001-9ade000b873e""]",0.0,True,"{""01c6f22e-0001-fe2b-0001-9ade000b873e"": {""server_total_ms"": 298, ""server_compilation_ms"": 70, ""server_execution_ms"": 228, ""server_provisioning_queue_ms"": 0, ""server_overload_queue_ms"": 0, ""server_bytes_scanned"": 7627264}}"
1000000,warehouse,filter_project,pandas,3,12,01c6f22e-0001-fe2b-0001-9ade000b8722,7.613694,60.0,399.371179,"{""columns"": [""id"", ""region_id"", ""gross_cents""], ""dtypes"": [""int64"", ""int64"", ""int64""], ""hash_sum"": ""11356744842689536210"", ""hash_xor"": ""4329941149679941164"", ""rows"": 198279}",391.757485,4758828,198279,"[""01c6f22e-0001-fe2b-0001-9ade000b8742""]",0.0,True,"{""01c6f22e-0001-fe2b-0001-9ade000b8742"": {""server_total_ms"": 288, ""server_compilation_ms"": 72, ""server_execution_ms"": 216, ""server_provisioning_queue_ms"": 0, ""server_overload_queue_ms"": 0, ""server_bytes_scanned"": 7627264}}"
1000000,warehouse,filter_project,pandas,3,13,01c6f22e-0001-fe2b-0001-9ade000b8722,7.284871,40.0,449.997334,"{""columns"": [""id"", ""region_id"", ""gross_cents""], ""dtypes"": [""int64"", ""int64"", ""int64""], ""hash_sum"": ""11356744842689536210"", ""hash_xor"": ""4329941149679941164"", ""rows"": 198279}",442.712463,4758828,198279,"[""01c6f22e-0001-fe2b-0001-9ade000b8746""]",0.0,True,"{""01c6f22e-0001-fe2b-0001-9ade000b8746"": {""server_total_ms"": 310, ""server_compilation_ms"": 72, ""server_execution_ms"": 238, ""server_provisioning_queue_ms"": 0, ""server_overload_queue_ms"": 0, ""server_bytes_scanned"": 7627264}}"
1000000,warehouse,filter_project,pandas,3,14,01c6f22e-0001-fe2b-0001-9ade000b8722,6.867024,70.0,414.625684,"{""columns"": [""id"", ""region_id"", ""gross_cents""], ""dtypes"": [""int64"", ""int64"", ""int64""], ""hash_sum"": ""11356744842689536210"", ""hash_xor"": ""4329941149679941164"", ""rows"": 198279}",407.75866,4758828,198279,"[""01c6f22e-0001-fe2b-0001-9ade000b874a""]",0.0,True,"{""01c6f22e-0001-fe2b-0001-9ade000b874a"": {""server_total_ms"": 302, ""server_compilation_ms"": 76, ""server_execution_ms"": 226, ""server_provisioning_queue_ms"": 0, ""server_overload_queue_ms"": 0, ""server_bytes_scanned"": 7627264}}"
1000000,warehouse,filter_project,pandas,3,15,01c6f22e-0001-fe2b-0001-9ade000b8722,7.777122,50.0,434.434318,"{""columns"": [""id"", ""region_id"", ""gross_cents""], ""dtypes"": [""int64"", ""int64"", ""int64""], ""hash_sum"": ""11356744842689536210"", ""hash_xor"": ""4329941149679941164"", ""rows"": 198279}",426.657196,4758828,198279,"[""01c6f22e-0001-fe2b-0001-9ade000b874e""]",0.0,True,"{""01c6f22e-0001-fe2b-0001-9ade000b874e"": {""server_total_ms"": 305, ""server_compilation_ms"": 74, ""server_execution_ms"": 231, ""server_provisioning_queue_ms"": 0, ""server_overload_queue_ms"": 0, ""server_bytes_scanned"": 7627264}}"
100000,warehouse,filter_project,duckdb,3,11,01c6f22e-0001-fcf8-0001-9ade000aae8a,2.908291,20.0,273.047145,"{""columns"": [""id"", ""region_id"", ""gross_cents""], ""dtypes"": [""int64"", ""int64"", ""int64""], ""hash_sum"": ""6934637738391437775"", ""hash_xor"": ""13010755706745315299"", ""rows"": 19886}",257.443588,477396,19886,"[""01c6f22e-0001-fcf8-0001-9ade000aaea6""]",12.695266,True,"{""01c6f22e-0001-fcf8-0001-9ade000aaea6"": {""server_total_ms"": 165, ""server_compilation_ms"": 59, ""server_execution_ms"": 106, ""server_provisioning_queue_ms"": 0, ""server_overload_queue_ms"": 0, ""server_bytes_scanned"": 973312}}"
100000,warehouse,filter_project,duckdb,3,12,01c6f22e-0001-fcf8-0001-9ade000aae8a,2.774684,30.0,300.902495,"{""columns"": [""id"", ""region_id"", ""gross_cents""], ""dtypes"": [""int64"", ""int64"", ""int64""], ""hash_sum"": ""6934637738391437775"", ""hash_xor"": ""13010755706745315299"", ""rows"": 19886}",285.446167,477396,19886,"[""01c6f22e-0001-fcf8-0001-9ade000aaeaa""]",12.681644,True,"{""01c6f22e-0001-fcf8-0001-9ade000aaeaa"": {""server_total_ms"": 190, ""server_compilation_ms"": 72, ""server_execution_ms"": 118, ""server_provisioning_queue_ms"": 0, ""server_overload_queue_ms"": 0, ""server_bytes_scanned"": 973312}}"
100000,warehouse,filter_project,duckdb,3,13,01c6f22e-0001-fcf8-0001-9ade000aae8a,2.782349,20.0,290.954787,"{""columns"": [""id"", ""region_id"", ""gross_cents""], ""dtypes"": [""int64"", ""int64"", ""int64""], ""hash_sum"": ""6934637738391437775"", ""hash_xor"": ""13010755706745315299"", ""rows"": 19886}",275.56483,477396,19886,"[""01c6f22e-0001-fcf8-0001-9ade000aaeae""]",12.607608,True,"{""01c6f22e-0001-fcf8-0001-9ade000aaeae"": {""server_total_ms"": 184, ""server_compilation_ms"": 66, ""server_execution_ms"": 118, ""server_provisioning_queue_ms"": 0, ""server_overload_queue_ms"": 0, ""server_bytes_scanned"": 973312}}"
100000,warehouse,filter_project,duckdb,3,14,01c6f22e-0001-fcf8-0001-9ade000aae8a,2.894028,40.0,273.781787,"{""columns"": [""id"", ""region_id"", ""gross_cents""], ""dtypes"": [""int64"", ""int64"", ""int64""], ""hash_sum"": ""6934637738391437775"", ""hash_xor"": ""13010755706745315299"", ""rows"": 19886}",258.449936,477396,19886,"[""01c6f22e-0001-fcf8-0001-9ade000aaeb2""]",12.437823,True,"{""01c6f22e-0001-fcf8-0001-9ade000aaeb2"": {""server_total_ms"": 168, ""server_compilation_ms"": 59, ""server_execution_ms"": 109, ""server_provisioning_queue_ms"": 0, ""server_overload_queue_ms"": 0, ""server_bytes_scanned"": 973312}}"
100000,warehouse,filter_project,duckdb,3,15,01c6f22e-0001-fcf8-0001-9ade000aae8a,3.016439,50.0,281.112844,"{""columns"": [""id"", ""region_id"", ""gross_cents""], ""dtypes"": [""int64"", ""int64"", ""int64""], ""hash_sum"": ""6934637738391437775"", ""hash_xor"": ""13010755706745315299"", ""rows"": 19886}",265.500431,477396,19886,"[""01c6f22e-0001-fcf8-0001-9ade000aaeb6""]",12.595974,True,"{""01c6f22e-0001-fcf8-0001-9ade000aaeb6"": {""server_total_ms"": 172, ""server_compilation_ms"": 60, ""server_execution_ms"": 112, ""server_provisioning_queue_ms"": 0, ""server_overload_queue_ms"": 0, ""server_bytes_scanned"": 973312}}"
100000,warehouse,join_groupby,pandas,3,11,01c6f22e-0001-fe2b-0001-9ade000b875a,17.754465,50.0,728.869502,"{""columns"": [""region_id"", ""tier"", ""total_cents"", ""row_count""], ""dtypes"": [""int64"", ""int64"", ""int64"", ""int64""], ""hash_sum"": ""15482229778153811636"", ""hash_xor"": ""14299020784962879478"", ""rows"": 200}",711.115037,6532,200,"[""01c6f22e-0001-fe2b-0001-9ade000b877a"", ""01c6f22e-0001-fe2b-0001-9ade000b877e""]",0.0,True,"{""01c6f22e-0001-fe2b-0001-9ade000b877a"": {""server_total_ms"": 294, ""server_compilation_ms"": 76, ""server_execution_ms"": 218, ""server_provisioning_queue_ms"": 0, ""server_overload_queue_ms"": 0, ""server_bytes_scanned"": 973312}, ""01c6f22e-0001-fe2b-0001-9ade000b877e"": {""server_total_ms"": 215, ""server_compilation_ms"": 79, ""server_execution_ms"": 136, ""server_provisioning_queue_ms"": 0, ""server_overload_queue_ms"": 0, ""server_bytes_scanned"": 238592}}"
100000,warehouse,join_groupby,pandas,3,12,01c6f22e-0001-fe2b-0001-9ade000b875a,17.304499,40.0,642.739944,"{""columns"": [""region_id"", ""tier"", ""total_cents"", ""row_count""], ""dtypes"": [""int64"", ""int64"", ""int64"", ""int64""], ""hash_sum"": ""15482229778153811636"", ""hash_xor"": ""14299020784962879478"", ""rows"": 200}",625.435445,6532,200,"[""01c6f22e-0001-fe2b-0001-9ade000b8782"", ""01c6f22e-0001-fe2b-0001-9ade000b8786""]",0.0,True,"{""01c6f22e-0001-fe2b-0001-9ade000b8782"": {""server_total_ms"": 234, ""server_compilation_ms"": 67, ""server_execution_ms"": 167, ""server_provisioning_queue_ms"": 0, ""server_overload_queue_ms"": 0, ""server_bytes_scanned"": 973312}, ""01c6f22e-0001-fe2b-0001-9ade000b8786"": {""server_total_ms"": 190, ""server_compilation_ms"": 61, ""server_execution_ms"": 129, ""server_provisioning_queue_ms"": 0, ""server_overload_queue_ms"": 0, ""server_bytes_scanned"": 238592}}"
100000,warehouse,join_groupby,pandas,3,13,01c6f22e-0001-fe2b-0001-9ade000b875a,17.115002,40.0,683.895808,"{""columns"": [""region_id"", ""tier"", ""total_cents"", ""row_count""], ""dtypes"": [""int64"", ""int64"", ""int64"", ""int64""], ""hash_sum"": ""15482229778153811636"", ""hash_xor"": ""14299020784962879478"", ""rows"": 200}",666.780806,6532,200,"[""01c6f22e-0001-fe2b-0001-9ade000b878a"", ""01c6f22e-0001-fe2b-0001-9ade000b878e""]",0.0,True,"{""01c6f22e-0001-fe2b-0001-9ade000b878a"": {""server_total_ms"": 258, ""server_compilation_ms"": 83, ""server_execution_ms"": 175, ""server_provisioning_queue_ms"": 0, ""server_overload_queue_ms"": 0, ""server_bytes_scanned"": 973312}, ""01c6f22e-0001-fe2b-0001-9ade000b878e"": {""server_total_ms"": 195, ""server_compilation_ms"": 64, ""server_execution_ms"": 131, ""server_provisioning_queue_ms"": 0, ""server_overload_queue_ms"": 0, ""server_bytes_scanned"": 238592}}"
100000,warehouse,join_groupby,pandas,3,14,01c6f22e-0001-fe2b-0001-9ade000b875a,17.267231,70.0,660.395494,"{""columns"": [""region_id"", ""tier"", ""total_cents"", ""row_count""], ""dtypes"": [""int64"", ""int64"", ""int64"", ""int64""], ""hash_sum"": ""15482229778153811636"", ""hash_xor"": ""14299020784962879478"", ""rows"": 200}",643.128263,6532,200,"[""01c6f22e-0001-fe2b-0001-9ade000b8792"", ""01c6f22e-0001-fe2b-0001-9ade000b8796""]",0.0,True,"{""01c6f22e-0001-fe2b-0001-9ade000b8792"": {""server_total_ms"": 239, ""server_compilation_ms"": 67, ""server_execution_ms"": 172, ""server_provisioning_queue_ms"": 0, ""server_overload_queue_ms"": 0, ""server_bytes_scanned"": 973312}, ""01c6f22e-0001-fe2b-0001-9ade000b8796"": {""server_total_ms"": 203, ""server_compilation_ms"": 68, ""server_execution_ms"": 135, ""server_provisioning_queue_ms"": 0, ""server_overload_queue_ms"": 0, ""server_bytes_scanned"": 238592}}"
100000,warehouse,join_groupby,pandas,3,15,01c6f22e-0001-fe2b-0001-9ade000b875a,17.56343,70.0,641.572199,"{""columns"": [""region_id"", ""tier"", ""total_cents"", ""row_count""], ""dtypes"": [""int64"", ""int64"", ""int64"", ""int64""], ""hash_sum"": ""15482229778153811636"", ""hash_xor"": ""14299020784962879478"", ""rows"": 200}",624.008769,6532,200,"[""01c6f22e-0001-fe2b-0001-9ade000b879a"", ""01c6f22e-0001-fe2b-0001-9ade000b879e""]",0.0,True,"{""01c6f22e-0001-fe2b-0001-9ade000b879a"": {""server_total_ms"": 234, ""server_compilation_ms"": 66, ""server_execution_ms"": 168, ""server_provisioning_queue_ms"": 0, ""server_overload_queue_ms"": 0, ""server_bytes_scanned"": 973312}, ""01c6f22e-0001-fe2b-0001-9ade000b879e"": {""server_total_ms"": 193, ""server_compilation_ms"": 62, ""server_execution_ms"": 131, ""server_provisioning_queue_ms"": 0, ""server_overload_queue_ms"": 0, ""server_bytes_scanned"": 238592}}"
100000,warehouse,groupby,duckdb,3,11,01c6f22e-0001-fcf9-0001-9ade000b588e,6.194686,30.0,311.669853,"{""columns"": [""region_id"", ""total_cents"", ""total_quantity"", ""row_count""], ""dtypes"": [""int64"", ""int64"", ""int64"", ""int64""], ""hash_sum"": ""5148165510768826946"", ""hash_xor"": ""7876665366988197046"", ""rows"": 50}",292.603406,1732,50,"[""01c6f22e-0001-fcf9-0001-9ade000b58aa""]",12.871761,True,"{""01c6f22e-0001-fcf9-0001-9ade000b58aa"": {""server_total_ms"": 193, ""server_compilation_ms"": 59, ""server_execution_ms"": 134, ""server_provisioning_queue_ms"": 0, ""server_overload_queue_ms"": 0, ""server_bytes_scanned"": 973312}}"
100000,warehouse,groupby,duckdb,3,12,01c6f22e-0001-fcf9-0001-9ade000b588e,6.344867,70.0,330.171378,"{""columns"": [""region_id"", ""total_cents"", ""total_quantity"", ""row_count""], ""dtypes"": [""int64"", ""int64"", ""int64"", ""int64""], ""hash_sum"": ""5148165510768826946"", ""hash_xor"": ""7876665366988197046"", ""rows"": 50}",311.427228,1732,50,"[""01c6f22e-0001-fcf9-0001-9ade000b58ae""]",12.399283,True,"{""01c6f22e-0001-fcf9-0001-9ade000b58ae"": {""server_total_ms"": 192, ""server_compilation_ms"": 61, ""server_execution_ms"": 131, ""server_provisioning_queue_ms"": 0, ""server_overload_queue_ms"": 0, ""server_bytes_scanned"": 973312}}"
100000,warehouse,groupby,duckdb,3,13,01c6f22e-0001-fcf9-0001-9ade000b588e,5.872857,40.0,311.496692,"{""columns"": [""region_id"", ""total_cents"", ""total_quantity"", ""row_count""], ""dtypes"": [""int64"", ""int64"", ""int64"", ""int64""], ""hash_sum"": ""5148165510768826946"", ""hash_xor"": ""7876665366988197046"", ""rows"": 50}",292.974704,1732,50,"[""01c6f22e-0001-fcf9-0001-9ade000b58b2""]",12.649131,True,"{""01c6f22e-0001-fcf9-0001-9ade000b58b2"": {""server_total_ms"": 193, ""server_compilation_ms"": 58, ""server_execution_ms"": 135, ""server_provisioning_queue_ms"": 0, ""server_overload_queue_ms"": 0, ""server_bytes_scanned"": 973312}}"
100000,warehouse,groupby,duckdb,3,14,01c6f22e-0001-fcf9-0001-9ade000b588e,5.883422,30.0,311.801121,"{""columns"": [""region_id"", ""total_cents"", ""total_quantity"", ""row_count""], ""dtypes"": [""int64"", ""int64"", ""int64"", ""int64""], ""hash_sum"": ""5148165510768826946"", ""hash_xor"": ""7876665366988197046"", ""rows"": 50}",293.328502,1732,50,"[""01c6f22e-0001-fcf9-0001-9ade000b58b6""]",12.589197,True,"{""01c6f22e-0001-fcf9-0001-9ade000b58b6"": {""server_total_ms"": 195, ""server_compilation_ms"": 60, ""server_execution_ms"": 135, ""server_provisioning_queue_ms"": 0, ""server_overload_queue_ms"": 0, ""server_bytes_scanned"": 973312}}"
100000,warehouse,groupby,duckdb,3,15,01c6f22e-0001-fcf9-0001-9ade000b588e,5.994337,80.0,311.652145,"{""columns"": [""region_id"", ""total_cents"", ""total_quantity"", ""row_count""], ""dtypes"": [""int64"", ""int64"", ""int64"", ""int64""], ""hash_sum"": ""5148165510768826946"", ""hash_xor"": ""7876665366988197046"", ""rows"": 50}",293.063914,1732,50,"[""01c6f22e-0001-fcf9-0001-9ade000b58ba""]",12.593894,True,"{""01c6f22e-0001-fcf9-0001-9ade000b58ba"": {""server_total_ms"": 196, ""server_compilation_ms"": 61, ""server_execution_ms"": 135, ""server_provisioning_queue_ms"": 0, ""server_overload_queue_ms"": 0, ""server_bytes_scanned"": 973312}}"
1000000,warehouse,join_groupby,duckdb,3,11,01c6f22e-0001-fcf9-0001-9ade000b58be,29.204251,290.0,949.585548,"{""columns"": [""region_id"", ""tier"", ""total_cents"", ""row_count""], ""dtypes"": [""int64"", ""int64"", ""int64"", ""int64""], ""hash_sum"": ""13023197678645621665"", ""hash_xor"": ""8219731451453916309"", ""rows"": 200}",905.570029,6532,200,"[""01c6f22e-0001-fcf9-0001-9ade000b58de"", ""01c6f22e-0001-fcf9-0001-9ade000b58e2""]",14.811268,True,"{""01c6f22e-0001-fcf9-0001-9ade000b58de"": {""server_total_ms"": 421, ""server_compilation_ms"": 59, ""server_execution_ms"": 362, ""server_provisioning_queue_ms"": 0, ""server_overload_queue_ms"": 0, ""server_bytes_scanned"": 7627264}, ""01c6f22e-0001-fcf9-0001-9ade000b58e2"": {""server_total_ms"": 194, ""server_compilation_ms"": 59, ""server_execution_ms"": 135, ""server_provisioning_queue_ms"": 0, ""server_overload_queue_ms"": 0, ""server_bytes_scanned"": 238592}}"
1000000,warehouse,join_groupby,duckdb,3,12,01c6f22e-0001-fcf9-0001-9ade000b58be,30.460935,200.0,940.219643,"{""columns"": [""region_id"", ""tier"", ""total_cents"", ""row_count""], ""dtypes"": [""int64"", ""int64"", ""int64"", ""int64""], ""hash_sum"": ""13023197678645621665"", ""hash_xor"": ""8219731451453916309"", ""rows"": 200}",894.840711,6532,200,"[""01c6f22e-0001-fcf9-0001-9ade000b58e6"", ""01c6f22e-0001-fcf9-0001-9ade000b58ea""]",14.917997,True,"{""01c6f22e-0001-fcf9-0001-9ade000b58e6"": {""server_total_ms"": 400, ""server_compilation_ms"": 67, ""server_execution_ms"": 333, ""server_provisioning_queue_ms"": 0, ""server_overload_queue_ms"": 0, ""server_bytes_scanned"": 7627264}, ""01c6f22e-0001-fcf9-0001-9ade000b58ea"": {""server_total_ms"": 193, ""server_compilation_ms"": 58, ""server_execution_ms"": 135, ""server_provisioning_queue_ms"": 0, ""server_overload_queue_ms"": 0, ""server_bytes_scanned"": 238592}}"
1000000,warehouse,join_groupby,duckdb,3,13,01c6f22e-0001-fcf9-0001-9ade000b58be,30.08682,220.0,953.594653,"{""columns"": [""region_id"", ""tier"", ""total_cents"", ""row_count""], ""dtypes"": [""int64"", ""int64"", ""int64"", ""int64""], ""hash_sum"": ""13023197678645621665"", ""hash_xor"": ""8219731451453916309"", ""rows"": 200}",908.54845,6532,200,"[""01c6f22e-0001-fcf9-0001-9ade000b58ee"", ""01c6f22e-0001-fcf9-0001-9ade000b58f2""]",14.959383,True,"{""01c6f22e-0001-fcf9-0001-9ade000b58ee"": {""server_total_ms"": 404, ""server_compilation_ms"": 68, ""server_execution_ms"": 336, ""server_provisioning_queue_ms"": 0, ""server_overload_queue_ms"": 0, ""server_bytes_scanned"": 7627264}, ""01c6f22e-0001-fcf9-0001-9ade000b58f2"": {""server_total_ms"": 216, ""server_compilation_ms"": 57, ""server_execution_ms"": 159, ""server_provisioning_queue_ms"": 0, ""server_overload_queue_ms"": 0, ""server_bytes_scanned"": 238592}}"
1000000,warehouse,join_groupby,duckdb,3,14,01c6f22e-0001-fcf9-0001-9ade000b58be,29.872546,210.0,891.638038,"{""columns"": [""region_id"", ""tier"", ""total_cents"", ""row_count""], ""dtypes"": [""int64"", ""int64"", ""int64"", ""int64""], ""hash_sum"": ""13023197678645621665"", ""hash_xor"": ""8219731451453916309"", ""rows"": 200}",846.677205,6532,200,"[""01c6f22e-0001-fcf9-0001-9ade000b58f6"", ""01c6f22e-0001-fcf9-0001-9ade000b58fa""]",15.088287,True,"{""01c6f22e-0001-fcf9-0001-9ade000b58f6"": {""server_total_ms"": 381, ""server_compilation_ms"": 57, ""server_execution_ms"": 324, ""server_provisioning_queue_ms"": 0, ""server_overload_queue_ms"": 0, ""server_bytes_scanned"": 7627264}, ""01c6f22e-0001-fcf9-0001-9ade000b58fa"": {""server_total_ms"": 187, ""server_compilation_ms"": 58, ""server_execution_ms"": 129, ""server_provisioning_queue_ms"": 0, ""server_overload_queue_ms"": 0, ""server_bytes_scanned"": 238592}}"
1000000,warehouse,join_groupby,duckdb,3,15,01c6f22e-0001-fcf9-0001-9ade000b58be,29.742009,280.0,945.567735,"{""columns"": [""region_id"", ""tier"", ""total_cents"", ""row_count""], ""dtypes"": [""int64"", ""int64"", ""int64"", ""int64""], ""hash_sum"": ""13023197678645621665"", ""hash_xor"": ""8219731451453916309"", ""rows"": 200}",901.186744,6532,200,"[""01c6f22e-0001-fcf9-0001-9ade000b58fe"", ""01c6f22e-0001-fcf9-0001-9ade000b5902""]",14.638982,True,"{""01c6f22e-0001-fcf9-0001-9ade000b58fe"": {""server_total_ms"": 434, ""server_compilation_ms"": 64, ""server_execution_ms"": 370, ""server_provisioning_queue_ms"": 0, ""server_overload_queue_ms"": 0, ""server_bytes_scanned"": 7627264}, ""01c6f22e-0001-fcf9-0001-9ade000b5902"": {""server_total_ms"": 191, ""server_compilation_ms"": 67, ""server_execution_ms"": 124, ""server_provisioning_queue_ms"": 0, ""server_overload_queue_ms"": 0, ""server_bytes_scanned"": 238592}}"
1000000,warehouse,filter_project,duckdb,3,11,01c6f22e-0001-fe2b-0001-9ade000b87a6,5.89581,90.0,426.91894,"{""columns"": [""id"", ""region_id"", ""gross_cents""], ""dtypes"": [""int64"", ""int64"", ""int64""], ""hash_sum"": ""11356744842689536210"", ""hash_xor"": ""4329941149679941164"", ""rows"": 198279}",407.919748,4758828,198279,"[""01c6f22e-0001-fe2b-0001-9ade000b87c2""]",13.103382,True,"{""01c6f22e-0001-fe2b-0001-9ade000b87c2"": {""server_total_ms"": 293, ""server_compilation_ms"": 78, ""server_execution_ms"": 215, ""server_provisioning_queue_ms"": 0, ""server_overload_queue_ms"": 0, ""server_bytes_scanned"": 7627264}}"
1000000,warehouse,filter_project,duckdb,3,12,01c6f22e-0001-fe2b-0001-9ade000b87a6,6.107135,80.0,417.413996,"{""columns"": [""id"", ""region_id"", ""gross_cents""], ""dtypes"": [""int64"", ""int64"", ""int64""], ""hash_sum"": ""11356744842689536210"", ""hash_xor"": ""4329941149679941164"", ""rows"": 198279}",398.089459,4758828,198279,"[""01c6f22e-0001-fe2b-0001-9ade000b87c6""]",13.217402,True,"{""01c6f22e-0001-fe2b-0001-9ade000b87c6"": {""server_total_ms"": 291, ""server_compilation_ms"": 75, ""server_execution_ms"": 216, ""server_provisioning_queue_ms"": 0, ""server_overload_queue_ms"": 0, ""server_bytes_scanned"": 7627264}}"
1000000,warehouse,filter_project,duckdb,3,13,01c6f22e-0001-fe2b-0001-9ade000b87a6,5.685002,80.0,431.773789,"{""columns"": [""id"", ""region_id"", ""gross_cents""], ""dtypes"": [""int64"", ""int64"", ""int64""], ""hash_sum"": ""11356744842689536210"", ""hash_xor"": ""4329941149679941164"", ""rows"": 198279}",412.815803,4758828,198279,"[""01c6f22e-0001-fe2b-0001-9ade000b87ca""]",13.272984,True,"{""01c6f22e-0001-fe2b-0001-9ade000b87ca"": {""server_total_ms"": 298, ""server_compilation_ms"": 77, ""server_execution_ms"": 221, ""server_provisioning_queue_ms"": 0, ""server_overload_queue_ms"": 0, ""server_bytes_scanned"": 7627264}}"
1000000,warehouse,filter_project,duckdb,3,14,01c6f22e-0001-fe2b-0001-9ade000b87a6,5.943313,110.0,435.979035,"{""columns"": [""id"", ""region_id"", ""gross_cents""], ""dtypes"": [""int64"", ""int64"", ""int64""], ""hash_sum"": ""11356744842689536210"", ""hash_xor"": ""4329941149679941164"", ""rows"": 198279}",416.911154,4758828,198279,"[""01c6f22e-0001-fe2b-0001-9ade000b87ce""]",13.124568,True,"{""01c6f22e-0001-fe2b-0001-9ade000b87ce"": {""server_total_ms"": 279, ""server_compilation_ms"": 74, ""server_execution_ms"": 205, ""server_provisioning_queue_ms"": 0, ""server_overload_queue_ms"": 0, ""server_bytes_scanned"": 7627264}}"
1000000,warehouse,filter_project,duckdb,3,15,01c6f22e-0001-fe2b-0001-9ade000b87a6,6.056619,60.0,427.666,"{""columns"": [""id"", ""region_id"", ""gross_cents""], ""dtypes"": [""int64"", ""int64"", ""int64""], ""hash_sum"": ""11356744842689536210"", ""hash_xor"": ""4329941149679941164"", ""rows"": 198279}",408.471336,4758828,198279,"[""01c6f22e-0001-fe2b-0001-9ade000b87d2""]",13.138045,True,"{""01c6f22e-0001-fe2b-0001-9ade000b87d2"": {""server_total_ms"": 287, ""server_compilation_ms"": 74, ""server_execution_ms"": 213, ""server_provisioning_queue_ms"": 0, ""server_overload_queue_ms"": 0, ""server_bytes_scanned"": 7627264}}"
10000000,warehouse,groupby,snowflake,3,11,01c6f22e-0001-fcf8-0001-9ade000aaebe,137.156718,0.0,137.156718,"{""columns"": [""region_id"", ""total_cents"", ""total_quantity"", ""row_count""], ""dtypes"": [""int64"", ""int64"", ""int64"", ""int64""], ""hash_sum"": ""3404719191165042972"", ""hash_xor"": ""2526757767072946434"", ""rows"": 50}",,1732,50,"[""01c6f22e-0001-fcf8-0001-9ade000aaeda""]",0.0,True,"{""01c6f22e-0001-fcf8-0001-9ade000aaeda"": {""server_total_ms"": 118, ""server_compilation_ms"": 60, ""server_execution_ms"": 58, ""server_provisioning_queue_ms"": 0, ""server_overload_queue_ms"": 0, ""server_bytes_scanned"": 151591936}}"
10000000,warehouse,groupby,snowflake,3,12,01c6f22e-0001-fcf8-0001-9ade000aaebe,126.303489,0.0,126.303489,"{""columns"": [""region_id"", ""total_cents"", ""total_quantity"", ""row_count""], ""dtypes"": [""int64"", ""int64"", ""int64"", ""int64""], ""hash_sum"": ""3404719191165042972"", ""hash_xor"": ""2526757767072946434"", ""rows"": 50}",,1732,50,"[""01c6f22e-0001-fcf8-0001-9ade000aaede""]",0.0,True,"{""01c6f22e-0001-fcf8-0001-9ade000aaede"": {""server_total_ms"": 108, ""server_compilation_ms"": 54, ""server_execution_ms"": 54, ""server_provisioning_queue_ms"": 0, ""server_overload_queue_ms"": 0, ""server_bytes_scanned"": 151591936}}"
10000000,warehouse,groupby,snowflake,3,13,01c6f22e-0001-fcf8-0001-9ade000aaebe,152.938571,0.0,152.938571,"{""columns"": [""region_id"", ""total_cents"", ""total_quantity"", ""row_count""], ""dtypes"": [""int64"", ""int64"", ""int64"", ""int64""], ""hash_sum"": ""3404719191165042972"", ""hash_xor"": ""2526757767072946434"", ""rows"": 50}",,1732,50,"[""01c6f22e-0001-fcf8-0001-9ade000aaee2""]",0.0,True,"{""01c6f22e-0001-fcf8-0001-9ade000aaee2"": {""server_total_ms"": 135, ""server_compilation_ms"": 71, ""server_execution_ms"": 64, ""server_provisioning_queue_ms"": 0, ""server_overload_queue_ms"": 0, ""server_bytes_scanned"": 151591936}}"
10000000,warehouse,groupby,snowflake,3,14,01c6f22e-0001-fcf8-0001-9ade000aaebe,136.548519,0.0,136.548519,"{""columns"": [""region_id"", ""total_cents"", ""total_quantity"", ""row_count""], ""dtypes"": [""int64"", ""int64"", ""int64"", ""int64""], ""hash_sum"": ""3404719191165042972"", ""hash_xor"": ""2526757767072946434"", ""rows"": 50}",,1732,50,"[""01c6f22e-0001-fcf8-0001-9ade000aaee6""]",0.0,True,"{""01c6f22e-0001-fcf8-0001-9ade000aaee6"": {""server_total_ms"": 117, ""server_compilation_ms"": 67, ""server_execution_ms"": 50, ""server_provisioning_queue_ms"": 0, ""server_overload_queue_ms"": 0, ""server_bytes_scanned"": 151591936}}"
10000000,warehouse,groupby,snowflake,3,15,01c6f22e-0001-fcf8-0001-9ade000aaebe,132.543613,0.0,132.543613,"{""columns"": [""region_id"", ""total_cents"", ""total_quantity"", ""row_count""], ""dtypes"": [""int64"", ""int64"", ""int64"", ""int64""], ""hash_sum"": ""3404719191165042972"", ""hash_xor"": ""2526757767072946434"", ""rows"": 50}",,1732,50,"[""01c6f22e-0001-fcf8-0001-9ade000aaeea""]",0.0,True,"{""01c6f22e-0001-fcf8-0001-9ade000aaeea"": {""server_total_ms"": 114, ""server_compilation_ms"": 61, ""server_execution_ms"": 53, ""server_provisioning_queue_ms"": 0, ""server_overload_queue_ms"": 0, ""server_bytes_scanned"": 151591936}}"
10000000,warehouse,clean_derive,duckdb,3,11,01c6f22e-0001-fe0c-0001-9ade000b9452,105.374403,1310.0,2040.232489,"{""columns"": [""id"", ""net_cents""], ""dtypes"": [""int64"", ""int64""], ""hash_sum"": ""14285702759883698828"", ""hash_xor"": ""425970959959544156"", ""rows"": 10000000}",1921.350822,160000132,10000000,"[""01c6f22f-0001-fe0c-0001-9ade000b946e""]",13.507264,True,"{""01c6f22f-0001-fe0c-0001-9ade000b946e"": {""server_total_ms"": 454, ""server_compilation_ms"": 65, ""server_execution_ms"": 389, ""server_provisioning_queue_ms"": 0, ""server_overload_queue_ms"": 0, ""server_bytes_scanned"": 151591936}}"
10000000,warehouse,clean_derive,duckdb,3,12,01c6f22e-0001-fe0c-0001-9ade000b9452,107.436422,1380.0,2028.940578,"{""columns"": [""id"", ""net_cents""], ""dtypes"": [""int64"", ""int64""], ""hash_sum"": ""14285702759883698828"", ""hash_xor"": ""425970959959544156"", ""rows"": 10000000}",1908.450619,160000132,10000000,"[""01c6f22f-0001-fe0c-0001-9ade000b9472""]",13.053537,True,"{""01c6f22f-0001-fe0c-0001-9ade000b9472"": {""server_total_ms"": 462, ""server_compilation_ms"": 59, ""server_execution_ms"": 403, ""server_provisioning_queue_ms"": 0, ""server_overload_queue_ms"": 0, ""server_bytes_scanned"": 151591936}}"
10000000,warehouse,clean_derive,duckdb,3,13,01c6f22e-0001-fe0c-0001-9ade000b9452,107.745384,1370.0,2286.073661,"{""columns"": [""id"", ""net_cents""], ""dtypes"": [""int64"", ""int64""], ""hash_sum"": ""14285702759883698828"", ""hash_xor"": ""425970959959544156"", ""rows"": 10000000}",2164.848135,160000132,10000000,"[""01c6f22f-0001-fe0c-0001-9ade000b9476""]",13.480142,True,"{""01c6f22f-0001-fe0c-0001-9ade000b9476"": {""server_total_ms"": 536, ""server_compilation_ms"": 80, ""server_execution_ms"": 456, ""server_provisioning_queue_ms"": 0, ""server_overload_queue_ms"": 0, ""server_bytes_scanned"": 151591936}}"
10000000,warehouse,clean_derive,duckdb,3,14,01c6f22e-0001-fe0c-0001-9ade000b9452,105.411225,1220.0,2064.863605,"{""columns"": [""id"", ""net_cents""], ""dtypes"": [""int64"", ""int64""], ""hash_sum"": ""14285702759883698828"", ""hash_xor"": ""425970959959544156"", ""rows"": 10000000}",1946.610205,160000132,10000000,"[""01c6f22f-0001-fe0c-0001-9ade000b947a""]",12.842175,True,"{""01c6f22f-0001-fe0c-0001-9ade000b947a"": {""server_total_ms"": 511, ""server_compilation_ms"": 61, ""server_execution_ms"": 450, ""server_provisioning_queue_ms"": 0, ""server_overload_queue_ms"": 0, ""server_bytes_scanned"": 151591936}}"
10000000,warehouse,clean_derive,duckdb,3,15,01c6f22e-0001-fe0c-0001-9ade000b9452,107.804981,1290.0,2027.573892,"{""columns"": [""id"", ""net_cents""], ""dtypes"": [""int64"", ""int64""], ""hash_sum"": ""14285702759883698828"", ""hash_xor"": ""425970959959544156"", ""rows"": 10000000}",1907.295184,160000132,10000000,"[""01c6f22f-0001-fe0c-0001-9ade000b947e""]",12.473727,True,"{""01c6f22f-0001-fe0c-0001-9ade000b947e"": {""server_total_ms"": 453, ""server_compilation_ms"": 64, ""server_execution_ms"": 389, ""server_provisioning_queue_ms"": 0, ""server_overload_queue_ms"": 0, ""server_bytes_scanned"": 151591936}}"
10000000,warehouse,clean_derive,pandas,4,16,01c6f22f-0001-fe0c-0001-9ade000b9486,120.634933,1020.0,1996.755411,"{""columns"": [""id"", ""net_cents""], ""dtypes"": [""int64"", ""int64""], ""hash_sum"": ""14285702759883698828"", ""hash_xor"": ""425970959959544156"", ""rows"": 10000000}",1876.120478,160000132,10000000,"[""01c6f22f-0001-fe0c-0001-9ade000b94a2""]",0.0,True,"{""01c6f22f-0001-fe0c-0001-9ade000b94a2"": {""server_total_ms"": 425, ""server_compilation_ms"": 64, ""server_execution_ms"": 361, ""server_provisioning_queue_ms"": 0, ""server_overload_queue_ms"": 0, ""server_bytes_scanned"": 151591936}}"
10000000,warehouse,clean_derive,pandas,4,17,01c6f22f-0001-fe0c-0001-9ade000b9486,125.878631,1230.0,2087.207908,"{""columns"": [""id"", ""net_cents""], ""dtypes"": [""int64"", ""int64""], ""hash_sum"": ""14285702759883698828"", ""hash_xor"": ""425970959959544156"", ""rows"": 10000000}",1961.329277,160000132,10000000,"[""01c6f22f-0001-fe0c-0001-9ade000b94a6""]",0.0,True,"{""01c6f22f-0001-fe0c-0001-9ade000b94a6"": {""server_total_ms"": 509, ""server_compilation_ms"": 58, ""server_execution_ms"": 451, ""server_provisioning_queue_ms"": 0, ""server_overload_queue_ms"": 0, ""server_bytes_scanned"": 151591936}}"
10000000,warehouse,clean_derive,pandas,4,18,01c6f22f-0001-fe0c-0001-9ade000b9486,119.113932,1170.0,2029.055629,"{""columns"": [""id"", ""net_cents""], ""dtypes"": [""int64"", ""int64""], ""hash_sum"": ""14285702759883698828"", ""hash_xor"": ""425970959959544156"", ""rows"": 10000000}",1909.941697,160000132,10000000,"[""01c6f22f-0001-fe0c-0001-9ade000b94aa""]",0.0,True,"{""01c6f22f-0001-fe0c-0001-9ade000b94aa"": {""server_total_ms"": 451, ""server_compilation_ms"": 61, ""server_execution_ms"": 390, ""server_provisioning_queue_ms"": 0, ""server_overload_queue_ms"": 0, ""server_bytes_scanned"": 151591936}}"
10000000,warehouse,clean_derive,pandas,4,19,01c6f22f-0001-fe0c-0001-9ade000b9486,118.495561,1180.0,2054.538716,"{""columns"": [""id"", ""net_cents""], ""dtypes"": [""int64"", ""int64""], ""hash_sum"": ""14285702759883698828"", ""hash_xor"": ""425970959959544156"", ""rows"": 10000000}",1936.043155,160000132,10000000,"[""01c6f22f-0001-fe0c-0001-9ade000b94ae""]",0.0,True,"{""01c6f22f-0001-fe0c-0001-9ade000b94ae"": {""server_total_ms"": 456, ""server_compilation_ms"": 56, ""server_execution_ms"": 400, ""server_provisioning_queue_ms"": 0, ""server_overload_queue_ms"": 0, ""server_bytes_scanned"": 151591936}}"
10000000,warehouse,clean_derive,pandas,4,20,01c6f22f-0001-fe0c-0001-9ade000b9486,120.648477,1250.0,2007.692646,"{""columns"": [""id"", ""net_cents""], ""dtypes"": [""int64"", ""int64""], ""hash_sum"": ""14285702759883698828"", ""hash_xor"": ""425970959959544156"", ""rows"": 10000000}",1887.044169,160000132,10000000,"[""01c6f22f-0001-fe0c-0001-9ade000b94b2""]",0.0,True,"{""01c6f22f-0001-fe0c-0001-9ade000b94b2"": {""server_total_ms"": 450, ""server_compilation_ms"": 65, ""server_execution_ms"": 385, ""server_provisioning_queue_ms"": 0, ""server_overload_queue_ms"": 0, ""server_bytes_scanned"": 151591936}}"
10000000,warehouse,join_groupby,duckdb,4,16,01c6f22f-0001-fe2b-0001-9ade000b87de,123.626053,1520.0,2284.310128,"{""columns"": [""region_id"", ""tier"", ""total_cents"", ""row_count""], ""dtypes"": [""int64"", ""int64"", ""int64"", ""int64""], ""hash_sum"": ""17973786493157141569"", ""hash_xor"": ""18413190608798210925"", ""rows"": 200}",2146.661991,6532,200,"[""01c6f22f-0001-fe2b-0001-9ade000b87fe"", ""01c6f22f-0001-fe2b-0001-9ade000b8802""]",14.022084,True,"{""01c6f22f-0001-fe2b-0001-9ade000b87fe"": {""server_total_ms"": 485, ""server_compilation_ms"": 73, ""server_execution_ms"": 412, ""server_provisioning_queue_ms"": 0, ""server_overload_queue_ms"": 0, ""server_bytes_scanned"": 151591936}, ""01c6f22f-0001-fe2b-0001-9ade000b8802"": {""server_total_ms"": 213, ""server_compilation_ms"": 73, ""server_execution_ms"": 140, ""server_provisioning_queue_ms"": 0, ""server_overload_queue_ms"": 0, ""server_bytes_scanned"": 238592}}"
10000000,warehouse,join_groupby,duckdb,4,17,01c6f22f-0001-fe2b-0001-9ade000b87de,122.571515,1430.0,2282.644835,"{""columns"": [""region_id"", ""tier"", ""total_cents"", ""row_count""], ""dtypes"": [""int64"", ""int64"", ""int64"", ""int64""], ""hash_sum"": ""17973786493157141569"", ""hash_xor"": ""18413190608798210925"", ""rows"": 200}",2145.992333,6532,200,"[""01c6f22f-0001-fe2b-0001-9ade000b8806"", ""01c6f22f-0001-fe2b-0001-9ade000b880a""]",14.080987,True,"{""01c6f22f-0001-fe2b-0001-9ade000b8806"": {""server_total_ms"": 463, ""server_compilation_ms"": 74, ""server_execution_ms"": 389, ""server_provisioning_queue_ms"": 0, ""server_overload_queue_ms"": 0, ""server_bytes_scanned"": 151591936}, ""01c6f22f-0001-fe2b-0001-9ade000b880a"": {""server_total_ms"": 229, ""server_compilation_ms"": 77, ""server_execution_ms"": 152, ""server_provisioning_queue_ms"": 0, ""server_overload_queue_ms"": 0, ""server_bytes_scanned"": 238592}}"
10000000,warehouse,join_groupby,duckdb,4,18,01c6f22f-0001-fe2b-0001-9ade000b87de,124.739273,1410.0,2351.074215,"{""columns"": [""region_id"", ""tier"", ""total_cents"", ""row_count""], ""dtypes"": [""int64"", ""int64"", ""int64"", ""int64""], ""hash_sum"": ""17973786493157141569"", ""hash_xor"": ""18413190608798210925"", ""rows"": 200}",2212.083159,6532,200,"[""01c6f22f-0001-fe2b-0001-9ade000b880e"", ""01c6f22f-0001-fe2b-0001-9ade000b8812""]",14.251783,True,"{""01c6f22f-0001-fe2b-0001-9ade000b880e"": {""server_total_ms"": 537, ""server_compilation_ms"": 101, ""server_execution_ms"": 436, ""server_provisioning_queue_ms"": 0, ""server_overload_queue_ms"": 0, ""server_bytes_scanned"": 151591936}, ""01c6f22f-0001-fe2b-0001-9ade000b8812"": {""server_total_ms"": 231, ""server_compilation_ms"": 71, ""server_execution_ms"": 160, ""server_provisioning_queue_ms"": 0, ""server_overload_queue_ms"": 0, ""server_bytes_scanned"": 238592}}"
10000000,warehouse,join_groupby,duckdb,4,19,01c6f22f-0001-fe2b-0001-9ade000b87de,125.576775,1450.0,2292.4199,"{""columns"": [""region_id"", ""tier"", ""total_cents"", ""row_count""], ""dtypes"": [""int64"", ""int64"", ""int64"", ""int64""], ""hash_sum"": ""17973786493157141569"", ""hash_xor"": ""18413190608798210925"", ""rows"": 200}",2152.708445,6532,200,"[""01c6f22f-0001-fe2b-0001-9ade000b8816"", ""01c6f22f-0001-fe2b-0001-9ade000b881a""]",14.13468,True,"{""01c6f22f-0001-fe2b-0001-9ade000b8816"": {""server_total_ms"": 491, ""server_compilation_ms"": 80, ""server_execution_ms"": 411, ""server_provisioning_queue_ms"": 0, ""server_overload_queue_ms"": 0, ""server_bytes_scanned"": 151591936}, ""01c6f22f-0001-fe2b-0001-9ade000b881a"": {""server_total_ms"": 216, ""server_compilation_ms"": 69, ""server_execution_ms"": 147, ""server_provisioning_queue_ms"": 0, ""server_overload_queue_ms"": 0, ""server_bytes_scanned"": 238592}}"
10000000,warehouse,join_groupby,duckdb,4,20,01c6f22f-0001-fe2b-0001-9ade000b87de,123.771131,1410.0,2201.905707,"{""columns"": [""region_id"", ""tier"", ""total_cents"", ""row_count""], ""dtypes"": [""int64"", ""int64"", ""int64"", ""int64""], ""hash_sum"": ""17973786493157141569"", ""hash_xor"": ""18413190608798210925"", ""rows"": 200}",2063.902859,6532,200,"[""01c6f22f-0001-fe2b-0001-9ade000b881e"", ""01c6f22f-0001-fe2b-0001-9ade000b8822""]",14.231717,True,"{""01c6f22f-0001-fe2b-0001-9ade000b881e"": {""server_total_ms"": 427, ""server_compilation_ms"": 75, ""server_execution_ms"": 352, ""server_provisioning_queue_ms"": 0, ""server_overload_queue_ms"": 0, ""server_bytes_scanned"": 151591936}, ""01c6f22f-0001-fe2b-0001-9ade000b8822"": {""server_total_ms"": 228, ""server_compilation_ms"": 64, ""server_execution_ms"": 164, ""server_provisioning_queue_ms"": 0, ""server_overload_queue_ms"": 0, ""server_bytes_scanned"": 238592}}"
100000,warehouse,clean_derive,snowflake,4,16,01c6f22f-0001-fe2b-0001-9ade000b8826,349.77968,40.0,349.77968,"{""columns"": [""id"", ""net_cents""], ""dtypes"": [""int64"", ""int64""], ""hash_sum"": ""6278141268544677052"", ""hash_xor"": ""11755483584262095886"", ""rows"": 100000}",,1600132,100000,"[""01c6f22f-0001-fe2b-0001-9ade000b8842""]",0.0,True,"{""01c6f22f-0001-fe2b-0001-9ade000b8842"": {""server_total_ms"": 235, ""server_compilation_ms"": 70, ""server_execution_ms"": 165, ""server_provisioning_queue_ms"": 0, ""server_overload_queue_ms"": 0, ""server_bytes_scanned"": 973312}}"
100000,warehouse,clean_derive,snowflake,4,17,01c6f22f-0001-fe2b-0001-9ade000b8826,346.100182,30.0,346.100182,"{""columns"": [""id"", ""net_cents""], ""dtypes"": [""int64"", ""int64""], ""hash_sum"": ""6278141268544677052"", ""hash_xor"": ""11755483584262095886"", ""rows"": 100000}",,1600132,100000,"[""01c6f22f-0001-fe2b-0001-9ade000b8846""]",0.0,True,"{""01c6f22f-0001-fe2b-0001-9ade000b8846"": {""server_total_ms"": 245, ""server_compilation_ms"": 69, ""server_execution_ms"": 176, ""server_provisioning_queue_ms"": 0, ""server_overload_queue_ms"": 0, ""server_bytes_scanned"": 973312}}"
100000,warehouse,clean_derive,snowflake,4,18,01c6f22f-0001-fe2b-0001-9ade000b8826,342.234539,60.0,342.234539,"{""columns"": [""id"", ""net_cents""], ""dtypes"": [""int64"", ""int64""], ""hash_sum"": ""6278141268544677052"", ""hash_xor"": ""11755483584262095886"", ""rows"": 100000}",,1600132,100000,"[""01c6f22f-0001-fe2b-0001-9ade000b884a""]",0.0,True,"{""01c6f22f-0001-fe2b-0001-9ade000b884a"": {""server_total_ms"": 241, ""server_compilation_ms"": 78, ""server_execution_ms"": 163, ""server_provisioning_queue_ms"": 0, ""server_overload_queue_ms"": 0, ""server_bytes_scanned"": 973312}}"
100000,warehouse,clean_derive,snowflake,4,19,01c6f22f-0001-fe2b-0001-9ade000b8826,344.537314,20.0,344.537314,"{""columns"": [""id"", ""net_cents""], ""dtypes"": [""int64"", ""int64""], ""hash_sum"": ""6278141268544677052"", ""hash_xor"": ""11755483584262095886"", ""rows"": 100000}",,1600132,100000,"[""01c6f22f-0001-fe2b-0001-9ade000b884e""]",0.0,True,"{""01c6f22f-0001-fe2b-0001-9ade000b884e"": {""server_total_ms"": 245, ""server_compilation_ms"": 74, ""server_execution_ms"": 171, ""server_provisioning_queue_ms"": 0, ""server_overload_queue_ms"": 0, ""server_bytes_scanned"": 973312}}"
100000,warehouse,clean_derive,snowflake,4,20,01c6f22f-0001-fe2b-0001-9ade000b8826,346.258144,10.0,346.258144,"{""columns"": [""id"", ""net_cents""], ""dtypes"": [""int64"", ""int64""], ""hash_sum"": ""6278141268544677052"", ""hash_xor"": ""11755483584262095886"", ""rows"": 100000}",,1600132,100000,"[""01c6f22f-0001-fe2b-0001-9ade000b8852""]",0.0,True,"{""01c6f22f-0001-fe2b-0001-9ade000b8852"": {""server_total_ms"": 255, ""server_compilation_ms"": 72, ""server_execution_ms"": 183, ""server_provisioning_queue_ms"": 0, ""server_overload_queue_ms"": 0, ""server_bytes_scanned"": 973312}}"
100000,warehouse,join_groupby,pandas,4,16,01c6f22f-0001-fcf9-0001-9ade000b590e,17.302886,100.0,698.403033,"{""columns"": [""region_id"", ""tier"", ""total_cents"", ""row_count""], ""dtypes"": [""int64"", ""int64"", ""int64"", ""int64""], ""hash_sum"": ""15482229778153811636"", ""hash_xor"": ""14299020784962879478"", ""rows"": 200}",681.100147,6532,200,"[""01c6f22f-0001-fcf9-0001-9ade000b592e"", ""01c6f230-0001-fcf9-0001-9ade000b5932""]",0.0,True,"{""01c6f22f-0001-fcf9-0001-9ade000b592e"": {""server_total_ms"": 237, ""server_compilation_ms"": 68, ""server_execution_ms"": 169, ""server_provisioning_queue_ms"": 0, ""server_overload_queue_ms"": 0, ""server_bytes_scanned"": 973312}, ""01c6f230-0001-fcf9-0001-9ade000b5932"": {""server_total_ms"": 217, ""server_compilation_ms"": 78, ""server_execution_ms"": 139, ""server_provisioning_queue_ms"": 0, ""server_overload_queue_ms"": 0, ""server_bytes_scanned"": 238592}}"
100000,warehouse,join_groupby,pandas,4,17,01c6f22f-0001-fcf9-0001-9ade000b590e,22.494789,110.0,837.844382,"{""columns"": [""region_id"", ""tier"", ""total_cents"", ""row_count""], ""dtypes"": [""int64"", ""int64"", ""int64"", ""int64""], ""hash_sum"": ""15482229778153811636"", ""hash_xor"": ""14299020784962879478"", ""rows"": 200}",815.349593,6532,200,"[""01c6f230-0001-fcf9-0001-9ade000b5936"", ""01c6f230-0001-fcf9-0001-9ade000b593a""]",0.0,True,"{""01c6f230-0001-fcf9-0001-9ade000b5936"": {""server_total_ms"": 271, ""server_compilation_ms"": 103, ""server_execution_ms"": 168, ""server_provisioning_queue_ms"": 0, ""server_overload_queue_ms"": 0, ""server_bytes_scanned"": 973312}, ""01c6f230-0001-fcf9-0001-9ade000b593a"": {""server_total_ms"": 221, ""server_compilation_ms"": 79, ""server_execution_ms"": 142, ""server_provisioning_queue_ms"": 0, ""server_overload_queue_ms"": 0, ""server_bytes_scanned"": 238592}}"
100000,warehouse,join_groupby,pandas,4,18,01c6f22f-0001-fcf9-0001-9ade000b590e,19.21874,60.0,661.087683,"{""columns"": [""region_id"", ""tier"", ""total_cents"", ""row_count""], ""dtypes"": [""int64"", ""int64"", ""int64"", ""int64""], ""hash_sum"": ""15482229778153811636"", ""hash_xor"": ""14299020784962879478"", ""rows"": 200}",641.868943,6532,200,"[""01c6f230-0001-fcf9-0001-9ade000b593e"", ""01c6f230-0001-fcf9-0001-9ade000b5942""]",0.0,True,"{""01c6f230-0001-fcf9-0001-9ade000b593e"": {""server_total_ms"": 242, ""server_compilation_ms"": 77, ""server_execution_ms"": 165, ""server_provisioning_queue_ms"": 0, ""server_overload_queue_ms"": 0, ""server_bytes_scanned"": 973312}, ""01c6f230-0001-fcf9-0001-9ade000b5942"": {""server_total_ms"": 194, ""server_compilation_ms"": 62, ""server_execution_ms"": 132, ""server_provisioning_queue_ms"": 0, ""server_overload_queue_ms"": 0, ""server_bytes_scanned"": 238592}}"
100000,warehouse,join_groupby,pandas,4,19,01c6f22f-0001-fcf9-0001-9ade000b590e,17.577451,70.0,655.907535,"{""columns"": [""region_id"", ""tier"", ""total_cents"", ""row_count""], ""dtypes"": [""int64"", ""int64"", ""int64"", ""int64""], ""hash_sum"": ""15482229778153811636"", ""hash_xor"": ""14299020784962879478"", ""rows"": 200}",638.330084,6532,200,"[""01c6f230-0001-fcf9-0001-9ade000b5946"", ""01c6f230-0001-fcf9-0001-9ade000b594a""]",0.0,True,"{""01c6f230-0001-fcf9-0001-9ade000b5946"": {""server_total_ms"": 231, ""server_compilation_ms"": 62, ""server_execution_ms"": 169, ""server_provisioning_queue_ms"": 0, ""server_overload_queue_ms"": 0, ""server_bytes_scanned"": 973312}, ""01c6f230-0001-fcf9-0001-9ade000b594a"": {""server_total_ms"": 196, ""server_compilation_ms"": 66, ""server_execution_ms"": 130, ""server_provisioning_queue_ms"": 0, ""server_overload_queue_ms"": 0, ""server_bytes_scanned"": 238592}}"
100000,warehouse,join_groupby,pandas,4,20,01c6f22f-0001-fcf9-0001-9ade000b590e,17.201014,100.0,631.079321,"{""columns"": [""region_id"", ""tier"", ""total_cents"", ""row_count""], ""dtypes"": [""int64"", ""int64"", ""int64"", ""int64""], ""hash_sum"": ""15482229778153811636"", ""hash_xor"": ""14299020784962879478"", ""rows"": 200}",613.878307,6532,200,"[""01c6f230-0001-fcf9-0001-9ade000b594e"", ""01c6f230-0001-fcf9-0001-9ade000b5952""]",0.0,True,"{""01c6f230-0001-fcf9-0001-9ade000b594e"": {""server_total_ms"": 227, ""server_compilation_ms"": 62, ""server_execution_ms"": 165, ""server_provisioning_queue_ms"": 0, ""server_overload_queue_ms"": 0, ""server_bytes_scanned"": 973312}, ""01c6f230-0001-fcf9-0001-9ade000b5952"": {""server_total_ms"": 190, ""server_compilation_ms"": 61, ""server_execution_ms"": 129, ""server_provisioning_queue_ms"": 0, ""server_overload_queue_ms"": 0, ""server_bytes_scanned"": 238592}}"
1000000,warehouse,groupby,snowflake,4,16,01c6f230-0001-fe0c-0001-9ade000b94b6,113.869376,0.0,113.869376,"{""columns"": [""region_id"", ""total_cents"", ""total_quantity"", ""row_count""], ""dtypes"": [""int64"", ""int64"", ""int64"", ""int64""], ""hash_sum"": ""3129039791569495086"", ""hash_xor"": ""14932865647023855810"", ""rows"": 50}",,1732,50,"[""01c6f230-0001-fe0c-0001-9ade000b94d2""]",0.0,True,"{""01c6f230-0001-fe0c-0001-9ade000b94d2"": {""server_total_ms"": 98, ""server_compilation_ms"": 65, ""server_execution_ms"": 33, ""server_provisioning_queue_ms"": 0, ""server_overload_queue_ms"": 0, ""server_bytes_scanned"": 7627264}}"
1000000,warehouse,groupby,snowflake,4,17,01c6f230-0001-fe0c-0001-9ade000b94b6,106.962541,0.0,106.962541,"{""columns"": [""region_id"", ""total_cents"", ""total_quantity"", ""row_count""], ""dtypes"": [""int64"", ""int64"", ""int64"", ""int64""], ""hash_sum"": ""3129039791569495086"", ""hash_xor"": ""14932865647023855810"", ""rows"": 50}",,1732,50,"[""01c6f230-0001-fe0c-0001-9ade000b94d6""]",0.0,True,"{""01c6f230-0001-fe0c-0001-9ade000b94d6"": {""server_total_ms"": 90, ""server_compilation_ms"": 59, ""server_execution_ms"": 31, ""server_provisioning_queue_ms"": 0, ""server_overload_queue_ms"": 0, ""server_bytes_scanned"": 7627264}}"
1000000,warehouse,groupby,snowflake,4,18,01c6f230-0001-fe0c-0001-9ade000b94b6,106.549303,0.0,106.549303,"{""columns"": [""region_id"", ""total_cents"", ""total_quantity"", ""row_count""], ""dtypes"": [""int64"", ""int64"", ""int64"", ""int64""], ""hash_sum"": ""3129039791569495086"", ""hash_xor"": ""14932865647023855810"", ""rows"": 50}",,1732,50,"[""01c6f230-0001-fe0c-0001-9ade000b94da""]",0.0,True,"{""01c6f230-0001-fe0c-0001-9ade000b94da"": {""server_total_ms"": 89, ""server_compilation_ms"": 56, ""server_execution_ms"": 33, ""server_provisioning_queue_ms"": 0, ""server_overload_queue_ms"": 0, ""server_bytes_scanned"": 7627264}}"
1000000,warehouse,groupby,snowflake,4,19,01c6f230-0001-fe0c-0001-9ade000b94b6,109.326877,10.0,109.326877,"{""columns"": [""region_id"", ""total_cents"", ""total_quantity"", ""row_count""], ""dtypes"": [""int64"", ""int64"", ""int64"", ""int64""], ""hash_sum"": ""3129039791569495086"", ""hash_xor"": ""14932865647023855810"", ""rows"": 50}",,1732,50,"[""01c6f230-0001-fe0c-0001-9ade000b94de""]",0.0,True,"{""01c6f230-0001-fe0c-0001-9ade000b94de"": {""server_total_ms"": 92, ""server_compilation_ms"": 61, ""server_execution_ms"": 31, ""server_provisioning_queue_ms"": 0, ""server_overload_queue_ms"": 0, ""server_bytes_scanned"": 7627264}}"
1000000,warehouse,groupby,snowflake,4,20,01c6f230-0001-fe0c-0001-9ade000b94b6,104.202965,0.0,104.202965,"{""columns"": [""region_id"", ""total_cents"", ""total_quantity"", ""row_count""], ""dtypes"": [""int64"", ""int64"", ""int64"", ""int64""], ""hash_sum"": ""3129039791569495086"", ""hash_xor"": ""14932865647023855810"", ""rows"": 50}",,1732,50,"[""01c6f230-0001-fe0c-0001-9ade000b94e2""]",0.0,True,"{""01c6f230-0001-fe0c-0001-9ade000b94e2"": {""server_total_ms"": 87, ""server_compilation_ms"": 55, ""server_execution_ms"": 32, ""server_provisioning_queue_ms"": 0, ""server_overload_queue_ms"": 0, ""server_bytes_scanned"": 7627264}}"
10000000,warehouse,filter_project,pandas,4,16,01c6f230-0001-fe0c-0001-9ade000b94ea,55.206272,380.0,1027.893161,"{""columns"": [""id"", ""region_id"", ""gross_cents""], ""dtypes"": [""int64"", ""int64"", ""int64""], ""hash_sum"": ""9297358661400020835"", ""hash_xor"": ""11916629792613770293"", ""rows"": 1980090}",972.686889,47522292,1980090,"[""01c6f230-0001-fe0c-0001-9ade000b9506""]",0.0,True,"{""01c6f230-0001-fe0c-0001-9ade000b9506"": {""server_total_ms"": 297, ""server_compilation_ms"": 60, ""server_execution_ms"": 237, ""server_provisioning_queue_ms"": 0, ""server_overload_queue_ms"": 0, ""server_bytes_scanned"": 131682816}}"
10000000,warehouse,filter_project,pandas,4,17,01c6f230-0001-fe0c-0001-9ade000b94ea,53.640235,300.0,1061.32645,"{""columns"": [""id"", ""region_id"", ""gross_cents""], ""dtypes"": [""int64"", ""int64"", ""int64""], ""hash_sum"": ""9297358661400020835"", ""hash_xor"": ""11916629792613770293"", ""rows"": 1980090}",1007.686215,47522292,1980090,"[""01c6f230-0001-fe0c-0001-9ade000b950a""]",0.0,True,"{""01c6f230-0001-fe0c-0001-9ade000b950a"": {""server_total_ms"": 308, ""server_compilation_ms"": 63, ""server_execution_ms"": 245, ""server_provisioning_queue_ms"": 0, ""server_overload_queue_ms"": 0, ""server_bytes_scanned"": 146614784}}"
10000000,warehouse,filter_project,pandas,4,18,01c6f230-0001-fe0c-0001-9ade000b94ea,55.823369,300.0,1087.546451,"{""columns"": [""id"", ""region_id"", ""gross_cents""], ""dtypes"": [""int64"", ""int64"", ""int64""], ""hash_sum"": ""9297358661400020835"", ""hash_xor"": ""11916629792613770293"", ""rows"": 1980090}",1031.723082,47522292,1980090,"[""01c6f230-0001-fe0c-0001-9ade000b950e""]",0.0,True,"{""01c6f230-0001-fe0c-0001-9ade000b950e"": {""server_total_ms"": 313, ""server_compilation_ms"": 60, ""server_execution_ms"": 253, ""server_provisioning_queue_ms"": 0, ""server_overload_queue_ms"": 0, ""server_bytes_scanned"": 151591936}}"
10000000,warehouse,filter_project,pandas,4,19,01c6f230-0001-fe0c-0001-9ade000b94ea,57.754,420.0,1048.396023,"{""columns"": [""id"", ""region_id"", ""gross_cents""], ""dtypes"": [""int64"", ""int64"", ""int64""], ""hash_sum"": ""9297358661400020835"", ""hash_xor"": ""11916629792613770293"", ""rows"": 1980090}",990.642023,47522292,1980090,"[""01c6f230-0001-fe0c-0001-9ade000b9512""]",0.0,True,"{""01c6f230-0001-fe0c-0001-9ade000b9512"": {""server_total_ms"": 294, ""server_compilation_ms"": 63, ""server_execution_ms"": 231, ""server_provisioning_queue_ms"": 0, ""server_overload_queue_ms"": 0, ""server_bytes_scanned"": 146614272}}"
10000000,warehouse,filter_project,pandas,4,20,01c6f230-0001-fe0c-0001-9ade000b94ea,54.701811,370.0,1070.549927,"{""columns"": [""id"", ""region_id"", ""gross_cents""], ""dtypes"": [""int64"", ""int64"", ""int64""], ""hash_sum"": ""9297358661400020835"", ""hash_xor"": ""11916629792613770293"", ""rows"": 1980090}",1015.848116,47522292,1980090,"[""01c6f230-0001-fe0c-0001-9ade000b9516""]",0.0,True,"{""01c6f230-0001-fe0c-0001-9ade000b9516"": {""server_total_ms"": 301, ""server_compilation_ms"": 65, ""server_execution_ms"": 236, ""server_provisioning_queue_ms"": 0, ""server_overload_queue_ms"": 0, ""server_bytes_scanned"": 151591936}}"
1000000,warehouse,clean_derive,snowflake,4,16,01c6f230-0001-fe0c-0001-9ade000b951a,1283.23858,170.0,1283.23858,"{""columns"": [""id"", ""net_cents""], ""dtypes"": [""int64"", ""int64""], ""hash_sum"": ""16902620082194219032"", ""hash_xor"": ""7441825716312922670"", ""rows"": 1000000}",,16000132,1000000,"[""01c6f230-0001-fe0c-0001-9ade000b9536""]",0.0,True,"{""01c6f230-0001-fe0c-0001-9ade000b9536"": {""server_total_ms"": 453, ""server_compilation_ms"": 68, ""server_execution_ms"": 385, ""server_provisioning_queue_ms"": 0, ""server_overload_queue_ms"": 0, ""server_bytes_scanned"": 7627264}}"
1000000,warehouse,clean_derive,snowflake,4,17,01c6f230-0001-fe0c-0001-9ade000b951a,627.242252,130.0,627.242252,"{""columns"": [""id"", ""net_cents""], ""dtypes"": [""int64"", ""int64""], ""hash_sum"": ""16902620082194219032"", ""hash_xor"": ""7441825716312922670"", ""rows"": 1000000}",,16000132,1000000,"[""01c6f230-0001-fe0c-0001-9ade000b953a""]",0.0,True,"{""01c6f230-0001-fe0c-0001-9ade000b953a"": {""server_total_ms"": 448, ""server_compilation_ms"": 57, ""server_execution_ms"": 391, ""server_provisioning_queue_ms"": 0, ""server_overload_queue_ms"": 0, ""server_bytes_scanned"": 7627264}}"
1000000,warehouse,clean_derive,snowflake,4,18,01c6f230-0001-fe0c-0001-9ade000b951a,631.127912,100.0,631.127912,"{""columns"": [""id"", ""net_cents""], ""dtypes"": [""int64"", ""int64""], ""hash_sum"": ""16902620082194219032"", ""hash_xor"": ""7441825716312922670"", ""rows"": 1000000}",,16000132,1000000,"[""01c6f230-0001-fe0c-0001-9ade000b953e""]",0.0,True,"{""01c6f230-0001-fe0c-0001-9ade000b953e"": {""server_total_ms"": 463, ""server_compilation_ms"": 65, ""server_execution_ms"": 398, ""server_provisioning_queue_ms"": 0, ""server_overload_queue_ms"": 0, ""server_bytes_scanned"": 7627264}}"
1000000,warehouse,clean_derive,snowflake,4,19,01c6f230-0001-fe0c-0001-9ade000b951a,624.693513,80.0,624.693513,"{""columns"": [""id"", ""net_cents""], ""dtypes"": [""int64"", ""int64""], ""hash_sum"": ""16902620082194219032"", ""hash_xor"": ""7441825716312922670"", ""rows"": 1000000}",,16000132,1000000,"[""01c6f230-0001-fe0c-0001-9ade000b9542""]",0.0,True,"{""01c6f230-0001-fe0c-0001-9ade000b9542"": {""server_total_ms"": 464, ""server_compilation_ms"": 56, ""server_execution_ms"": 408, ""server_provisioning_queue_ms"": 0, ""server_overload_queue_ms"": 0, ""server_bytes_scanned"": 7627264}}"
1000000,warehouse,clean_derive,snowflake,4,20,01c6f230-0001-fe0c-0001-9ade000b951a,628.482037,80.0,628.482037,"{""columns"": [""id"", ""net_cents""], ""dtypes"": [""int64"", ""int64""], ""hash_sum"": ""16902620082194219032"", ""hash_xor"": ""7441825716312922670"", ""rows"": 1000000}",,16000132,1000000,"[""01c6f230-0001-fe0c-0001-9ade000b9546""]",0.0,True,"{""01c6f230-0001-fe0c-0001-9ade000b9546"": {""server_total_ms"": 462, ""server_compilation_ms"": 57, ""server_execution_ms"": 405, ""server_provisioning_queue_ms"": 0, ""server_overload_queue_ms"": 0, ""server_bytes_scanned"": 7627264}}"
100000,warehouse,filter_project,pandas,4,16,01c6f230-0001-fcf9-0001-9ade000b595a,1.419905,0.0,302.768567,"{""columns"": [""id"", ""region_id"", ""gross_cents""], ""dtypes"": [""int64"", ""int64"", ""int64""], ""hash_sum"": ""6934637738391437775"", ""hash_xor"": ""13010755706745315299"", ""rows"": 19886}",301.348662,477396,19886,"[""01c6f230-0001-fcf9-0001-9ade000b5976""]",0.0,True,"{""01c6f230-0001-fcf9-0001-9ade000b5976"": {""server_total_ms"": 187, ""server_compilation_ms"": 62, ""server_execution_ms"": 125, ""server_provisioning_queue_ms"": 0, ""server_overload_queue_ms"": 0, ""server_bytes_scanned"": 973312}}"
100000,warehouse,filter_project,pandas,4,17,01c6f230-0001-fcf9-0001-9ade000b595a,1.469918,30.0,261.506011,"{""columns"": [""id"", ""region_id"", ""gross_cents""], ""dtypes"": [""int64"", ""int64"", ""int64""], ""hash_sum"": ""6934637738391437775"", ""hash_xor"": ""13010755706745315299"", ""rows"": 19886}",260.036093,477396,19886,"[""01c6f230-0001-fcf9-0001-9ade000b597a""]",0.0,True,"{""01c6f230-0001-fcf9-0001-9ade000b597a"": {""server_total_ms"": 163, ""server_compilation_ms"": 62, ""server_execution_ms"": 101, ""server_provisioning_queue_ms"": 0, ""server_overload_queue_ms"": 0, ""server_bytes_scanned"": 973312}}"
100000,warehouse,filter_project,pandas,4,18,01c6f230-0001-fcf9-0001-9ade000b595a,1.328566,30.0,270.693279,"{""columns"": [""id"", ""region_id"", ""gross_cents""], ""dtypes"": [""int64"", ""int64"", ""int64""], ""hash_sum"": ""6934637738391437775"", ""hash_xor"": ""13010755706745315299"", ""rows"": 19886}",269.364713,477396,19886,"[""01c6f230-0001-fcf9-0001-9ade000b597e""]",0.0,True,"{""01c6f230-0001-fcf9-0001-9ade000b597e"": {""server_total_ms"": 172, ""server_compilation_ms"": 70, ""server_execution_ms"": 102, ""server_provisioning_queue_ms"": 0, ""server_overload_queue_ms"": 0, ""server_bytes_scanned"": 973312}}"
100000,warehouse,filter_project,pandas,4,19,01c6f230-0001-fcf9-0001-9ade000b595a,1.416781,0.0,261.367744,"{""columns"": [""id"", ""region_id"", ""gross_cents""], ""dtypes"": [""int64"", ""int64"", ""int64""], ""hash_sum"": ""6934637738391437775"", ""hash_xor"": ""13010755706745315299"", ""rows"": 19886}",259.950963,477396,19886,"[""01c6f230-0001-fcf9-0001-9ade000b5982""]",0.0,True,"{""01c6f230-0001-fcf9-0001-9ade000b5982"": {""server_total_ms"": 167, ""server_compilation_ms"": 64, ""server_execution_ms"": 103, ""server_provisioning_queue_ms"": 0, ""server_overload_queue_ms"": 0, ""server_bytes_scanned"": 973312}}"
100000,warehouse,filter_project,pandas,4,20,01c6f230-0001-fcf9-0001-9ade000b595a,1.488756,30.0,272.648925,"{""columns"": [""id"", ""region_id"", ""gross_cents""], ""dtypes"": [""int64"", ""int64"", ""int64""], ""hash_sum"": ""6934637738391437775"", ""hash_xor"": ""13010755706745315299"", ""rows"": 19886}",271.160169,477396,19886,"[""01c6f230-0001-fcf9-0001-9ade000b5986""]",0.0,True,"{""01c6f230-0001-fcf9-0001-9ade000b5986"": {""server_total_ms"": 169, ""server_compilation_ms"": 61, ""server_execution_ms"": 108, ""server_provisioning_queue_ms"": 0, ""server_overload_queue_ms"": 0, ""server_bytes_scanned"": 973312}}"
10000000,warehouse,filter_project,duckdb,4,16,01c6f230-0001-fe2b-0001-9ade000b885a,20.994314,370.0,1127.341154,"{""columns"": [""id"", ""region_id"", ""gross_cents""], ""dtypes"": [""int64"", ""int64"", ""int64""], ""hash_sum"": ""9297358661400020835"", ""hash_xor"": ""11916629792613770293"", ""rows"": 1980090}",1093.376359,47522292,1980090,"[""01c6f230-0001-fe2b-0001-9ade000b8876""]",12.970481,True,"{""01c6f230-0001-fe2b-0001-9ade000b8876"": {""server_total_ms"": 364, ""server_compilation_ms"": 79, ""server_execution_ms"": 285, ""server_provisioning_queue_ms"": 0, ""server_overload_queue_ms"": 0, ""server_bytes_scanned"": 146614784}}"
10000000,warehouse,filter_project,duckdb,4,17,01c6f230-0001-fe2b-0001-9ade000b885a,24.716573,390.0,1088.9085,"{""columns"": [""id"", ""region_id"", ""gross_cents""], ""dtypes"": [""int64"", ""int64"", ""int64""], ""hash_sum"": ""9297358661400020835"", ""hash_xor"": ""11916629792613770293"", ""rows"": 1980090}",1051.591724,47522292,1980090,"[""01c6f230-0001-fe2b-0001-9ade000b887a""]",12.600203,True,"{""01c6f230-0001-fe2b-0001-9ade000b887a"": {""server_total_ms"": 340, ""server_compilation_ms"": 86, ""server_execution_ms"": 254, ""server_provisioning_queue_ms"": 0, ""server_overload_queue_ms"": 0, ""server_bytes_scanned"": 151591936}}"
10000000,warehouse,filter_project,duckdb,4,18,01c6f230-0001-fe2b-0001-9ade000b885a,23.654786,380.0,1110.891013,"{""columns"": [""id"", ""region_id"", ""gross_cents""], ""dtypes"": [""int64"", ""int64"", ""int64""], ""hash_sum"": ""9297358661400020835"", ""hash_xor"": ""11916629792613770293"", ""rows"": 1980090}",1074.592603,47522292,1980090,"[""01c6f230-0001-fe2b-0001-9ade000b887e""]",12.643624,True,"{""01c6f230-0001-fe2b-0001-9ade000b887e"": {""server_total_ms"": 359, ""server_compilation_ms"": 79, ""server_execution_ms"": 280, ""server_provisioning_queue_ms"": 0, ""server_overload_queue_ms"": 0, ""server_bytes_scanned"": 146614784}}"
10000000,warehouse,filter_project,duckdb,4,19,01c6f230-0001-fe2b-0001-9ade000b885a,23.720419,310.0,1139.979581,"{""columns"": [""id"", ""region_id"", ""gross_cents""], ""dtypes"": [""int64"", ""int64"", ""int64""], ""hash_sum"": ""9297358661400020835"", ""hash_xor"": ""11916629792613770293"", ""rows"": 1980090}",1103.504502,47522292,1980090,"[""01c6f230-0001-fe2b-0001-9ade000b8882""]",12.75466,True,"{""01c6f230-0001-fe2b-0001-9ade000b8882"": {""server_total_ms"": 333, ""server_compilation_ms"": 75, ""server_execution_ms"": 258, ""server_provisioning_queue_ms"": 0, ""server_overload_queue_ms"": 0, ""server_bytes_scanned"": 146614784}}"
10000000,warehouse,filter_project,duckdb,4,20,01c6f230-0001-fe2b-0001-9ade000b885a,22.906621,370.0,1056.855529,"{""columns"": [""id"", ""region_id"", ""gross_cents""], ""dtypes"": [""int64"", ""int64"", ""int64""], ""hash_sum"": ""9297358661400020835"", ""hash_xor"": ""11916629792613770293"", ""rows"": 1980090}",1021.089324,47522292,1980090,"[""01c6f230-0001-fe2b-0001-9ade000b8886""]",12.859584,True,"{""01c6f230-0001-fe2b-0001-9ade000b8886"": {""server_total_ms"": 322, ""server_compilation_ms"": 76, ""server_execution_ms"": 246, ""server_provisioning_queue_ms"": 0, ""server_overload_queue_ms"": 0, ""server_bytes_scanned"": 151591936}}"
1000000,warehouse,filter_project,duckdb,4,16,01c6f230-0001-fcf8-0001-9ade000aaf02,5.826166,100.0,445.250546,"{""columns"": [""id"", ""region_id"", ""gross_cents""], ""dtypes"": [""int64"", ""int64"", ""int64""], ""hash_sum"": ""11356744842689536210"", ""hash_xor"": ""4329941149679941164"", ""rows"": 198279}",426.683618,4758828,198279,"[""01c6f230-0001-fcf8-0001-9ade000aaf1e""]",12.740762,True,"{""01c6f230-0001-fcf8-0001-9ade000aaf1e"": {""server_total_ms"": 325, ""server_compilation_ms"": 61, ""server_execution_ms"": 264, ""server_provisioning_queue_ms"": 0, ""server_overload_queue_ms"": 0, ""server_bytes_scanned"": 7627264}}"
1000000,warehouse,filter_project,duckdb,4,17,01c6f230-0001-fcf8-0001-9ade000aaf02,5.680803,40.0,475.927462,"{""columns"": [""id"", ""region_id"", ""gross_cents""], ""dtypes"": [""int64"", ""int64"", ""int64""], ""hash_sum"": ""11356744842689536210"", ""hash_xor"": ""4329941149679941164"", ""rows"": 198279}",457.578606,4758828,198279,"[""01c6f230-0001-fcf8-0001-9ade000aaf22""]",12.668053,True,"{""01c6f230-0001-fcf8-0001-9ade000aaf22"": {""server_total_ms"": 350, ""server_compilation_ms"": 59, ""server_execution_ms"": 291, ""server_provisioning_queue_ms"": 0, ""server_overload_queue_ms"": 0, ""server_bytes_scanned"": 7627264}}"
1000000,warehouse,filter_project,duckdb,4,18,01c6f230-0001-fcf8-0001-9ade000aaf02,5.709719,60.0,513.222581,"{""columns"": [""id"", ""region_id"", ""gross_cents""], ""dtypes"": [""int64"", ""int64"", ""int64""], ""hash_sum"": ""11356744842689536210"", ""hash_xor"": ""4329941149679941164"", ""rows"": 198279}",494.775839,4758828,198279,"[""01c6f230-0001-fcf8-0001-9ade000aaf26""]",12.737023,True,"{""01c6f230-0001-fcf8-0001-9ade000aaf26"": {""server_total_ms"": 388, ""server_compilation_ms"": 62, ""server_execution_ms"": 326, ""server_provisioning_queue_ms"": 0, ""server_overload_queue_ms"": 0, ""server_bytes_scanned"": 7627264}}"
1000000,warehouse,filter_project,duckdb,4,19,01c6f230-0001-fcf8-0001-9ade000aaf02,5.697729,80.0,528.120317,"{""columns"": [""id"", ""region_id"", ""gross_cents""], ""dtypes"": [""int64"", ""int64"", ""int64""], ""hash_sum"": ""11356744842689536210"", ""hash_xor"": ""4329941149679941164"", ""rows"": 198279}",509.810222,4758828,198279,"[""01c6f230-0001-fcf8-0001-9ade000aaf2a""]",12.612366,True,"{""01c6f230-0001-fcf8-0001-9ade000aaf2a"": {""server_total_ms"": 297, ""server_compilation_ms"": 69, ""server_execution_ms"": 228, ""server_provisioning_queue_ms"": 0, ""server_overload_queue_ms"": 0, ""server_bytes_scanned"": 7627264}}"
1000000,warehouse,filter_project,duckdb,4,20,01c6f230-0001-fcf8-0001-9ade000aaf02,5.598615,110.0,502.59406,"{""columns"": [""id"", ""region_id"", ""gross_cents""], ""dtypes"": [""int64"", ""int64"", ""int64""], ""hash_sum"": ""11356744842689536210"", ""hash_xor"": ""4329941149679941164"", ""rows"": 198279}",484.188494,4758828,198279,"[""01c6f230-0001-fcf8-0001-9ade000aaf2e""]",12.806951,True,"{""01c6f230-0001-fcf8-0001-9ade000aaf2e"": {""server_total_ms"": 331, ""server_compilation_ms"": 56, ""server_execution_ms"": 275, ""server_provisioning_queue_ms"": 0, ""server_overload_queue_ms"": 0, ""server_bytes_scanned"": 7627264}}"
100000,warehouse,filter_project,snowflake,4,16,01c6f230-0001-fcf8-0001-9ade000aaf36,395.618375,10.0,395.618375,"{""columns"": [""id"", ""region_id"", ""gross_cents""], ""dtypes"": [""int64"", ""int64"", ""int64""], ""hash_sum"": ""6934637738391437775"", ""hash_xor"": ""13010755706745315299"", ""rows"": 19886}",,477396,19886,"[""01c6f230-0001-fcf8-0001-9ade000aaf52""]",0.0,True,"{""01c6f230-0001-fcf8-0001-9ade000aaf52"": {""server_total_ms"": 244, ""server_compilation_ms"": 75, ""server_execution_ms"": 169, ""server_provisioning_queue_ms"": 0, ""server_overload_queue_ms"": 0, ""server_bytes_scanned"": 973312}}"
100000,warehouse,filter_project,snowflake,4,17,01c6f230-0001-fcf8-0001-9ade000aaf36,320.241437,20.0,320.241437,"{""columns"": [""id"", ""region_id"", ""gross_cents""], ""dtypes"": [""int64"", ""int64"", ""int64""], ""hash_sum"": ""6934637738391437775"", ""hash_xor"": ""13010755706745315299"", ""rows"": 19886}",,477396,19886,"[""01c6f230-0001-fcf8-0001-9ade000aaf56""]",0.0,True,"{""01c6f230-0001-fcf8-0001-9ade000aaf56"": {""server_total_ms"": 232, ""server_compilation_ms"": 70, ""server_execution_ms"": 162, ""server_provisioning_queue_ms"": 0, ""server_overload_queue_ms"": 0, ""server_bytes_scanned"": 973312}}"
100000,warehouse,filter_project,snowflake,4,18,01c6f230-0001-fcf8-0001-9ade000aaf36,376.867529,10.0,376.867529,"{""columns"": [""id"", ""region_id"", ""gross_cents""], ""dtypes"": [""int64"", ""int64"", ""int64""], ""hash_sum"": ""6934637738391437775"", ""hash_xor"": ""13010755706745315299"", ""rows"": 19886}",,477396,19886,"[""01c6f230-0001-fcf8-0001-9ade000aaf5a""]",0.0,True,"{""01c6f230-0001-fcf8-0001-9ade000aaf5a"": {""server_total_ms"": 227, ""server_compilation_ms"": 63, ""server_execution_ms"": 164, ""server_provisioning_queue_ms"": 0, ""server_overload_queue_ms"": 0, ""server_bytes_scanned"": 973312}}"
100000,warehouse,filter_project,snowflake,4,19,01c6f230-0001-fcf8-0001-9ade000aaf36,294.149506,10.0,294.149506,"{""columns"": [""id"", ""region_id"", ""gross_cents""], ""dtypes"": [""int64"", ""int64"", ""int64""], ""hash_sum"": ""6934637738391437775"", ""hash_xor"": ""13010755706745315299"", ""rows"": 19886}",,477396,19886,"[""01c6f230-0001-fcf8-0001-9ade000aaf5e""]",0.0,True,"{""01c6f230-0001-fcf8-0001-9ade000aaf5e"": {""server_total_ms"": 187, ""server_compilation_ms"": 69, ""server_execution_ms"": 118, ""server_provisioning_queue_ms"": 0, ""server_overload_queue_ms"": 0, ""server_bytes_scanned"": 973312}}"
100000,warehouse,filter_project,snowflake,4,20,01c6f230-0001-fcf8-0001-9ade000aaf36,265.303452,20.0,265.303452,"{""columns"": [""id"", ""region_id"", ""gross_cents""], ""dtypes"": [""int64"", ""int64"", ""int64""], ""hash_sum"": ""6934637738391437775"", ""hash_xor"": ""13010755706745315299"", ""rows"": 19886}",,477396,19886,"[""01c6f230-0001-fcf8-0001-9ade000aaf62""]",0.0,True,"{""01c6f230-0001-fcf8-0001-9ade000aaf62"": {""server_total_ms"": 176, ""server_compilation_ms"": 66, ""server_execution_ms"": 110, ""server_provisioning_queue_ms"": 0, ""server_overload_queue_ms"": 0, ""server_bytes_scanned"": 973312}}"
10000000,warehouse,clean_derive,duckdb,4,16,01c6f230-0001-fcf8-0001-9ade000aaf66,108.553026,1430.0,2035.903358,"{""columns"": [""id"", ""net_cents""], ""dtypes"": [""int64"", ""int64""], ""hash_sum"": ""14285702759883698828"", ""hash_xor"": ""425970959959544156"", ""rows"": 10000000}",1914.134348,160000132,10000000,"[""01c6f231-0001-fcf8-0001-9ade000aaf82""]",13.215984,True,"{""01c6f231-0001-fcf8-0001-9ade000aaf82"": {""server_total_ms"": 450, ""server_compilation_ms"": 63, ""server_execution_ms"": 387, ""server_provisioning_queue_ms"": 0, ""server_overload_queue_ms"": 0, ""server_bytes_scanned"": 151591936}}"
10000000,warehouse,clean_derive,duckdb,4,17,01c6f230-0001-fcf8-0001-9ade000aaf66,104.948467,1240.0,2077.940471,"{""columns"": [""id"", ""net_cents""], ""dtypes"": [""int64"", ""int64""], ""hash_sum"": ""14285702759883698828"", ""hash_xor"": ""425970959959544156"", ""rows"": 10000000}",1960.221692,160000132,10000000,"[""01c6f231-0001-fcf8-0001-9ade000aaf86""]",12.770312,True,"{""01c6f231-0001-fcf8-0001-9ade000aaf86"": {""server_total_ms"": 501, ""server_compilation_ms"": 60, ""server_execution_ms"": 441, ""server_provisioning_queue_ms"": 0, ""server_overload_queue_ms"": 0, ""server_bytes_scanned"": 151591936}}"
10000000,warehouse,clean_derive,duckdb,4,18,01c6f230-0001-fcf8-0001-9ade000aaf66,106.265796,1450.0,2159.98681,"{""columns"": [""id"", ""net_cents""], ""dtypes"": [""int64"", ""int64""], ""hash_sum"": ""14285702759883698828"", ""hash_xor"": ""425970959959544156"", ""rows"": 10000000}",2040.685742,160000132,10000000,"[""01c6f231-0001-fcf8-0001-9ade000aaf8a""]",13.035272,True,"{""01c6f231-0001-fcf8-0001-9ade000aaf8a"": {""server_total_ms"": 543, ""server_compilation_ms"": 68, ""server_execution_ms"": 475, ""server_provisioning_queue_ms"": 0, ""server_overload_queue_ms"": 0, ""server_bytes_scanned"": 151591936}}"
10000000,warehouse,clean_derive,duckdb,4,19,01c6f230-0001-fcf8-0001-9ade000aaf66,105.579487,1350.0,2294.468723,"{""columns"": [""id"", ""net_cents""], ""dtypes"": [""int64"", ""int64""], ""hash_sum"": ""14285702759883698828"", ""hash_xor"": ""425970959959544156"", ""rows"": 10000000}",2175.594506,160000132,10000000,"[""01c6f231-0001-fcf8-0001-9ade000aaf8e""]",13.29473,True,"{""01c6f231-0001-fcf8-0001-9ade000aaf8e"": {""server_total_ms"": 449, ""server_compilation_ms"": 63, ""server_execution_ms"": 386, ""server_provisioning_queue_ms"": 0, ""server_overload_queue_ms"": 0, ""server_bytes_scanned"": 151591936}}"
10000000,warehouse,clean_derive,duckdb,4,20,01c6f230-0001-fcf8-0001-9ade000aaf66,106.957753,1340.0,2250.395603,"{""columns"": [""id"", ""net_cents""], ""dtypes"": [""int64"", ""int64""], ""hash_sum"": ""14285702759883698828"", ""hash_xor"": ""425970959959544156"", ""rows"": 10000000}",2130.52055,160000132,10000000,"[""01c6f231-0001-fcf8-0001-9ade000aaf92""]",12.9173,True,"{""01c6f231-0001-fcf8-0001-9ade000aaf92"": {""server_total_ms"": 480, ""server_compilation_ms"": 66, ""server_execution_ms"": 414, ""server_provisioning_queue_ms"": 0, ""server_overload_queue_ms"": 0, ""server_bytes_scanned"": 151591936}}"
10000000,warehouse,groupby,snowflake,4,16,01c6f231-0001-fcf8-0001-9ade000aaf96,135.653883,10.0,135.653883,"{""columns"": [""region_id"", ""total_cents"", ""total_quantity"", ""row_count""], ""dtypes"": [""int64"", ""int64"", ""int64"", ""int64""], ""hash_sum"": ""3404719191165042972"", ""hash_xor"": ""2526757767072946434"", ""rows"": 50}",,1732,50,"[""01c6f231-0001-fcf8-0001-9ade000aafb2""]",0.0,True,"{""01c6f231-0001-fcf8-0001-9ade000aafb2"": {""server_total_ms"": 119, ""server_compilation_ms"": 63, ""server_execution_ms"": 56, ""server_provisioning_queue_ms"": 0, ""server_overload_queue_ms"": 0, ""server_bytes_scanned"": 151591936}}"
10000000,warehouse,groupby,snowflake,4,17,01c6f231-0001-fcf8-0001-9ade000aaf96,137.193661,0.0,137.193661,"{""columns"": [""region_id"", ""total_cents"", ""total_quantity"", ""row_count""], ""dtypes"": [""int64"", ""int64"", ""int64"", ""int64""], ""hash_sum"": ""3404719191165042972"", ""hash_xor"": ""2526757767072946434"", ""rows"": 50}",,1732,50,"[""01c6f231-0001-fcf8-0001-9ade000aafb6""]",0.0,True,"{""01c6f231-0001-fcf8-0001-9ade000aafb6"": {""server_total_ms"": 119, ""server_compilation_ms"": 67, ""server_execution_ms"": 52, ""server_provisioning_queue_ms"": 0, ""server_overload_queue_ms"": 0, ""server_bytes_scanned"": 151591936}}"
10000000,warehouse,groupby,snowflake,4,18,01c6f231-0001-fcf8-0001-9ade000aaf96,149.316733,0.0,149.316733,"{""columns"": [""region_id"", ""total_cents"", ""total_quantity"", ""row_count""], ""dtypes"": [""int64"", ""int64"", ""int64"", ""int64""], ""hash_sum"": ""3404719191165042972"", ""hash_xor"": ""2526757767072946434"", ""rows"": 50}",,1732,50,"[""01c6f231-0001-fcf8-0001-9ade000aafba""]",0.0,True,"{""01c6f231-0001-fcf8-0001-9ade000aafba"": {""server_total_ms"": 132, ""server_compilation_ms"": 66, ""server_execution_ms"": 66, ""server_provisioning_queue_ms"": 0, ""server_overload_queue_ms"": 0, ""server_bytes_scanned"": 151591936}}"
10000000,warehouse,groupby,snowflake,4,19,01c6f231-0001-fcf8-0001-9ade000aaf96,134.006945,0.0,134.006945,"{""columns"": [""region_id"", ""total_cents"", ""total_quantity"", ""row_count""], ""dtypes"": [""int64"", ""int64"", ""int64"", ""int64""], ""hash_sum"": ""3404719191165042972"", ""hash_xor"": ""2526757767072946434"", ""rows"": 50}",,1732,50,"[""01c6f231-0001-fcf8-0001-9ade000aafbe""]",0.0,True,"{""01c6f231-0001-fcf8-0001-9ade000aafbe"": {""server_total_ms"": 116, ""server_compilation_ms"": 61, ""server_execution_ms"": 55, ""server_provisioning_queue_ms"": 0, ""server_overload_queue_ms"": 0, ""server_bytes_scanned"": 151591936}}"
10000000,warehouse,groupby,snowflake,4,20,01c6f231-0001-fcf8-0001-9ade000aaf96,135.794618,0.0,135.794618,"{""columns"": [""region_id"", ""total_cents"", ""total_quantity"", ""row_count""], ""dtypes"": [""int64"", ""int64"", ""int64"", ""int64""], ""hash_sum"": ""3404719191165042972"", ""hash_xor"": ""2526757767072946434"", ""rows"": 50}",,1732,50,"[""01c6f231-0001-fcf8-0001-9ade000aafc2""]",0.0,True,"{""01c6f231-0001-fcf8-0001-9ade000aafc2"": {""server_total_ms"": 118, ""server_compilation_ms"": 65, ""server_execution_ms"": 53, ""server_provisioning_queue_ms"": 0, ""server_overload_queue_ms"": 0, ""server_bytes_scanned"": 151591936}}"
100000,warehouse,join_groupby,snowflake,4,16,01c6f231-0001-fe2b-0001-9ade000b888e,175.248331,10.0,175.248331,"{""columns"": [""region_id"", ""tier"", ""total_cents"", ""row_count""], ""dtypes"": [""int64"", ""int64"", ""int64"", ""int64""], ""hash_sum"": ""15482229778153811636"", ""hash_xor"": ""14299020784962879478"", ""rows"": 200}",,6532,200,"[""01c6f231-0001-fe2b-0001-9ade000b88aa""]",0.0,True,"{""01c6f231-0001-fe2b-0001-9ade000b88aa"": {""server_total_ms"": 141, ""server_compilation_ms"": 90, ""server_execution_ms"": 51, ""server_provisioning_queue_ms"": 0, ""server_overload_queue_ms"": 0, ""server_bytes_scanned"": 1211904}}"
100000,warehouse,join_groupby,snowflake,4,17,01c6f231-0001-fe2b-0001-9ade000b888e,172.891437,10.0,172.891437,"{""columns"": [""region_id"", ""tier"", ""total_cents"", ""row_count""], ""dtypes"": [""int64"", ""int64"", ""int64"", ""int64""], ""hash_sum"": ""15482229778153811636"", ""hash_xor"": ""14299020784962879478"", ""rows"": 200}",,6532,200,"[""01c6f231-0001-fe2b-0001-9ade000b88ae""]",0.0,True,"{""01c6f231-0001-fe2b-0001-9ade000b88ae"": {""server_total_ms"": 138, ""server_compilation_ms"": 90, ""server_execution_ms"": 48, ""server_provisioning_queue_ms"": 0, ""server_overload_queue_ms"": 0, ""server_bytes_scanned"": 1211904}}"
100000,warehouse,join_groupby,snowflake,4,18,01c6f231-0001-fe2b-0001-9ade000b888e,174.914045,10.0,174.914045,"{""columns"": [""region_id"", ""tier"", ""total_cents"", ""row_count""], ""dtypes"": [""int64"", ""int64"", ""int64"", ""int64""], ""hash_sum"": ""15482229778153811636"", ""hash_xor"": ""14299020784962879478"", ""rows"": 200}",,6532,200,"[""01c6f231-0001-fe2b-0001-9ade000b88b2""]",0.0,True,"{""01c6f231-0001-fe2b-0001-9ade000b88b2"": {""server_total_ms"": 140, ""server_compilation_ms"": 87, ""server_execution_ms"": 53, ""server_provisioning_queue_ms"": 0, ""server_overload_queue_ms"": 0, ""server_bytes_scanned"": 1211904}}"
100000,warehouse,join_groupby,snowflake,4,19,01c6f231-0001-fe2b-0001-9ade000b888e,169.606183,0.0,169.606183,"{""columns"": [""region_id"", ""tier"", ""total_cents"", ""row_count""], ""dtypes"": [""int64"", ""int64"", ""int64"", ""int64""], ""hash_sum"": ""15482229778153811636"", ""hash_xor"": ""14299020784962879478"", ""rows"": 200}",,6532,200,"[""01c6f231-0001-fe2b-0001-9ade000b88b6""]",0.0,True,"{""01c6f231-0001-fe2b-0001-9ade000b88b6"": {""server_total_ms"": 136, ""server_compilation_ms"": 86, ""server_execution_ms"": 50, ""server_provisioning_queue_ms"": 0, ""server_overload_queue_ms"": 0, ""server_bytes_scanned"": 1211904}}"
100000,warehouse,join_groupby,snowflake,4,20,01c6f231-0001-fe2b-0001-9ade000b888e,175.498856,0.0,175.498856,"{""columns"": [""region_id"", ""tier"", ""total_cents"", ""row_count""], ""dtypes"": [""int64"", ""int64"", ""int64"", ""int64""], ""hash_sum"": ""15482229778153811636"", ""hash_xor"": ""14299020784962879478"", ""rows"": 200}",,6532,200,"[""01c6f231-0001-fe2b-0001-9ade000b88ba""]",0.0,True,"{""01c6f231-0001-fe2b-0001-9ade000b88ba"": {""server_total_ms"": 140, ""server_compilation_ms"": 93, ""server_execution_ms"": 47, ""server_provisioning_queue_ms"": 0, ""server_overload_queue_ms"": 0, ""server_bytes_scanned"": 1211904}}"
1000000,warehouse,clean_derive,pandas,4,16,01c6f231-0001-fe0c-0001-9ade000b954e,19.544052,170.0,630.612346,"{""columns"": [""id"", ""net_cents""], ""dtypes"": [""int64"", ""int64""], ""hash_sum"": ""16902620082194219032"", ""hash_xor"": ""7441825716312922670"", ""rows"": 1000000}",611.068294,16000132,1000000,"[""01c6f231-0001-fe0c-0001-9ade000b956a""]",0.0,True,"{""01c6f231-0001-fe0c-0001-9ade000b956a"": {""server_total_ms"": 428, ""server_compilation_ms"": 62, ""server_execution_ms"": 366, ""server_provisioning_queue_ms"": 0, ""server_overload_queue_ms"": 0, ""server_bytes_scanned"": 7627264}}"
1000000,warehouse,clean_derive,pandas,4,17,01c6f231-0001-fe0c-0001-9ade000b954e,16.763934,150.0,619.447301,"{""columns"": [""id"", ""net_cents""], ""dtypes"": [""int64"", ""int64""], ""hash_sum"": ""16902620082194219032"", ""hash_xor"": ""7441825716312922670"", ""rows"": 1000000}",602.683367,16000132,1000000,"[""01c6f231-0001-fe0c-0001-9ade000b956e""]",0.0,True,"{""01c6f231-0001-fe0c-0001-9ade000b956e"": {""server_total_ms"": 402, ""server_compilation_ms"": 48, ""server_execution_ms"": 354, ""server_provisioning_queue_ms"": 0, ""server_overload_queue_ms"": 0, ""server_bytes_scanned"": 7627264}}"
1000000,warehouse,clean_derive,pandas,4,18,01c6f231-0001-fe0c-0001-9ade000b954e,20.930113,150.0,640.938811,"{""columns"": [""id"", ""net_cents""], ""dtypes"": [""int64"", ""int64""], ""hash_sum"": ""16902620082194219032"", ""hash_xor"": ""7441825716312922670"", ""rows"": 1000000}",620.008698,16000132,1000000,"[""01c6f231-0001-fe0c-0001-9ade000b9572""]",0.0,True,"{""01c6f231-0001-fe0c-0001-9ade000b9572"": {""server_total_ms"": 414, ""server_compilation_ms"": 55, ""server_execution_ms"": 359, ""server_provisioning_queue_ms"": 0, ""server_overload_queue_ms"": 0, ""server_bytes_scanned"": 7627264}}"
1000000,warehouse,clean_derive,pandas,4,19,01c6f231-0001-fe0c-0001-9ade000b954e,16.806329,140.0,659.042655,"{""columns"": [""id"", ""net_cents""], ""dtypes"": [""int64"", ""int64""], ""hash_sum"": ""16902620082194219032"", ""hash_xor"": ""7441825716312922670"", ""rows"": 1000000}",642.236326,16000132,1000000,"[""01c6f231-0001-fe0c-0001-9ade000b9576""]",0.0,True,"{""01c6f231-0001-fe0c-0001-9ade000b9576"": {""server_total_ms"": 439, ""server_compilation_ms"": 53, ""server_execution_ms"": 386, ""server_provisioning_queue_ms"": 0, ""server_overload_queue_ms"": 0, ""server_bytes_scanned"": 7627264}}"
1000000,warehouse,clean_derive,pandas,4,20,01c6f231-0001-fe0c-0001-9ade000b954e,19.982129,140.0,662.045508,"{""columns"": [""id"", ""net_cents""], ""dtypes"": [""int64"", ""int64""], ""hash_sum"": ""16902620082194219032"", ""hash_xor"": ""7441825716312922670"", ""rows"": 1000000}",642.063379,16000132,1000000,"[""01c6f231-0001-fe0c-0001-9ade000b957a""]",0.0,True,"{""01c6f231-0001-fe0c-0001-9ade000b957a"": {""server_total_ms"": 442, ""server_compilation_ms"": 54, ""server_execution_ms"": 388, ""server_provisioning_queue_ms"": 0, ""server_overload_queue_ms"": 0, ""server_bytes_scanned"": 7627264}}"
1000000,warehouse,join_groupby,pandas,4,16,01c6f231-0001-fcf9-0001-9ade000b5996,92.739294,230.0,994.418504,"{""columns"": [""region_id"", ""tier"", ""total_cents"", ""row_count""], ""dtypes"": [""int64"", ""int64"", ""int64"", ""int64""], ""hash_sum"": ""13023197678645621665"", ""hash_xor"": ""8219731451453916309"", ""rows"": 200}",901.67921,6532,200,"[""01c6f231-0001-fcf9-0001-9ade000b59b6"", ""01c6f231-0001-fcf9-0001-9ade000b59ba""]",0.0,True,"{""01c6f231-0001-fcf9-0001-9ade000b59b6"": {""server_total_ms"": 420, ""server_compilation_ms"": 75, ""server_execution_ms"": 345, ""server_provisioning_queue_ms"": 0, ""server_overload_queue_ms"": 0, ""server_bytes_scanned"": 7627264}, ""01c6f231-0001-fcf9-0001-9ade000b59ba"": {""server_total_ms"": 194, ""server_compilation_ms"": 67, ""server_execution_ms"": 127, ""server_provisioning_queue_ms"": 0, ""server_overload_queue_ms"": 0, ""server_bytes_scanned"": 238592}}"
1000000,warehouse,join_groupby,pandas,4,17,01c6f231-0001-fcf9-0001-9ade000b5996,95.909976,280.0,967.699245,"{""columns"": [""region_id"", ""tier"", ""total_cents"", ""row_count""], ""dtypes"": [""int64"", ""int64"", ""int64"", ""int64""], ""hash_sum"": ""13023197678645621665"", ""hash_xor"": ""8219731451453916309"", ""rows"": 200}",871.789269,6532,200,"[""01c6f231-0001-fcf9-0001-9ade000b59be"", ""01c6f231-0001-fcf9-0001-9ade000b59c2""]",0.0,True,"{""01c6f231-0001-fcf9-0001-9ade000b59be"": {""server_total_ms"": 393, ""server_compilation_ms"": 61, ""server_execution_ms"": 332, ""server_provisioning_queue_ms"": 0, ""server_overload_queue_ms"": 0, ""server_bytes_scanned"": 7627264}, ""01c6f231-0001-fcf9-0001-9ade000b59c2"": {""server_total_ms"": 193, ""server_compilation_ms"": 74, ""server_execution_ms"": 119, ""server_provisioning_queue_ms"": 0, ""server_overload_queue_ms"": 0, ""server_bytes_scanned"": 238592}}"
1000000,warehouse,join_groupby,pandas,4,18,01c6f231-0001-fcf9-0001-9ade000b5996,95.21953,230.0,988.165761,"{""columns"": [""region_id"", ""tier"", ""total_cents"", ""row_count""], ""dtypes"": [""int64"", ""int64"", ""int64"", ""int64""], ""hash_sum"": ""13023197678645621665"", ""hash_xor"": ""8219731451453916309"", ""rows"": 200}",892.946231,6532,200,"[""01c6f231-0001-fcf9-0001-9ade000b59c6"", ""01c6f231-0001-fcf9-0001-9ade000b59ca""]",0.0,True,"{""01c6f231-0001-fcf9-0001-9ade000b59c6"": {""server_total_ms"": 409, ""server_compilation_ms"": 71, ""server_execution_ms"": 338, ""server_provisioning_queue_ms"": 0, ""server_overload_queue_ms"": 0, ""server_bytes_scanned"": 7627264}, ""01c6f231-0001-fcf9-0001-9ade000b59ca"": {""server_total_ms"": 200, ""server_compilation_ms"": 64, ""server_execution_ms"": 136, ""server_provisioning_queue_ms"": 0, ""server_overload_queue_ms"": 0, ""server_bytes_scanned"": 238592}}"
1000000,warehouse,join_groupby,pandas,4,19,01c6f231-0001-fcf9-0001-9ade000b5996,95.932456,240.0,976.62249,"{""columns"": [""region_id"", ""tier"", ""total_cents"", ""row_count""], ""dtypes"": [""int64"", ""int64"", ""int64"", ""int64""], ""hash_sum"": ""13023197678645621665"", ""hash_xor"": ""8219731451453916309"", ""rows"": 200}",880.690034,6532,200,"[""01c6f231-0001-fcf9-0001-9ade000b59ce"", ""01c6f231-0001-fcf9-0001-9ade000b59d2""]",0.0,True,"{""01c6f231-0001-fcf9-0001-9ade000b59ce"": {""server_total_ms"": 415, ""server_compilation_ms"": 58, ""server_execution_ms"": 357, ""server_provisioning_queue_ms"": 0, ""server_overload_queue_ms"": 0, ""server_bytes_scanned"": 7627264}, ""01c6f231-0001-fcf9-0001-9ade000b59d2"": {""server_total_ms"": 181, ""server_compilation_ms"": 58, ""server_execution_ms"": 123, ""server_provisioning_queue_ms"": 0, ""server_overload_queue_ms"": 0, ""server_bytes_scanned"": 238592}}"
1000000,warehouse,join_groupby,pandas,4,20,01c6f231-0001-fcf9-0001-9ade000b5996,96.467663,210.0,973.193847,"{""columns"": [""region_id"", ""tier"", ""total_cents"", ""row_count""], ""dtypes"": [""int64"", ""int64"", ""int64"", ""int64""], ""hash_sum"": ""13023197678645621665"", ""hash_xor"": ""8219731451453916309"", ""rows"": 200}",876.726184,6532,200,"[""01c6f231-0001-fcf9-0001-9ade000b59d6"", ""01c6f231-0001-fcf9-0001-9ade000b59da""]",0.0,True,"{""01c6f231-0001-fcf9-0001-9ade000b59d6"": {""server_total_ms"": 407, ""server_compilation_ms"": 62, ""server_execution_ms"": 345, ""server_provisioning_queue_ms"": 0, ""server_overload_queue_ms"": 0, ""server_bytes_scanned"": 7627264}, ""01c6f231-0001-fcf9-0001-9ade000b59da"": {""server_total_ms"": 182, ""server_compilation_ms"": 57, ""server_execution_ms"": 125, ""server_provisioning_queue_ms"": 0, ""server_overload_queue_ms"": 0, ""server_bytes_scanned"": 238592}}"
10000000,warehouse,filter_project,snowflake,4,16,01c6f231-0001-fe2b-0001-9ade000b88be,1014.222087,290.0,1014.222087,"{""columns"": [""id"", ""region_id"", ""gross_cents""], ""dtypes"": [""int64"", ""int64"", ""int64""], ""hash_sum"": ""9297358661400020835"", ""hash_xor"": ""11916629792613770293"", ""rows"": 1980090}",,47522292,1980090,"[""01c6f231-0001-fe2b-0001-9ade000b88da""]",0.0,True,"{""01c6f231-0001-fe2b-0001-9ade000b88da"": {""server_total_ms"": 310, ""server_compilation_ms"": 78, ""server_execution_ms"": 232, ""server_provisioning_queue_ms"": 0, ""server_overload_queue_ms"": 0, ""server_bytes_scanned"": 146614272}}"
10000000,warehouse,filter_project,snowflake,4,17,01c6f231-0001-fe2b-0001-9ade000b88be,1006.634048,330.0,1006.634048,"{""columns"": [""id"", ""region_id"", ""gross_cents""], ""dtypes"": [""int64"", ""int64"", ""int64""], ""hash_sum"": ""9297358661400020835"", ""hash_xor"": ""11916629792613770293"", ""rows"": 1980090}",,47522292,1980090,"[""01c6f231-0001-fe2b-0001-9ade000b88de""]",0.0,True,"{""01c6f231-0001-fe2b-0001-9ade000b88de"": {""server_total_ms"": 311, ""server_compilation_ms"": 72, ""server_execution_ms"": 239, ""server_provisioning_queue_ms"": 0, ""server_overload_queue_ms"": 0, ""server_bytes_scanned"": 146614272}}"
10000000,warehouse,filter_project,snowflake,4,18,01c6f231-0001-fe2b-0001-9ade000b88be,1008.086617,260.0,1008.086617,"{""columns"": [""id"", ""region_id"", ""gross_cents""], ""dtypes"": [""int64"", ""int64"", ""int64""], ""hash_sum"": ""9297358661400020835"", ""hash_xor"": ""11916629792613770293"", ""rows"": 1980090}",,47522292,1980090,"[""01c6f231-0001-fe2b-0001-9ade000b88e2""]",0.0,True,"{""01c6f231-0001-fe2b-0001-9ade000b88e2"": {""server_total_ms"": 326, ""server_compilation_ms"": 84, ""server_execution_ms"": 242, ""server_provisioning_queue_ms"": 0, ""server_overload_queue_ms"": 0, ""server_bytes_scanned"": 151591936}}"
10000000,warehouse,filter_project,snowflake,4,19,01c6f231-0001-fe2b-0001-9ade000b88be,1055.668866,150.0,1055.668866,"{""columns"": [""id"", ""region_id"", ""gross_cents""], ""dtypes"": [""int64"", ""int64"", ""int64""], ""hash_sum"": ""9297358661400020835"", ""hash_xor"": ""11916629792613770293"", ""rows"": 1980090}",,47522292,1980090,"[""01c6f231-0001-fe2b-0001-9ade000b88e6""]",0.0,True,"{""01c6f231-0001-fe2b-0001-9ade000b88e6"": {""server_total_ms"": 305, ""server_compilation_ms"": 73, ""server_execution_ms"": 232, ""server_provisioning_queue_ms"": 0, ""server_overload_queue_ms"": 0, ""server_bytes_scanned"": 151591936}}"
10000000,warehouse,filter_project,snowflake,4,20,01c6f231-0001-fe2b-0001-9ade000b88be,1006.808308,300.0,1006.808308,"{""columns"": [""id"", ""region_id"", ""gross_cents""], ""dtypes"": [""int64"", ""int64"", ""int64""], ""hash_sum"": ""9297358661400020835"", ""hash_xor"": ""11916629792613770293"", ""rows"": 1980090}",,47522292,1980090,"[""01c6f231-0001-fe2b-0001-9ade000b88ea""]",0.0,True,"{""01c6f231-0001-fe2b-0001-9ade000b88ea"": {""server_total_ms"": 325, ""server_compilation_ms"": 96, ""server_execution_ms"": 229, ""server_provisioning_queue_ms"": 0, ""server_overload_queue_ms"": 0, ""server_bytes_scanned"": 151591936}}"
1000000,warehouse,join_groupby,snowflake,4,16,01c6f231-0001-fe0c-0001-9ade000b9582,193.452133,0.0,193.452133,"{""columns"": [""region_id"", ""tier"", ""total_cents"", ""row_count""], ""dtypes"": [""int64"", ""int64"", ""int64"", ""int64""], ""hash_sum"": ""13023197678645621665"", ""hash_xor"": ""8219731451453916309"", ""rows"": 200}",,6532,200,"[""01c6f231-0001-fe0c-0001-9ade000b959e""]",0.0,True,"{""01c6f231-0001-fe0c-0001-9ade000b959e"": {""server_total_ms"": 165, ""server_compilation_ms"": 77, ""server_execution_ms"": 88, ""server_provisioning_queue_ms"": 0, ""server_overload_queue_ms"": 0, ""server_bytes_scanned"": 7865856}}"
1000000,warehouse,join_groupby,snowflake,4,17,01c6f231-0001-fe0c-0001-9ade000b9582,203.40911,10.0,203.40911,"{""columns"": [""region_id"", ""tier"", ""total_cents"", ""row_count""], ""dtypes"": [""int64"", ""int64"", ""int64"", ""int64""], ""hash_sum"": ""13023197678645621665"", ""hash_xor"": ""8219731451453916309"", ""rows"": 200}",,6532,200,"[""01c6f231-0001-fe0c-0001-9ade000b95a2""]",0.0,True,"{""01c6f231-0001-fe0c-0001-9ade000b95a2"": {""server_total_ms"": 172, ""server_compilation_ms"": 74, ""server_execution_ms"": 98, ""server_provisioning_queue_ms"": 0, ""server_overload_queue_ms"": 0, ""server_bytes_scanned"": 7865856}}"
1000000,warehouse,join_groupby,snowflake,4,18,01c6f231-0001-fe0c-0001-9ade000b9582,192.233213,0.0,192.233213,"{""columns"": [""region_id"", ""tier"", ""total_cents"", ""row_count""], ""dtypes"": [""int64"", ""int64"", ""int64"", ""int64""], ""hash_sum"": ""13023197678645621665"", ""hash_xor"": ""8219731451453916309"", ""rows"": 200}",,6532,200,"[""01c6f231-0001-fe0c-0001-9ade000b95a6""]",0.0,True,"{""01c6f231-0001-fe0c-0001-9ade000b95a6"": {""server_total_ms"": 166, ""server_compilation_ms"": 69, ""server_execution_ms"": 97, ""server_provisioning_queue_ms"": 0, ""server_overload_queue_ms"": 0, ""server_bytes_scanned"": 7865856}}"
1000000,warehouse,join_groupby,snowflake,4,19,01c6f231-0001-fe0c-0001-9ade000b9582,201.77083,0.0,201.77083,"{""columns"": [""region_id"", ""tier"", ""total_cents"", ""row_count""], ""dtypes"": [""int64"", ""int64"", ""int64"", ""int64""], ""hash_sum"": ""13023197678645621665"", ""hash_xor"": ""8219731451453916309"", ""rows"": 200}",,6532,200,"[""01c6f231-0001-fe0c-0001-9ade000b95aa""]",0.0,True,"{""01c6f231-0001-fe0c-0001-9ade000b95aa"": {""server_total_ms"": 171, ""server_compilation_ms"": 82, ""server_execution_ms"": 89, ""server_provisioning_queue_ms"": 0, ""server_overload_queue_ms"": 0, ""server_bytes_scanned"": 7865856}}"
1000000,warehouse,join_groupby,snowflake,4,20,01c6f231-0001-fe0c-0001-9ade000b9582,191.686014,10.0,191.686014,"{""columns"": [""region_id"", ""tier"", ""total_cents"", ""row_count""], ""dtypes"": [""int64"", ""int64"", ""int64"", ""int64""], ""hash_sum"": ""13023197678645621665"", ""hash_xor"": ""8219731451453916309"", ""rows"": 200}",,6532,200,"[""01c6f231-0001-fe0c-0001-9ade000b95ae""]",0.0,True,"{""01c6f231-0001-fe0c-0001-9ade000b95ae"": {""server_total_ms"": 159, ""server_compilation_ms"": 71, ""server_execution_ms"": 88, ""server_provisioning_queue_ms"": 0, ""server_overload_queue_ms"": 0, ""server_bytes_scanned"": 7865856}}"
10000000,warehouse,groupby,duckdb,4,16,01c6f231-0001-fcf9-0001-9ade000b59de,43.136749,950.0,1562.072701,"{""columns"": [""region_id"", ""total_cents"", ""total_quantity"", ""row_count""], ""dtypes"": [""int64"", ""int64"", ""int64"", ""int64""], ""hash_sum"": ""3404719191165042972"", ""hash_xor"": ""2526757767072946434"", ""rows"": 50}",1504.958266,1732,50,"[""01c6f232-0001-fcf9-0001-9ade000b59fa""]",13.977686,True,"{""01c6f232-0001-fcf9-0001-9ade000b59fa"": {""server_total_ms"": 380, ""server_compilation_ms"": 66, ""server_execution_ms"": 314, ""server_provisioning_queue_ms"": 0, ""server_overload_queue_ms"": 0, ""server_bytes_scanned"": 151591936}}"
10000000,warehouse,groupby,duckdb,4,17,01c6f231-0001-fcf9-0001-9ade000b59de,42.612014,940.0,1559.559162,"{""columns"": [""region_id"", ""total_cents"", ""total_quantity"", ""row_count""], ""dtypes"": [""int64"", ""int64"", ""int64"", ""int64""], ""hash_sum"": ""3404719191165042972"", ""hash_xor"": ""2526757767072946434"", ""rows"": 50}",1503.766495,1732,50,"[""01c6f232-0001-fcf9-0001-9ade000b59fe""]",13.180653,True,"{""01c6f232-0001-fcf9-0001-9ade000b59fe"": {""server_total_ms"": 377, ""server_compilation_ms"": 68, ""server_execution_ms"": 309, ""server_provisioning_queue_ms"": 0, ""server_overload_queue_ms"": 0, ""server_bytes_scanned"": 151591936}}"
10000000,warehouse,groupby,duckdb,4,18,01c6f231-0001-fcf9-0001-9ade000b59de,42.727298,820.0,1525.69249,"{""columns"": [""region_id"", ""total_cents"", ""total_quantity"", ""row_count""], ""dtypes"": [""int64"", ""int64"", ""int64"", ""int64""], ""hash_sum"": ""3404719191165042972"", ""hash_xor"": ""2526757767072946434"", ""rows"": 50}",1469.769242,1732,50,"[""01c6f232-0001-fcf9-0001-9ade000b5a02""]",13.19595,True,"{""01c6f232-0001-fcf9-0001-9ade000b5a02"": {""server_total_ms"": 384, ""server_compilation_ms"": 63, ""server_execution_ms"": 321, ""server_provisioning_queue_ms"": 0, ""server_overload_queue_ms"": 0, ""server_bytes_scanned"": 151591936}}"
10000000,warehouse,groupby,duckdb,4,19,01c6f231-0001-fcf9-0001-9ade000b59de,43.174329,890.0,1543.439826,"{""columns"": [""region_id"", ""total_cents"", ""total_quantity"", ""row_count""], ""dtypes"": [""int64"", ""int64"", ""int64"", ""int64""], ""hash_sum"": ""3404719191165042972"", ""hash_xor"": ""2526757767072946434"", ""rows"": 50}",1487.055533,1732,50,"[""01c6f232-0001-fcf9-0001-9ade000b5a06""]",13.209964,True,"{""01c6f232-0001-fcf9-0001-9ade000b5a06"": {""server_total_ms"": 393, ""server_compilation_ms"": 71, ""server_execution_ms"": 322, ""server_provisioning_queue_ms"": 0, ""server_overload_queue_ms"": 0, ""server_bytes_scanned"": 151591936}}"
10000000,warehouse,groupby,duckdb,4,20,01c6f231-0001-fcf9-0001-9ade000b59de,42.44282,900.0,1557.560012,"{""columns"": [""region_id"", ""total_cents"", ""total_quantity"", ""row_count""], ""dtypes"": [""int64"", ""int64"", ""int64"", ""int64""], ""hash_sum"": ""3404719191165042972"", ""hash_xor"": ""2526757767072946434"", ""rows"": 50}",1501.123652,1732,50,"[""01c6f232-0001-fcf9-0001-9ade000b5a0a""]",13.99354,True,"{""01c6f232-0001-fcf9-0001-9ade000b5a0a"": {""server_total_ms"": 392, ""server_compilation_ms"": 63, ""server_execution_ms"": 329, ""server_provisioning_queue_ms"": 0, ""server_overload_queue_ms"": 0, ""server_bytes_scanned"": 151591936}}"
10000000,warehouse,groupby,pandas,4,16,01c6f232-0001-fe2b-0001-9ade000b88f2,135.506641,750.0,1571.617066,"{""columns"": [""region_id"", ""total_cents"", ""total_quantity"", ""row_count""], ""dtypes"": [""int64"", ""int64"", ""int64"", ""int64""], ""hash_sum"": ""3404719191165042972"", ""hash_xor"": ""2526757767072946434"", ""rows"": 50}",1436.110425,1732,50,"[""01c6f232-0001-fe2b-0001-9ade000b890e""]",0.0,True,"{""01c6f232-0001-fe2b-0001-9ade000b890e"": {""server_total_ms"": 384, ""server_compilation_ms"": 67, ""server_execution_ms"": 317, ""server_provisioning_queue_ms"": 0, ""server_overload_queue_ms"": 0, ""server_bytes_scanned"": 151591936}}"
10000000,warehouse,groupby,pandas,4,17,01c6f232-0001-fe2b-0001-9ade000b88f2,136.956298,860.0,1552.406012,"{""columns"": [""region_id"", ""total_cents"", ""total_quantity"", ""row_count""], ""dtypes"": [""int64"", ""int64"", ""int64"", ""int64""], ""hash_sum"": ""3404719191165042972"", ""hash_xor"": ""2526757767072946434"", ""rows"": 50}",1415.449714,1732,50,"[""01c6f232-0001-fe2b-0001-9ade000b8912""]",0.0,True,"{""01c6f232-0001-fe2b-0001-9ade000b8912"": {""server_total_ms"": 373, ""server_compilation_ms"": 70, ""server_execution_ms"": 303, ""server_provisioning_queue_ms"": 0, ""server_overload_queue_ms"": 0, ""server_bytes_scanned"": 151591936}}"
10000000,warehouse,groupby,pandas,4,18,01c6f232-0001-fe2b-0001-9ade000b88f2,136.404115,820.0,1613.755554,"{""columns"": [""region_id"", ""total_cents"", ""total_quantity"", ""row_count""], ""dtypes"": [""int64"", ""int64"", ""int64"", ""int64""], ""hash_sum"": ""3404719191165042972"", ""hash_xor"": ""2526757767072946434"", ""rows"": 50}",1477.351439,1732,50,"[""01c6f232-0001-fe2b-0001-9ade000b8916""]",0.0,True,"{""01c6f232-0001-fe2b-0001-9ade000b8916"": {""server_total_ms"": 433, ""server_compilation_ms"": 78, ""server_execution_ms"": 355, ""server_provisioning_queue_ms"": 0, ""server_overload_queue_ms"": 0, ""server_bytes_scanned"": 151591936}}"
10000000,warehouse,groupby,pandas,4,19,01c6f232-0001-fe2b-0001-9ade000b88f2,136.278367,840.0,1867.33379,"{""columns"": [""region_id"", ""total_cents"", ""total_quantity"", ""row_count""], ""dtypes"": [""int64"", ""int64"", ""int64"", ""int64""], ""hash_sum"": ""3404719191165042972"", ""hash_xor"": ""2526757767072946434"", ""rows"": 50}",1731.055423,1732,50,"[""01c6f232-0001-fe2b-0001-9ade000b891a""]",0.0,True,"{""01c6f232-0001-fe2b-0001-9ade000b891a"": {""server_total_ms"": 610, ""server_compilation_ms"": 281, ""server_execution_ms"": 329, ""server_provisioning_queue_ms"": 0, ""server_overload_queue_ms"": 0, ""server_bytes_scanned"": 151591936}}"
10000000,warehouse,groupby,pandas,4,20,01c6f232-0001-fe2b-0001-9ade000b88f2,136.428588,790.0,1609.092469,"{""columns"": [""region_id"", ""total_cents"", ""total_quantity"", ""row_count""], ""dtypes"": [""int64"", ""int64"", ""int64"", ""int64""], ""hash_sum"": ""3404719191165042972"", ""hash_xor"": ""2526757767072946434"", ""rows"": 50}",1472.663881,1732,50,"[""01c6f232-0001-fe2b-0001-9ade000b891e""]",0.0,True,"{""01c6f232-0001-fe2b-0001-9ade000b891e"": {""server_total_ms"": 397, ""server_compilation_ms"": 68, ""server_execution_ms"": 329, ""server_provisioning_queue_ms"": 0, ""server_overload_queue_ms"": 0, ""server_bytes_scanned"": 151591936}}"
100000,warehouse,clean_derive,pandas,4,16,01c6f232-0001-fe0c-0001-9ade000b95ba,1.842711,40.0,338.261472,"{""columns"": [""id"", ""net_cents""], ""dtypes"": [""int64"", ""int64""], ""hash_sum"": ""6278141268544677052"", ""hash_xor"": ""11755483584262095886"", ""rows"": 100000}",336.418761,1600132,100000,"[""01c6f232-0001-fe0c-0001-9ade000b95d6""]",0.0,True,"{""01c6f232-0001-fe0c-0001-9ade000b95d6"": {""server_total_ms"": 233, ""server_compilation_ms"": 63, ""server_execution_ms"": 170, ""server_provisioning_queue_ms"": 0, ""server_overload_queue_ms"": 0, ""server_bytes_scanned"": 973312}}"
100000,warehouse,clean_derive,pandas,4,17,01c6f232-0001-fe0c-0001-9ade000b95ba,1.741888,70.0,330.098126,"{""columns"": [""id"", ""net_cents""], ""dtypes"": [""int64"", ""int64""], ""hash_sum"": ""6278141268544677052"", ""hash_xor"": ""11755483584262095886"", ""rows"": 100000}",328.356238,1600132,100000,"[""01c6f232-0001-fe0c-0001-9ade000b95da""]",0.0,True,"{""01c6f232-0001-fe0c-0001-9ade000b95da"": {""server_total_ms"": 224, ""server_compilation_ms"": 53, ""server_execution_ms"": 171, ""server_provisioning_queue_ms"": 0, ""server_overload_queue_ms"": 0, ""server_bytes_scanned"": 973312}}"
100000,warehouse,clean_derive,pandas,4,18,01c6f232-0001-fe0c-0001-9ade000b95ba,1.706365,30.0,320.441623,"{""columns"": [""id"", ""net_cents""], ""dtypes"": [""int64"", ""int64""], ""hash_sum"": ""6278141268544677052"", ""hash_xor"": ""11755483584262095886"", ""rows"": 100000}",318.735258,1600132,100000,"[""01c6f232-0001-fe0c-0001-9ade000b95de""]",0.0,True,"{""01c6f232-0001-fe0c-0001-9ade000b95de"": {""server_total_ms"": 226, ""server_compilation_ms"": 57, ""server_execution_ms"": 169, ""server_provisioning_queue_ms"": 0, ""server_overload_queue_ms"": 0, ""server_bytes_scanned"": 973312}}"
100000,warehouse,clean_derive,pandas,4,19,01c6f232-0001-fe0c-0001-9ade000b95ba,1.809922,60.0,383.275602,"{""columns"": [""id"", ""net_cents""], ""dtypes"": [""int64"", ""int64""], ""hash_sum"": ""6278141268544677052"", ""hash_xor"": ""11755483584262095886"", ""rows"": 100000}",381.46568,1600132,100000,"[""01c6f232-0001-fe0c-0001-9ade000b95e2""]",0.0,True,"{""01c6f232-0001-fe0c-0001-9ade000b95e2"": {""server_total_ms"": 258, ""server_compilation_ms"": 56, ""server_execution_ms"": 202, ""server_provisioning_queue_ms"": 0, ""server_overload_queue_ms"": 0, ""server_bytes_scanned"": 973312}}"
100000,warehouse,clean_derive,pandas,4,20,01c6f232-0001-fe0c-0001-9ade000b95ba,1.685109,30.0,326.44921,"{""columns"": [""id"", ""net_cents""], ""dtypes"": [""int64"", ""int64""], ""hash_sum"": ""6278141268544677052"", ""hash_xor"": ""11755483584262095886"", ""rows"": 100000}",324.764101,1600132,100000,"[""01c6f232-0001-fe0c-0001-9ade000b95e6""]",0.0,True,"{""01c6f232-0001-fe0c-0001-9ade000b95e6"": {""server_total_ms"": 226, ""server_compilation_ms"": 53, ""server_execution_ms"": 173, ""server_provisioning_queue_ms"": 0, ""server_overload_queue_ms"": 0, ""server_bytes_scanned"": 973312}}"
10000000,warehouse,join_groupby,snowflake,4,16,01c6f232-0001-fe2b-0001-9ade000b8922,208.118991,0.0,208.118991,"{""columns"": [""region_id"", ""tier"", ""total_cents"", ""row_count""], ""dtypes"": [""int64"", ""int64"", ""int64"", ""int64""], ""hash_sum"": ""17973786493157141569"", ""hash_xor"": ""18413190608798210925"", ""rows"": 200}",,6532,200,"[""01c6f232-0001-fe2b-0001-9ade000b893e""]",0.0,True,"{""01c6f232-0001-fe2b-0001-9ade000b893e"": {""server_total_ms"": 177, ""server_compilation_ms"": 86, ""server_execution_ms"": 91, ""server_provisioning_queue_ms"": 0, ""server_overload_queue_ms"": 0, ""server_bytes_scanned"": 151830528}}"
10000000,warehouse,join_groupby,snowflake,4,17,01c6f232-0001-fe2b-0001-9ade000b8922,230.423143,0.0,230.423143,"{""columns"": [""region_id"", ""tier"", ""total_cents"", ""row_count""], ""dtypes"": [""int64"", ""int64"", ""int64"", ""int64""], ""hash_sum"": ""17973786493157141569"", ""hash_xor"": ""18413190608798210925"", ""rows"": 200}",,6532,200,"[""01c6f232-0001-fe2b-0001-9ade000b8942""]",0.0,True,"{""01c6f232-0001-fe2b-0001-9ade000b8942"": {""server_total_ms"": 195, ""server_compilation_ms"": 91, ""server_execution_ms"": 104, ""server_provisioning_queue_ms"": 0, ""server_overload_queue_ms"": 0, ""server_bytes_scanned"": 151830528}}"
10000000,warehouse,join_groupby,snowflake,4,18,01c6f232-0001-fe2b-0001-9ade000b8922,219.092571,10.0,219.092571,"{""columns"": [""region_id"", ""tier"", ""total_cents"", ""row_count""], ""dtypes"": [""int64"", ""int64"", ""int64"", ""int64""], ""hash_sum"": ""17973786493157141569"", ""hash_xor"": ""18413190608798210925"", ""rows"": 200}",,6532,200,"[""01c6f232-0001-fe2b-0001-9ade000b8946""]",0.0,True,"{""01c6f232-0001-fe2b-0001-9ade000b8946"": {""server_total_ms"": 187, ""server_compilation_ms"": 89, ""server_execution_ms"": 98, ""server_provisioning_queue_ms"": 0, ""server_overload_queue_ms"": 0, ""server_bytes_scanned"": 131919872}}"
10000000,warehouse,join_groupby,snowflake,4,19,01c6f232-0001-fe2b-0001-9ade000b8922,246.169711,10.0,246.169711,"{""columns"": [""region_id"", ""tier"", ""total_cents"", ""row_count""], ""dtypes"": [""int64"", ""int64"", ""int64"", ""int64""], ""hash_sum"": ""17973786493157141569"", ""hash_xor"": ""18413190608798210925"", ""rows"": 200}",,6532,200,"[""01c6f232-0001-fe2b-0001-9ade000b894a""]",0.0,True,"{""01c6f232-0001-fe2b-0001-9ade000b894a"": {""server_total_ms"": 210, ""server_compilation_ms"": 101, ""server_execution_ms"": 109, ""server_provisioning_queue_ms"": 0, ""server_overload_queue_ms"": 0, ""server_bytes_scanned"": 136898048}}"
10000000,warehouse,join_groupby,snowflake,4,20,01c6f232-0001-fe2b-0001-9ade000b8922,214.154569,10.0,214.154569,"{""columns"": [""region_id"", ""tier"", ""total_cents"", ""row_count""], ""dtypes"": [""int64"", ""int64"", ""int64"", ""int64""], ""hash_sum"": ""17973786493157141569"", ""hash_xor"": ""18413190608798210925"", ""rows"": 200}",,6532,200,"[""01c6f232-0001-fe2b-0001-9ade000b894e""]",0.0,True,"{""01c6f232-0001-fe2b-0001-9ade000b894e"": {""server_total_ms"": 183, ""server_compilation_ms"": 87, ""server_execution_ms"": 96, ""server_provisioning_queue_ms"": 0, ""server_overload_queue_ms"": 0, ""server_bytes_scanned"": 151830528}}"
10000000,warehouse,clean_derive,snowflake,4,16,01c6f232-0001-fcf9-0001-9ade000b5a0e,1815.785876,830.0,1815.785876,"{""columns"": [""id"", ""net_cents""], ""dtypes"": [""int64"", ""int64""], ""hash_sum"": ""14285702759883698828"", ""hash_xor"": ""425970959959544156"", ""rows"": 10000000}",,160000132,10000000,"[""01c6f232-0001-fcf9-0001-9ade000b5a2a""]",0.0,True,"{""01c6f232-0001-fcf9-0001-9ade000b5a2a"": {""server_total_ms"": 502, ""server_compilation_ms"": 66, ""server_execution_ms"": 436, ""server_provisioning_queue_ms"": 0, ""server_overload_queue_ms"": 0, ""server_bytes_scanned"": 151591936}}"
10000000,warehouse,clean_derive,snowflake,4,17,01c6f232-0001-fcf9-0001-9ade000b5a0e,1799.006656,710.0,1799.006656,"{""columns"": [""id"", ""net_cents""], ""dtypes"": [""int64"", ""int64""], ""hash_sum"": ""14285702759883698828"", ""hash_xor"": ""425970959959544156"", ""rows"": 10000000}",,160000132,10000000,"[""01c6f232-0001-fcf9-0001-9ade000b5a2e""]",0.0,True,"{""01c6f232-0001-fcf9-0001-9ade000b5a2e"": {""server_total_ms"": 492, ""server_compilation_ms"": 69, ""server_execution_ms"": 423, ""server_provisioning_queue_ms"": 0, ""server_overload_queue_ms"": 0, ""server_bytes_scanned"": 151591936}}"
10000000,warehouse,clean_derive,snowflake,4,18,01c6f232-0001-fcf9-0001-9ade000b5a0e,1938.263731,730.0,1938.263731,"{""columns"": [""id"", ""net_cents""], ""dtypes"": [""int64"", ""int64""], ""hash_sum"": ""14285702759883698828"", ""hash_xor"": ""425970959959544156"", ""rows"": 10000000}",,160000132,10000000,"[""01c6f232-0001-fcf9-0001-9ade000b5a32""]",0.0,True,"{""01c6f232-0001-fcf9-0001-9ade000b5a32"": {""server_total_ms"": 616, ""server_compilation_ms"": 59, ""server_execution_ms"": 557, ""server_provisioning_queue_ms"": 0, ""server_overload_queue_ms"": 0, ""server_bytes_scanned"": 151591936}}"
10000000,warehouse,clean_derive,snowflake,4,19,01c6f232-0001-fcf9-0001-9ade000b5a0e,1851.472925,870.0,1851.472925,"{""columns"": [""id"", ""net_cents""], ""dtypes"": [""int64"", ""int64""], ""hash_sum"": ""14285702759883698828"", ""hash_xor"": ""425970959959544156"", ""rows"": 10000000}",,160000132,10000000,"[""01c6f232-0001-fcf9-0001-9ade000b5a36""]",0.0,True,"{""01c6f232-0001-fcf9-0001-9ade000b5a36"": {""server_total_ms"": 507, ""server_compilation_ms"": 71, ""server_execution_ms"": 436, ""server_provisioning_queue_ms"": 0, ""server_overload_queue_ms"": 0, ""server_bytes_scanned"": 151591936}}"
10000000,warehouse,clean_derive,snowflake,4,20,01c6f232-0001-fcf9-0001-9ade000b5a0e,1777.644071,810.0,1777.644071,"{""columns"": [""id"", ""net_cents""], ""dtypes"": [""int64"", ""int64""], ""hash_sum"": ""14285702759883698828"", ""hash_xor"": ""425970959959544156"", ""rows"": 10000000}",,160000132,10000000,"[""01c6f232-0001-fcf9-0001-9ade000b5a3a""]",0.0,True,"{""01c6f232-0001-fcf9-0001-9ade000b5a3a"": {""server_total_ms"": 483, ""server_compilation_ms"": 63, ""server_execution_ms"": 420, ""server_provisioning_queue_ms"": 0, ""server_overload_queue_ms"": 0, ""server_bytes_scanned"": 151591936}}"
1000000,warehouse,filter_project,pandas,4,16,01c6f232-0001-fcf8-0001-9ade000aafd6,6.214292,30.0,429.785614,"{""columns"": [""id"", ""region_id"", ""gross_cents""], ""dtypes"": [""int64"", ""int64"", ""int64""], ""hash_sum"": ""11356744842689536210"", ""hash_xor"": ""4329941149679941164"", ""rows"": 198279}",423.571322,4758828,198279,"[""01c6f232-0001-fcf8-0001-9ade000aaff2""]",0.0,True,"{""01c6f232-0001-fcf8-0001-9ade000aaff2"": {""server_total_ms"": 294, ""server_compilation_ms"": 71, ""server_execution_ms"": 223, ""server_provisioning_queue_ms"": 0, ""server_overload_queue_ms"": 0, ""server_bytes_scanned"": 7627264}}"
1000000,warehouse,filter_project,pandas,4,17,01c6f232-0001-fcf8-0001-9ade000aafd6,7.669059,60.0,415.241404,"{""columns"": [""id"", ""region_id"", ""gross_cents""], ""dtypes"": [""int64"", ""int64"", ""int64""], ""hash_sum"": ""11356744842689536210"", ""hash_xor"": ""4329941149679941164"", ""rows"": 198279}",407.572345,4758828,198279,"[""01c6f232-0001-fcf8-0001-9ade000aaff6""]",0.0,True,"{""01c6f232-0001-fcf8-0001-9ade000aaff6"": {""server_total_ms"": 288, ""server_compilation_ms"": 58, ""server_execution_ms"": 230, ""server_provisioning_queue_ms"": 0, ""server_overload_queue_ms"": 0, ""server_bytes_scanned"": 7627264}}"
1000000,warehouse,filter_project,pandas,4,18,01c6f232-0001-fcf8-0001-9ade000aafd6,7.234683,80.0,399.376264,"{""columns"": [""id"", ""region_id"", ""gross_cents""], ""dtypes"": [""int64"", ""int64"", ""int64""], ""hash_sum"": ""11356744842689536210"", ""hash_xor"": ""4329941149679941164"", ""rows"": 198279}",392.141581,4758828,198279,"[""01c6f232-0001-fcf8-0001-9ade000aaffa""]",0.0,True,"{""01c6f232-0001-fcf8-0001-9ade000aaffa"": {""server_total_ms"": 275, ""server_compilation_ms"": 53, ""server_execution_ms"": 222, ""server_provisioning_queue_ms"": 0, ""server_overload_queue_ms"": 0, ""server_bytes_scanned"": 7627264}}"
1000000,warehouse,filter_project,pandas,4,19,01c6f232-0001-fcf8-0001-9ade000aafd6,6.918102,60.0,410.278559,"{""columns"": [""id"", ""region_id"", ""gross_cents""], ""dtypes"": [""int64"", ""int64"", ""int64""], ""hash_sum"": ""11356744842689536210"", ""hash_xor"": ""4329941149679941164"", ""rows"": 198279}",403.360457,4758828,198279,"[""01c6f232-0001-fcf8-0001-9ade000aaffe""]",0.0,True,"{""01c6f232-0001-fcf8-0001-9ade000aaffe"": {""server_total_ms"": 285, ""server_compilation_ms"": 62, ""server_execution_ms"": 223, ""server_provisioning_queue_ms"": 0, ""server_overload_queue_ms"": 0, ""server_bytes_scanned"": 7627264}}"
1000000,warehouse,filter_project,pandas,4,20,01c6f232-0001-fcf8-0001-9ade000aafd6,7.989005,70.0,448.307602,"{""columns"": [""id"", ""region_id"", ""gross_cents""], ""dtypes"": [""int64"", ""int64"", ""int64""], ""hash_sum"": ""11356744842689536210"", ""hash_xor"": ""4329941149679941164"", ""rows"": 198279}",440.318597,4758828,198279,"[""01c6f232-0001-fcf8-0001-9ade000ab002""]",0.0,True,"{""01c6f232-0001-fcf8-0001-9ade000ab002"": {""server_total_ms"": 283, ""server_compilation_ms"": 61, ""server_execution_ms"": 222, ""server_provisioning_queue_ms"": 0, ""server_overload_queue_ms"": 0, ""server_bytes_scanned"": 7627264}}"
1000000,warehouse,groupby,duckdb,4,16,01c6f232-0001-fcf9-0001-9ade000b5a42,10.755857,100.0,546.150875,"{""columns"": [""region_id"", ""total_cents"", ""total_quantity"", ""row_count""], ""dtypes"": [""int64"", ""int64"", ""int64"", ""int64""], ""hash_sum"": ""3129039791569495086"", ""hash_xor"": ""14932865647023855810"", ""rows"": 50}",522.765629,1732,50,"[""01c6f232-0001-fcf9-0001-9ade000b5a5e""]",12.629389,True,"{""01c6f232-0001-fcf9-0001-9ade000b5a5e"": {""server_total_ms"": 347, ""server_compilation_ms"": 60, ""server_execution_ms"": 287, ""server_provisioning_queue_ms"": 0, ""server_overload_queue_ms"": 0, ""server_bytes_scanned"": 7627264}}"
1000000,warehouse,groupby,duckdb,4,17,01c6f232-0001-fcf9-0001-9ade000b5a42,10.852859,190.0,547.132744,"{""columns"": [""region_id"", ""total_cents"", ""total_quantity"", ""row_count""], ""dtypes"": [""int64"", ""int64"", ""int64"", ""int64""], ""hash_sum"": ""3129039791569495086"", ""hash_xor"": ""14932865647023855810"", ""rows"": 50}",523.631561,1732,50,"[""01c6f232-0001-fcf9-0001-9ade000b5a62""]",12.648324,True,"{""01c6f232-0001-fcf9-0001-9ade000b5a62"": {""server_total_ms"": 341, ""server_compilation_ms"": 63, ""server_execution_ms"": 278, ""server_provisioning_queue_ms"": 0, ""server_overload_queue_ms"": 0, ""server_bytes_scanned"": 7627264}}"
1000000,warehouse,groupby,duckdb,4,18,01c6f232-0001-fcf9-0001-9ade000b5a42,10.626535,150.0,607.006477,"{""columns"": [""region_id"", ""total_cents"", ""total_quantity"", ""row_count""], ""dtypes"": [""int64"", ""int64"", ""int64"", ""int64""], ""hash_sum"": ""3129039791569495086"", ""hash_xor"": ""14932865647023855810"", ""rows"": 50}",583.821041,1732,50,"[""01c6f232-0001-fcf9-0001-9ade000b5a66""]",12.558901,True,"{""01c6f232-0001-fcf9-0001-9ade000b5a66"": {""server_total_ms"": 401, ""server_compilation_ms"": 66, ""server_execution_ms"": 335, ""server_provisioning_queue_ms"": 0, ""server_overload_queue_ms"": 0, ""server_bytes_scanned"": 7627264}}"
1000000,warehouse,groupby,duckdb,4,19,01c6f232-0001-fcf9-0001-9ade000b5a42,10.904578,110.0,592.019595,"{""columns"": [""region_id"", ""total_cents"", ""total_quantity"", ""row_count""], ""dtypes"": [""int64"", ""int64"", ""int64"", ""int64""], ""hash_sum"": ""3129039791569495086"", ""hash_xor"": ""14932865647023855810"", ""rows"": 50}",568.221029,1732,50,"[""01c6f233-0001-fcf9-0001-9ade000b5a6a""]",12.893988,True,"{""01c6f233-0001-fcf9-0001-9ade000b5a6a"": {""server_total_ms"": 403, ""server_compilation_ms"": 66, ""server_execution_ms"": 337, ""server_provisioning_queue_ms"": 0, ""server_overload_queue_ms"": 0, ""server_bytes_scanned"": 7627264}}"
1000000,warehouse,groupby,duckdb,4,20,01c6f232-0001-fcf9-0001-9ade000b5a42,10.793348,110.0,595.377469,"{""columns"": [""region_id"", ""total_cents"", ""total_quantity"", ""row_count""], ""dtypes"": [""int64"", ""int64"", ""int64"", ""int64""], ""hash_sum"": ""3129039791569495086"", ""hash_xor"": ""14932865647023855810"", ""rows"": 50}",572.310783,1732,50,"[""01c6f233-0001-fcf9-0001-9ade000b5a6e""]",12.273338,True,"{""01c6f233-0001-fcf9-0001-9ade000b5a6e"": {""server_total_ms"": 389, ""server_compilation_ms"": 67, ""server_execution_ms"": 322, ""server_provisioning_queue_ms"": 0, ""server_overload_queue_ms"": 0, ""server_bytes_scanned"": 7627264}}"
1000000,warehouse,groupby,pandas,4,16,01c6f233-0001-fe0c-0001-9ade000b95ee,18.337309,70.0,539.527831,"{""columns"": [""region_id"", ""total_cents"", ""total_quantity"", ""row_count""], ""dtypes"": [""int64"", ""int64"", ""int64"", ""int64""], ""hash_sum"": ""3129039791569495086"", ""hash_xor"": ""14932865647023855810"", ""rows"": 50}",521.190522,1732,50,"[""01c6f233-0001-fe0c-0001-9ade000b960a""]",0.0,True,"{""01c6f233-0001-fe0c-0001-9ade000b960a"": {""server_total_ms"": 356, ""server_compilation_ms"": 53, ""server_execution_ms"": 303, ""server_provisioning_queue_ms"": 0, ""server_overload_queue_ms"": 0, ""server_bytes_scanned"": 7627264}}"
1000000,warehouse,groupby,pandas,4,17,01c6f233-0001-fe0c-0001-9ade000b95ee,20.479017,80.0,530.828091,"{""columns"": [""region_id"", ""total_cents"", ""total_quantity"", ""row_count""], ""dtypes"": [""int64"", ""int64"", ""int64"", ""int64""], ""hash_sum"": ""3129039791569495086"", ""hash_xor"": ""14932865647023855810"", ""rows"": 50}",510.349074,1732,50,"[""01c6f233-0001-fe0c-0001-9ade000b960e""]",0.0,True,"{""01c6f233-0001-fe0c-0001-9ade000b960e"": {""server_total_ms"": 334, ""server_compilation_ms"": 55, ""server_execution_ms"": 279, ""server_provisioning_queue_ms"": 0, ""server_overload_queue_ms"": 0, ""server_bytes_scanned"": 7627264}}"
1000000,warehouse,groupby,pandas,4,18,01c6f233-0001-fe0c-0001-9ade000b95ee,19.851003,130.0,537.72732,"{""columns"": [""region_id"", ""total_cents"", ""total_quantity"", ""row_count""], ""dtypes"": [""int64"", ""int64"", ""int64"", ""int64""], ""hash_sum"": ""3129039791569495086"", ""hash_xor"": ""14932865647023855810"", ""rows"": 50}",517.876317,1732,50,"[""01c6f233-0001-fe0c-0001-9ade000b9612""]",0.0,True,"{""01c6f233-0001-fe0c-0001-9ade000b9612"": {""server_total_ms"": 360, ""server_compilation_ms"": 58, ""server_execution_ms"": 302, ""server_provisioning_queue_ms"": 0, ""server_overload_queue_ms"": 0, ""server_bytes_scanned"": 7627264}}"
1000000,warehouse,groupby,pandas,4,19,01c6f233-0001-fe0c-0001-9ade000b95ee,20.101849,110.0,555.323498,"{""columns"": [""region_id"", ""total_cents"", ""total_quantity"", ""row_count""], ""dtypes"": [""int64"", ""int64"", ""int64"", ""int64""], ""hash_sum"": ""3129039791569495086"", ""hash_xor"": ""14932865647023855810"", ""rows"": 50}",535.221649,1732,50,"[""01c6f233-0001-fe0c-0001-9ade000b9616""]",0.0,True,"{""01c6f233-0001-fe0c-0001-9ade000b9616"": {""server_total_ms"": 373, ""server_compilation_ms"": 58, ""server_execution_ms"": 315, ""server_provisioning_queue_ms"": 0, ""server_overload_queue_ms"": 0, ""server_bytes_scanned"": 7627264}}"
1000000,warehouse,groupby,pandas,4,20,01c6f233-0001-fe0c-0001-9ade000b95ee,20.290332,80.0,533.038657,"{""columns"": [""region_id"", ""total_cents"", ""total_quantity"", ""row_count""], ""dtypes"": [""int64"", ""int64"", ""int64"", ""int64""], ""hash_sum"": ""3129039791569495086"", ""hash_xor"": ""14932865647023855810"", ""rows"": 50}",512.748325,1732,50,"[""01c6f233-0001-fe0c-0001-9ade000b961a""]",0.0,True,"{""01c6f233-0001-fe0c-0001-9ade000b961a"": {""server_total_ms"": 342, ""server_compilation_ms"": 55, ""server_execution_ms"": 287, ""server_provisioning_queue_ms"": 0, ""server_overload_queue_ms"": 0, ""server_bytes_scanned"": 7627264}}"
100000,warehouse,filter_project,duckdb,4,16,01c6f233-0001-fcf8-0001-9ade000ba006,2.934771,20.0,287.415713,"{""columns"": [""id"", ""region_id"", ""gross_cents""], ""dtypes"": [""int64"", ""int64"", ""int64""], ""hash_sum"": ""6934637738391437775"", ""hash_xor"": ""13010755706745315299"", ""rows"": 19886}",271.910948,477396,19886,"[""01c6f233-0001-fcf8-0001-9ade000ba022""]",12.569994,True,"{""01c6f233-0001-fcf8-0001-9ade000ba022"": {""server_total_ms"": 173, ""server_compilation_ms"": 69, ""server_execution_ms"": 104, ""server_provisioning_queue_ms"": 0, ""server_overload_queue_ms"": 0, ""server_bytes_scanned"": 973312}}"
100000,warehouse,filter_project,duckdb,4,17,01c6f233-0001-fcf8-0001-9ade000ba006,2.744229,20.0,277.099435,"{""columns"": [""id"", ""region_id"", ""gross_cents""], ""dtypes"": [""int64"", ""int64"", ""int64""], ""hash_sum"": ""6934637738391437775"", ""hash_xor"": ""13010755706745315299"", ""rows"": 19886}",261.815791,477396,19886,"[""01c6f233-0001-fcf8-0001-9ade000ba026""]",12.539415,True,"{""01c6f233-0001-fcf8-0001-9ade000ba026"": {""server_total_ms"": 166, ""server_compilation_ms"": 59, ""server_execution_ms"": 107, ""server_provisioning_queue_ms"": 0, ""server_overload_queue_ms"": 0, ""server_bytes_scanned"": 973312}}"
100000,warehouse,filter_project,duckdb,4,18,01c6f233-0001-fcf8-0001-9ade000ba006,2.724676,40.0,280.855529,"{""columns"": [""id"", ""region_id"", ""gross_cents""], ""dtypes"": [""int64"", ""int64"", ""int64""], ""hash_sum"": ""6934637738391437775"", ""hash_xor"": ""13010755706745315299"", ""rows"": 19886}",265.691308,477396,19886,"[""01c6f233-0001-fcf8-0001-9ade000ba02a""]",12.439545,True,"{""01c6f233-0001-fcf8-0001-9ade000ba02a"": {""server_total_ms"": 161, ""server_compilation_ms"": 60, ""server_execution_ms"": 101, ""server_provisioning_queue_ms"": 0, ""server_overload_queue_ms"": 0, ""server_bytes_scanned"": 973312}}"
100000,warehouse,filter_project,duckdb,4,19,01c6f233-0001-fcf8-0001-9ade000ba006,2.930757,30.0,276.023243,"{""columns"": [""id"", ""region_id"", ""gross_cents""], ""dtypes"": [""int64"", ""int64"", ""int64""], ""hash_sum"": ""6934637738391437775"", ""hash_xor"": ""13010755706745315299"", ""rows"": 19886}",260.511309,477396,19886,"[""01c6f233-0001-fcf8-0001-9ade000ba02e""]",12.581177,True,"{""01c6f233-0001-fcf8-0001-9ade000ba02e"": {""server_total_ms"": 165, ""server_compilation_ms"": 58, ""server_execution_ms"": 107, ""server_provisioning_queue_ms"": 0, ""server_overload_queue_ms"": 0, ""server_bytes_scanned"": 973312}}"
100000,warehouse,filter_project,duckdb,4,20,01c6f233-0001-fcf8-0001-9ade000ba006,2.856493,30.0,268.727478,"{""columns"": [""id"", ""region_id"", ""gross_cents""], ""dtypes"": [""int64"", ""int64"", ""int64""], ""hash_sum"": ""6934637738391437775"", ""hash_xor"": ""13010755706745315299"", ""rows"": 19886}",253.300747,477396,19886,"[""01c6f233-0001-fcf8-0001-9ade000ba032""]",12.570238,True,"{""01c6f233-0001-fcf8-0001-9ade000ba032"": {""server_total_ms"": 152, ""server_compilation_ms"": 54, ""server_execution_ms"": 98, ""server_provisioning_queue_ms"": 0, ""server_overload_queue_ms"": 0, ""server_bytes_scanned"": 973312}}"
1000000,warehouse,clean_derive,duckdb,4,16,01c6f233-0001-fe2b-0001-9ade000b8962,17.734604,150.0,667.457877,"{""columns"": [""id"", ""net_cents""], ""dtypes"": [""int64"", ""int64""], ""hash_sum"": ""16902620082194219032"", ""hash_xor"": ""7441825716312922670"", ""rows"": 1000000}",636.752663,16000132,1000000,"[""01c6f233-0001-fe2b-0001-9ade000b897e""]",12.97061,True,"{""01c6f233-0001-fe2b-0001-9ade000b897e"": {""server_total_ms"": 438, ""server_compilation_ms"": 66, ""server_execution_ms"": 372, ""server_provisioning_queue_ms"": 0, ""server_overload_queue_ms"": 0, ""server_bytes_scanned"": 7627264}}"
1000000,warehouse,clean_derive,duckdb,4,17,01c6f233-0001-fe2b-0001-9ade000b8962,16.8814,190.0,730.460353,"{""columns"": [""id"", ""net_cents""], ""dtypes"": [""int64"", ""int64""], ""hash_sum"": ""16902620082194219032"", ""hash_xor"": ""7441825716312922670"", ""rows"": 1000000}",700.566475,16000132,1000000,"[""01c6f233-0001-fe2b-0001-9ade000b8982""]",13.012478,True,"{""01c6f233-0001-fe2b-0001-9ade000b8982"": {""server_total_ms"": 485, ""server_compilation_ms"": 68, ""server_execution_ms"": 417, ""server_provisioning_queue_ms"": 0, ""server_overload_queue_ms"": 0, ""server_bytes_scanned"": 7627264}}"
1000000,warehouse,clean_derive,duckdb,4,18,01c6f233-0001-fe2b-0001-9ade000b8962,16.910874,230.0,647.396052,"{""columns"": [""id"", ""net_cents""], ""dtypes"": [""int64"", ""int64""], ""hash_sum"": ""16902620082194219032"", ""hash_xor"": ""7441825716312922670"", ""rows"": 1000000}",617.335338,16000132,1000000,"[""01c6f233-0001-fe2b-0001-9ade000b8986""]",13.14984,True,"{""01c6f233-0001-fe2b-0001-9ade000b8986"": {""server_total_ms"": 423, ""server_compilation_ms"": 69, ""server_execution_ms"": 354, ""server_provisioning_queue_ms"": 0, ""server_overload_queue_ms"": 0, ""server_bytes_scanned"": 7627264}}"
1000000,warehouse,clean_derive,duckdb,4,19,01c6f233-0001-fe2b-0001-9ade000b8962,17.913808,190.0,673.8155,"{""columns"": [""id"", ""net_cents""], ""dtypes"": [""int64"", ""int64""], ""hash_sum"": ""16902620082194219032"", ""hash_xor"": ""7441825716312922670"", ""rows"": 1000000}",642.602019,16000132,1000000,"[""01c6f233-0001-fe2b-0001-9ade000b898a""]",13.299673,True,"{""01c6f233-0001-fe2b-0001-9ade000b898a"": {""server_total_ms"": 428, ""server_compilation_ms"": 66, ""server_execution_ms"": 362, ""server_provisioning_queue_ms"": 0, ""server_overload_queue_ms"": 0, ""server_bytes_scanned"": 7627264}}"
1000000,warehouse,clean_derive,duckdb,4,20,01c6f233-0001-fe2b-0001-9ade000b8962,17.631332,150.0,657.875968,"{""columns"": [""id"", ""net_cents""], ""dtypes"": [""int64"", ""int64""], ""hash_sum"": ""16902620082194219032"", ""hash_xor"": ""7441825716312922670"", ""rows"": 1000000}",627.056229,16000132,1000000,"[""01c6f233-0001-fe2b-0001-9ade000b898e""]",13.188407,True,"{""01c6f233-0001-fe2b-0001-9ade000b898e"": {""server_total_ms"": 417, ""server_compilation_ms"": 62, ""server_execution_ms"": 355, ""server_provisioning_queue_ms"": 0, ""server_overload_queue_ms"": 0, ""server_bytes_scanned"": 7627264}}"
100000,warehouse,groupby,pandas,4,16,01c6f233-0001-fe0c-0001-9ade000b9622,5.076951,30.0,295.415441,"{""columns"": [""region_id"", ""total_cents"", ""total_quantity"", ""row_count""], ""dtypes"": [""int64"", ""int64"", ""int64"", ""int64""], ""hash_sum"": ""5148165510768826946"", ""hash_xor"": ""7876665366988197046"", ""rows"": 50}",290.33849,1732,50,"[""01c6f233-0001-fe0c-0001-9ade000b963e""]",0.0,True,"{""01c6f233-0001-fe0c-0001-9ade000b963e"": {""server_total_ms"": 190, ""server_compilation_ms"": 55, ""server_execution_ms"": 135, ""server_provisioning_queue_ms"": 0, ""server_overload_queue_ms"": 0, ""server_bytes_scanned"": 973312}}"
100000,warehouse,groupby,pandas,4,17,01c6f233-0001-fe0c-0001-9ade000b9622,4.985342,20.0,317.85581,"{""columns"": [""region_id"", ""total_cents"", ""total_quantity"", ""row_count""], ""dtypes"": [""int64"", ""int64"", ""int64"", ""int64""], ""hash_sum"": ""5148165510768826946"", ""hash_xor"": ""7876665366988197046"", ""rows"": 50}",312.870468,1732,50,"[""01c6f233-0001-fe0c-0001-9ade000b9642""]",0.0,True,"{""01c6f233-0001-fe0c-0001-9ade000b9642"": {""server_total_ms"": 219, ""server_compilation_ms"": 61, ""server_execution_ms"": 158, ""server_provisioning_queue_ms"": 0, ""server_overload_queue_ms"": 0, ""server_bytes_scanned"": 973312}}"
100000,warehouse,groupby,pandas,4,18,01c6f233-0001-fe0c-0001-9ade000b9622,5.005694,30.0,333.372678,"{""columns"": [""region_id"", ""total_cents"", ""total_quantity"", ""row_count""], ""dtypes"": [""int64"", ""int64"", ""int64"", ""int64""], ""hash_sum"": ""5148165510768826946"", ""hash_xor"": ""7876665366988197046"", ""rows"": 50}",328.366984,1732,50,"[""01c6f233-0001-fe0c-0001-9ade000b9646""]",0.0,True,"{""01c6f233-0001-fe0c-0001-9ade000b9646"": {""server_total_ms"": 230, ""server_compilation_ms"": 59, ""server_execution_ms"": 171, ""server_provisioning_queue_ms"": 0, ""server_overload_queue_ms"": 0, ""server_bytes_scanned"": 973312}}"
100000,warehouse,groupby,pandas,4,19,01c6f233-0001-fe0c-0001-9ade000b9622,4.918218,20.0,302.122807,"{""columns"": [""region_id"", ""total_cents"", ""total_quantity"", ""row_count""], ""dtypes"": [""int64"", ""int64"", ""int64"", ""int64""], ""hash_sum"": ""5148165510768826946"", ""hash_xor"": ""7876665366988197046"", ""rows"": 50}",297.204589,1732,50,"[""01c6f233-0001-fe0c-0001-9ade000b964a""]",0.0,True,"{""01c6f233-0001-fe0c-0001-9ade000b964a"": {""server_total_ms"": 203, ""server_compilation_ms"": 62, ""server_execution_ms"": 141, ""server_provisioning_queue_ms"": 0, ""server_overload_queue_ms"": 0, ""server_bytes_scanned"": 973312}}"
100000,warehouse,groupby,pandas,4,20,01c6f233-0001-fe0c-0001-9ade000b9622,4.802099,30.0,302.394916,"{""columns"": [""region_id"", ""total_cents"", ""total_quantity"", ""row_count""], ""dtypes"": [""int64"", ""int64"", ""int64"", ""int64""], ""hash_sum"": ""5148165510768826946"", ""hash_xor"": ""7876665366988197046"", ""rows"": 50}",297.592817,1732,50,"[""01c6f233-0001-fe0c-0001-9ade000b964e""]",0.0,True,"{""01c6f233-0001-fe0c-0001-9ade000b964e"": {""server_total_ms"": 198, ""server_compilation_ms"": 50, ""server_execution_ms"": 148, ""server_provisioning_queue_ms"": 0, ""server_overload_queue_ms"": 0, ""server_bytes_scanned"": 973312}}"
1000000,warehouse,join_groupby,duckdb,4,16,01c6f233-0001-fcf9-0001-9ade000b5a72,26.457507,180.0,910.537871,"{""columns"": [""region_id"", ""tier"", ""total_cents"", ""row_count""], ""dtypes"": [""int64"", ""int64"", ""int64"", ""int64""], ""hash_sum"": ""13023197678645621665"", ""hash_xor"": ""8219731451453916309"", ""rows"": 200}",869.642049,6532,200,"[""01c6f233-0001-fcf9-0001-9ade000b5a92"", ""01c6f233-0001-fcf9-0001-9ade000b5a96""]",14.438315,True,"{""01c6f233-0001-fcf9-0001-9ade000b5a92"": {""server_total_ms"": 402, ""server_compilation_ms"": 72, ""server_execution_ms"": 330, ""server_provisioning_queue_ms"": 0, ""server_overload_queue_ms"": 0, ""server_bytes_scanned"": 7627264}, ""01c6f233-0001-fcf9-0001-9ade000b5a96"": {""server_total_ms"": 193, ""server_compilation_ms"": 58, ""server_execution_ms"": 135, ""server_provisioning_queue_ms"": 0, ""server_overload_queue_ms"": 0, ""server_bytes_scanned"": 238592}}"
1000000,warehouse,join_groupby,duckdb,4,17,01c6f233-0001-fcf9-0001-9ade000b5a72,27.506167,220.0,956.542134,"{""columns"": [""region_id"", ""tier"", ""total_cents"", ""row_count""], ""dtypes"": [""int64"", ""int64"", ""int64"", ""int64""], ""hash_sum"": ""13023197678645621665"", ""hash_xor"": ""8219731451453916309"", ""rows"": 200}",914.869009,6532,200,"[""01c6f233-0001-fcf9-0001-9ade000b5a9a"", ""01c6f233-0001-fcf9-0001-9ade000b5a9e""]",14.166958,True,"{""01c6f233-0001-fcf9-0001-9ade000b5a9a"": {""server_total_ms"": 406, ""server_compilation_ms"": 64, ""server_execution_ms"": 342, ""server_provisioning_queue_ms"": 0, ""server_overload_queue_ms"": 0, ""server_bytes_scanned"": 7627264}, ""01c6f233-0001-fcf9-0001-9ade000b5a9e"": {""server_total_ms"": 198, ""server_compilation_ms"": 65, ""server_execution_ms"": 133, ""server_provisioning_queue_ms"": 0, ""server_overload_queue_ms"": 0, ""server_bytes_scanned"": 238592}}"
1000000,warehouse,join_groupby,duckdb,4,18,01c6f233-0001-fcf9-0001-9ade000b5a72,26.032336,230.0,921.763583,"{""columns"": [""region_id"", ""tier"", ""total_cents"", ""row_count""], ""dtypes"": [""int64"", ""int64"", ""int64"", ""int64""], ""hash_sum"": ""13023197678645621665"", ""hash_xor"": ""8219731451453916309"", ""rows"": 200}",881.904023,6532,200,"[""01c6f233-0001-fcf9-0001-9ade000b5aa2"", ""01c6f233-0001-fcf9-0001-9ade000b5aa6""]",13.827224,True,"{""01c6f233-0001-fcf9-0001-9ade000b5aa2"": {""server_total_ms"": 416, ""server_compilation_ms"": 61, ""server_execution_ms"": 355, ""server_provisioning_queue_ms"": 0, ""server_overload_queue_ms"": 0, ""server_bytes_scanned"": 7627264}, ""01c6f233-0001-fcf9-0001-9ade000b5aa6"": {""server_total_ms"": 187, ""server_compilation_ms"": 61, ""server_execution_ms"": 126, ""server_provisioning_queue_ms"": 0, ""server_overload_queue_ms"": 0, ""server_bytes_scanned"": 238592}}"
1000000,warehouse,join_groupby,duckdb,4,19,01c6f233-0001-fcf9-0001-9ade000b5a72,26.335059,220.0,926.575356,"{""columns"": [""region_id"", ""tier"", ""total_cents"", ""row_count""], ""dtypes"": [""int64"", ""int64"", ""int64"", ""int64""], ""hash_sum"": ""13023197678645621665"", ""hash_xor"": ""8219731451453916309"", ""rows"": 200}",886.487421,6532,200,"[""01c6f233-0001-fcf9-0001-9ade000b5aaa"", ""01c6f233-0001-fcf9-0001-9ade000b5aae""]",13.752876,True,"{""01c6f233-0001-fcf9-0001-9ade000b5aaa"": {""server_total_ms"": 403, ""server_compilation_ms"": 62, ""server_execution_ms"": 341, ""server_provisioning_queue_ms"": 0, ""server_overload_queue_ms"": 0, ""server_bytes_scanned"": 7627264}, ""01c6f233-0001-fcf9-0001-9ade000b5aae"": {""server_total_ms"": 208, ""server_compilation_ms"": 60, ""server_execution_ms"": 148, ""server_provisioning_queue_ms"": 0, ""server_overload_queue_ms"": 0, ""server_bytes_scanned"": 238592}}"
1000000,warehouse,join_groupby,duckdb,4,20,01c6f233-0001-fcf9-0001-9ade000b5a72,26.382068,280.0,950.872273,"{""columns"": [""region_id"", ""tier"", ""total_cents"", ""row_count""], ""dtypes"": [""int64"", ""int64"", ""int64"", ""int64""], ""hash_sum"": ""13023197678645621665"", ""hash_xor"": ""8219731451453916309"", ""rows"": 200}",910.812184,6532,200,"[""01c6f233-0001-fcf9-0001-9ade000b5ab2"", ""01c6f233-0001-fcf9-0001-9ade000b5ab6""]",13.678021,True,"{""01c6f233-0001-fcf9-0001-9ade000b5ab2"": {""server_total_ms"": 409, ""server_compilation_ms"": 57, ""server_execution_ms"": 352, ""server_provisioning_queue_ms"": 0, ""server_overload_queue_ms"": 0, ""server_bytes_scanned"": 7627264}, ""01c6f233-0001-fcf9-0001-9ade000b5ab6"": {""server_total_ms"": 216, ""server_compilation_ms"": 67, ""server_execution_ms"": 149, ""server_provisioning_queue_ms"": 0, ""server_overload_queue_ms"": 0, ""server_bytes_scanned"": 238592}}"
100000,warehouse,groupby,snowflake,4,16,01c6f233-0001-fcf8-0001-9ade000ba03a,97.329836,10.0,97.329836,"{""columns"": [""region_id"", ""total_cents"", ""total_quantity"", ""row_count""], ""dtypes"": [""int64"", ""int64"", ""int64"", ""int64""], ""hash_sum"": ""5148165510768826946"", ""hash_xor"": ""7876665366988197046"", ""rows"": 50}",,1732,50,"[""01c6f233-0001-fcf8-0001-9ade000ba056""]",0.0,True,"{""01c6f233-0001-fcf8-0001-9ade000ba056"": {""server_total_ms"": 80, ""server_compilation_ms"": 60, ""server_execution_ms"": 20, ""server_provisioning_queue_ms"": 0, ""server_overload_queue_ms"": 0, ""server_bytes_scanned"": 973312}}"
100000,warehouse,groupby,snowflake,4,17,01c6f233-0001-fcf8-0001-9ade000ba03a,100.006263,0.0,100.006263,"{""columns"": [""region_id"", ""total_cents"", ""total_quantity"", ""row_count""], ""dtypes"": [""int64"", ""int64"", ""int64"", ""int64""], ""hash_sum"": ""5148165510768826946"", ""hash_xor"": ""7876665366988197046"", ""rows"": 50}",,1732,50,"[""01c6f233-0001-fcf8-0001-9ade000ba05a""]",0.0,True,"{""01c6f233-0001-fcf8-0001-9ade000ba05a"": {""server_total_ms"": 83, ""server_compilation_ms"": 64, ""server_execution_ms"": 19, ""server_provisioning_queue_ms"": 0, ""server_overload_queue_ms"": 0, ""server_bytes_scanned"": 973312}}"
100000,warehouse,groupby,snowflake,4,18,01c6f233-0001-fcf8-0001-9ade000ba03a,116.738456,0.0,116.738456,"{""columns"": [""region_id"", ""total_cents"", ""total_quantity"", ""row_count""], ""dtypes"": [""int64"", ""int64"", ""int64"", ""int64""], ""hash_sum"": ""5148165510768826946"", ""hash_xor"": ""7876665366988197046"", ""rows"": 50}",,1732,50,"[""01c6f233-0001-fcf8-0001-9ade000ba05e""]",0.0,True,"{""01c6f233-0001-fcf8-0001-9ade000ba05e"": {""server_total_ms"": 94, ""server_compilation_ms"": 75, ""server_execution_ms"": 19, ""server_provisioning_queue_ms"": 0, ""server_overload_queue_ms"": 0, ""server_bytes_scanned"": 973312}}"
100000,warehouse,groupby,snowflake,4,19,01c6f233-0001-fcf8-0001-9ade000ba03a,97.234454,20.0,97.234454,"{""columns"": [""region_id"", ""total_cents"", ""total_quantity"", ""row_count""], ""dtypes"": [""int64"", ""int64"", ""int64"", ""int64""], ""hash_sum"": ""5148165510768826946"", ""hash_xor"": ""7876665366988197046"", ""rows"": 50}",,1732,50,"[""01c6f233-0001-fcf8-0001-9ade000ba062""]",0.0,True,"{""01c6f233-0001-fcf8-0001-9ade000ba062"": {""server_total_ms"": 78, ""server_compilation_ms"": 61, ""server_execution_ms"": 17, ""server_provisioning_queue_ms"": 0, ""server_overload_queue_ms"": 0, ""server_bytes_scanned"": 973312}}"
100000,warehouse,groupby,snowflake,4,20,01c6f233-0001-fcf8-0001-9ade000ba03a,100.772037,0.0,100.772037,"{""columns"": [""region_id"", ""total_cents"", ""total_quantity"", ""row_count""], ""dtypes"": [""int64"", ""int64"", ""int64"", ""int64""], ""hash_sum"": ""5148165510768826946"", ""hash_xor"": ""7876665366988197046"", ""rows"": 50}",,1732,50,"[""01c6f233-0001-fcf8-0001-9ade000ba066""]",0.0,True,"{""01c6f233-0001-fcf8-0001-9ade000ba066"": {""server_total_ms"": 81, ""server_compilation_ms"": 63, ""server_execution_ms"": 18, ""server_provisioning_queue_ms"": 0, ""server_overload_queue_ms"": 0, ""server_bytes_scanned"": 973312}}"
1000000,warehouse,filter_project,snowflake,4,16,01c6f233-0001-fcf9-0001-9ade000b5aba,407.922549,60.0,407.922549,"{""columns"": [""id"", ""region_id"", ""gross_cents""], ""dtypes"": [""int64"", ""int64"", ""int64""], ""hash_sum"": ""11356744842689536210"", ""hash_xor"": ""4329941149679941164"", ""rows"": 198279}",,4758828,198279,"[""01c6f233-0001-fcf9-0001-9ade000b5ad6""]",0.0,True,"{""01c6f233-0001-fcf9-0001-9ade000b5ad6"": {""server_total_ms"": 300, ""server_compilation_ms"": 81, ""server_execution_ms"": 219, ""server_provisioning_queue_ms"": 0, ""server_overload_queue_ms"": 0, ""server_bytes_scanned"": 7627264}}"
1000000,warehouse,filter_project,snowflake,4,17,01c6f233-0001-fcf9-0001-9ade000b5aba,393.331901,90.0,393.331901,"{""columns"": [""id"", ""region_id"", ""gross_cents""], ""dtypes"": [""int64"", ""int64"", ""int64""], ""hash_sum"": ""11356744842689536210"", ""hash_xor"": ""4329941149679941164"", ""rows"": 198279}",,4758828,198279,"[""01c6f233-0001-fcf9-0001-9ade000b5ada""]",0.0,True,"{""01c6f233-0001-fcf9-0001-9ade000b5ada"": {""server_total_ms"": 289, ""server_compilation_ms"": 73, ""server_execution_ms"": 216, ""server_provisioning_queue_ms"": 0, ""server_overload_queue_ms"": 0, ""server_bytes_scanned"": 7627264}}"
1000000,warehouse,filter_project,snowflake,4,18,01c6f233-0001-fcf9-0001-9ade000b5aba,422.840877,80.0,422.840877,"{""columns"": [""id"", ""region_id"", ""gross_cents""], ""dtypes"": [""int64"", ""int64"", ""int64""], ""hash_sum"": ""11356744842689536210"", ""hash_xor"": ""4329941149679941164"", ""rows"": 198279}",,4758828,198279,"[""01c6f233-0001-fcf9-0001-9ade000b5ade""]",0.0,True,"{""01c6f233-0001-fcf9-0001-9ade000b5ade"": {""server_total_ms"": 324, ""server_compilation_ms"": 67, ""server_execution_ms"": 257, ""server_provisioning_queue_ms"": 0, ""server_overload_queue_ms"": 0, ""server_bytes_scanned"": 7627264}}"
1000000,warehouse,filter_project,snowflake,4,19,01c6f233-0001-fcf9-0001-9ade000b5aba,396.258211,60.0,396.258211,"{""columns"": [""id"", ""region_id"", ""gross_cents""], ""dtypes"": [""int64"", ""int64"", ""int64""], ""hash_sum"": ""11356744842689536210"", ""hash_xor"": ""4329941149679941164"", ""rows"": 198279}",,4758828,198279,"[""01c6f233-0001-fcf9-0001-9ade000b5ae2""]",0.0,True,"{""01c6f233-0001-fcf9-0001-9ade000b5ae2"": {""server_total_ms"": 298, ""server_compilation_ms"": 63, ""server_execution_ms"": 235, ""server_provisioning_queue_ms"": 0, ""server_overload_queue_ms"": 0, ""server_bytes_scanned"": 7627264}}"
1000000,warehouse,filter_project,snowflake,4,20,01c6f233-0001-fcf9-0001-9ade000b5aba,394.329095,100.0,394.329095,"{""columns"": [""id"", ""region_id"", ""gross_cents""], ""dtypes"": [""int64"", ""int64"", ""int64""], ""hash_sum"": ""11356744842689536210"", ""hash_xor"": ""4329941149679941164"", ""rows"": 198279}",,4758828,198279,"[""01c6f233-0001-fcf9-0001-9ade000b5ae6""]",0.0,True,"{""01c6f233-0001-fcf9-0001-9ade000b5ae6"": {""server_total_ms"": 296, ""server_compilation_ms"": 74, ""server_execution_ms"": 222, ""server_provisioning_queue_ms"": 0, ""server_overload_queue_ms"": 0, ""server_bytes_scanned"": 7627264}}"
100000,warehouse,join_groupby,duckdb,4,16,01c6f233-0001-fe2b-0001-9ade000b899e,15.817011,130.0,672.416349,"{""columns"": [""region_id"", ""tier"", ""total_cents"", ""row_count""], ""dtypes"": [""int64"", ""int64"", ""int64"", ""int64""], ""hash_sum"": ""15482229778153811636"", ""hash_xor"": ""14299020784962879478"", ""rows"": 200}",642.489035,6532,200,"[""01c6f233-0001-fe2b-0001-9ade000b89be"", ""01c6f233-0001-fe2b-0001-9ade000b89c2""]",14.110303,True,"{""01c6f233-0001-fe2b-0001-9ade000b89be"": {""server_total_ms"": 243, ""server_compilation_ms"": 69, ""server_execution_ms"": 174, ""server_provisioning_queue_ms"": 0, ""server_overload_queue_ms"": 0, ""server_bytes_scanned"": 973312}, ""01c6f233-0001-fe2b-0001-9ade000b89c2"": {""server_total_ms"": 203, ""server_compilation_ms"": 69, ""server_execution_ms"": 134, ""server_provisioning_queue_ms"": 0, ""server_overload_queue_ms"": 0, ""server_bytes_scanned"": 238592}}"
100000,warehouse,join_groupby,duckdb,4,17,01c6f233-0001-fe2b-0001-9ade000b899e,15.759831,50.0,699.945334,"{""columns"": [""region_id"", ""tier"", ""total_cents"", ""row_count""], ""dtypes"": [""int64"", ""int64"", ""int64"", ""int64""], ""hash_sum"": ""15482229778153811636"", ""hash_xor"": ""14299020784962879478"", ""rows"": 200}",669.663569,6532,200,"[""01c6f233-0001-fe2b-0001-9ade000b89c6"", ""01c6f233-0001-fe2b-0001-9ade000b89ca""]",14.521934,True,"{""01c6f233-0001-fe2b-0001-9ade000b89c6"": {""server_total_ms"": 254, ""server_compilation_ms"": 77, ""server_execution_ms"": 177, ""server_provisioning_queue_ms"": 0, ""server_overload_queue_ms"": 0, ""server_bytes_scanned"": 973312}, ""01c6f233-0001-fe2b-0001-9ade000b89ca"": {""server_total_ms"": 215, ""server_compilation_ms"": 79, ""server_execution_ms"": 136, ""server_provisioning_queue_ms"": 0, ""server_overload_queue_ms"": 0, ""server_bytes_scanned"": 238592}}"
100000,warehouse,join_groupby,duckdb,4,18,01c6f233-0001-fe2b-0001-9ade000b899e,15.978785,120.0,663.882667,"{""columns"": [""region_id"", ""tier"", ""total_cents"", ""row_count""], ""dtypes"": [""int64"", ""int64"", ""int64"", ""int64""], ""hash_sum"": ""15482229778153811636"", ""hash_xor"": ""14299020784962879478"", ""rows"": 200}",633.341415,6532,200,"[""01c6f233-0001-fe2b-0001-9ade000b89ce"", ""01c6f233-0001-fe2b-0001-9ade000b89d2""]",14.562467,True,"{""01c6f233-0001-fe2b-0001-9ade000b89ce"": {""server_total_ms"": 227, ""server_compilation_ms"": 65, ""server_execution_ms"": 162, ""server_provisioning_queue_ms"": 0, ""server_overload_queue_ms"": 0, ""server_bytes_scanned"": 973312}, ""01c6f233-0001-fe2b-0001-9ade000b89d2"": {""server_total_ms"": 206, ""server_compilation_ms"": 69, ""server_execution_ms"": 137, ""server_provisioning_queue_ms"": 0, ""server_overload_queue_ms"": 0, ""server_bytes_scanned"": 238592}}"
100000,warehouse,join_groupby,duckdb,4,19,01c6f233-0001-fe2b-0001-9ade000b899e,16.197597,70.0,673.289453,"{""columns"": [""region_id"", ""tier"", ""total_cents"", ""row_count""], ""dtypes"": [""int64"", ""int64"", ""int64"", ""int64""], ""hash_sum"": ""15482229778153811636"", ""hash_xor"": ""14299020784962879478"", ""rows"": 200}",642.701581,6532,200,"[""01c6f233-0001-fe2b-0001-9ade000b89d6"", ""01c6f233-0001-fe2b-0001-9ade000b89da""]",14.390275,True,"{""01c6f233-0001-fe2b-0001-9ade000b89d6"": {""server_total_ms"": 242, ""server_compilation_ms"": 70, ""server_execution_ms"": 172, ""server_provisioning_queue_ms"": 0, ""server_overload_queue_ms"": 0, ""server_bytes_scanned"": 973312}, ""01c6f233-0001-fe2b-0001-9ade000b89da"": {""server_total_ms"": 198, ""server_compilation_ms"": 70, ""server_execution_ms"": 128, ""server_provisioning_queue_ms"": 0, ""server_overload_queue_ms"": 0, ""server_bytes_scanned"": 238592}}"
100000,warehouse,join_groupby,duckdb,4,20,01c6f233-0001-fe2b-0001-9ade000b899e,17.713546,140.0,688.030976,"{""columns"": [""region_id"", ""tier"", ""total_cents"", ""row_count""], ""dtypes"": [""int64"", ""int64"", ""int64"", ""int64""], ""hash_sum"": ""15482229778153811636"", ""hash_xor"": ""14299020784962879478"", ""rows"": 200}",655.424424,6532,200,"[""01c6f233-0001-fe2b-0001-9ade000b89de"", ""01c6f233-0001-fe2b-0001-9ade000b89e2""]",14.893006,True,"{""01c6f233-0001-fe2b-0001-9ade000b89de"": {""server_total_ms"": 241, ""server_compilation_ms"": 64, ""server_execution_ms"": 177, ""server_provisioning_queue_ms"": 0, ""server_overload_queue_ms"": 0, ""server_bytes_scanned"": 973312}, ""01c6f233-0001-fe2b-0001-9ade000b89e2"": {""server_total_ms"": 210, ""server_compilation_ms"": 72, ""server_execution_ms"": 138, ""server_provisioning_queue_ms"": 0, ""server_overload_queue_ms"": 0, ""server_bytes_scanned"": 238592}}"
10000000,warehouse,join_groupby,pandas,4,16,01c6f233-0001-fe0c-0001-9ade000b965a,702.077628,1650.0,2849.751617,"{""columns"": [""region_id"", ""tier"", ""total_cents"", ""row_count""], ""dtypes"": [""int64"", ""int64"", ""int64"", ""int64""], ""hash_sum"": ""17973786493157141569"", ""hash_xor"": ""18413190608798210925"", ""rows"": 200}",2147.673989,6532,200,"[""01c6f234-0001-fe0c-0001-9ade000b967a"", ""01c6f234-0001-fe0c-0001-9ade000b967e""]",0.0,True,"{""01c6f234-0001-fe0c-0001-9ade000b967a"": {""server_total_ms"": 492, ""server_compilation_ms"": 70, ""server_execution_ms"": 422, ""server_provisioning_queue_ms"": 0, ""server_overload_queue_ms"": 0, ""server_bytes_scanned"": 151591936}, ""01c6f234-0001-fe0c-0001-9ade000b967e"": {""server_total_ms"": 192, ""server_compilation_ms"": 58, ""server_execution_ms"": 134, ""server_provisioning_queue_ms"": 0, ""server_overload_queue_ms"": 0, ""server_bytes_scanned"": 238592}}"
10000000,warehouse,join_groupby,pandas,4,17,01c6f233-0001-fe0c-0001-9ade000b965a,691.587077,1500.0,2739.613877,"{""columns"": [""region_id"", ""tier"", ""total_cents"", ""row_count""], ""dtypes"": [""int64"", ""int64"", ""int64"", ""int64""], ""hash_sum"": ""17973786493157141569"", ""hash_xor"": ""18413190608798210925"", ""rows"": 200}",2048.0268,6532,200,"[""01c6f234-0001-fe0c-0001-9ade000b9682"", ""01c6f234-0001-fe0c-0001-9ade000b9686""]",0.0,True,"{""01c6f234-0001-fe0c-0001-9ade000b9682"": {""server_total_ms"": 435, ""server_compilation_ms"": 61, ""server_execution_ms"": 374, ""server_provisioning_queue_ms"": 0, ""server_overload_queue_ms"": 0, ""server_bytes_scanned"": 151591936}, ""01c6f234-0001-fe0c-0001-9ade000b9686"": {""server_total_ms"": 190, ""server_compilation_ms"": 61, ""server_execution_ms"": 129, ""server_provisioning_queue_ms"": 0, ""server_overload_queue_ms"": 0, ""server_bytes_scanned"": 238592}}"
10000000,warehouse,join_groupby,pandas,4,18,01c6f233-0001-fe0c-0001-9ade000b965a,731.483362,1720.0,2748.085757,"{""columns"": [""region_id"", ""tier"", ""total_cents"", ""row_count""], ""dtypes"": [""int64"", ""int64"", ""int64"", ""int64""], ""hash_sum"": ""17973786493157141569"", ""hash_xor"": ""18413190608798210925"", ""rows"": 200}",2016.602395,6532,200,"[""01c6f234-0001-fe0c-0001-9ade000b968a"", ""01c6f234-0001-fe0c-0001-9ade000b968e""]",0.0,True,"{""01c6f234-0001-fe0c-0001-9ade000b968a"": {""server_total_ms"": 456, ""server_compilation_ms"": 71, ""server_execution_ms"": 385, ""server_provisioning_queue_ms"": 0, ""server_overload_queue_ms"": 0, ""server_bytes_scanned"": 151591936}, ""01c6f234-0001-fe0c-0001-9ade000b968e"": {""server_total_ms"": 182, ""server_compilation_ms"": 50, ""server_execution_ms"": 132, ""server_provisioning_queue_ms"": 0, ""server_overload_queue_ms"": 0, ""server_bytes_scanned"": 238592}}"
10000000,warehouse,join_groupby,pandas,4,19,01c6f233-0001-fe0c-0001-9ade000b965a,749.144446,1740.0,2841.607895,"{""columns"": [""region_id"", ""tier"", ""total_cents"", ""row_count""], ""dtypes"": [""int64"", ""int64"", ""int64"", ""int64""], ""hash_sum"": ""17973786493157141569"", ""hash_xor"": ""18413190608798210925"", ""rows"": 200}",2092.463449,6532,200,"[""01c6f234-0001-fe0c-0001-9ade000b9692"", ""01c6f234-0001-fe0c-0001-9ade000b9696""]",0.0,True,"{""01c6f234-0001-fe0c-0001-9ade000b9692"": {""server_total_ms"": 428, ""server_compilation_ms"": 56, ""server_execution_ms"": 372, ""server_provisioning_queue_ms"": 0, ""server_overload_queue_ms"": 0, ""server_bytes_scanned"": 151591936}, ""01c6f234-0001-fe0c-0001-9ade000b9696"": {""server_total_ms"": 183, ""server_compilation_ms"": 50, ""server_execution_ms"": 133, ""server_provisioning_queue_ms"": 0, ""server_overload_queue_ms"": 0, ""server_bytes_scanned"": 238592}}"
10000000,warehouse,join_groupby,pandas,4,20,01c6f233-0001-fe0c-0001-9ade000b965a,752.321552,1690.0,2846.033066,"{""columns"": [""region_id"", ""tier"", ""total_cents"", ""row_count""], ""dtypes"": [""int64"", ""int64"", ""int64"", ""int64""], ""hash_sum"": ""17973786493157141569"", ""hash_xor"": ""18413190608798210925"", ""rows"": 200}",2093.711514,6532,200,"[""01c6f234-0001-fe0c-0001-9ade000b969a"", ""01c6f234-0001-fe0c-0001-9ade000b969e""]",0.0,True,"{""01c6f234-0001-fe0c-0001-9ade000b969a"": {""server_total_ms"": 490, ""server_compilation_ms"": 75, ""server_execution_ms"": 415, ""server_provisioning_queue_ms"": 0, ""server_overload_queue_ms"": 0, ""server_bytes_scanned"": 151591936}, ""01c6f234-0001-fe0c-0001-9ade000b969e"": {""server_total_ms"": 199, ""server_compilation_ms"": 55, ""server_execution_ms"": 144, ""server_provisioning_queue_ms"": 0, ""server_overload_queue_ms"": 0, ""server_bytes_scanned"": 238592}}"
100000,warehouse,clean_derive,duckdb,4,16,01c6f234-0001-fe0c-0001-9ade000b96a2,6.210788,120.0,343.802315,"{""columns"": [""id"", ""net_cents""], ""dtypes"": [""int64"", ""int64""], ""hash_sum"": ""6278141268544677052"", ""hash_xor"": ""11755483584262095886"", ""rows"": 100000}",325.040242,1600132,100000,"[""01c6f234-0001-fe0c-0001-9ade000b96be""]",12.551285,True,"{""01c6f234-0001-fe0c-0001-9ade000b96be"": {""server_total_ms"": 225, ""server_compilation_ms"": 57, ""server_execution_ms"": 168, ""server_provisioning_queue_ms"": 0, ""server_overload_queue_ms"": 0, ""server_bytes_scanned"": 973312}}"
100000,warehouse,clean_derive,duckdb,4,17,01c6f234-0001-fe0c-0001-9ade000b96a2,6.1365,70.0,342.827073,"{""columns"": [""id"", ""net_cents""], ""dtypes"": [""int64"", ""int64""], ""hash_sum"": ""6278141268544677052"", ""hash_xor"": ""11755483584262095886"", ""rows"": 100000}",324.067633,1600132,100000,"[""01c6f234-0001-fe0c-0001-9ade000b96c2""]",12.62294,True,"{""01c6f234-0001-fe0c-0001-9ade000b96c2"": {""server_total_ms"": 219, ""server_compilation_ms"": 48, ""server_execution_ms"": 171, ""server_provisioning_queue_ms"": 0, ""server_overload_queue_ms"": 0, ""server_bytes_scanned"": 973312}}"
100000,warehouse,clean_derive,duckdb,4,18,01c6f234-0001-fe0c-0001-9ade000b96a2,6.020701,60.0,354.447591,"{""columns"": [""id"", ""net_cents""], ""dtypes"": [""int64"", ""int64""], ""hash_sum"": ""6278141268544677052"", ""hash_xor"": ""11755483584262095886"", ""rows"": 100000}",335.579879,1600132,100000,"[""01c6f234-0001-fe0c-0001-9ade000b96c6""]",12.847011,True,"{""01c6f234-0001-fe0c-0001-9ade000b96c6"": {""server_total_ms"": 237, ""server_compilation_ms"": 51, ""server_execution_ms"": 186, ""server_provisioning_queue_ms"": 0, ""server_overload_queue_ms"": 0, ""server_bytes_scanned"": 973312}}"
100000,warehouse,clean_derive,duckdb,4,19,01c6f234-0001-fe0c-0001-9ade000b96a2,6.743329,70.0,353.189923,"{""columns"": [""id"", ""net_cents""], ""dtypes"": [""int64"", ""int64""], ""hash_sum"": ""6278141268544677052"", ""hash_xor"": ""11755483584262095886"", ""rows"": 100000}",333.887015,1600132,100000,"[""01c6f234-0001-fe0c-0001-9ade000b96ca""]",12.559579,True,"{""01c6f234-0001-fe0c-0001-9ade000b96ca"": {""server_total_ms"": 233, ""server_compilation_ms"": 59, ""server_execution_ms"": 174, ""server_provisioning_queue_ms"": 0, ""server_overload_queue_ms"": 0, ""server_bytes_scanned"": 973312}}"
100000,warehouse,clean_derive,duckdb,4,20,01c6f234-0001-fe0c-0001-9ade000b96a2,6.870956,40.0,336.158796,"{""columns"": [""id"", ""net_cents""], ""dtypes"": [""int64"", ""int64""], ""hash_sum"": ""6278141268544677052"", ""hash_xor"": ""11755483584262095886"", ""rows"": 100000}",316.6128,1600132,100000,"[""01c6f234-0001-fe0c-0001-9ade000b96ce""]",12.67504,True,"{""01c6f234-0001-fe0c-0001-9ade000b96ce"": {""server_total_ms"": 220, ""server_compilation_ms"": 59, ""server_execution_ms"": 161, ""server_provisioning_queue_ms"": 0, ""server_overload_queue_ms"": 0, ""server_bytes_scanned"": 973312}}"
100000,warehouse,groupby,duckdb,4,16,01c6f234-0001-fcf9-0001-9ade000b5af2,6.054004,50.0,311.242713,"{""columns"": [""region_id"", ""total_cents"", ""total_quantity"", ""row_count""], ""dtypes"": [""int64"", ""int64"", ""int64"", ""int64""], ""hash_sum"": ""5148165510768826946"", ""hash_xor"": ""7876665366988197046"", ""rows"": 50}",292.527717,1732,50,"[""01c6f234-0001-fcf9-0001-9ade000b5b0e""]",12.660992,True,"{""01c6f234-0001-fcf9-0001-9ade000b5b0e"": {""server_total_ms"": 196, ""server_compilation_ms"": 67, ""server_execution_ms"": 129, ""server_provisioning_queue_ms"": 0, ""server_overload_queue_ms"": 0, ""server_bytes_scanned"": 973312}}"
100000,warehouse,groupby,duckdb,4,17,01c6f234-0001-fcf9-0001-9ade000b5af2,6.019229,100.0,328.017758,"{""columns"": [""region_id"", ""total_cents"", ""total_quantity"", ""row_count""], ""dtypes"": [""int64"", ""int64"", ""int64"", ""int64""], ""hash_sum"": ""5148165510768826946"", ""hash_xor"": ""7876665366988197046"", ""rows"": 50}",309.373255,1732,50,"[""01c6f234-0001-fcf9-0001-9ade000b5b12""]",12.625274,True,"{""01c6f234-0001-fcf9-0001-9ade000b5b12"": {""server_total_ms"": 211, ""server_compilation_ms"": 71, ""server_execution_ms"": 140, ""server_provisioning_queue_ms"": 0, ""server_overload_queue_ms"": 0, ""server_bytes_scanned"": 973312}}"
100000,warehouse,groupby,duckdb,4,18,01c6f234-0001-fcf9-0001-9ade000b5af2,5.905057,50.0,316.175731,"{""columns"": [""region_id"", ""total_cents"", ""total_quantity"", ""row_count""], ""dtypes"": [""int64"", ""int64"", ""int64"", ""int64""], ""hash_sum"": ""5148165510768826946"", ""hash_xor"": ""7876665366988197046"", ""rows"": 50}",297.855689,1732,50,"[""01c6f234-0001-fcf9-0001-9ade000b5b16""]",12.414985,True,"{""01c6f234-0001-fcf9-0001-9ade000b5b16"": {""server_total_ms"": 198, ""server_compilation_ms"": 63, ""server_execution_ms"": 135, ""server_provisioning_queue_ms"": 0, ""server_overload_queue_ms"": 0, ""server_bytes_scanned"": 973312}}"
100000,warehouse,groupby,duckdb,4,19,01c6f234-0001-fcf9-0001-9ade000b5af2,5.866689,80.0,333.709678,"{""columns"": [""region_id"", ""total_cents"", ""total_quantity"", ""row_count""], ""dtypes"": [""int64"", ""int64"", ""int64"", ""int64""], ""hash_sum"": ""5148165510768826946"", ""hash_xor"": ""7876665366988197046"", ""rows"": 50}",315.622604,1732,50,"[""01c6f234-0001-fcf9-0001-9ade000b5b1a""]",12.220385,True,"{""01c6f234-0001-fcf9-0001-9ade000b5b1a"": {""server_total_ms"": 219, ""server_compilation_ms"": 87, ""server_execution_ms"": 132, ""server_provisioning_queue_ms"": 0, ""server_overload_queue_ms"": 0, ""server_bytes_scanned"": 973312}}"
100000,warehouse,groupby,duckdb,4,20,01c6f234-0001-fcf9-0001-9ade000b5af2,5.998858,30.0,310.393922,"{""columns"": [""region_id"", ""total_cents"", ""total_quantity"", ""row_count""], ""dtypes"": [""int64"", ""int64"", ""int64"", ""int64""], ""hash_sum"": ""5148165510768826946"", ""hash_xor"": ""7876665366988197046"", ""rows"": 50}",291.920997,1732,50,"[""01c6f234-0001-fcf9-0001-9ade000b5b1e""]",12.474067,True,"{""01c6f234-0001-fcf9-0001-9ade000b5b1e"": {""server_total_ms"": 195, ""server_compilation_ms"": 66, ""server_execution_ms"": 129, ""server_provisioning_queue_ms"": 0, ""server_overload_queue_ms"": 0, ""server_bytes_scanned"": 973312}}"
10000000,warehouse,clean_derive,snowflake,5,21,01c6f234-0001-fe0c-0001-9ade000b96d2,1889.051297,820.0,1889.051297,"{""columns"": [""id"", ""net_cents""], ""dtypes"": [""int64"", ""int64""], ""hash_sum"": ""14285702759883698828"", ""hash_xor"": ""425970959959544156"", ""rows"": 10000000}",,160000132,10000000,"[""01c6f234-0001-fe0c-0001-9ade000b96ee""]",0.0,True,"{""01c6f234-0001-fe0c-0001-9ade000b96ee"": {""server_total_ms"": 528, ""server_compilation_ms"": 69, ""server_execution_ms"": 459, ""server_provisioning_queue_ms"": 0, ""server_overload_queue_ms"": 0, ""server_bytes_scanned"": 151591936}}"
10000000,warehouse,clean_derive,snowflake,5,22,01c6f234-0001-fe0c-0001-9ade000b96d2,1932.811513,890.0,1932.811513,"{""columns"": [""id"", ""net_cents""], ""dtypes"": [""int64"", ""int64""], ""hash_sum"": ""14285702759883698828"", ""hash_xor"": ""425970959959544156"", ""rows"": 10000000}",,160000132,10000000,"[""01c6f234-0001-fe0c-0001-9ade000b96f2""]",0.0,True,"{""01c6f234-0001-fe0c-0001-9ade000b96f2"": {""server_total_ms"": 578, ""server_compilation_ms"": 66, ""server_execution_ms"": 512, ""server_provisioning_queue_ms"": 0, ""server_overload_queue_ms"": 0, ""server_bytes_scanned"": 151591936}}"
10000000,warehouse,clean_derive,snowflake,5,23,01c6f234-0001-fe0c-0001-9ade000b96d2,1914.544964,920.0,1914.544964,"{""columns"": [""id"", ""net_cents""], ""dtypes"": [""int64"", ""int64""], ""hash_sum"": ""14285702759883698828"", ""hash_xor"": ""425970959959544156"", ""rows"": 10000000}",,160000132,10000000,"[""01c6f234-0001-fe0c-0001-9ade000b96f6""]",0.0,True,"{""01c6f234-0001-fe0c-0001-9ade000b96f6"": {""server_total_ms"": 566, ""server_compilation_ms"": 69, ""server_execution_ms"": 497, ""server_provisioning_queue_ms"": 0, ""server_overload_queue_ms"": 0, ""server_bytes_scanned"": 151591936}}"
10000000,warehouse,clean_derive,snowflake,5,24,01c6f234-0001-fe0c-0001-9ade000b96d2,1878.8858,870.0,1878.8858,"{""columns"": [""id"", ""net_cents""], ""dtypes"": [""int64"", ""int64""], ""hash_sum"": ""14285702759883698828"", ""hash_xor"": ""425970959959544156"", ""rows"": 10000000}",,160000132,10000000,"[""01c6f234-0001-fe0c-0001-9ade000b96fa""]",0.0,True,"{""01c6f234-0001-fe0c-0001-9ade000b96fa"": {""server_total_ms"": 556, ""server_compilation_ms"": 67, ""server_execution_ms"": 489, ""server_provisioning_queue_ms"": 0, ""server_overload_queue_ms"": 0, ""server_bytes_scanned"": 151591936}}"
10000000,warehouse,clean_derive,snowflake,5,25,01c6f234-0001-fe0c-0001-9ade000b96d2,1805.857465,980.0,1805.857465,"{""columns"": [""id"", ""net_cents""], ""dtypes"": [""int64"", ""int64""], ""hash_sum"": ""14285702759883698828"", ""hash_xor"": ""425970959959544156"", ""rows"": 10000000}",,160000132,10000000,"[""01c6f234-0001-fe0c-0001-9ade000b96fe""]",0.0,True,"{""01c6f234-0001-fe0c-0001-9ade000b96fe"": {""server_total_ms"": 495, ""server_compilation_ms"": 63, ""server_execution_ms"": 432, ""server_provisioning_queue_ms"": 0, ""server_overload_queue_ms"": 0, ""server_bytes_scanned"": 151591936}}"
10000000,warehouse,groupby,pandas,5,21,01c6f234-0001-fcf9-0001-9ade000b5b26,134.791833,790.0,1588.661965,"{""columns"": [""region_id"", ""total_cents"", ""total_quantity"", ""row_count""], ""dtypes"": [""int64"", ""int64"", ""int64"", ""int64""], ""hash_sum"": ""3404719191165042972"", ""hash_xor"": ""2526757767072946434"", ""rows"": 50}",1453.870132,1732,50,"[""01c6f234-0001-fcf9-0001-9ade000b5b42""]",0.0,True,"{""01c6f234-0001-fcf9-0001-9ade000b5b42"": {""server_total_ms"": 403, ""server_compilation_ms"": 76, ""server_execution_ms"": 327, ""server_provisioning_queue_ms"": 0, ""server_overload_queue_ms"": 0, ""server_bytes_scanned"": 151591936}}"
10000000,warehouse,groupby,pandas,5,22,01c6f234-0001-fcf9-0001-9ade000b5b26,136.704282,760.0,1860.748213,"{""columns"": [""region_id"", ""total_cents"", ""total_quantity"", ""row_count""], ""dtypes"": [""int64"", ""int64"", ""int64"", ""int64""], ""hash_sum"": ""3404719191165042972"", ""hash_xor"": ""2526757767072946434"", ""rows"": 50}",1724.043931,1732,50,"[""01c6f234-0001-fcf9-0001-9ade000b5b46""]",0.0,True,"{""01c6f234-0001-fcf9-0001-9ade000b5b46"": {""server_total_ms"": 384, ""server_compilation_ms"": 71, ""server_execution_ms"": 313, ""server_provisioning_queue_ms"": 0, ""server_overload_queue_ms"": 0, ""server_bytes_scanned"": 151591936}}"
10000000,warehouse,groupby,pandas,5,23,01c6f234-0001-fcf9-0001-9ade000b5b26,136.539571,800.0,1589.055714,"{""columns"": [""region_id"", ""total_cents"", ""total_quantity"", ""row_count""], ""dtypes"": [""int64"", ""int64"", ""int64"", ""int64""], ""hash_sum"": ""3404719191165042972"", ""hash_xor"": ""2526757767072946434"", ""rows"": 50}",1452.516143,1732,50,"[""01c6f234-0001-fcf9-0001-9ade000b5b4a""]",0.0,True,"{""01c6f234-0001-fcf9-0001-9ade000b5b4a"": {""server_total_ms"": 380, ""server_compilation_ms"": 60, ""server_execution_ms"": 320, ""server_provisioning_queue_ms"": 0, ""server_overload_queue_ms"": 0, ""server_bytes_scanned"": 151591936}}"
10000000,warehouse,groupby,pandas,5,24,01c6f234-0001-fcf9-0001-9ade000b5b26,135.937235,790.0,1582.948744,"{""columns"": [""region_id"", ""total_cents"", ""total_quantity"", ""row_count""], ""dtypes"": [""int64"", ""int64"", ""int64"", ""int64""], ""hash_sum"": ""3404719191165042972"", ""hash_xor"": ""2526757767072946434"", ""rows"": 50}",1447.011509,1732,50,"[""01c6f234-0001-fcf9-0001-9ade000b5b4e""]",0.0,True,"{""01c6f234-0001-fcf9-0001-9ade000b5b4e"": {""server_total_ms"": 376, ""server_compilation_ms"": 72, ""server_execution_ms"": 304, ""server_provisioning_queue_ms"": 0, ""server_overload_queue_ms"": 0, ""server_bytes_scanned"": 151591936}}"
10000000,warehouse,groupby,pandas,5,25,01c6f234-0001-fcf9-0001-9ade000b5b26,137.430371,870.0,1557.071026,"{""columns"": [""region_id"", ""total_cents"", ""total_quantity"", ""row_count""], ""dtypes"": [""int64"", ""int64"", ""int64"", ""int64""], ""hash_sum"": ""3404719191165042972"", ""hash_xor"": ""2526757767072946434"", ""rows"": 50}",1419.640655,1732,50,"[""01c6f234-0001-fcf9-0001-9ade000b5b52""]",0.0,True,"{""01c6f234-0001-fcf9-0001-9ade000b5b52"": {""server_total_ms"": 371, ""server_compilation_ms"": 60, ""server_execution_ms"": 311, ""server_provisioning_queue_ms"": 0, ""server_overload_queue_ms"": 0, ""server_bytes_scanned"": 151591936}}"
10000000,warehouse,clean_derive,pandas,5,21,01c6f234-0001-fe2b-0001-9ade000b89f2,121.878105,1200.0,2012.904779,"{""columns"": [""id"", ""net_cents""], ""dtypes"": [""int64"", ""int64""], ""hash_sum"": ""14285702759883698828"", ""hash_xor"": ""425970959959544156"", ""rows"": 10000000}",1891.026674,160000132,10000000,"[""01c6f235-0001-fe2b-0001-9ade000b8a0e""]",0.0,True,"{""01c6f235-0001-fe2b-0001-9ade000b8a0e"": {""server_total_ms"": 457, ""server_compilation_ms"": 67, ""server_execution_ms"": 390, ""server_provisioning_queue_ms"": 0, ""server_overload_queue_ms"": 0, ""server_bytes_scanned"": 151591936}}"
10000000,warehouse,clean_derive,pandas,5,22,01c6f234-0001-fe2b-0001-9ade000b89f2,122.086186,1170.0,2087.122599,"{""columns"": [""id"", ""net_cents""], ""dtypes"": [""int64"", ""int64""], ""hash_sum"": ""14285702759883698828"", ""hash_xor"": ""425970959959544156"", ""rows"": 10000000}",1965.036413,160000132,10000000,"[""01c6f235-0001-fe2b-0001-9ade000b8a12""]",0.0,True,"{""01c6f235-0001-fe2b-0001-9ade000b8a12"": {""server_total_ms"": 513, ""server_compilation_ms"": 85, ""server_execution_ms"": 428, ""server_provisioning_queue_ms"": 0, ""server_overload_queue_ms"": 0, ""server_bytes_scanned"": 151591936}}"
10000000,warehouse,clean_derive,pandas,5,23,01c6f234-0001-fe2b-0001-9ade000b89f2,124.562681,1150.0,2054.682804,"{""columns"": [""id"", ""net_cents""], ""dtypes"": [""int64"", ""int64""], ""hash_sum"": ""14285702759883698828"", ""hash_xor"": ""425970959959544156"", ""rows"": 10000000}",1930.120123,160000132,10000000,"[""01c6f235-0001-fe2b-0001-9ade000b8a16""]",0.0,True,"{""01c6f235-0001-fe2b-0001-9ade000b8a16"": {""server_total_ms"": 482, ""server_compilation_ms"": 68, ""server_execution_ms"": 414, ""server_provisioning_queue_ms"": 0, ""server_overload_queue_ms"": 0, ""server_bytes_scanned"": 151591936}}"
10000000,warehouse,clean_derive,pandas,5,24,01c6f234-0001-fe2b-0001-9ade000b89f2,122.363522,1150.0,2034.60641,"{""columns"": [""id"", ""net_cents""], ""dtypes"": [""int64"", ""int64""], ""hash_sum"": ""14285702759883698828"", ""hash_xor"": ""425970959959544156"", ""rows"": 10000000}",1912.242888,160000132,10000000,"[""01c6f235-0001-fe2b-0001-9ade000b8a1a""]",0.0,True,"{""01c6f235-0001-fe2b-0001-9ade000b8a1a"": {""server_total_ms"": 461, ""server_compilation_ms"": 89, ""server_execution_ms"": 372, ""server_provisioning_queue_ms"": 0, ""server_overload_queue_ms"": 0, ""server_bytes_scanned"": 151591936}}"
10000000,warehouse,clean_derive,pandas,5,25,01c6f234-0001-fe2b-0001-9ade000b89f2,122.61848,1100.0,2052.982157,"{""columns"": [""id"", ""net_cents""], ""dtypes"": [""int64"", ""int64""], ""hash_sum"": ""14285702759883698828"", ""hash_xor"": ""425970959959544156"", ""rows"": 10000000}",1930.363677,160000132,10000000,"[""01c6f235-0001-fe2b-0001-9ade000b8a1e""]",0.0,True,"{""01c6f235-0001-fe2b-0001-9ade000b8a1e"": {""server_total_ms"": 487, ""server_compilation_ms"": 78, ""server_execution_ms"": 409, ""server_provisioning_queue_ms"": 0, ""server_overload_queue_ms"": 0, ""server_bytes_scanned"": 151591936}}"
100000,warehouse,groupby,duckdb,5,21,01c6f235-0001-fe0c-0001-9ade000b9702,6.331569,80.0,360.525163,"{""columns"": [""region_id"", ""total_cents"", ""total_quantity"", ""row_count""], ""dtypes"": [""int64"", ""int64"", ""int64"", ""int64""], ""hash_sum"": ""5148165510768826946"", ""hash_xor"": ""7876665366988197046"", ""rows"": 50}",340.850279,1732,50,"[""01c6f235-0001-fe0c-0001-9ade000b971e""]",13.343315,True,"{""01c6f235-0001-fe0c-0001-9ade000b971e"": {""server_total_ms"": 241, ""server_compilation_ms"": 53, ""server_execution_ms"": 188, ""server_provisioning_queue_ms"": 0, ""server_overload_queue_ms"": 0, ""server_bytes_scanned"": 973312}}"
100000,warehouse,groupby,duckdb,5,22,01c6f235-0001-fe0c-0001-9ade000b9702,6.131659,40.0,314.747336,"{""columns"": [""region_id"", ""total_cents"", ""total_quantity"", ""row_count""], ""dtypes"": [""int64"", ""int64"", ""int64"", ""int64""], ""hash_sum"": ""5148165510768826946"", ""hash_xor"": ""7876665366988197046"", ""rows"": 50}",295.597744,1732,50,"[""01c6f235-0001-fe0c-0001-9ade000b9722""]",13.017933,True,"{""01c6f235-0001-fe0c-0001-9ade000b9722"": {""server_total_ms"": 199, ""server_compilation_ms"": 56, ""server_execution_ms"": 143, ""server_provisioning_queue_ms"": 0, ""server_overload_queue_ms"": 0, ""server_bytes_scanned"": 973312}}"
100000,warehouse,groupby,duckdb,5,23,01c6f235-0001-fe0c-0001-9ade000b9702,6.170986,60.0,338.797981,"{""columns"": [""region_id"", ""total_cents"", ""total_quantity"", ""row_count""], ""dtypes"": [""int64"", ""int64"", ""int64"", ""int64""], ""hash_sum"": ""5148165510768826946"", ""hash_xor"": ""7876665366988197046"", ""rows"": 50}",319.524517,1732,50,"[""01c6f235-0001-fe0c-0001-9ade000b9726""]",13.102478,True,"{""01c6f235-0001-fe0c-0001-9ade000b9726"": {""server_total_ms"": 213, ""server_compilation_ms"": 60, ""server_execution_ms"": 153, ""server_provisioning_queue_ms"": 0, ""server_overload_queue_ms"": 0, ""server_bytes_scanned"": 973312}}"
100000,warehouse,groupby,duckdb,5,24,01c6f235-0001-fe0c-0001-9ade000b9702,6.314956,60.0,342.070412,"{""columns"": [""region_id"", ""total_cents"", ""total_quantity"", ""row_count""], ""dtypes"": [""int64"", ""int64"", ""int64"", ""int64""], ""hash_sum"": ""5148165510768826946"", ""hash_xor"": ""7876665366988197046"", ""rows"": 50}",322.230541,1732,50,"[""01c6f235-0001-fe0c-0001-9ade000b972a""]",13.524915,True,"{""01c6f235-0001-fe0c-0001-9ade000b972a"": {""server_total_ms"": 225, ""server_compilation_ms"": 66, ""server_execution_ms"": 159, ""server_provisioning_queue_ms"": 0, ""server_overload_queue_ms"": 0, ""server_bytes_scanned"": 973312}}"
100000,warehouse,groupby,duckdb,5,25,01c6f235-0001-fe0c-0001-9ade000b9702,6.829769,50.0,352.003472,"{""columns"": [""region_id"", ""total_cents"", ""total_quantity"", ""row_count""], ""dtypes"": [""int64"", ""int64"", ""int64"", ""int64""], ""hash_sum"": ""5148165510768826946"", ""hash_xor"": ""7876665366988197046"", ""rows"": 50}",332.026185,1732,50,"[""01c6f235-0001-fe0c-0001-9ade000b972e""]",13.147518,True,"{""01c6f235-0001-fe0c-0001-9ade000b972e"": {""server_total_ms"": 213, ""server_compilation_ms"": 59, ""server_execution_ms"": 154, ""server_provisioning_queue_ms"": 0, ""server_overload_queue_ms"": 0, ""server_bytes_scanned"": 973312}}"
100000,warehouse,filter_project,snowflake,5,21,01c6f235-0001-fe2b-0001-9ade000b8a22,295.182681,20.0,295.182681,"{""columns"": [""id"", ""region_id"", ""gross_cents""], ""dtypes"": [""int64"", ""int64"", ""int64""], ""hash_sum"": ""6934637738391437775"", ""hash_xor"": ""13010755706745315299"", ""rows"": 19886}",,477396,19886,"[""01c6f235-0001-fe2b-0001-9ade000b8a3e""]",0.0,True,"{""01c6f235-0001-fe2b-0001-9ade000b8a3e"": {""server_total_ms"": 201, ""server_compilation_ms"": 76, ""server_execution_ms"": 125, ""server_provisioning_queue_ms"": 0, ""server_overload_queue_ms"": 0, ""server_bytes_scanned"": 973312}}"
100000,warehouse,filter_project,snowflake,5,22,01c6f235-0001-fe2b-0001-9ade000b8a22,272.214934,20.0,272.214934,"{""columns"": [""id"", ""region_id"", ""gross_cents""], ""dtypes"": [""int64"", ""int64"", ""int64""], ""hash_sum"": ""6934637738391437775"", ""hash_xor"": ""13010755706745315299"", ""rows"": 19886}",,477396,19886,"[""01c6f235-0001-fe2b-0001-9ade000b8a42""]",0.0,True,"{""01c6f235-0001-fe2b-0001-9ade000b8a42"": {""server_total_ms"": 178, ""server_compilation_ms"": 70, ""server_execution_ms"": 108, ""server_provisioning_queue_ms"": 0, ""server_overload_queue_ms"": 0, ""server_bytes_scanned"": 973312}}"
100000,warehouse,filter_project,snowflake,5,23,01c6f235-0001-fe2b-0001-9ade000b8a22,287.480106,40.0,287.480106,"{""columns"": [""id"", ""region_id"", ""gross_cents""], ""dtypes"": [""int64"", ""int64"", ""int64""], ""hash_sum"": ""6934637738391437775"", ""hash_xor"": ""13010755706745315299"", ""rows"": 19886}",,477396,19886,"[""01c6f235-0001-fe2b-0001-9ade000b8a46""]",0.0,True,"{""01c6f235-0001-fe2b-0001-9ade000b8a46"": {""server_total_ms"": 188, ""server_compilation_ms"": 69, ""server_execution_ms"": 119, ""server_provisioning_queue_ms"": 0, ""server_overload_queue_ms"": 0, ""server_bytes_scanned"": 973312}}"
100000,warehouse,filter_project,snowflake,5,24,01c6f235-0001-fe2b-0001-9ade000b8a22,279.675224,20.0,279.675224,"{""columns"": [""id"", ""region_id"", ""gross_cents""], ""dtypes"": [""int64"", ""int64"", ""int64""], ""hash_sum"": ""6934637738391437775"", ""hash_xor"": ""13010755706745315299"", ""rows"": 19886}",,477396,19886,"[""01c6f235-0001-fe2b-0001-9ade000b8a4a""]",0.0,True,"{""01c6f235-0001-fe2b-0001-9ade000b8a4a"": {""server_total_ms"": 185, ""server_compilation_ms"": 74, ""server_execution_ms"": 111, ""server_provisioning_queue_ms"": 0, ""server_overload_queue_ms"": 0, ""server_bytes_scanned"": 973312}}"
100000,warehouse,filter_project,snowflake,5,25,01c6f235-0001-fe2b-0001-9ade000b8a22,280.248158,0.0,280.248158,"{""columns"": [""id"", ""region_id"", ""gross_cents""], ""dtypes"": [""int64"", ""int64"", ""int64""], ""hash_sum"": ""6934637738391437775"", ""hash_xor"": ""13010755706745315299"", ""rows"": 19886}",,477396,19886,"[""01c6f235-0001-fe2b-0001-9ade000b8a4e""]",0.0,True,"{""01c6f235-0001-fe2b-0001-9ade000b8a4e"": {""server_total_ms"": 184, ""server_compilation_ms"": 72, ""server_execution_ms"": 112, ""server_provisioning_queue_ms"": 0, ""server_overload_queue_ms"": 0, ""server_bytes_scanned"": 973312}}"
100000,warehouse,clean_derive,duckdb,5,21,01c6f235-0001-fcf9-0001-9ade000b5b66,7.062646,90.0,370.382276,"{""columns"": [""id"", ""net_cents""], ""dtypes"": [""int64"", ""int64""], ""hash_sum"": ""6278141268544677052"", ""hash_xor"": ""11755483584262095886"", ""rows"": 100000}",350.126934,1600132,100000,"[""01c6f235-0001-fcf9-0001-9ade000b5b82""]",13.192696,True,"{""01c6f235-0001-fcf9-0001-9ade000b5b82"": {""server_total_ms"": 251, ""server_compilation_ms"": 64, ""server_execution_ms"": 187, ""server_provisioning_queue_ms"": 0, ""server_overload_queue_ms"": 0, ""server_bytes_scanned"": 973312}}"
100000,warehouse,clean_derive,duckdb,5,22,01c6f235-0001-fcf9-0001-9ade000b5b66,7.111499,110.0,377.528159,"{""columns"": [""id"", ""net_cents""], ""dtypes"": [""int64"", ""int64""], ""hash_sum"": ""6278141268544677052"", ""hash_xor"": ""11755483584262095886"", ""rows"": 100000}",356.963046,1600132,100000,"[""01c6f235-0001-fcf9-0001-9ade000b5b86""]",13.453614,True,"{""01c6f235-0001-fcf9-0001-9ade000b5b86"": {""server_total_ms"": 259, ""server_compilation_ms"": 64, ""server_execution_ms"": 195, ""server_provisioning_queue_ms"": 0, ""server_overload_queue_ms"": 0, ""server_bytes_scanned"": 973312}}"
100000,warehouse,clean_derive,duckdb,5,23,01c6f235-0001-fcf9-0001-9ade000b5b66,6.934704,60.0,427.245929,"{""columns"": [""id"", ""net_cents""], ""dtypes"": [""int64"", ""int64""], ""hash_sum"": ""6278141268544677052"", ""hash_xor"": ""11755483584262095886"", ""rows"": 100000}",406.930936,1600132,100000,"[""01c6f235-0001-fcf9-0001-9ade000b5b8a""]",13.380289,True,"{""01c6f235-0001-fcf9-0001-9ade000b5b8a"": {""server_total_ms"": 298, ""server_compilation_ms"": 74, ""server_execution_ms"": 224, ""server_provisioning_queue_ms"": 0, ""server_overload_queue_ms"": 0, ""server_bytes_scanned"": 973312}}"
100000,warehouse,clean_derive,duckdb,5,24,01c6f235-0001-fcf9-0001-9ade000b5b66,6.854998,90.0,350.064568,"{""columns"": [""id"", ""net_cents""], ""dtypes"": [""int64"", ""int64""], ""hash_sum"": ""6278141268544677052"", ""hash_xor"": ""11755483584262095886"", ""rows"": 100000}",330.036798,1600132,100000,"[""01c6f235-0001-fcf9-0001-9ade000b5b8e""]",13.172772,True,"{""01c6f235-0001-fcf9-0001-9ade000b5b8e"": {""server_total_ms"": 229, ""server_compilation_ms"": 60, ""server_execution_ms"": 169, ""server_provisioning_queue_ms"": 0, ""server_overload_queue_ms"": 0, ""server_bytes_scanned"": 973312}}"
100000,warehouse,clean_derive,duckdb,5,25,01c6f235-0001-fcf9-0001-9ade000b5b66,6.559746,60.0,341.096233,"{""columns"": [""id"", ""net_cents""], ""dtypes"": [""int64"", ""int64""], ""hash_sum"": ""6278141268544677052"", ""hash_xor"": ""11755483584262095886"", ""rows"": 100000}",321.320304,1600132,100000,"[""01c6f235-0001-fcf9-0001-9ade000b5b92""]",13.216183,True,"{""01c6f235-0001-fcf9-0001-9ade000b5b92"": {""server_total_ms"": 225, ""server_compilation_ms"": 59, ""server_execution_ms"": 166, ""server_provisioning_queue_ms"": 0, ""server_overload_queue_ms"": 0, ""server_bytes_scanned"": 973312}}"
1000000,warehouse,groupby,pandas,5,21,01c6f235-0001-fe2b-0001-9ade000b8a52,19.026005,80.0,530.313571,"{""columns"": [""region_id"", ""total_cents"", ""total_quantity"", ""row_count""], ""dtypes"": [""int64"", ""int64"", ""int64"", ""int64""], ""hash_sum"": ""3129039791569495086"", ""hash_xor"": ""14932865647023855810"", ""rows"": 50}",511.287566,1732,50,"[""01c6f235-0001-fe2b-0001-9ade000b8a6e""]",0.0,True,"{""01c6f235-0001-fe2b-0001-9ade000b8a6e"": {""server_total_ms"": 343, ""server_compilation_ms"": 61, ""server_execution_ms"": 282, ""server_provisioning_queue_ms"": 0, ""server_overload_queue_ms"": 0, ""server_bytes_scanned"": 7627264}}"
1000000,warehouse,groupby,pandas,5,22,01c6f235-0001-fe2b-0001-9ade000b8a52,21.910693,100.0,552.7641,"{""columns"": [""region_id"", ""total_cents"", ""total_quantity"", ""row_count""], ""dtypes"": [""int64"", ""int64"", ""int64"", ""int64""], ""hash_sum"": ""3129039791569495086"", ""hash_xor"": ""14932865647023855810"", ""rows"": 50}",530.853407,1732,50,"[""01c6f235-0001-fe2b-0001-9ade000b8a72""]",0.0,True,"{""01c6f235-0001-fe2b-0001-9ade000b8a72"": {""server_total_ms"": 369, ""server_compilation_ms"": 67, ""server_execution_ms"": 302, ""server_provisioning_queue_ms"": 0, ""server_overload_queue_ms"": 0, ""server_bytes_scanned"": 7627264}}"
1000000,warehouse,groupby,pandas,5,23,01c6f235-0001-fe2b-0001-9ade000b8a52,19.552903,80.0,579.696138,"{""columns"": [""region_id"", ""total_cents"", ""total_quantity"", ""row_count""], ""dtypes"": [""int64"", ""int64"", ""int64"", ""int64""], ""hash_sum"": ""3129039791569495086"", ""hash_xor"": ""14932865647023855810"", ""rows"": 50}",560.143235,1732,50,"[""01c6f235-0001-fe2b-0001-9ade000b8a76""]",0.0,True,"{""01c6f235-0001-fe2b-0001-9ade000b8a76"": {""server_total_ms"": 401, ""server_compilation_ms"": 72, ""server_execution_ms"": 329, ""server_provisioning_queue_ms"": 0, ""server_overload_queue_ms"": 0, ""server_bytes_scanned"": 7627264}}"
1000000,warehouse,groupby,pandas,5,24,01c6f235-0001-fe2b-0001-9ade000b8a52,20.377468,130.0,519.36568,"{""columns"": [""region_id"", ""total_cents"", ""total_quantity"", ""row_count""], ""dtypes"": [""int64"", ""int64"", ""int64"", ""int64""], ""hash_sum"": ""3129039791569495086"", ""hash_xor"": ""14932865647023855810"", ""rows"": 50}",498.988212,1732,50,"[""01c6f235-0001-fe2b-0001-9ade000b8a7a""]",0.0,True,"{""01c6f235-0001-fe2b-0001-9ade000b8a7a"": {""server_total_ms"": 339, ""server_compilation_ms"": 60, ""server_execution_ms"": 279, ""server_provisioning_queue_ms"": 0, ""server_overload_queue_ms"": 0, ""server_bytes_scanned"": 7627264}}"
1000000,warehouse,groupby,pandas,5,25,01c6f235-0001-fe2b-0001-9ade000b8a52,20.16424,60.0,522.297816,"{""columns"": [""region_id"", ""total_cents"", ""total_quantity"", ""row_count""], ""dtypes"": [""int64"", ""int64"", ""int64"", ""int64""], ""hash_sum"": ""3129039791569495086"", ""hash_xor"": ""14932865647023855810"", ""rows"": 50}",502.133576,1732,50,"[""01c6f235-0001-fe2b-0001-9ade000b8a7e""]",0.0,True,"{""01c6f235-0001-fe2b-0001-9ade000b8a7e"": {""server_total_ms"": 337, ""server_compilation_ms"": 65, ""server_execution_ms"": 272, ""server_provisioning_queue_ms"": 0, ""server_overload_queue_ms"": 0, ""server_bytes_scanned"": 7627264}}"
10000000,warehouse,filter_project,pandas,5,21,01c6f235-0001-fe2b-0001-9ade000b8a82,52.547979,370.0,1085.96604,"{""columns"": [""id"", ""region_id"", ""gross_cents""], ""dtypes"": [""int64"", ""int64"", ""int64""], ""hash_sum"": ""9297358661400020835"", ""hash_xor"": ""11916629792613770293"", ""rows"": 1980090}",1033.418061,47522292,1980090,"[""01c6f235-0001-fe2b-0001-9ade000b8a9e""]",0.0,True,"{""01c6f235-0001-fe2b-0001-9ade000b8a9e"": {""server_total_ms"": 326, ""server_compilation_ms"": 79, ""server_execution_ms"": 247, ""server_provisioning_queue_ms"": 0, ""server_overload_queue_ms"": 0, ""server_bytes_scanned"": 151591936}}"
10000000,warehouse,filter_project,pandas,5,22,01c6f235-0001-fe2b-0001-9ade000b8a82,52.328872,410.0,1125.172558,"{""columns"": [""id"", ""region_id"", ""gross_cents""], ""dtypes"": [""int64"", ""int64"", ""int64""], ""hash_sum"": ""9297358661400020835"", ""hash_xor"": ""11916629792613770293"", ""rows"": 1980090}",1072.843686,47522292,1980090,"[""01c6f235-0001-fe2b-0001-9ade000b8aa2""]",0.0,True,"{""01c6f235-0001-fe2b-0001-9ade000b8aa2"": {""server_total_ms"": 363, ""server_compilation_ms"": 82, ""server_execution_ms"": 281, ""server_provisioning_queue_ms"": 0, ""server_overload_queue_ms"": 0, ""server_bytes_scanned"": 151591936}}"
10000000,warehouse,filter_project,pandas,5,23,01c6f235-0001-fe2b-0001-9ade000b8a82,53.151754,390.0,1076.858096,"{""columns"": [""id"", ""region_id"", ""gross_cents""], ""dtypes"": [""int64"", ""int64"", ""int64""], ""hash_sum"": ""9297358661400020835"", ""hash_xor"": ""11916629792613770293"", ""rows"": 1980090}",1023.706342,47522292,1980090,"[""01c6f235-0001-fe2b-0001-9ade000b8aa6""]",0.0,True,"{""01c6f235-0001-fe2b-0001-9ade000b8aa6"": {""server_total_ms"": 322, ""server_compilation_ms"": 78, ""server_execution_ms"": 244, ""server_provisioning_queue_ms"": 0, ""server_overload_queue_ms"": 0, ""server_bytes_scanned"": 151591936}}"
10000000,warehouse,filter_project,pandas,5,24,01c6f235-0001-fe2b-0001-9ade000b8a82,54.587549,440.0,1060.824468,"{""columns"": [""id"", ""region_id"", ""gross_cents""], ""dtypes"": [""int64"", ""int64"", ""int64""], ""hash_sum"": ""9297358661400020835"", ""hash_xor"": ""11916629792613770293"", ""rows"": 1980090}",1006.236919,47522292,1980090,"[""01c6f235-0001-fe2b-0001-9ade000b8aaa""]",0.0,True,"{""01c6f235-0001-fe2b-0001-9ade000b8aaa"": {""server_total_ms"": 327, ""server_compilation_ms"": 86, ""server_execution_ms"": 241, ""server_provisioning_queue_ms"": 0, ""server_overload_queue_ms"": 0, ""server_bytes_scanned"": 151591936}}"
10000000,warehouse,filter_project,pandas,5,25,01c6f235-0001-fe2b-0001-9ade000b8a82,52.304827,440.0,1176.362651,"{""columns"": [""id"", ""region_id"", ""gross_cents""], ""dtypes"": [""int64"", ""int64"", ""int64""], ""hash_sum"": ""9297358661400020835"", ""hash_xor"": ""11916629792613770293"", ""rows"": 1980090}",1124.057824,47522292,1980090,"[""01c6f235-0001-fe2b-0001-9ade000b8aae""]",0.0,True,"{""01c6f235-0001-fe2b-0001-9ade000b8aae"": {""server_total_ms"": 380, ""server_compilation_ms"": 83, ""server_execution_ms"": 297, ""server_provisioning_queue_ms"": 0, ""server_overload_queue_ms"": 0, ""server_bytes_scanned"": 146614272}}"
10000000,warehouse,filter_project,snowflake,5,21,01c6f235-0001-fe0c-0001-9ade000b9732,971.487666,240.0,971.487666,"{""columns"": [""id"", ""region_id"", ""gross_cents""], ""dtypes"": [""int64"", ""int64"", ""int64""], ""hash_sum"": ""9297358661400020835"", ""hash_xor"": ""11916629792613770293"", ""rows"": 1980090}",,47522292,1980090,"[""01c6f235-0001-fe0c-0001-9ade000b974e""]",0.0,True,"{""01c6f235-0001-fe0c-0001-9ade000b974e"": {""server_total_ms"": 275, ""server_compilation_ms"": 60, ""server_execution_ms"": 215, ""server_provisioning_queue_ms"": 0, ""server_overload_queue_ms"": 0, ""server_bytes_scanned"": 151591936}}"
10000000,warehouse,filter_project,snowflake,5,22,01c6f235-0001-fe0c-0001-9ade000b9732,1007.826246,190.0,1007.826246,"{""columns"": [""id"", ""region_id"", ""gross_cents""], ""dtypes"": [""int64"", ""int64"", ""int64""], ""hash_sum"": ""9297358661400020835"", ""hash_xor"": ""11916629792613770293"", ""rows"": 1980090}",,47522292,1980090,"[""01c6f235-0001-fe0c-0001-9ade000b9752""]",0.0,True,"{""01c6f235-0001-fe0c-0001-9ade000b9752"": {""server_total_ms"": 308, ""server_compilation_ms"": 65, ""server_execution_ms"": 243, ""server_provisioning_queue_ms"": 0, ""server_overload_queue_ms"": 0, ""server_bytes_scanned"": 146614272}}"
10000000,warehouse,filter_project,snowflake,5,23,01c6f235-0001-fe0c-0001-9ade000b9732,973.843088,220.0,973.843088,"{""columns"": [""id"", ""region_id"", ""gross_cents""], ""dtypes"": [""int64"", ""int64"", ""int64""], ""hash_sum"": ""9297358661400020835"", ""hash_xor"": ""11916629792613770293"", ""rows"": 1980090}",,47522292,1980090,"[""01c6f235-0001-fe0c-0001-9ade000b9756""]",0.0,True,"{""01c6f235-0001-fe0c-0001-9ade000b9756"": {""server_total_ms"": 294, ""server_compilation_ms"": 65, ""server_execution_ms"": 229, ""server_provisioning_queue_ms"": 0, ""server_overload_queue_ms"": 0, ""server_bytes_scanned"": 146614272}}"
10000000,warehouse,filter_project,snowflake,5,24,01c6f235-0001-fe0c-0001-9ade000b9732,972.716848,200.0,972.716848,"{""columns"": [""id"", ""region_id"", ""gross_cents""], ""dtypes"": [""int64"", ""int64"", ""int64""], ""hash_sum"": ""9297358661400020835"", ""hash_xor"": ""11916629792613770293"", ""rows"": 1980090}",,47522292,1980090,"[""01c6f235-0001-fe0c-0001-9ade000b975a""]",0.0,True,"{""01c6f235-0001-fe0c-0001-9ade000b975a"": {""server_total_ms"": 291, ""server_compilation_ms"": 59, ""server_execution_ms"": 232, ""server_provisioning_queue_ms"": 0, ""server_overload_queue_ms"": 0, ""server_bytes_scanned"": 146614272}}"
10000000,warehouse,filter_project,snowflake,5,25,01c6f235-0001-fe0c-0001-9ade000b9732,990.894593,200.0,990.894593,"{""columns"": [""id"", ""region_id"", ""gross_cents""], ""dtypes"": [""int64"", ""int64"", ""int64""], ""hash_sum"": ""9297358661400020835"", ""hash_xor"": ""11916629792613770293"", ""rows"": 1980090}",,47522292,1980090,"[""01c6f235-0001-fe0c-0001-9ade000b975e""]",0.0,True,"{""01c6f235-0001-fe0c-0001-9ade000b975e"": {""server_total_ms"": 296, ""server_compilation_ms"": 65, ""server_execution_ms"": 231, ""server_provisioning_queue_ms"": 0, ""server_overload_queue_ms"": 0, ""server_bytes_scanned"": 146614272}}"
100000,warehouse,groupby,snowflake,5,21,01c6f235-0001-fcf8-0001-9ade000ba07a,107.830313,10.0,107.830313,"{""columns"": [""region_id"", ""total_cents"", ""total_quantity"", ""row_count""], ""dtypes"": [""int64"", ""int64"", ""int64"", ""int64""], ""hash_sum"": ""5148165510768826946"", ""hash_xor"": ""7876665366988197046"", ""rows"": 50}",,1732,50,"[""01c6f236-0001-fcf8-0001-9ade000ba096""]",0.0,True,"{""01c6f236-0001-fcf8-0001-9ade000ba096"": {""server_total_ms"": 88, ""server_compilation_ms"": 68, ""server_execution_ms"": 20, ""server_provisioning_queue_ms"": 0, ""server_overload_queue_ms"": 0, ""server_bytes_scanned"": 973312}}"
100000,warehouse,groupby,snowflake,5,22,01c6f235-0001-fcf8-0001-9ade000ba07a,108.502924,0.0,108.502924,"{""columns"": [""region_id"", ""total_cents"", ""total_quantity"", ""row_count""], ""dtypes"": [""int64"", ""int64"", ""int64"", ""int64""], ""hash_sum"": ""5148165510768826946"", ""hash_xor"": ""7876665366988197046"", ""rows"": 50}",,1732,50,"[""01c6f236-0001-fcf8-0001-9ade000ba09a""]",0.0,True,"{""01c6f236-0001-fcf8-0001-9ade000ba09a"": {""server_total_ms"": 90, ""server_compilation_ms"": 73, ""server_execution_ms"": 17, ""server_provisioning_queue_ms"": 0, ""server_overload_queue_ms"": 0, ""server_bytes_scanned"": 973312}}"
100000,warehouse,groupby,snowflake,5,23,01c6f235-0001-fcf8-0001-9ade000ba07a,105.637508,0.0,105.637508,"{""columns"": [""region_id"", ""total_cents"", ""total_quantity"", ""row_count""], ""dtypes"": [""int64"", ""int64"", ""int64"", ""int64""], ""hash_sum"": ""5148165510768826946"", ""hash_xor"": ""7876665366988197046"", ""rows"": 50}",,1732,50,"[""01c6f236-0001-fcf8-0001-9ade000ba09e""]",0.0,True,"{""01c6f236-0001-fcf8-0001-9ade000ba09e"": {""server_total_ms"": 86, ""server_compilation_ms"": 68, ""server_execution_ms"": 18, ""server_provisioning_queue_ms"": 0, ""server_overload_queue_ms"": 0, ""server_bytes_scanned"": 973312}}"
100000,warehouse,groupby,snowflake,5,24,01c6f235-0001-fcf8-0001-9ade000ba07a,105.278244,30.0,105.278244,"{""columns"": [""region_id"", ""total_cents"", ""total_quantity"", ""row_count""], ""dtypes"": [""int64"", ""int64"", ""int64"", ""int64""], ""hash_sum"": ""5148165510768826946"", ""hash_xor"": ""7876665366988197046"", ""rows"": 50}",,1732,50,"[""01c6f236-0001-fcf8-0001-9ade000ba0a2""]",0.0,True,"{""01c6f236-0001-fcf8-0001-9ade000ba0a2"": {""server_total_ms"": 89, ""server_compilation_ms"": 71, ""server_execution_ms"": 18, ""server_provisioning_queue_ms"": 0, ""server_overload_queue_ms"": 0, ""server_bytes_scanned"": 973312}}"
100000,warehouse,groupby,snowflake,5,25,01c6f235-0001-fcf8-0001-9ade000ba07a,99.708256,10.0,99.708256,"{""columns"": [""region_id"", ""total_cents"", ""total_quantity"", ""row_count""], ""dtypes"": [""int64"", ""int64"", ""int64"", ""int64""], ""hash_sum"": ""5148165510768826946"", ""hash_xor"": ""7876665366988197046"", ""rows"": 50}",,1732,50,"[""01c6f236-0001-fcf8-0001-9ade000ba0a6""]",0.0,True,"{""01c6f236-0001-fcf8-0001-9ade000ba0a6"": {""server_total_ms"": 82, ""server_compilation_ms"": 64, ""server_execution_ms"": 18, ""server_provisioning_queue_ms"": 0, ""server_overload_queue_ms"": 0, ""server_bytes_scanned"": 973312}}"
1000000,warehouse,clean_derive,snowflake,5,21,01c6f236-0001-fe0c-0001-9ade000b9762,641.518474,120.0,641.518474,"{""columns"": [""id"", ""net_cents""], ""dtypes"": [""int64"", ""int64""], ""hash_sum"": ""16902620082194219032"", ""hash_xor"": ""7441825716312922670"", ""rows"": 1000000}",,16000132,1000000,"[""01c6f236-0001-fe0c-0001-9ade000b977e""]",0.0,True,"{""01c6f236-0001-fe0c-0001-9ade000b977e"": {""server_total_ms"": 473, ""server_compilation_ms"": 72, ""server_execution_ms"": 401, ""server_provisioning_queue_ms"": 0, ""server_overload_queue_ms"": 0, ""server_bytes_scanned"": 7627264}}"
1000000,warehouse,clean_derive,snowflake,5,22,01c6f236-0001-fe0c-0001-9ade000b9762,648.181287,180.0,648.181287,"{""columns"": [""id"", ""net_cents""], ""dtypes"": [""int64"", ""int64""], ""hash_sum"": ""16902620082194219032"", ""hash_xor"": ""7441825716312922670"", ""rows"": 1000000}",,16000132,1000000,"[""01c6f236-0001-fe0c-0001-9ade000b9782""]",0.0,True,"{""01c6f236-0001-fe0c-0001-9ade000b9782"": {""server_total_ms"": 464, ""server_compilation_ms"": 61, ""server_execution_ms"": 403, ""server_provisioning_queue_ms"": 0, ""server_overload_queue_ms"": 0, ""server_bytes_scanned"": 7627264}}"
1000000,warehouse,clean_derive,snowflake,5,23,01c6f236-0001-fe0c-0001-9ade000b9762,633.404431,120.0,633.404431,"{""columns"": [""id"", ""net_cents""], ""dtypes"": [""int64"", ""int64""], ""hash_sum"": ""16902620082194219032"", ""hash_xor"": ""7441825716312922670"", ""rows"": 1000000}",,16000132,1000000,"[""01c6f236-0001-fe0c-0001-9ade000b9786""]",0.0,True,"{""01c6f236-0001-fe0c-0001-9ade000b9786"": {""server_total_ms"": 454, ""server_compilation_ms"": 58, ""server_execution_ms"": 396, ""server_provisioning_queue_ms"": 0, ""server_overload_queue_ms"": 0, ""server_bytes_scanned"": 7627264}}"
1000000,warehouse,clean_derive,snowflake,5,24,01c6f236-0001-fe0c-0001-9ade000b9762,629.95716,60.0,629.95716,"{""columns"": [""id"", ""net_cents""], ""dtypes"": [""int64"", ""int64""], ""hash_sum"": ""16902620082194219032"", ""hash_xor"": ""7441825716312922670"", ""rows"": 1000000}",,16000132,1000000,"[""01c6f236-0001-fe0c-0001-9ade000b978a""]",0.0,True,"{""01c6f236-0001-fe0c-0001-9ade000b978a"": {""server_total_ms"": 452, ""server_compilation_ms"": 62, ""server_execution_ms"": 390, ""server_provisioning_queue_ms"": 0, ""server_overload_queue_ms"": 0, ""server_bytes_scanned"": 7627264}}"
1000000,warehouse,clean_derive,snowflake,5,25,01c6f236-0001-fe0c-0001-9ade000b9762,620.970243,100.0,620.970243,"{""columns"": [""id"", ""net_cents""], ""dtypes"": [""int64"", ""int64""], ""hash_sum"": ""16902620082194219032"", ""hash_xor"": ""7441825716312922670"", ""rows"": 1000000}",,16000132,1000000,"[""01c6f236-0001-fe0c-0001-9ade000b978e""]",0.0,True,"{""01c6f236-0001-fe0c-0001-9ade000b978e"": {""server_total_ms"": 443, ""server_compilation_ms"": 59, ""server_execution_ms"": 384, ""server_provisioning_queue_ms"": 0, ""server_overload_queue_ms"": 0, ""server_bytes_scanned"": 7627264}}"
10000000,warehouse,filter_project,duckdb,5,21,01c6f236-0001-fcf9-0001-9ade000b5ba2,22.441271,400.0,1087.176826,"{""columns"": [""id"", ""region_id"", ""gross_cents""], ""dtypes"": [""int64"", ""int64"", ""int64""], ""hash_sum"": ""9297358661400020835"", ""hash_xor"": ""11916629792613770293"", ""rows"": 1980090}",1051.202259,47522292,1980090,"[""01c6f236-0001-fcf9-0001-9ade000b5bbe""]",13.533296,True,"{""01c6f236-0001-fcf9-0001-9ade000b5bbe"": {""server_total_ms"": 321, ""server_compilation_ms"": 81, ""server_execution_ms"": 240, ""server_provisioning_queue_ms"": 0, ""server_overload_queue_ms"": 0, ""server_bytes_scanned"": 150832557}}"
10000000,warehouse,filter_project,duckdb,5,22,01c6f236-0001-fcf9-0001-9ade000b5ba2,24.127491,350.0,1099.959125,"{""columns"": [""id"", ""region_id"", ""gross_cents""], ""dtypes"": [""int64"", ""int64"", ""int64""], ""hash_sum"": ""9297358661400020835"", ""hash_xor"": ""11916629792613770293"", ""rows"": 1980090}",1062.111496,47522292,1980090,"[""01c6f236-0001-fcf9-0001-9ade000b5bc2""]",13.720138,True,"{""01c6f236-0001-fcf9-0001-9ade000b5bc2"": {""server_total_ms"": 344, ""server_compilation_ms"": 78, ""server_execution_ms"": 266, ""server_provisioning_queue_ms"": 0, ""server_overload_queue_ms"": 0, ""server_bytes_scanned"": 151591936}}"
10000000,warehouse,filter_project,duckdb,5,23,01c6f236-0001-fcf9-0001-9ade000b5ba2,25.734245,450.0,1168.542039,"{""columns"": [""id"", ""region_id"", ""gross_cents""], ""dtypes"": [""int64"", ""int64"", ""int64""], ""hash_sum"": ""9297358661400020835"", ""hash_xor"": ""11916629792613770293"", ""rows"": 1980090}",1128.655803,47522292,1980090,"[""01c6f236-0001-fcf9-0001-9ade000b5bc6""]",14.151991,True,"{""01c6f236-0001-fcf9-0001-9ade000b5bc6"": {""server_total_ms"": 359, ""server_compilation_ms"": 96, ""server_execution_ms"": 263, ""server_provisioning_queue_ms"": 0, ""server_overload_queue_ms"": 0, ""server_bytes_scanned"": 151591936}}"
10000000,warehouse,filter_project,duckdb,5,24,01c6f236-0001-fcf9-0001-9ade000b5ba2,24.076272,480.0,1093.946233,"{""columns"": [""id"", ""region_id"", ""gross_cents""], ""dtypes"": [""int64"", ""int64"", ""int64""], ""hash_sum"": ""9297358661400020835"", ""hash_xor"": ""11916629792613770293"", ""rows"": 1980090}",1056.043294,47522292,1980090,"[""01c6f236-0001-fcf9-0001-9ade000b5bca""]",13.826667,True,"{""01c6f236-0001-fcf9-0001-9ade000b5bca"": {""server_total_ms"": 324, ""server_compilation_ms"": 82, ""server_execution_ms"": 242, ""server_provisioning_queue_ms"": 0, ""server_overload_queue_ms"": 0, ""server_bytes_scanned"": 146614272}}"
10000000,warehouse,filter_project,duckdb,5,25,01c6f236-0001-fcf9-0001-9ade000b5ba2,24.077457,440.0,1110.986184,"{""columns"": [""id"", ""region_id"", ""gross_cents""], ""dtypes"": [""int64"", ""int64"", ""int64""], ""hash_sum"": ""9297358661400020835"", ""hash_xor"": ""11916629792613770293"", ""rows"": 1980090}",1072.959561,47522292,1980090,"[""01c6f236-0001-fcf9-0001-9ade000b5bce""]",13.949166,True,"{""01c6f236-0001-fcf9-0001-9ade000b5bce"": {""server_total_ms"": 351, ""server_compilation_ms"": 73, ""server_execution_ms"": 278, ""server_provisioning_queue_ms"": 0, ""server_overload_queue_ms"": 0, ""server_bytes_scanned"": 151591936}}"
1000000,warehouse,clean_derive,pandas,5,21,01c6f236-0001-fcf8-0001-9ade000ba0b2,19.465869,120.0,763.029544,"{""columns"": [""id"", ""net_cents""], ""dtypes"": [""int64"", ""int64""], ""hash_sum"": ""16902620082194219032"", ""hash_xor"": ""7441825716312922670"", ""rows"": 1000000}",743.563675,16000132,1000000,"[""01c6f236-0001-fcf8-0001-9ade000ba0ce""]",0.0,True,"{""01c6f236-0001-fcf8-0001-9ade000ba0ce"": {""server_total_ms"": 533, ""server_compilation_ms"": 54, ""server_execution_ms"": 479, ""server_provisioning_queue_ms"": 0, ""server_overload_queue_ms"": 0, ""server_bytes_scanned"": 7627264}}"
1000000,warehouse,clean_derive,pandas,5,22,01c6f236-0001-fcf8-0001-9ade000ba0b2,16.236258,140.0,733.656588,"{""columns"": [""id"", ""net_cents""], ""dtypes"": [""int64"", ""int64""], ""hash_sum"": ""16902620082194219032"", ""hash_xor"": ""7441825716312922670"", ""rows"": 1000000}",717.42033,16000132,1000000,"[""01c6f236-0001-fcf8-0001-9ade000ba0d2""]",0.0,True,"{""01c6f236-0001-fcf8-0001-9ade000ba0d2"": {""server_total_ms"": 481, ""server_compilation_ms"": 69, ""server_execution_ms"": 412, ""server_provisioning_queue_ms"": 0, ""server_overload_queue_ms"": 0, ""server_bytes_scanned"": 7627264}}"
1000000,warehouse,clean_derive,pandas,5,23,01c6f236-0001-fcf8-0001-9ade000ba0b2,19.070643,140.0,667.780386,"{""columns"": [""id"", ""net_cents""], ""dtypes"": [""int64"", ""int64""], ""hash_sum"": ""16902620082194219032"", ""hash_xor"": ""7441825716312922670"", ""rows"": 1000000}",648.709743,16000132,1000000,"[""01c6f236-0001-fcf8-0001-9ade000ba0d6""]",0.0,True,"{""01c6f236-0001-fcf8-0001-9ade000ba0d6"": {""server_total_ms"": 438, ""server_compilation_ms"": 58, ""server_execution_ms"": 380, ""server_provisioning_queue_ms"": 0, ""server_overload_queue_ms"": 0, ""server_bytes_scanned"": 7627264}}"
1000000,warehouse,clean_derive,pandas,5,24,01c6f236-0001-fcf8-0001-9ade000ba0b2,18.637836,180.0,637.689835,"{""columns"": [""id"", ""net_cents""], ""dtypes"": [""int64"", ""int64""], ""hash_sum"": ""16902620082194219032"", ""hash_xor"": ""7441825716312922670"", ""rows"": 1000000}",619.051999,16000132,1000000,"[""01c6f236-0001-fcf8-0001-9ade000ba0da""]",0.0,True,"{""01c6f236-0001-fcf8-0001-9ade000ba0da"": {""server_total_ms"": 426, ""server_compilation_ms"": 57, ""server_execution_ms"": 369, ""server_provisioning_queue_ms"": 0, ""server_overload_queue_ms"": 0, ""server_bytes_scanned"": 7627264}}"
1000000,warehouse,clean_derive,pandas,5,25,01c6f236-0001-fcf8-0001-9ade000ba0b2,22.130389,140.0,691.973497,"{""columns"": [""id"", ""net_cents""], ""dtypes"": [""int64"", ""int64""], ""hash_sum"": ""16902620082194219032"", ""hash_xor"": ""7441825716312922670"", ""rows"": 1000000}",669.843108,16000132,1000000,"[""01c6f236-0001-fcf8-0001-9ade000ba0de""]",0.0,True,"{""01c6f236-0001-fcf8-0001-9ade000ba0de"": {""server_total_ms"": 450, ""server_compilation_ms"": 62, ""server_execution_ms"": 388, ""server_provisioning_queue_ms"": 0, ""server_overload_queue_ms"": 0, ""server_bytes_scanned"": 7627264}}"
1000000,warehouse,filter_project,snowflake,5,21,01c6f236-0001-fcf9-0001-9ade000b5bda,422.163411,70.0,422.163411,"{""columns"": [""id"", ""region_id"", ""gross_cents""], ""dtypes"": [""int64"", ""int64"", ""int64""], ""hash_sum"": ""11356744842689536210"", ""hash_xor"": ""4329941149679941164"", ""rows"": 198279}",,4758828,198279,"[""01c6f236-0001-fcf9-0001-9ade000b5bf6""]",0.0,True,"{""01c6f236-0001-fcf9-0001-9ade000b5bf6"": {""server_total_ms"": 320, ""server_compilation_ms"": 75, ""server_execution_ms"": 245, ""server_provisioning_queue_ms"": 0, ""server_overload_queue_ms"": 0, ""server_bytes_scanned"": 7627264}}"
1000000,warehouse,filter_project,snowflake,5,22,01c6f236-0001-fcf9-0001-9ade000b5bda,425.106612,100.0,425.106612,"{""columns"": [""id"", ""region_id"", ""gross_cents""], ""dtypes"": [""int64"", ""int64"", ""int64""], ""hash_sum"": ""11356744842689536210"", ""hash_xor"": ""4329941149679941164"", ""rows"": 198279}",,4758828,198279,"[""01c6f236-0001-fcf9-0001-9ade000b5bfa""]",0.0,True,"{""01c6f236-0001-fcf9-0001-9ade000b5bfa"": {""server_total_ms"": 314, ""server_compilation_ms"": 68, ""server_execution_ms"": 246, ""server_provisioning_queue_ms"": 0, ""server_overload_queue_ms"": 0, ""server_bytes_scanned"": 7627264}}"
1000000,warehouse,filter_project,snowflake,5,23,01c6f236-0001-fcf9-0001-9ade000b5bda,417.52203,80.0,417.52203,"{""columns"": [""id"", ""region_id"", ""gross_cents""], ""dtypes"": [""int64"", ""int64"", ""int64""], ""hash_sum"": ""11356744842689536210"", ""hash_xor"": ""4329941149679941164"", ""rows"": 198279}",,4758828,198279,"[""01c6f236-0001-fcf9-0001-9ade000b5bfe""]",0.0,True,"{""01c6f236-0001-fcf9-0001-9ade000b5bfe"": {""server_total_ms"": 311, ""server_compilation_ms"": 70, ""server_execution_ms"": 241, ""server_provisioning_queue_ms"": 0, ""server_overload_queue_ms"": 0, ""server_bytes_scanned"": 7627264}}"
1000000,warehouse,filter_project,snowflake,5,24,01c6f236-0001-fcf9-0001-9ade000b5bda,426.327356,50.0,426.327356,"{""columns"": [""id"", ""region_id"", ""gross_cents""], ""dtypes"": [""int64"", ""int64"", ""int64""], ""hash_sum"": ""11356744842689536210"", ""hash_xor"": ""4329941149679941164"", ""rows"": 198279}",,4758828,198279,"[""01c6f236-0001-fcf9-0001-9ade000b5c02""]",0.0,True,"{""01c6f236-0001-fcf9-0001-9ade000b5c02"": {""server_total_ms"": 325, ""server_compilation_ms"": 81, ""server_execution_ms"": 244, ""server_provisioning_queue_ms"": 0, ""server_overload_queue_ms"": 0, ""server_bytes_scanned"": 7627264}}"
1000000,warehouse,filter_project,snowflake,5,25,01c6f236-0001-fcf9-0001-9ade000b5bda,414.002209,50.0,414.002209,"{""columns"": [""id"", ""region_id"", ""gross_cents""], ""dtypes"": [""int64"", ""int64"", ""int64""], ""hash_sum"": ""11356744842689536210"", ""hash_xor"": ""4329941149679941164"", ""rows"": 198279}",,4758828,198279,"[""01c6f236-0001-fcf9-0001-9ade000b5c06""]",0.0,True,"{""01c6f236-0001-fcf9-0001-9ade000b5c06"": {""server_total_ms"": 307, ""server_compilation_ms"": 71, ""server_execution_ms"": 236, ""server_provisioning_queue_ms"": 0, ""server_overload_queue_ms"": 0, ""server_bytes_scanned"": 7627264}}"
100000,warehouse,join_groupby,duckdb,5,21,01c6f236-0001-fe0c-0001-9ade000b9796,17.443137,150.0,700.177809,"{""columns"": [""region_id"", ""tier"", ""total_cents"", ""row_count""], ""dtypes"": [""int64"", ""int64"", ""int64"", ""int64""], ""hash_sum"": ""15482229778153811636"", ""hash_xor"": ""14299020784962879478"", ""rows"": 200}",667.871096,6532,200,"[""01c6f236-0001-fe0c-0001-9ade000b97b6"", ""01c6f236-0001-fe0c-0001-9ade000b97ba""]",14.863576,True,"{""01c6f236-0001-fe0c-0001-9ade000b97b6"": {""server_total_ms"": 274, ""server_compilation_ms"": 87, ""server_execution_ms"": 187, ""server_provisioning_queue_ms"": 0, ""server_overload_queue_ms"": 0, ""server_bytes_scanned"": 973312}, ""01c6f236-0001-fe0c-0001-9ade000b97ba"": {""server_total_ms"": 198, ""server_compilation_ms"": 61, ""server_execution_ms"": 137, ""server_provisioning_queue_ms"": 0, ""server_overload_queue_ms"": 0, ""server_bytes_scanned"": 238592}}"
100000,warehouse,join_groupby,duckdb,5,22,01c6f236-0001-fe0c-0001-9ade000b9796,17.246864,70.0,653.764155,"{""columns"": [""region_id"", ""tier"", ""total_cents"", ""row_count""], ""dtypes"": [""int64"", ""int64"", ""int64"", ""int64""], ""hash_sum"": ""15482229778153811636"", ""hash_xor"": ""14299020784962879478"", ""rows"": 200}",621.622727,6532,200,"[""01c6f236-0001-fe0c-0001-9ade000b97be"", ""01c6f236-0001-fe0c-0001-9ade000b97c2""]",14.894564,True,"{""01c6f236-0001-fe0c-0001-9ade000b97be"": {""server_total_ms"": 237, ""server_compilation_ms"": 53, ""server_execution_ms"": 184, ""server_provisioning_queue_ms"": 0, ""server_overload_queue_ms"": 0, ""server_bytes_scanned"": 973312}, ""01c6f236-0001-fe0c-0001-9ade000b97c2"": {""server_total_ms"": 189, ""server_compilation_ms"": 60, ""server_execution_ms"": 129, ""server_provisioning_queue_ms"": 0, ""server_overload_queue_ms"": 0, ""server_bytes_scanned"": 238592}}"
100000,warehouse,join_groupby,duckdb,5,23,01c6f236-0001-fe0c-0001-9ade000b9796,17.950904,140.0,691.436416,"{""columns"": [""region_id"", ""tier"", ""total_cents"", ""row_count""], ""dtypes"": [""int64"", ""int64"", ""int64"", ""int64""], ""hash_sum"": ""15482229778153811636"", ""hash_xor"": ""14299020784962879478"", ""rows"": 200}",658.536149,6532,200,"[""01c6f236-0001-fe0c-0001-9ade000b97c6"", ""01c6f236-0001-fe0c-0001-9ade000b97ca""]",14.949363,True,"{""01c6f236-0001-fe0c-0001-9ade000b97c6"": {""server_total_ms"": 234, ""server_compilation_ms"": 65, ""server_execution_ms"": 169, ""server_provisioning_queue_ms"": 0, ""server_overload_queue_ms"": 0, ""server_bytes_scanned"": 973312}, ""01c6f236-0001-fe0c-0001-9ade000b97ca"": {""server_total_ms"": 221, ""server_compilation_ms"": 57, ""server_execution_ms"": 164, ""server_provisioning_queue_ms"": 0, ""server_overload_queue_ms"": 0, ""server_bytes_scanned"": 238592}}"
100000,warehouse,join_groupby,duckdb,5,24,01c6f236-0001-fe0c-0001-9ade000b9796,17.716631,130.0,1346.405517,"{""columns"": [""region_id"", ""tier"", ""total_cents"", ""row_count""], ""dtypes"": [""int64"", ""int64"", ""int64"", ""int64""], ""hash_sum"": ""15482229778153811636"", ""hash_xor"": ""14299020784962879478"", ""rows"": 200}",1313.798345,6532,200,"[""01c6f236-0001-fe0c-0001-9ade000b97ce"", ""01c6f236-0001-fe0c-0001-9ade000b97d2""]",14.890541,True,"{""01c6f236-0001-fe0c-0001-9ade000b97ce"": {""server_total_ms"": 247, ""server_compilation_ms"": 66, ""server_execution_ms"": 181, ""server_provisioning_queue_ms"": 0, ""server_overload_queue_ms"": 0, ""server_bytes_scanned"": 973312}, ""01c6f236-0001-fe0c-0001-9ade000b97d2"": {""server_total_ms"": 847, ""server_compilation_ms"": 63, ""server_execution_ms"": 784, ""server_provisioning_queue_ms"": 0, ""server_overload_queue_ms"": 0, ""server_bytes_scanned"": 238592}}"
100000,warehouse,join_groupby,duckdb,5,25,01c6f236-0001-fe0c-0001-9ade000b9796,18.032462,90.0,697.476542,"{""columns"": [""region_id"", ""tier"", ""total_cents"", ""row_count""], ""dtypes"": [""int64"", ""int64"", ""int64"", ""int64""], ""hash_sum"": ""15482229778153811636"", ""hash_xor"": ""14299020784962879478"", ""rows"": 200}",664.733007,6532,200,"[""01c6f236-0001-fe0c-0001-9ade000b97d6"", ""01c6f236-0001-fe0c-0001-9ade000b97da""]",14.711073,True,"{""01c6f236-0001-fe0c-0001-9ade000b97d6"": {""server_total_ms"": 251, ""server_compilation_ms"": 67, ""server_execution_ms"": 184, ""server_provisioning_queue_ms"": 0, ""server_overload_queue_ms"": 0, ""server_bytes_scanned"": 973312}, ""01c6f236-0001-fe0c-0001-9ade000b97da"": {""server_total_ms"": 203, ""server_compilation_ms"": 58, ""server_execution_ms"": 145, ""server_provisioning_queue_ms"": 0, ""server_overload_queue_ms"": 0, ""server_bytes_scanned"": 238592}}"
10000000,warehouse,clean_derive,duckdb,5,21,01c6f236-0001-fcf9-0001-9ade000b5c0e,108.19322,1440.0,2087.283876,"{""columns"": [""id"", ""net_cents""], ""dtypes"": [""int64"", ""int64""], ""hash_sum"": ""14285702759883698828"", ""hash_xor"": ""425970959959544156"", ""rows"": 10000000}",1965.884433,160000132,10000000,"[""01c6f236-0001-fcf9-0001-9ade000b5c2a""]",13.206223,True,"{""01c6f236-0001-fcf9-0001-9ade000b5c2a"": {""server_total_ms"": 509, ""server_compilation_ms"": 77, ""server_execution_ms"": 432, ""server_provisioning_queue_ms"": 0, ""server_overload_queue_ms"": 0, ""server_bytes_scanned"": 151591936}}"
10000000,warehouse,clean_derive,duckdb,5,22,01c6f236-0001-fcf9-0001-9ade000b5c0e,110.116905,1450.0,2027.041477,"{""columns"": [""id"", ""net_cents""], ""dtypes"": [""int64"", ""int64""], ""hash_sum"": ""14285702759883698828"", ""hash_xor"": ""425970959959544156"", ""rows"": 10000000}",1902.407214,160000132,10000000,"[""01c6f236-0001-fcf9-0001-9ade000b5c2e""]",14.517358,True,"{""01c6f236-0001-fcf9-0001-9ade000b5c2e"": {""server_total_ms"": 466, ""server_compilation_ms"": 88, ""server_execution_ms"": 378, ""server_provisioning_queue_ms"": 0, ""server_overload_queue_ms"": 0, ""server_bytes_scanned"": 151591936}}"
10000000,warehouse,clean_derive,duckdb,5,23,01c6f236-0001-fcf9-0001-9ade000b5c0e,110.792059,1380.0,2211.679173,"{""columns"": [""id"", ""net_cents""], ""dtypes"": [""int64"", ""int64""], ""hash_sum"": ""14285702759883698828"", ""hash_xor"": ""425970959959544156"", ""rows"": 10000000}",2087.32914,160000132,10000000,"[""01c6f236-0001-fcf9-0001-9ade000b5c32""]",13.557974,True,"{""01c6f236-0001-fcf9-0001-9ade000b5c32"": {""server_total_ms"": 618, ""server_compilation_ms"": 116, ""server_execution_ms"": 502, ""server_provisioning_queue_ms"": 0, ""server_overload_queue_ms"": 0, ""server_bytes_scanned"": 151591936}}"
10000000,warehouse,clean_derive,duckdb,5,24,01c6f236-0001-fcf9-0001-9ade000b5c0e,113.689743,1360.0,2065.361709,"{""columns"": [""id"", ""net_cents""], ""dtypes"": [""int64"", ""int64""], ""hash_sum"": ""14285702759883698828"", ""hash_xor"": ""425970959959544156"", ""rows"": 10000000}",1938.076962,160000132,10000000,"[""01c6f236-0001-fcf9-0001-9ade000b5c36""]",13.595004,True,"{""01c6f236-0001-fcf9-0001-9ade000b5c36"": {""server_total_ms"": 486, ""server_compilation_ms"": 74, ""server_execution_ms"": 412, ""server_provisioning_queue_ms"": 0, ""server_overload_queue_ms"": 0, ""server_bytes_scanned"": 151591936}}"
10000000,warehouse,clean_derive,duckdb,5,25,01c6f236-0001-fcf9-0001-9ade000b5c0e,109.718431,1410.0,2161.474919,"{""columns"": [""id"", ""net_cents""], ""dtypes"": [""int64"", ""int64""], ""hash_sum"": ""14285702759883698828"", ""hash_xor"": ""425970959959544156"", ""rows"": 10000000}",2038.505362,160000132,10000000,"[""01c6f237-0001-fcf9-0001-9ade000b5c3a""]",13.251126,True,"{""01c6f237-0001-fcf9-0001-9ade000b5c3a"": {""server_total_ms"": 556, ""server_compilation_ms"": 81, ""server_execution_ms"": 475, ""server_provisioning_queue_ms"": 0, ""server_overload_queue_ms"": 0, ""server_bytes_scanned"": 151591936}}"
1000000,warehouse,groupby,snowflake,5,21,01c6f237-0001-fcf9-0001-9ade000b5c42,120.985697,10.0,120.985697,"{""columns"": [""region_id"", ""total_cents"", ""total_quantity"", ""row_count""], ""dtypes"": [""int64"", ""int64"", ""int64"", ""int64""], ""hash_sum"": ""3129039791569495086"", ""hash_xor"": ""14932865647023855810"", ""rows"": 50}",,1732,50,"[""01c6f237-0001-fcf9-0001-9ade000b5c5e""]",0.0,True,"{""01c6f237-0001-fcf9-0001-9ade000b5c5e"": {""server_total_ms"": 103, ""server_compilation_ms"": 71, ""server_execution_ms"": 32, ""server_provisioning_queue_ms"": 0, ""server_overload_queue_ms"": 0, ""server_bytes_scanned"": 7627264}}"
1000000,warehouse,groupby,snowflake,5,22,01c6f237-0001-fcf9-0001-9ade000b5c42,122.523352,0.0,122.523352,"{""columns"": [""region_id"", ""total_cents"", ""total_quantity"", ""row_count""], ""dtypes"": [""int64"", ""int64"", ""int64"", ""int64""], ""hash_sum"": ""3129039791569495086"", ""hash_xor"": ""14932865647023855810"", ""rows"": 50}",,1732,50,"[""01c6f237-0001-fcf9-0001-9ade000b5c62""]",0.0,True,"{""01c6f237-0001-fcf9-0001-9ade000b5c62"": {""server_total_ms"": 105, ""server_compilation_ms"": 73, ""server_execution_ms"": 32, ""server_provisioning_queue_ms"": 0, ""server_overload_queue_ms"": 0, ""server_bytes_scanned"": 7627264}}"
1000000,warehouse,groupby,snowflake,5,23,01c6f237-0001-fcf9-0001-9ade000b5c42,127.805476,0.0,127.805476,"{""columns"": [""region_id"", ""total_cents"", ""total_quantity"", ""row_count""], ""dtypes"": [""int64"", ""int64"", ""int64"", ""int64""], ""hash_sum"": ""3129039791569495086"", ""hash_xor"": ""14932865647023855810"", ""rows"": 50}",,1732,50,"[""01c6f237-0001-fcf9-0001-9ade000b5c66""]",0.0,True,"{""01c6f237-0001-fcf9-0001-9ade000b5c66"": {""server_total_ms"": 111, ""server_compilation_ms"": 80, ""server_execution_ms"": 31, ""server_provisioning_queue_ms"": 0, ""server_overload_queue_ms"": 0, ""server_bytes_scanned"": 7627264}}"
1000000,warehouse,groupby,snowflake,5,24,01c6f237-0001-fcf9-0001-9ade000b5c42,125.053717,0.0,125.053717,"{""columns"": [""region_id"", ""total_cents"", ""total_quantity"", ""row_count""], ""dtypes"": [""int64"", ""int64"", ""int64"", ""int64""], ""hash_sum"": ""3129039791569495086"", ""hash_xor"": ""14932865647023855810"", ""rows"": 50}",,1732,50,"[""01c6f237-0001-fcf9-0001-9ade000b5c6a""]",0.0,True,"{""01c6f237-0001-fcf9-0001-9ade000b5c6a"": {""server_total_ms"": 106, ""server_compilation_ms"": 75, ""server_execution_ms"": 31, ""server_provisioning_queue_ms"": 0, ""server_overload_queue_ms"": 0, ""server_bytes_scanned"": 7627264}}"
1000000,warehouse,groupby,snowflake,5,25,01c6f237-0001-fcf9-0001-9ade000b5c42,117.48805,0.0,117.48805,"{""columns"": [""region_id"", ""total_cents"", ""total_quantity"", ""row_count""], ""dtypes"": [""int64"", ""int64"", ""int64"", ""int64""], ""hash_sum"": ""3129039791569495086"", ""hash_xor"": ""14932865647023855810"", ""rows"": 50}",,1732,50,"[""01c6f237-0001-fcf9-0001-9ade000b5c6e""]",0.0,True,"{""01c6f237-0001-fcf9-0001-9ade000b5c6e"": {""server_total_ms"": 99, ""server_compilation_ms"": 68, ""server_execution_ms"": 31, ""server_provisioning_queue_ms"": 0, ""server_overload_queue_ms"": 0, ""server_bytes_scanned"": 7627264}}"
100000,warehouse,join_groupby,snowflake,5,21,01c6f237-0001-fcf9-0001-9ade000b5c72,176.899035,0.0,176.899035,"{""columns"": [""region_id"", ""tier"", ""total_cents"", ""row_count""], ""dtypes"": [""int64"", ""int64"", ""int64"", ""int64""], ""hash_sum"": ""15482229778153811636"", ""hash_xor"": ""14299020784962879478"", ""rows"": 200}",,6532,200,"[""01c6f237-0001-fcf9-0001-9ade000b5c8e""]",0.0,True,"{""01c6f237-0001-fcf9-0001-9ade000b5c8e"": {""server_total_ms"": 146, ""server_compilation_ms"": 97, ""server_execution_ms"": 49, ""server_provisioning_queue_ms"": 0, ""server_overload_queue_ms"": 0, ""server_bytes_scanned"": 1211904}}"
100000,warehouse,join_groupby,snowflake,5,22,01c6f237-0001-fcf9-0001-9ade000b5c72,158.61883,10.0,158.61883,"{""columns"": [""region_id"", ""tier"", ""total_cents"", ""row_count""], ""dtypes"": [""int64"", ""int64"", ""int64"", ""int64""], ""hash_sum"": ""15482229778153811636"", ""hash_xor"": ""14299020784962879478"", ""rows"": 200}",,6532,200,"[""01c6f237-0001-fcf9-0001-9ade000b5c92""]",0.0,True,"{""01c6f237-0001-fcf9-0001-9ade000b5c92"": {""server_total_ms"": 127, ""server_compilation_ms"": 80, ""server_execution_ms"": 47, ""server_provisioning_queue_ms"": 0, ""server_overload_queue_ms"": 0, ""server_bytes_scanned"": 1211904}}"
100000,warehouse,join_groupby,snowflake,5,23,01c6f237-0001-fcf9-0001-9ade000b5c72,157.115935,0.0,157.115935,"{""columns"": [""region_id"", ""tier"", ""total_cents"", ""row_count""], ""dtypes"": [""int64"", ""int64"", ""int64"", ""int64""], ""hash_sum"": ""15482229778153811636"", ""hash_xor"": ""14299020784962879478"", ""rows"": 200}",,6532,200,"[""01c6f237-0001-fcf9-0001-9ade000b5c96""]",0.0,True,"{""01c6f237-0001-fcf9-0001-9ade000b5c96"": {""server_total_ms"": 129, ""server_compilation_ms"": 84, ""server_execution_ms"": 45, ""server_provisioning_queue_ms"": 0, ""server_overload_queue_ms"": 0, ""server_bytes_scanned"": 1211904}}"
100000,warehouse,join_groupby,snowflake,5,24,01c6f237-0001-fcf9-0001-9ade000b5c72,168.450081,0.0,168.450081,"{""columns"": [""region_id"", ""tier"", ""total_cents"", ""row_count""], ""dtypes"": [""int64"", ""int64"", ""int64"", ""int64""], ""hash_sum"": ""15482229778153811636"", ""hash_xor"": ""14299020784962879478"", ""rows"": 200}",,6532,200,"[""01c6f237-0001-fcf9-0001-9ade000b5c9a""]",0.0,True,"{""01c6f237-0001-fcf9-0001-9ade000b5c9a"": {""server_total_ms"": 136, ""server_compilation_ms"": 89, ""server_execution_ms"": 47, ""server_provisioning_queue_ms"": 0, ""server_overload_queue_ms"": 0, ""server_bytes_scanned"": 1211904}}"
100000,warehouse,join_groupby,snowflake,5,25,01c6f237-0001-fcf9-0001-9ade000b5c72,180.746453,0.0,180.746453,"{""columns"": [""region_id"", ""tier"", ""total_cents"", ""row_count""], ""dtypes"": [""int64"", ""int64"", ""int64"", ""int64""], ""hash_sum"": ""15482229778153811636"", ""hash_xor"": ""14299020784962879478"", ""rows"": 200}",,6532,200,"[""01c6f237-0001-fcf9-0001-9ade000b5c9e""]",0.0,True,"{""01c6f237-0001-fcf9-0001-9ade000b5c9e"": {""server_total_ms"": 137, ""server_compilation_ms"": 88, ""server_execution_ms"": 49, ""server_provisioning_queue_ms"": 0, ""server_overload_queue_ms"": 0, ""server_bytes_scanned"": 1211904}}"
10000000,warehouse,join_groupby,snowflake,5,21,01c6f237-0001-fe0c-0001-9ade000b97e6,211.760281,10.0,211.760281,"{""columns"": [""region_id"", ""tier"", ""total_cents"", ""row_count""], ""dtypes"": [""int64"", ""int64"", ""int64"", ""int64""], ""hash_sum"": ""17973786493157141569"", ""hash_xor"": ""18413190608798210925"", ""rows"": 200}",,6532,200,"[""01c6f237-0001-fe0c-0001-9ade000b9802""]",0.0,True,"{""01c6f237-0001-fe0c-0001-9ade000b9802"": {""server_total_ms"": 182, ""server_compilation_ms"": 84, ""server_execution_ms"": 98, ""server_provisioning_queue_ms"": 0, ""server_overload_queue_ms"": 0, ""server_bytes_scanned"": 146852864}}"
10000000,warehouse,join_groupby,snowflake,5,22,01c6f237-0001-fe0c-0001-9ade000b97e6,206.851277,0.0,206.851277,"{""columns"": [""region_id"", ""tier"", ""total_cents"", ""row_count""], ""dtypes"": [""int64"", ""int64"", ""int64"", ""int64""], ""hash_sum"": ""17973786493157141569"", ""hash_xor"": ""18413190608798210925"", ""rows"": 200}",,6532,200,"[""01c6f237-0001-fe0c-0001-9ade000b9806""]",0.0,True,"{""01c6f237-0001-fe0c-0001-9ade000b9806"": {""server_total_ms"": 168, ""server_compilation_ms"": 84, ""server_execution_ms"": 84, ""server_provisioning_queue_ms"": 0, ""server_overload_queue_ms"": 0, ""server_bytes_scanned"": 156048813}}"
10000000,warehouse,join_groupby,snowflake,5,23,01c6f237-0001-fe0c-0001-9ade000b97e6,227.301962,10.0,227.301962,"{""columns"": [""region_id"", ""tier"", ""total_cents"", ""row_count""], ""dtypes"": [""int64"", ""int64"", ""int64"", ""int64""], ""hash_sum"": ""17973786493157141569"", ""hash_xor"": ""18413190608798210925"", ""rows"": 200}",,6532,200,"[""01c6f237-0001-fe0c-0001-9ade000b980a""]",0.0,True,"{""01c6f237-0001-fe0c-0001-9ade000b980a"": {""server_total_ms"": 197, ""server_compilation_ms"": 83, ""server_execution_ms"": 114, ""server_provisioning_queue_ms"": 0, ""server_overload_queue_ms"": 0, ""server_bytes_scanned"": 151071228}}"
10000000,warehouse,join_groupby,snowflake,5,24,01c6f237-0001-fe0c-0001-9ade000b97e6,206.586174,0.0,206.586174,"{""columns"": [""region_id"", ""tier"", ""total_cents"", ""row_count""], ""dtypes"": [""int64"", ""int64"", ""int64"", ""int64""], ""hash_sum"": ""17973786493157141569"", ""hash_xor"": ""18413190608798210925"", ""rows"": 200}",,6532,200,"[""01c6f237-0001-fe0c-0001-9ade000b980e""]",0.0,True,"{""01c6f237-0001-fe0c-0001-9ade000b980e"": {""server_total_ms"": 165, ""server_compilation_ms"": 80, ""server_execution_ms"": 85, ""server_provisioning_queue_ms"": 0, ""server_overload_queue_ms"": 0, ""server_bytes_scanned"": 141875200}}"
10000000,warehouse,join_groupby,snowflake,5,25,01c6f237-0001-fe0c-0001-9ade000b97e6,210.910855,0.0,210.910855,"{""columns"": [""region_id"", ""tier"", ""total_cents"", ""row_count""], ""dtypes"": [""int64"", ""int64"", ""int64"", ""int64""], ""hash_sum"": ""17973786493157141569"", ""hash_xor"": ""18413190608798210925"", ""rows"": 200}",,6532,200,"[""01c6f237-0001-fe0c-0001-9ade000b9812""]",0.0,True,"{""01c6f237-0001-fe0c-0001-9ade000b9812"": {""server_total_ms"": 173, ""server_compilation_ms"": 79, ""server_execution_ms"": 94, ""server_provisioning_queue_ms"": 0, ""server_overload_queue_ms"": 0, ""server_bytes_scanned"": 141875712}}"
10000000,warehouse,groupby,snowflake,5,21,01c6f237-0001-fcf9-0001-9ade000b5ca6,147.472636,10.0,147.472636,"{""columns"": [""region_id"", ""total_cents"", ""total_quantity"", ""row_count""], ""dtypes"": [""int64"", ""int64"", ""int64"", ""int64""], ""hash_sum"": ""3404719191165042972"", ""hash_xor"": ""2526757767072946434"", ""rows"": 50}",,1732,50,"[""01c6f237-0001-fcf9-0001-9ade000b5cc2""]",0.0,True,"{""01c6f237-0001-fcf9-0001-9ade000b5cc2"": {""server_total_ms"": 128, ""server_compilation_ms"": 76, ""server_execution_ms"": 52, ""server_provisioning_queue_ms"": 0, ""server_overload_queue_ms"": 0, ""server_bytes_scanned"": 151591936}}"
10000000,warehouse,groupby,snowflake,5,22,01c6f237-0001-fcf9-0001-9ade000b5ca6,135.875094,0.0,135.875094,"{""columns"": [""region_id"", ""total_cents"", ""total_quantity"", ""row_count""], ""dtypes"": [""int64"", ""int64"", ""int64"", ""int64""], ""hash_sum"": ""3404719191165042972"", ""hash_xor"": ""2526757767072946434"", ""rows"": 50}",,1732,50,"[""01c6f237-0001-fcf9-0001-9ade000b5cc6""]",0.0,True,"{""01c6f237-0001-fcf9-0001-9ade000b5cc6"": {""server_total_ms"": 118, ""server_compilation_ms"": 67, ""server_execution_ms"": 51, ""server_provisioning_queue_ms"": 0, ""server_overload_queue_ms"": 0, ""server_bytes_scanned"": 151591936}}"
10000000,warehouse,groupby,snowflake,5,23,01c6f237-0001-fcf9-0001-9ade000b5ca6,135.506515,10.0,135.506515,"{""columns"": [""region_id"", ""total_cents"", ""total_quantity"", ""row_count""], ""dtypes"": [""int64"", ""int64"", ""int64"", ""int64""], ""hash_sum"": ""3404719191165042972"", ""hash_xor"": ""2526757767072946434"", ""rows"": 50}",,1732,50,"[""01c6f237-0001-fcf9-0001-9ade000b5cca""]",0.0,True,"{""01c6f237-0001-fcf9-0001-9ade000b5cca"": {""server_total_ms"": 117, ""server_compilation_ms"": 67, ""server_execution_ms"": 50, ""server_provisioning_queue_ms"": 0, ""server_overload_queue_ms"": 0, ""server_bytes_scanned"": 151591936}}"
10000000,warehouse,groupby,snowflake,5,24,01c6f237-0001-fcf9-0001-9ade000b5ca6,144.818699,0.0,144.818699,"{""columns"": [""region_id"", ""total_cents"", ""total_quantity"", ""row_count""], ""dtypes"": [""int64"", ""int64"", ""int64"", ""int64""], ""hash_sum"": ""3404719191165042972"", ""hash_xor"": ""2526757767072946434"", ""rows"": 50}",,1732,50,"[""01c6f237-0001-fcf9-0001-9ade000b5cce""]",0.0,True,"{""01c6f237-0001-fcf9-0001-9ade000b5cce"": {""server_total_ms"": 126, ""server_compilation_ms"": 73, ""server_execution_ms"": 53, ""server_provisioning_queue_ms"": 0, ""server_overload_queue_ms"": 0, ""server_bytes_scanned"": 151591936}}"
10000000,warehouse,groupby,snowflake,5,25,01c6f237-0001-fcf9-0001-9ade000b5ca6,138.798924,0.0,138.798924,"{""columns"": [""region_id"", ""total_cents"", ""total_quantity"", ""row_count""], ""dtypes"": [""int64"", ""int64"", ""int64"", ""int64""], ""hash_sum"": ""3404719191165042972"", ""hash_xor"": ""2526757767072946434"", ""rows"": 50}",,1732,50,"[""01c6f237-0001-fcf9-0001-9ade000b5cd2""]",0.0,True,"{""01c6f237-0001-fcf9-0001-9ade000b5cd2"": {""server_total_ms"": 121, ""server_compilation_ms"": 67, ""server_execution_ms"": 54, ""server_provisioning_queue_ms"": 0, ""server_overload_queue_ms"": 0, ""server_bytes_scanned"": 151591936}}"
100000,warehouse,groupby,pandas,5,21,01c6f237-0001-fcf8-0001-9ade000ba0e6,4.970343,20.0,313.734696,"{""columns"": [""region_id"", ""total_cents"", ""total_quantity"", ""row_count""], ""dtypes"": [""int64"", ""int64"", ""int64"", ""int64""], ""hash_sum"": ""5148165510768826946"", ""hash_xor"": ""7876665366988197046"", ""rows"": 50}",308.764353,1732,50,"[""01c6f237-0001-fcf8-0001-9ade000ba102""]",0.0,True,"{""01c6f237-0001-fcf8-0001-9ade000ba102"": {""server_total_ms"": 201, ""server_compilation_ms"": 61, ""server_execution_ms"": 140, ""server_provisioning_queue_ms"": 0, ""server_overload_queue_ms"": 0, ""server_bytes_scanned"": 973312}}"
100000,warehouse,groupby,pandas,5,22,01c6f237-0001-fcf8-0001-9ade000ba0e6,5.010569,30.0,313.418152,"{""columns"": [""region_id"", ""total_cents"", ""total_quantity"", ""row_count""], ""dtypes"": [""int64"", ""int64"", ""int64"", ""int64""], ""hash_sum"": ""5148165510768826946"", ""hash_xor"": ""7876665366988197046"", ""rows"": 50}",308.407583,1732,50,"[""01c6f237-0001-fcf8-0001-9ade000ba106""]",0.0,True,"{""01c6f237-0001-fcf8-0001-9ade000ba106"": {""server_total_ms"": 208, ""server_compilation_ms"": 54, ""server_execution_ms"": 154, ""server_provisioning_queue_ms"": 0, ""server_overload_queue_ms"": 0, ""server_bytes_scanned"": 973312}}"
100000,warehouse,groupby,pandas,5,23,01c6f237-0001-fcf8-0001-9ade000ba0e6,5.233818,40.0,292.338653,"{""columns"": [""region_id"", ""total_cents"", ""total_quantity"", ""row_count""], ""dtypes"": [""int64"", ""int64"", ""int64"", ""int64""], ""hash_sum"": ""5148165510768826946"", ""hash_xor"": ""7876665366988197046"", ""rows"": 50}",287.104835,1732,50,"[""01c6f237-0001-fcf8-0001-9ade000ba10a""]",0.0,True,"{""01c6f237-0001-fcf8-0001-9ade000ba10a"": {""server_total_ms"": 190, ""server_compilation_ms"": 54, ""server_execution_ms"": 136, ""server_provisioning_queue_ms"": 0, ""server_overload_queue_ms"": 0, ""server_bytes_scanned"": 973312}}"
100000,warehouse,groupby,pandas,5,24,01c6f237-0001-fcf8-0001-9ade000ba0e6,5.045294,20.0,303.70314,"{""columns"": [""region_id"", ""total_cents"", ""total_quantity"", ""row_count""], ""dtypes"": [""int64"", ""int64"", ""int64"", ""int64""], ""hash_sum"": ""5148165510768826946"", ""hash_xor"": ""7876665366988197046"", ""rows"": 50}",298.657846,1732,50,"[""01c6f237-0001-fcf8-0001-9ade000ba10e""]",0.0,True,"{""01c6f237-0001-fcf8-0001-9ade000ba10e"": {""server_total_ms"": 197, ""server_compilation_ms"": 56, ""server_execution_ms"": 141, ""server_provisioning_queue_ms"": 0, ""server_overload_queue_ms"": 0, ""server_bytes_scanned"": 973312}}"
100000,warehouse,groupby,pandas,5,25,01c6f237-0001-fcf8-0001-9ade000ba0e6,5.085559,40.0,319.47736,"{""columns"": [""region_id"", ""total_cents"", ""total_quantity"", ""row_count""], ""dtypes"": [""int64"", ""int64"", ""int64"", ""int64""], ""hash_sum"": ""5148165510768826946"", ""hash_xor"": ""7876665366988197046"", ""rows"": 50}",314.391801,1732,50,"[""01c6f237-0001-fcf8-0001-9ade000ba112""]",0.0,True,"{""01c6f237-0001-fcf8-0001-9ade000ba112"": {""server_total_ms"": 216, ""server_compilation_ms"": 56, ""server_execution_ms"": 160, ""server_provisioning_queue_ms"": 0, ""server_overload_queue_ms"": 0, ""server_bytes_scanned"": 973312}}"
10000000,warehouse,join_groupby,pandas,5,21,01c6f237-0001-fe0c-0001-9ade000b981a,784.736575,1700.0,2915.444506,"{""columns"": [""region_id"", ""tier"", ""total_cents"", ""row_count""], ""dtypes"": [""int64"", ""int64"", ""int64"", ""int64""], ""hash_sum"": ""17973786493157141569"", ""hash_xor"": ""18413190608798210925"", ""rows"": 200}",2130.707931,6532,200,"[""01c6f237-0001-fe0c-0001-9ade000b983a"", ""01c6f237-0001-fe0c-0001-9ade000b983e""]",0.0,True,"{""01c6f237-0001-fe0c-0001-9ade000b983a"": {""server_total_ms"": 458, ""server_compilation_ms"": 77, ""server_execution_ms"": 381, ""server_provisioning_queue_ms"": 0, ""server_overload_queue_ms"": 0, ""server_bytes_scanned"": 151591936}, ""01c6f237-0001-fe0c-0001-9ade000b983e"": {""server_total_ms"": 243, ""server_compilation_ms"": 75, ""server_execution_ms"": 168, ""server_provisioning_queue_ms"": 0, ""server_overload_queue_ms"": 0, ""server_bytes_scanned"": 238592}}"
10000000,warehouse,join_groupby,pandas,5,22,01c6f237-0001-fe0c-0001-9ade000b981a,790.961924,1680.0,2945.270025,"{""columns"": [""region_id"", ""tier"", ""total_cents"", ""row_count""], ""dtypes"": [""int64"", ""int64"", ""int64"", ""int64""], ""hash_sum"": ""17973786493157141569"", ""hash_xor"": ""18413190608798210925"", ""rows"": 200}",2154.308101,6532,200,"[""01c6f237-0001-fe0c-0001-9ade000b9842"", ""01c6f237-0001-fe0c-0001-9ade000b9846""]",0.0,True,"{""01c6f237-0001-fe0c-0001-9ade000b9842"": {""server_total_ms"": 467, ""server_compilation_ms"": 83, ""server_execution_ms"": 384, ""server_provisioning_queue_ms"": 0, ""server_overload_queue_ms"": 0, ""server_bytes_scanned"": 151591936}, ""01c6f237-0001-fe0c-0001-9ade000b9846"": {""server_total_ms"": 201, ""server_compilation_ms"": 62, ""server_execution_ms"": 139, ""server_provisioning_queue_ms"": 0, ""server_overload_queue_ms"": 0, ""server_bytes_scanned"": 238592}}"
10000000,warehouse,join_groupby,pandas,5,23,01c6f237-0001-fe0c-0001-9ade000b981a,752.254011,1700.0,2875.694844,"{""columns"": [""region_id"", ""tier"", ""total_cents"", ""row_count""], ""dtypes"": [""int64"", ""int64"", ""int64"", ""int64""], ""hash_sum"": ""17973786493157141569"", ""hash_xor"": ""18413190608798210925"", ""rows"": 200}",2123.440833,6532,200,"[""01c6f237-0001-fe0c-0001-9ade000b984a"", ""01c6f237-0001-fe0c-0001-9ade000b984e""]",0.0,True,"{""01c6f237-0001-fe0c-0001-9ade000b984a"": {""server_total_ms"": 483, ""server_compilation_ms"": 72, ""server_execution_ms"": 411, ""server_provisioning_queue_ms"": 0, ""server_overload_queue_ms"": 0, ""server_bytes_scanned"": 151591936}, ""01c6f237-0001-fe0c-0001-9ade000b984e"": {""server_total_ms"": 186, ""server_compilation_ms"": 50, ""server_execution_ms"": 136, ""server_provisioning_queue_ms"": 0, ""server_overload_queue_ms"": 0, ""server_bytes_scanned"": 238592}}"
10000000,warehouse,join_groupby,pandas,5,24,01c6f237-0001-fe0c-0001-9ade000b981a,787.476326,1610.0,2923.667868,"{""columns"": [""region_id"", ""tier"", ""total_cents"", ""row_count""], ""dtypes"": [""int64"", ""int64"", ""int64"", ""int64""], ""hash_sum"": ""17973786493157141569"", ""hash_xor"": ""18413190608798210925"", ""rows"": 200}",2136.191542,6532,200,"[""01c6f237-0001-fe0c-0001-9ade000b9852"", ""01c6f237-0001-fe0c-0001-9ade000b9856""]",0.0,True,"{""01c6f237-0001-fe0c-0001-9ade000b9852"": {""server_total_ms"": 518, ""server_compilation_ms"": 87, ""server_execution_ms"": 431, ""server_provisioning_queue_ms"": 0, ""server_overload_queue_ms"": 0, ""server_bytes_scanned"": 151591936}, ""01c6f237-0001-fe0c-0001-9ade000b9856"": {""server_total_ms"": 184, ""server_compilation_ms"": 58, ""server_execution_ms"": 126, ""server_provisioning_queue_ms"": 0, ""server_overload_queue_ms"": 0, ""server_bytes_scanned"": 238592}}"
10000000,warehouse,join_groupby,pandas,5,25,01c6f237-0001-fe0c-0001-9ade000b981a,801.234118,1700.0,2907.050587,"{""columns"": [""region_id"", ""tier"", ""total_cents"", ""row_count""], ""dtypes"": [""int64"", ""int64"", ""int64"", ""int64""], ""hash_sum"": ""17973786493157141569"", ""hash_xor"": ""18413190608798210925"", ""rows"": 200}",2105.816469,6532,200,"[""01c6f237-0001-fe0c-0001-9ade000b985a"", ""01c6f237-0001-fe0c-0001-9ade000b985e""]",0.0,True,"{""01c6f237-0001-fe0c-0001-9ade000b985a"": {""server_total_ms"": 437, ""server_compilation_ms"": 55, ""server_execution_ms"": 382, ""server_provisioning_queue_ms"": 0, ""server_overload_queue_ms"": 0, ""server_bytes_scanned"": 151591936}, ""01c6f237-0001-fe0c-0001-9ade000b985e"": {""server_total_ms"": 190, ""server_compilation_ms"": 65, ""server_execution_ms"": 125, ""server_provisioning_queue_ms"": 0, ""server_overload_queue_ms"": 0, ""server_bytes_scanned"": 238592}}"
1000000,warehouse,clean_derive,duckdb,5,21,01c6f237-0001-fcf9-0001-9ade000b5cd6,17.395941,110.0,693.245762,"{""columns"": [""id"", ""net_cents""], ""dtypes"": [""int64"", ""int64""], ""hash_sum"": ""16902620082194219032"", ""hash_xor"": ""7441825716312922670"", ""rows"": 1000000}",662.64278,16000132,1000000,"[""01c6f237-0001-fcf9-0001-9ade000b5cf2""]",13.207041,True,"{""01c6f237-0001-fcf9-0001-9ade000b5cf2"": {""server_total_ms"": 451, ""server_compilation_ms"": 65, ""server_execution_ms"": 386, ""server_provisioning_queue_ms"": 0, ""server_overload_queue_ms"": 0, ""server_bytes_scanned"": 7627264}}"
1000000,warehouse,clean_derive,duckdb,5,22,01c6f237-0001-fcf9-0001-9ade000b5cd6,17.629473,220.0,715.687433,"{""columns"": [""id"", ""net_cents""], ""dtypes"": [""int64"", ""int64""], ""hash_sum"": ""16902620082194219032"", ""hash_xor"": ""7441825716312922670"", ""rows"": 1000000}",684.191185,16000132,1000000,"[""01c6f237-0001-fcf9-0001-9ade000b5cf6""]",13.866775,True,"{""01c6f237-0001-fcf9-0001-9ade000b5cf6"": {""server_total_ms"": 487, ""server_compilation_ms"": 68, ""server_execution_ms"": 419, ""server_provisioning_queue_ms"": 0, ""server_overload_queue_ms"": 0, ""server_bytes_scanned"": 7627264}}"
1000000,warehouse,clean_derive,duckdb,5,23,01c6f237-0001-fcf9-0001-9ade000b5cd6,17.614245,170.0,663.898054,"{""columns"": [""id"", ""net_cents""], ""dtypes"": [""int64"", ""int64""], ""hash_sum"": ""16902620082194219032"", ""hash_xor"": ""7441825716312922670"", ""rows"": 1000000}",632.156366,16000132,1000000,"[""01c6f237-0001-fcf9-0001-9ade000b5cfa""]",14.127443,True,"{""01c6f237-0001-fcf9-0001-9ade000b5cfa"": {""server_total_ms"": 436, ""server_compilation_ms"": 61, ""server_execution_ms"": 375, ""server_provisioning_queue_ms"": 0, ""server_overload_queue_ms"": 0, ""server_bytes_scanned"": 7627264}}"
1000000,warehouse,clean_derive,duckdb,5,24,01c6f237-0001-fcf9-0001-9ade000b5cd6,18.428703,180.0,729.899322,"{""columns"": [""id"", ""net_cents""], ""dtypes"": [""int64"", ""int64""], ""hash_sum"": ""16902620082194219032"", ""hash_xor"": ""7441825716312922670"", ""rows"": 1000000}",696.442861,16000132,1000000,"[""01c6f238-0001-fcf9-0001-9ade000b5cfe""]",15.027758,True,"{""01c6f238-0001-fcf9-0001-9ade000b5cfe"": {""server_total_ms"": 483, ""server_compilation_ms"": 74, ""server_execution_ms"": 409, ""server_provisioning_queue_ms"": 0, ""server_overload_queue_ms"": 0, ""server_bytes_scanned"": 7627264}}"
1000000,warehouse,clean_derive,duckdb,5,25,01c6f237-0001-fcf9-0001-9ade000b5cd6,18.161443,200.0,731.017527,"{""columns"": [""id"", ""net_cents""], ""dtypes"": [""int64"", ""int64""], ""hash_sum"": ""16902620082194219032"", ""hash_xor"": ""7441825716312922670"", ""rows"": 1000000}",698.334678,16000132,1000000,"[""01c6f238-0001-fcf9-0001-9ade000b5d02""]",14.521406,True,"{""01c6f238-0001-fcf9-0001-9ade000b5d02"": {""server_total_ms"": 500, ""server_compilation_ms"": 59, ""server_execution_ms"": 441, ""server_provisioning_queue_ms"": 0, ""server_overload_queue_ms"": 0, ""server_bytes_scanned"": 7627264}}"
1000000,warehouse,join_groupby,duckdb,5,21,01c6f238-0001-fe0c-0001-9ade000b9866,29.633104,250.0,932.259565,"{""columns"": [""region_id"", ""tier"", ""total_cents"", ""row_count""], ""dtypes"": [""int64"", ""int64"", ""int64"", ""int64""], ""hash_sum"": ""13023197678645621665"", ""hash_xor"": ""8219731451453916309"", ""rows"": 200}",887.679513,6532,200,"[""01c6f238-0001-fe0c-0001-9ade000b9886"", ""01c6f238-0001-fe0c-0001-9ade000b988a""]",14.946948,True,"{""01c6f238-0001-fe0c-0001-9ade000b9886"": {""server_total_ms"": 406, ""server_compilation_ms"": 56, ""server_execution_ms"": 350, ""server_provisioning_queue_ms"": 0, ""server_overload_queue_ms"": 0, ""server_bytes_scanned"": 7627264}, ""01c6f238-0001-fe0c-0001-9ade000b988a"": {""server_total_ms"": 195, ""server_compilation_ms"": 60, ""server_execution_ms"": 135, ""server_provisioning_queue_ms"": 0, ""server_overload_queue_ms"": 0, ""server_bytes_scanned"": 238592}}"
1000000,warehouse,join_groupby,duckdb,5,22,01c6f238-0001-fe0c-0001-9ade000b9866,29.345843,190.0,938.331609,"{""columns"": [""region_id"", ""tier"", ""total_cents"", ""row_count""], ""dtypes"": [""int64"", ""int64"", ""int64"", ""int64""], ""hash_sum"": ""13023197678645621665"", ""hash_xor"": ""8219731451453916309"", ""rows"": 200}",894.176605,6532,200,"[""01c6f238-0001-fe0c-0001-9ade000b988e"", ""01c6f238-0001-fe0c-0001-9ade000b9892""]",14.809161,True,"{""01c6f238-0001-fe0c-0001-9ade000b988e"": {""server_total_ms"": 423, ""server_compilation_ms"": 59, ""server_execution_ms"": 364, ""server_provisioning_queue_ms"": 0, ""server_overload_queue_ms"": 0, ""server_bytes_scanned"": 7627264}, ""01c6f238-0001-fe0c-0001-9ade000b9892"": {""server_total_ms"": 197, ""server_compilation_ms"": 70, ""server_execution_ms"": 127, ""server_provisioning_queue_ms"": 0, ""server_overload_queue_ms"": 0, ""server_bytes_scanned"": 238592}}"
1000000,warehouse,join_groupby,duckdb,5,23,01c6f238-0001-fe0c-0001-9ade000b9866,28.331333,210.0,953.806495,"{""columns"": [""region_id"", ""tier"", ""total_cents"", ""row_count""], ""dtypes"": [""int64"", ""int64"", ""int64"", ""int64""], ""hash_sum"": ""13023197678645621665"", ""hash_xor"": ""8219731451453916309"", ""rows"": 200}",910.730328,6532,200,"[""01c6f238-0001-fe0c-0001-9ade000b9896"", ""01c6f238-0001-fe0c-0001-9ade000b989a""]",14.744834,True,"{""01c6f238-0001-fe0c-0001-9ade000b9896"": {""server_total_ms"": 428, ""server_compilation_ms"": 57, ""server_execution_ms"": 371, ""server_provisioning_queue_ms"": 0, ""server_overload_queue_ms"": 0, ""server_bytes_scanned"": 7627264}, ""01c6f238-0001-fe0c-0001-9ade000b989a"": {""server_total_ms"": 191, ""server_compilation_ms"": 53, ""server_execution_ms"": 138, ""server_provisioning_queue_ms"": 0, ""server_overload_queue_ms"": 0, ""server_bytes_scanned"": 238592}}"
1000000,warehouse,join_groupby,duckdb,5,24,01c6f238-0001-fe0c-0001-9ade000b9866,29.41838,200.0,1029.010533,"{""columns"": [""region_id"", ""tier"", ""total_cents"", ""row_count""], ""dtypes"": [""int64"", ""int64"", ""int64"", ""int64""], ""hash_sum"": ""13023197678645621665"", ""hash_xor"": ""8219731451453916309"", ""rows"": 200}",985.249069,6532,200,"[""01c6f238-0001-fe0c-0001-9ade000b989e"", ""01c6f238-0001-fe0c-0001-9ade000b98a2""]",14.343084,True,"{""01c6f238-0001-fe0c-0001-9ade000b989e"": {""server_total_ms"": 519, ""server_compilation_ms"": 57, ""server_execution_ms"": 462, ""server_provisioning_queue_ms"": 0, ""server_overload_queue_ms"": 0, ""server_bytes_scanned"": 7627264}, ""01c6f238-0001-fe0c-0001-9ade000b98a2"": {""server_total_ms"": 184, ""server_compilation_ms"": 59, ""server_execution_ms"": 125, ""server_provisioning_queue_ms"": 0, ""server_overload_queue_ms"": 0, ""server_bytes_scanned"": 238592}}"
1000000,warehouse,join_groupby,duckdb,5,25,01c6f238-0001-fe0c-0001-9ade000b9866,27.625077,210.0,1094.368938,"{""columns"": [""region_id"", ""tier"", ""total_cents"", ""row_count""], ""dtypes"": [""int64"", ""int64"", ""int64"", ""int64""], ""hash_sum"": ""13023197678645621665"", ""hash_xor"": ""8219731451453916309"", ""rows"": 200}",1052.431425,6532,200,"[""01c6f238-0001-fe0c-0001-9ade000b98a6"", ""01c6f238-0001-fe0c-0001-9ade000b98aa""]",14.312436,True,"{""01c6f238-0001-fe0c-0001-9ade000b98a6"": {""server_total_ms"": 560, ""server_compilation_ms"": 62, ""server_execution_ms"": 498, ""server_provisioning_queue_ms"": 0, ""server_overload_queue_ms"": 0, ""server_bytes_scanned"": 7627264}, ""01c6f238-0001-fe0c-0001-9ade000b98aa"": {""server_total_ms"": 188, ""server_compilation_ms"": 56, ""server_execution_ms"": 132, ""server_provisioning_queue_ms"": 0, ""server_overload_queue_ms"": 0, ""server_bytes_scanned"": 238592}}"
10000000,warehouse,groupby,duckdb,5,21,01c6f238-0001-fcf8-0001-9ade000ba126,43.151362,920.0,1619.357526,"{""columns"": [""region_id"", ""total_cents"", ""total_quantity"", ""row_count""], ""dtypes"": [""int64"", ""int64"", ""int64"", ""int64""], ""hash_sum"": ""3404719191165042972"", ""hash_xor"": ""2526757767072946434"", ""rows"": 50}",1562.336538,1732,50,"[""01c6f238-0001-fcf8-0001-9ade000ba142""]",13.869626,True,"{""01c6f238-0001-fcf8-0001-9ade000ba142"": {""server_total_ms"": 456, ""server_compilation_ms"": 69, ""server_execution_ms"": 387, ""server_provisioning_queue_ms"": 0, ""server_overload_queue_ms"": 0, ""server_bytes_scanned"": 151591936}}"
10000000,warehouse,groupby,duckdb,5,22,01c6f238-0001-fcf8-0001-9ade000ba126,42.824152,780.0,1607.770954,"{""columns"": [""region_id"", ""total_cents"", ""total_quantity"", ""row_count""], ""dtypes"": [""int64"", ""int64"", ""int64"", ""int64""], ""hash_sum"": ""3404719191165042972"", ""hash_xor"": ""2526757767072946434"", ""rows"": 50}",1551.541872,1732,50,"[""01c6f238-0001-fcf8-0001-9ade000ba146""]",13.40493,True,"{""01c6f238-0001-fcf8-0001-9ade000ba146"": {""server_total_ms"": 425, ""server_compilation_ms"": 69, ""server_execution_ms"": 356, ""server_provisioning_queue_ms"": 0, ""server_overload_queue_ms"": 0, ""server_bytes_scanned"": 151591936}}"
10000000,warehouse,groupby,duckdb,5,23,01c6f238-0001-fcf8-0001-9ade000ba126,42.696237,820.0,1623.071074,"{""columns"": [""region_id"", ""total_cents"", ""total_quantity"", ""row_count""], ""dtypes"": [""int64"", ""int64"", ""int64"", ""int64""], ""hash_sum"": ""3404719191165042972"", ""hash_xor"": ""2526757767072946434"", ""rows"": 50}",1567.24012,1732,50,"[""01c6f238-0001-fcf8-0001-9ade000ba14a""]",13.134717,True,"{""01c6f238-0001-fcf8-0001-9ade000ba14a"": {""server_total_ms"": 437, ""server_compilation_ms"": 71, ""server_execution_ms"": 366, ""server_provisioning_queue_ms"": 0, ""server_overload_queue_ms"": 0, ""server_bytes_scanned"": 151591936}}"
10000000,warehouse,groupby,duckdb,5,24,01c6f238-0001-fcf8-0001-9ade000ba126,42.854003,890.0,1576.062413,"{""columns"": [""region_id"", ""total_cents"", ""total_quantity"", ""row_count""], ""dtypes"": [""int64"", ""int64"", ""int64"", ""int64""], ""hash_sum"": ""3404719191165042972"", ""hash_xor"": ""2526757767072946434"", ""rows"": 50}",1520.022447,1732,50,"[""01c6f238-0001-fcf8-0001-9ade000ba14e""]",13.185963,True,"{""01c6f238-0001-fcf8-0001-9ade000ba14e"": {""server_total_ms"": 413, ""server_compilation_ms"": 64, ""server_execution_ms"": 349, ""server_provisioning_queue_ms"": 0, ""server_overload_queue_ms"": 0, ""server_bytes_scanned"": 151591936}}"
10000000,warehouse,groupby,duckdb,5,25,01c6f238-0001-fcf8-0001-9ade000ba126,42.708957,860.0,1529.088764,"{""columns"": [""region_id"", ""total_cents"", ""total_quantity"", ""row_count""], ""dtypes"": [""int64"", ""int64"", ""int64"", ""int64""], ""hash_sum"": ""3404719191165042972"", ""hash_xor"": ""2526757767072946434"", ""rows"": 50}",1473.241629,1732,50,"[""01c6f238-0001-fcf8-0001-9ade000ba152""]",13.138178,True,"{""01c6f238-0001-fcf8-0001-9ade000ba152"": {""server_total_ms"": 408, ""server_compilation_ms"": 64, ""server_execution_ms"": 344, ""server_provisioning_queue_ms"": 0, ""server_overload_queue_ms"": 0, ""server_bytes_scanned"": 151591936}}"
100000,warehouse,filter_project,duckdb,5,21,01c6f238-0001-fcf8-0001-9ade000ba156,2.970438,40.0,286.618234,"{""columns"": [""id"", ""region_id"", ""gross_cents""], ""dtypes"": [""int64"", ""int64"", ""int64""], ""hash_sum"": ""6934637738391437775"", ""hash_xor"": ""13010755706745315299"", ""rows"": 19886}",270.631761,477396,19886,"[""01c6f238-0001-fcf8-0001-9ade000ba172""]",13.016035,True,"{""01c6f238-0001-fcf8-0001-9ade000ba172"": {""server_total_ms"": 172, ""server_compilation_ms"": 70, ""server_execution_ms"": 102, ""server_provisioning_queue_ms"": 0, ""server_overload_queue_ms"": 0, ""server_bytes_scanned"": 973312}}"
100000,warehouse,filter_project,duckdb,5,22,01c6f238-0001-fcf8-0001-9ade000ba156,3.146993,40.0,276.383223,"{""columns"": [""id"", ""region_id"", ""gross_cents""], ""dtypes"": [""int64"", ""int64"", ""int64""], ""hash_sum"": ""6934637738391437775"", ""hash_xor"": ""13010755706745315299"", ""rows"": 19886}",260.09077,477396,19886,"[""01c6f238-0001-fcf8-0001-9ade000ba176""]",13.14546,True,"{""01c6f238-0001-fcf8-0001-9ade000ba176"": {""server_total_ms"": 161, ""server_compilation_ms"": 59, ""server_execution_ms"": 102, ""server_provisioning_queue_ms"": 0, ""server_overload_queue_ms"": 0, ""server_bytes_scanned"": 973312}}"
100000,warehouse,filter_project,duckdb,5,23,01c6f238-0001-fcf8-0001-9ade000ba156,2.875878,30.0,272.991059,"{""columns"": [""id"", ""region_id"", ""gross_cents""], ""dtypes"": [""int64"", ""int64"", ""int64""], ""hash_sum"": ""6934637738391437775"", ""hash_xor"": ""13010755706745315299"", ""rows"": 19886}",257.080037,477396,19886,"[""01c6f238-0001-fcf8-0001-9ade000ba17a""]",13.035144,True,"{""01c6f238-0001-fcf8-0001-9ade000ba17a"": {""server_total_ms"": 164, ""server_compilation_ms"": 59, ""server_execution_ms"": 105, ""server_provisioning_queue_ms"": 0, ""server_overload_queue_ms"": 0, ""server_bytes_scanned"": 973312}}"
100000,warehouse,filter_project,duckdb,5,24,01c6f238-0001-fcf8-0001-9ade000ba156,3.011114,30.0,271.731757,"{""columns"": [""id"", ""region_id"", ""gross_cents""], ""dtypes"": [""int64"", ""int64"", ""int64""], ""hash_sum"": ""6934637738391437775"", ""hash_xor"": ""13010755706745315299"", ""rows"": 19886}",255.735395,477396,19886,"[""01c6f238-0001-fcf8-0001-9ade000ba17e""]",12.985248,True,"{""01c6f238-0001-fcf8-0001-9ade000ba17e"": {""server_total_ms"": 165, ""server_compilation_ms"": 62, ""server_execution_ms"": 103, ""server_provisioning_queue_ms"": 0, ""server_overload_queue_ms"": 0, ""server_bytes_scanned"": 973312}}"
100000,warehouse,filter_project,duckdb,5,25,01c6f238-0001-fcf8-0001-9ade000ba156,3.0277,30.0,296.484852,"{""columns"": [""id"", ""region_id"", ""gross_cents""], ""dtypes"": [""int64"", ""int64"", ""int64""], ""hash_sum"": ""6934637738391437775"", ""hash_xor"": ""13010755706745315299"", ""rows"": 19886}",280.441583,477396,19886,"[""01c6f238-0001-fcf8-0001-9ade000ba182""]",13.015569,True,"{""01c6f238-0001-fcf8-0001-9ade000ba182"": {""server_total_ms"": 182, ""server_compilation_ms"": 70, ""server_execution_ms"": 112, ""server_provisioning_queue_ms"": 0, ""server_overload_queue_ms"": 0, ""server_bytes_scanned"": 973312}}"
1000000,warehouse,filter_project,duckdb,5,21,01c6f238-0001-fcf8-0001-9ade000ba186,6.126477,80.0,424.511817,"{""columns"": [""id"", ""region_id"", ""gross_cents""], ""dtypes"": [""int64"", ""int64"", ""int64""], ""hash_sum"": ""11356744842689536210"", ""hash_xor"": ""4329941149679941164"", ""rows"": 198279}",405.69627,4758828,198279,"[""01c6f238-0001-fcf8-0001-9ade000ba1a2""]",12.68907,True,"{""01c6f238-0001-fcf8-0001-9ade000ba1a2"": {""server_total_ms"": 298, ""server_compilation_ms"": 66, ""server_execution_ms"": 232, ""server_provisioning_queue_ms"": 0, ""server_overload_queue_ms"": 0, ""server_bytes_scanned"": 7627264}}"
1000000,warehouse,filter_project,duckdb,5,22,01c6f238-0001-fcf8-0001-9ade000ba186,6.11285,120.0,404.82608,"{""columns"": [""id"", ""region_id"", ""gross_cents""], ""dtypes"": [""int64"", ""int64"", ""int64""], ""hash_sum"": ""11356744842689536210"", ""hash_xor"": ""4329941149679941164"", ""rows"": 198279}",386.072322,4758828,198279,"[""01c6f238-0001-fcf8-0001-9ade000ba1a6""]",12.640908,True,"{""01c6f238-0001-fcf8-0001-9ade000ba1a6"": {""server_total_ms"": 287, ""server_compilation_ms"": 67, ""server_execution_ms"": 220, ""server_provisioning_queue_ms"": 0, ""server_overload_queue_ms"": 0, ""server_bytes_scanned"": 7627264}}"
1000000,warehouse,filter_project,duckdb,5,23,01c6f238-0001-fcf8-0001-9ade000ba186,5.810102,50.0,401.716667,"{""columns"": [""id"", ""region_id"", ""gross_cents""], ""dtypes"": [""int64"", ""int64"", ""int64""], ""hash_sum"": ""11356744842689536210"", ""hash_xor"": ""4329941149679941164"", ""rows"": 198279}",382.255171,4758828,198279,"[""01c6f238-0001-fcf8-0001-9ade000ba1aa""]",13.651394,True,"{""01c6f238-0001-fcf8-0001-9ade000ba1aa"": {""server_total_ms"": 273, ""server_compilation_ms"": 58, ""server_execution_ms"": 215, ""server_provisioning_queue_ms"": 0, ""server_overload_queue_ms"": 0, ""server_bytes_scanned"": 7627264}}"
1000000,warehouse,filter_project,duckdb,5,24,01c6f238-0001-fcf8-0001-9ade000ba186,5.926468,110.0,405.401491,"{""columns"": [""id"", ""region_id"", ""gross_cents""], ""dtypes"": [""int64"", ""int64"", ""int64""], ""hash_sum"": ""11356744842689536210"", ""hash_xor"": ""4329941149679941164"", ""rows"": 198279}",386.498549,4758828,198279,"[""01c6f238-0001-fcf8-0001-9ade000ba1ae""]",12.976474,True,"{""01c6f238-0001-fcf8-0001-9ade000ba1ae"": {""server_total_ms"": 278, ""server_compilation_ms"": 64, ""server_execution_ms"": 214, ""server_provisioning_queue_ms"": 0, ""server_overload_queue_ms"": 0, ""server_bytes_scanned"": 7627264}}"
1000000,warehouse,filter_project,duckdb,5,25,01c6f238-0001-fcf8-0001-9ade000ba186,6.150934,130.0,412.391091,"{""columns"": [""id"", ""region_id"", ""gross_cents""], ""dtypes"": [""int64"", ""int64"", ""int64""], ""hash_sum"": ""11356744842689536210"", ""hash_xor"": ""4329941149679941164"", ""rows"": 198279}",392.982028,4758828,198279,"[""01c6f238-0001-fcf8-0001-9ade000ba1b2""]",13.258129,True,"{""01c6f238-0001-fcf8-0001-9ade000ba1b2"": {""server_total_ms"": 286, ""server_compilation_ms"": 68, ""server_execution_ms"": 218, ""server_provisioning_queue_ms"": 0, ""server_overload_queue_ms"": 0, ""server_bytes_scanned"": 7627264}}"
1000000,warehouse,join_groupby,snowflake,5,21,01c6f238-0001-fcf9-0001-9ade000b5d0e,200.322558,0.0,200.322558,"{""columns"": [""region_id"", ""tier"", ""total_cents"", ""row_count""], ""dtypes"": [""int64"", ""int64"", ""int64"", ""int64""], ""hash_sum"": ""13023197678645621665"", ""hash_xor"": ""8219731451453916309"", ""rows"": 200}",,6532,200,"[""01c6f238-0001-fcf9-0001-9ade000b5d2a""]",0.0,True,"{""01c6f238-0001-fcf9-0001-9ade000b5d2a"": {""server_total_ms"": 172, ""server_compilation_ms"": 85, ""server_execution_ms"": 87, ""server_provisioning_queue_ms"": 0, ""server_overload_queue_ms"": 0, ""server_bytes_scanned"": 7865856}}"
1000000,warehouse,join_groupby,snowflake,5,22,01c6f238-0001-fcf9-0001-9ade000b5d0e,202.311023,0.0,202.311023,"{""columns"": [""region_id"", ""tier"", ""total_cents"", ""row_count""], ""dtypes"": [""int64"", ""int64"", ""int64"", ""int64""], ""hash_sum"": ""13023197678645621665"", ""hash_xor"": ""8219731451453916309"", ""rows"": 200}",,6532,200,"[""01c6f238-0001-fcf9-0001-9ade000b5d2e""]",0.0,True,"{""01c6f238-0001-fcf9-0001-9ade000b5d2e"": {""server_total_ms"": 175, ""server_compilation_ms"": 89, ""server_execution_ms"": 86, ""server_provisioning_queue_ms"": 0, ""server_overload_queue_ms"": 0, ""server_bytes_scanned"": 7865856}}"
1000000,warehouse,join_groupby,snowflake,5,23,01c6f238-0001-fcf9-0001-9ade000b5d0e,198.235466,0.0,198.235466,"{""columns"": [""region_id"", ""tier"", ""total_cents"", ""row_count""], ""dtypes"": [""int64"", ""int64"", ""int64"", ""int64""], ""hash_sum"": ""13023197678645621665"", ""hash_xor"": ""8219731451453916309"", ""rows"": 200}",,6532,200,"[""01c6f238-0001-fcf9-0001-9ade000b5d32""]",0.0,True,"{""01c6f238-0001-fcf9-0001-9ade000b5d32"": {""server_total_ms"": 167, ""server_compilation_ms"": 79, ""server_execution_ms"": 88, ""server_provisioning_queue_ms"": 0, ""server_overload_queue_ms"": 0, ""server_bytes_scanned"": 7865856}}"
1000000,warehouse,join_groupby,snowflake,5,24,01c6f238-0001-fcf9-0001-9ade000b5d0e,208.954965,10.0,208.954965,"{""columns"": [""region_id"", ""tier"", ""total_cents"", ""row_count""], ""dtypes"": [""int64"", ""int64"", ""int64"", ""int64""], ""hash_sum"": ""13023197678645621665"", ""hash_xor"": ""8219731451453916309"", ""rows"": 200}",,6532,200,"[""01c6f238-0001-fcf9-0001-9ade000b5d36""]",0.0,True,"{""01c6f238-0001-fcf9-0001-9ade000b5d36"": {""server_total_ms"": 181, ""server_compilation_ms"": 94, ""server_execution_ms"": 87, ""server_provisioning_queue_ms"": 0, ""server_overload_queue_ms"": 0, ""server_bytes_scanned"": 7865856}}"
1000000,warehouse,join_groupby,snowflake,5,25,01c6f238-0001-fcf9-0001-9ade000b5d0e,191.525052,20.0,191.525052,"{""columns"": [""region_id"", ""tier"", ""total_cents"", ""row_count""], ""dtypes"": [""int64"", ""int64"", ""int64"", ""int64""], ""hash_sum"": ""13023197678645621665"", ""hash_xor"": ""8219731451453916309"", ""rows"": 200}",,6532,200,"[""01c6f238-0001-fcf9-0001-9ade000b5d3a""]",0.0,True,"{""01c6f238-0001-fcf9-0001-9ade000b5d3a"": {""server_total_ms"": 165, ""server_compilation_ms"": 79, ""server_execution_ms"": 86, ""server_provisioning_queue_ms"": 0, ""server_overload_queue_ms"": 0, ""server_bytes_scanned"": 7865856}}"
1000000,warehouse,join_groupby,pandas,5,21,01c6f238-0001-fcf9-0001-9ade000b5d42,100.57326,280.0,961.868708,"{""columns"": [""region_id"", ""tier"", ""total_cents"", ""row_count""], ""dtypes"": [""int64"", ""int64"", ""int64"", ""int64""], ""hash_sum"": ""13023197678645621665"", ""hash_xor"": ""8219731451453916309"", ""rows"": 200}",861.295448,6532,200,"[""01c6f238-0001-fcf9-0001-9ade000b5d62"", ""01c6f238-0001-fcf9-0001-9ade000b5d66""]",0.0,True,"{""01c6f238-0001-fcf9-0001-9ade000b5d62"": {""server_total_ms"": 384, ""server_compilation_ms"": 57, ""server_execution_ms"": 327, ""server_provisioning_queue_ms"": 0, ""server_overload_queue_ms"": 0, ""server_bytes_scanned"": 7627264}, ""01c6f238-0001-fcf9-0001-9ade000b5d66"": {""server_total_ms"": 199, ""server_compilation_ms"": 71, ""server_execution_ms"": 128, ""server_provisioning_queue_ms"": 0, ""server_overload_queue_ms"": 0, ""server_bytes_scanned"": 238592}}"
1000000,warehouse,join_groupby,pandas,5,22,01c6f238-0001-fcf9-0001-9ade000b5d42,102.095352,260.0,968.968721,"{""columns"": [""region_id"", ""tier"", ""total_cents"", ""row_count""], ""dtypes"": [""int64"", ""int64"", ""int64"", ""int64""], ""hash_sum"": ""13023197678645621665"", ""hash_xor"": ""8219731451453916309"", ""rows"": 200}",866.873369,6532,200,"[""01c6f238-0001-fcf9-0001-9ade000b5d6a"", ""01c6f238-0001-fcf9-0001-9ade000b5d6e""]",0.0,True,"{""01c6f238-0001-fcf9-0001-9ade000b5d6a"": {""server_total_ms"": 384, ""server_compilation_ms"": 55, ""server_execution_ms"": 329, ""server_provisioning_queue_ms"": 0, ""server_overload_queue_ms"": 0, ""server_bytes_scanned"": 7627264}, ""01c6f238-0001-fcf9-0001-9ade000b5d6e"": {""server_total_ms"": 197, ""server_compilation_ms"": 69, ""server_execution_ms"": 128, ""server_provisioning_queue_ms"": 0, ""server_overload_queue_ms"": 0, ""server_bytes_scanned"": 238592}}"
1000000,warehouse,join_groupby,pandas,5,23,01c6f238-0001-fcf9-0001-9ade000b5d42,97.739518,270.0,1264.662761,"{""columns"": [""region_id"", ""tier"", ""total_cents"", ""row_count""], ""dtypes"": [""int64"", ""int64"", ""int64"", ""int64""], ""hash_sum"": ""13023197678645621665"", ""hash_xor"": ""8219731451453916309"", ""rows"": 200}",1166.923243,6532,200,"[""01c6f238-0001-fcf9-0001-9ade000b5d72"", ""01c6f238-0001-fcf9-0001-9ade000b5d76""]",0.0,True,"{""01c6f238-0001-fcf9-0001-9ade000b5d72"": {""server_total_ms"": 672, ""server_compilation_ms"": 63, ""server_execution_ms"": 609, ""server_provisioning_queue_ms"": 0, ""server_overload_queue_ms"": 0, ""server_bytes_scanned"": 7627264}, ""01c6f238-0001-fcf9-0001-9ade000b5d76"": {""server_total_ms"": 202, ""server_compilation_ms"": 61, ""server_execution_ms"": 141, ""server_provisioning_queue_ms"": 0, ""server_overload_queue_ms"": 0, ""server_bytes_scanned"": 238592}}"
1000000,warehouse,join_groupby,pandas,5,24,01c6f238-0001-fcf9-0001-9ade000b5d42,98.464009,270.0,987.21639,"{""columns"": [""region_id"", ""tier"", ""total_cents"", ""row_count""], ""dtypes"": [""int64"", ""int64"", ""int64"", ""int64""], ""hash_sum"": ""13023197678645621665"", ""hash_xor"": ""8219731451453916309"", ""rows"": 200}",888.752381,6532,200,"[""01c6f238-0001-fcf9-0001-9ade000b5d7a"", ""01c6f238-0001-fcf9-0001-9ade000b5d7e""]",0.0,True,"{""01c6f238-0001-fcf9-0001-9ade000b5d7a"": {""server_total_ms"": 410, ""server_compilation_ms"": 65, ""server_execution_ms"": 345, ""server_provisioning_queue_ms"": 0, ""server_overload_queue_ms"": 0, ""server_bytes_scanned"": 7627264}, ""01c6f238-0001-fcf9-0001-9ade000b5d7e"": {""server_total_ms"": 201, ""server_compilation_ms"": 73, ""server_execution_ms"": 128, ""server_provisioning_queue_ms"": 0, ""server_overload_queue_ms"": 0, ""server_bytes_scanned"": 238592}}"
1000000,warehouse,join_groupby,pandas,5,25,01c6f238-0001-fcf9-0001-9ade000b5d42,97.825931,230.0,1008.49954,"{""columns"": [""region_id"", ""tier"", ""total_cents"", ""row_count""], ""dtypes"": [""int64"", ""int64"", ""int64"", ""int64""], ""hash_sum"": ""13023197678645621665"", ""hash_xor"": ""8219731451453916309"", ""rows"": 200}",910.673609,6532,200,"[""01c6f238-0001-fcf9-0001-9ade000b5d82"", ""01c6f238-0001-fcf9-0001-9ade000b5d86""]",0.0,True,"{""01c6f238-0001-fcf9-0001-9ade000b5d82"": {""server_total_ms"": 406, ""server_compilation_ms"": 67, ""server_execution_ms"": 339, ""server_provisioning_queue_ms"": 0, ""server_overload_queue_ms"": 0, ""server_bytes_scanned"": 7627264}, ""01c6f238-0001-fcf9-0001-9ade000b5d86"": {""server_total_ms"": 220, ""server_compilation_ms"": 64, ""server_execution_ms"": 156, ""server_provisioning_queue_ms"": 0, ""server_overload_queue_ms"": 0, ""server_bytes_scanned"": 238592}}"
100000,warehouse,filter_project,pandas,5,21,01c6f238-0001-fcf8-0001-9ade000ba1be,1.446101,10.0,259.157189,"{""columns"": [""id"", ""region_id"", ""gross_cents""], ""dtypes"": [""int64"", ""int64"", ""int64""], ""hash_sum"": ""6934637738391437775"", ""hash_xor"": ""13010755706745315299"", ""rows"": 19886}",257.711088,477396,19886,"[""01c6f238-0001-fcf8-0001-9ade000ba1da""]",0.0,True,"{""01c6f238-0001-fcf8-0001-9ade000ba1da"": {""server_total_ms"": 164, ""server_compilation_ms"": 56, ""server_execution_ms"": 108, ""server_provisioning_queue_ms"": 0, ""server_overload_queue_ms"": 0, ""server_bytes_scanned"": 973312}}"
100000,warehouse,filter_project,pandas,5,22,01c6f238-0001-fcf8-0001-9ade000ba1be,1.495361,10.0,261.062462,"{""columns"": [""id"", ""region_id"", ""gross_cents""], ""dtypes"": [""int64"", ""int64"", ""int64""], ""hash_sum"": ""6934637738391437775"", ""hash_xor"": ""13010755706745315299"", ""rows"": 19886}",259.567101,477396,19886,"[""01c6f238-0001-fcf8-0001-9ade000ba1de""]",0.0,True,"{""01c6f238-0001-fcf8-0001-9ade000ba1de"": {""server_total_ms"": 162, ""server_compilation_ms"": 59, ""server_execution_ms"": 103, ""server_provisioning_queue_ms"": 0, ""server_overload_queue_ms"": 0, ""server_bytes_scanned"": 973312}}"
100000,warehouse,filter_project,pandas,5,23,01c6f238-0001-fcf8-0001-9ade000ba1be,1.333739,50.0,276.552286,"{""columns"": [""id"", ""region_id"", ""gross_cents""], ""dtypes"": [""int64"", ""int64"", ""int64""], ""hash_sum"": ""6934637738391437775"", ""hash_xor"": ""13010755706745315299"", ""rows"": 19886}",275.218547,477396,19886,"[""01c6f238-0001-fcf8-0001-9ade000ba1e2""]",0.0,True,"{""01c6f238-0001-fcf8-0001-9ade000ba1e2"": {""server_total_ms"": 177, ""server_compilation_ms"": 61, ""server_execution_ms"": 116, ""server_provisioning_queue_ms"": 0, ""server_overload_queue_ms"": 0, ""server_bytes_scanned"": 973312}}"
100000,warehouse,filter_project,pandas,5,24,01c6f238-0001-fcf8-0001-9ade000ba1be,1.385683,20.0,271.379152,"{""columns"": [""id"", ""region_id"", ""gross_cents""], ""dtypes"": [""int64"", ""int64"", ""int64""], ""hash_sum"": ""6934637738391437775"", ""hash_xor"": ""13010755706745315299"", ""rows"": 19886}",269.993469,477396,19886,"[""01c6f238-0001-fcf8-0001-9ade000ba1e6""]",0.0,True,"{""01c6f238-0001-fcf8-0001-9ade000ba1e6"": {""server_total_ms"": 171, ""server_compilation_ms"": 65, ""server_execution_ms"": 106, ""server_provisioning_queue_ms"": 0, ""server_overload_queue_ms"": 0, ""server_bytes_scanned"": 973312}}"
100000,warehouse,filter_project,pandas,5,25,01c6f238-0001-fcf8-0001-9ade000ba1be,1.417365,10.0,274.403936,"{""columns"": [""id"", ""region_id"", ""gross_cents""], ""dtypes"": [""int64"", ""int64"", ""int64""], ""hash_sum"": ""6934637738391437775"", ""hash_xor"": ""13010755706745315299"", ""rows"": 19886}",272.986571,477396,19886,"[""01c6f238-0001-fcf8-0001-9ade000ba1ea""]",0.0,True,"{""01c6f238-0001-fcf8-0001-9ade000ba1ea"": {""server_total_ms"": 175, ""server_compilation_ms"": 67, ""server_execution_ms"": 108, ""server_provisioning_queue_ms"": 0, ""server_overload_queue_ms"": 0, ""server_bytes_scanned"": 973312}}"
1000000,warehouse,filter_project,pandas,5,21,01c6f238-0001-fe0c-0001-9ade000b98b2,7.560079,50.0,397.627429,"{""columns"": [""id"", ""region_id"", ""gross_cents""], ""dtypes"": [""int64"", ""int64"", ""int64""], ""hash_sum"": ""11356744842689536210"", ""hash_xor"": ""4329941149679941164"", ""rows"": 198279}",390.06735,4758828,198279,"[""01c6f239-0001-fe0c-0001-9ade000b98ce""]",0.0,True,"{""01c6f239-0001-fe0c-0001-9ade000b98ce"": {""server_total_ms"": 278, ""server_compilation_ms"": 62, ""server_execution_ms"": 216, ""server_provisioning_queue_ms"": 0, ""server_overload_queue_ms"": 0, ""server_bytes_scanned"": 7627264}}"
1000000,warehouse,filter_project,pandas,5,22,01c6f238-0001-fe0c-0001-9ade000b98b2,8.753627,100.0,417.939711,"{""columns"": [""id"", ""region_id"", ""gross_cents""], ""dtypes"": [""int64"", ""int64"", ""int64""], ""hash_sum"": ""11356744842689536210"", ""hash_xor"": ""4329941149679941164"", ""rows"": 198279}",409.186084,4758828,198279,"[""01c6f239-0001-fe0c-0001-9ade000b98d2""]",0.0,True,"{""01c6f239-0001-fe0c-0001-9ade000b98d2"": {""server_total_ms"": 295, ""server_compilation_ms"": 63, ""server_execution_ms"": 232, ""server_provisioning_queue_ms"": 0, ""server_overload_queue_ms"": 0, ""server_bytes_scanned"": 7627264}}"
1000000,warehouse,filter_project,pandas,5,23,01c6f238-0001-fe0c-0001-9ade000b98b2,7.487593,50.0,402.104152,"{""columns"": [""id"", ""region_id"", ""gross_cents""], ""dtypes"": [""int64"", ""int64"", ""int64""], ""hash_sum"": ""11356744842689536210"", ""hash_xor"": ""4329941149679941164"", ""rows"": 198279}",394.616559,4758828,198279,"[""01c6f239-0001-fe0c-0001-9ade000b98d6""]",0.0,True,"{""01c6f239-0001-fe0c-0001-9ade000b98d6"": {""server_total_ms"": 288, ""server_compilation_ms"": 66, ""server_execution_ms"": 222, ""server_provisioning_queue_ms"": 0, ""server_overload_queue_ms"": 0, ""server_bytes_scanned"": 7627264}}"
1000000,warehouse,filter_project,pandas,5,24,01c6f238-0001-fe0c-0001-9ade000b98b2,7.023851,30.0,420.473899,"{""columns"": [""id"", ""region_id"", ""gross_cents""], ""dtypes"": [""int64"", ""int64"", ""int64""], ""hash_sum"": ""11356744842689536210"", ""hash_xor"": ""4329941149679941164"", ""rows"": 198279}",413.450048,4758828,198279,"[""01c6f239-0001-fe0c-0001-9ade000b98da""]",0.0,True,"{""01c6f239-0001-fe0c-0001-9ade000b98da"": {""server_total_ms"": 301, ""server_compilation_ms"": 76, ""server_execution_ms"": 225, ""server_provisioning_queue_ms"": 0, ""server_overload_queue_ms"": 0, ""server_bytes_scanned"": 7627264}}"
1000000,warehouse,filter_project,pandas,5,25,01c6f238-0001-fe0c-0001-9ade000b98b2,8.042454,70.0,419.056811,"{""columns"": [""id"", ""region_id"", ""gross_cents""], ""dtypes"": [""int64"", ""int64"", ""int64""], ""hash_sum"": ""11356744842689536210"", ""hash_xor"": ""4329941149679941164"", ""rows"": 198279}",411.014357,4758828,198279,"[""01c6f239-0001-fe0c-0001-9ade000b98de""]",0.0,True,"{""01c6f239-0001-fe0c-0001-9ade000b98de"": {""server_total_ms"": 291, ""server_compilation_ms"": 67, ""server_execution_ms"": 224, ""server_provisioning_queue_ms"": 0, ""server_overload_queue_ms"": 0, ""server_bytes_scanned"": 7627264}}"
1000000,warehouse,groupby,duckdb,5,21,01c6f239-0001-fcf8-0001-9ade000ba1ee,11.064476,170.0,544.304273,"{""columns"": [""region_id"", ""total_cents"", ""total_quantity"", ""row_count""], ""dtypes"": [""int64"", ""int64"", ""int64"", ""int64""], ""hash_sum"": ""3129039791569495086"", ""hash_xor"": ""14932865647023855810"", ""rows"": 50}",520.608952,1732,50,"[""01c6f239-0001-fcf8-0001-9ade000ba20a""]",12.630845,True,"{""01c6f239-0001-fcf8-0001-9ade000ba20a"": {""server_total_ms"": 355, ""server_compilation_ms"": 66, ""server_execution_ms"": 289, ""server_provisioning_queue_ms"": 0, ""server_overload_queue_ms"": 0, ""server_bytes_scanned"": 7627264}}"
1000000,warehouse,groupby,duckdb,5,22,01c6f239-0001-fcf8-0001-9ade000ba1ee,10.768025,110.0,546.15434,"{""columns"": [""region_id"", ""total_cents"", ""total_quantity"", ""row_count""], ""dtypes"": [""int64"", ""int64"", ""int64"", ""int64""], ""hash_sum"": ""3129039791569495086"", ""hash_xor"": ""14932865647023855810"", ""rows"": 50}",522.583331,1732,50,"[""01c6f239-0001-fcf8-0001-9ade000ba20e""]",12.802984,True,"{""01c6f239-0001-fcf8-0001-9ade000ba20e"": {""server_total_ms"": 341, ""server_compilation_ms"": 57, ""server_execution_ms"": 284, ""server_provisioning_queue_ms"": 0, ""server_overload_queue_ms"": 0, ""server_bytes_scanned"": 7627264}}"
1000000,warehouse,groupby,duckdb,5,23,01c6f239-0001-fcf8-0001-9ade000ba1ee,10.837603,90.0,582.095193,"{""columns"": [""region_id"", ""total_cents"", ""total_quantity"", ""row_count""], ""dtypes"": [""int64"", ""int64"", ""int64"", ""int64""], ""hash_sum"": ""3129039791569495086"", ""hash_xor"": ""14932865647023855810"", ""rows"": 50}",558.488945,1732,50,"[""01c6f239-0001-fcf8-0001-9ade000ba212""]",12.768645,True,"{""01c6f239-0001-fcf8-0001-9ade000ba212"": {""server_total_ms"": 378, ""server_compilation_ms"": 56, ""server_execution_ms"": 322, ""server_provisioning_queue_ms"": 0, ""server_overload_queue_ms"": 0, ""server_bytes_scanned"": 7627264}}"
1000000,warehouse,groupby,duckdb,5,24,01c6f239-0001-fcf8-0001-9ade000ba1ee,10.812826,120.0,571.525713,"{""columns"": [""region_id"", ""total_cents"", ""total_quantity"", ""row_count""], ""dtypes"": [""int64"", ""int64"", ""int64"", ""int64""], ""hash_sum"": ""3129039791569495086"", ""hash_xor"": ""14932865647023855810"", ""rows"": 50}",548.136075,1732,50,"[""01c6f239-0001-fcf8-0001-9ade000ba216""]",12.576812,True,"{""01c6f239-0001-fcf8-0001-9ade000ba216"": {""server_total_ms"": 371, ""server_compilation_ms"": 58, ""server_execution_ms"": 313, ""server_provisioning_queue_ms"": 0, ""server_overload_queue_ms"": 0, ""server_bytes_scanned"": 7627264}}"
1000000,warehouse,groupby,duckdb,5,25,01c6f239-0001-fcf8-0001-9ade000ba1ee,10.765157,100.0,562.489306,"{""columns"": [""region_id"", ""total_cents"", ""total_quantity"", ""row_count""], ""dtypes"": [""int64"", ""int64"", ""int64"", ""int64""], ""hash_sum"": ""3129039791569495086"", ""hash_xor"": ""14932865647023855810"", ""rows"": 50}",539.062951,1732,50,"[""01c6f239-0001-fcf8-0001-9ade000ba21a""]",12.661198,True,"{""01c6f239-0001-fcf8-0001-9ade000ba21a"": {""server_total_ms"": 370, ""server_compilation_ms"": 59, ""server_execution_ms"": 311, ""server_provisioning_queue_ms"": 0, ""server_overload_queue_ms"": 0, ""server_bytes_scanned"": 7627264}}"
100000,warehouse,clean_derive,snowflake,5,21,01c6f239-0001-fe0c-0001-9ade000b98e2,343.536407,20.0,343.536407,"{""columns"": [""id"", ""net_cents""], ""dtypes"": [""int64"", ""int64""], ""hash_sum"": ""6278141268544677052"", ""hash_xor"": ""11755483584262095886"", ""rows"": 100000}",,1600132,100000,"[""01c6f239-0001-fe0c-0001-9ade000b98fe""]",0.0,True,"{""01c6f239-0001-fe0c-0001-9ade000b98fe"": {""server_total_ms"": 230, ""server_compilation_ms"": 57, ""server_execution_ms"": 173, ""server_provisioning_queue_ms"": 0, ""server_overload_queue_ms"": 0, ""server_bytes_scanned"": 973312}}"
100000,warehouse,clean_derive,snowflake,5,22,01c6f239-0001-fe0c-0001-9ade000b98e2,331.208218,40.0,331.208218,"{""columns"": [""id"", ""net_cents""], ""dtypes"": [""int64"", ""int64""], ""hash_sum"": ""6278141268544677052"", ""hash_xor"": ""11755483584262095886"", ""rows"": 100000}",,1600132,100000,"[""01c6f239-0001-fe0c-0001-9ade000b9902""]",0.0,True,"{""01c6f239-0001-fe0c-0001-9ade000b9902"": {""server_total_ms"": 229, ""server_compilation_ms"": 59, ""server_execution_ms"": 170, ""server_provisioning_queue_ms"": 0, ""server_overload_queue_ms"": 0, ""server_bytes_scanned"": 973312}}"
100000,warehouse,clean_derive,snowflake,5,23,01c6f239-0001-fe0c-0001-9ade000b98e2,323.968872,10.0,323.968872,"{""columns"": [""id"", ""net_cents""], ""dtypes"": [""int64"", ""int64""], ""hash_sum"": ""6278141268544677052"", ""hash_xor"": ""11755483584262095886"", ""rows"": 100000}",,1600132,100000,"[""01c6f239-0001-fe0c-0001-9ade000b9906""]",0.0,True,"{""01c6f239-0001-fe0c-0001-9ade000b9906"": {""server_total_ms"": 223, ""server_compilation_ms"": 55, ""server_execution_ms"": 168, ""server_provisioning_queue_ms"": 0, ""server_overload_queue_ms"": 0, ""server_bytes_scanned"": 973312}}"
100000,warehouse,clean_derive,snowflake,5,24,01c6f239-0001-fe0c-0001-9ade000b98e2,351.029361,20.0,351.029361,"{""columns"": [""id"", ""net_cents""], ""dtypes"": [""int64"", ""int64""], ""hash_sum"": ""6278141268544677052"", ""hash_xor"": ""11755483584262095886"", ""rows"": 100000}",,1600132,100000,"[""01c6f239-0001-fe0c-0001-9ade000b990a""]",0.0,True,"{""01c6f239-0001-fe0c-0001-9ade000b990a"": {""server_total_ms"": 255, ""server_compilation_ms"": 70, ""server_execution_ms"": 185, ""server_provisioning_queue_ms"": 0, ""server_overload_queue_ms"": 0, ""server_bytes_scanned"": 973312}}"
100000,warehouse,clean_derive,snowflake,5,25,01c6f239-0001-fe0c-0001-9ade000b98e2,336.443081,10.0,336.443081,"{""columns"": [""id"", ""net_cents""], ""dtypes"": [""int64"", ""int64""], ""hash_sum"": ""6278141268544677052"", ""hash_xor"": ""11755483584262095886"", ""rows"": 100000}",,1600132,100000,"[""01c6f239-0001-fe0c-0001-9ade000b990e""]",0.0,True,"{""01c6f239-0001-fe0c-0001-9ade000b990e"": {""server_total_ms"": 239, ""server_compilation_ms"": 59, ""server_execution_ms"": 180, ""server_provisioning_queue_ms"": 0, ""server_overload_queue_ms"": 0, ""server_bytes_scanned"": 973312}}"
100000,warehouse,clean_derive,pandas,5,21,01c6f239-0001-fcf9-0001-9ade000b5d96,1.732712,60.0,342.315607,"{""columns"": [""id"", ""net_cents""], ""dtypes"": [""int64"", ""int64""], ""hash_sum"": ""6278141268544677052"", ""hash_xor"": ""11755483584262095886"", ""rows"": 100000}",340.582895,1600132,100000,"[""01c6f239-0001-fcf9-0001-9ade000b5db2""]",0.0,True,"{""01c6f239-0001-fcf9-0001-9ade000b5db2"": {""server_total_ms"": 241, ""server_compilation_ms"": 70, ""server_execution_ms"": 171, ""server_provisioning_queue_ms"": 0, ""server_overload_queue_ms"": 0, ""server_bytes_scanned"": 973312}}"
100000,warehouse,clean_derive,pandas,5,22,01c6f239-0001-fcf9-0001-9ade000b5d96,1.769838,30.0,338.499866,"{""columns"": [""id"", ""net_cents""], ""dtypes"": [""int64"", ""int64""], ""hash_sum"": ""6278141268544677052"", ""hash_xor"": ""11755483584262095886"", ""rows"": 100000}",336.730028,1600132,100000,"[""01c6f239-0001-fcf9-0001-9ade000b5db6""]",0.0,True,"{""01c6f239-0001-fcf9-0001-9ade000b5db6"": {""server_total_ms"": 235, ""server_compilation_ms"": 64, ""server_execution_ms"": 171, ""server_provisioning_queue_ms"": 0, ""server_overload_queue_ms"": 0, ""server_bytes_scanned"": 973312}}"
100000,warehouse,clean_derive,pandas,5,23,01c6f239-0001-fcf9-0001-9ade000b5d96,1.720846,20.0,338.895326,"{""columns"": [""id"", ""net_cents""], ""dtypes"": [""int64"", ""int64""], ""hash_sum"": ""6278141268544677052"", ""hash_xor"": ""11755483584262095886"", ""rows"": 100000}",337.17448,1600132,100000,"[""01c6f239-0001-fcf9-0001-9ade000b5dba""]",0.0,True,"{""01c6f239-0001-fcf9-0001-9ade000b5dba"": {""server_total_ms"": 233, ""server_compilation_ms"": 61, ""server_execution_ms"": 172, ""server_provisioning_queue_ms"": 0, ""server_overload_queue_ms"": 0, ""server_bytes_scanned"": 973312}}"
100000,warehouse,clean_derive,pandas,5,24,01c6f239-0001-fcf9-0001-9ade000b5d96,1.914506,30.0,382.524887,"{""columns"": [""id"", ""net_cents""], ""dtypes"": [""int64"", ""int64""], ""hash_sum"": ""6278141268544677052"", ""hash_xor"": ""11755483584262095886"", ""rows"": 100000}",380.610381,1600132,100000,"[""01c6f239-0001-fcf9-0001-9ade000b5dbe""]",0.0,True,"{""01c6f239-0001-fcf9-0001-9ade000b5dbe"": {""server_total_ms"": 252, ""server_compilation_ms"": 83, ""server_execution_ms"": 169, ""server_provisioning_queue_ms"": 0, ""server_overload_queue_ms"": 0, ""server_bytes_scanned"": 973312}}"
100000,warehouse,clean_derive,pandas,5,25,01c6f239-0001-fcf9-0001-9ade000b5d96,1.691346,30.0,335.777867,"{""columns"": [""id"", ""net_cents""], ""dtypes"": [""int64"", ""int64""], ""hash_sum"": ""6278141268544677052"", ""hash_xor"": ""11755483584262095886"", ""rows"": 100000}",334.086521,1600132,100000,"[""01c6f239-0001-fcf9-0001-9ade000b5dc2""]",0.0,True,"{""01c6f239-0001-fcf9-0001-9ade000b5dc2"": {""server_total_ms"": 231, ""server_compilation_ms"": 60, ""server_execution_ms"": 171, ""server_provisioning_queue_ms"": 0, ""server_overload_queue_ms"": 0, ""server_bytes_scanned"": 973312}}"
10000000,warehouse,join_groupby,duckdb,5,21,01c6f239-0001-fcf9-0001-9ade000b5dca,125.809055,1350.0,2252.845133,"{""columns"": [""region_id"", ""tier"", ""total_cents"", ""row_count""], ""dtypes"": [""int64"", ""int64"", ""int64"", ""int64""], ""hash_sum"": ""17973786493157141569"", ""hash_xor"": ""18413190608798210925"", ""rows"": 200}",2112.650107,6532,200,"[""01c6f239-0001-fcf9-0001-9ade000b5dea"", ""01c6f239-0001-fcf9-0001-9ade000b5dee""]",14.385971,True,"{""01c6f239-0001-fcf9-0001-9ade000b5dea"": {""server_total_ms"": 421, ""server_compilation_ms"": 57, ""server_execution_ms"": 364, ""server_provisioning_queue_ms"": 0, ""server_overload_queue_ms"": 0, ""server_bytes_scanned"": 151591936}, ""01c6f239-0001-fcf9-0001-9ade000b5dee"": {""server_total_ms"": 195, ""server_compilation_ms"": 59, ""server_execution_ms"": 136, ""server_provisioning_queue_ms"": 0, ""server_overload_queue_ms"": 0, ""server_bytes_scanned"": 238592}}"
10000000,warehouse,join_groupby,duckdb,5,22,01c6f239-0001-fcf9-0001-9ade000b5dca,121.66107,1480.0,2205.825529,"{""columns"": [""region_id"", ""tier"", ""total_cents"", ""row_count""], ""dtypes"": [""int64"", ""int64"", ""int64"", ""int64""], ""hash_sum"": ""17973786493157141569"", ""hash_xor"": ""18413190608798210925"", ""rows"": 200}",2070.251429,6532,200,"[""01c6f239-0001-fcf9-0001-9ade000b5df2"", ""01c6f239-0001-fcf9-0001-9ade000b5df6""]",13.91303,True,"{""01c6f239-0001-fcf9-0001-9ade000b5df2"": {""server_total_ms"": 435, ""server_compilation_ms"": 62, ""server_execution_ms"": 373, ""server_provisioning_queue_ms"": 0, ""server_overload_queue_ms"": 0, ""server_bytes_scanned"": 151591936}, ""01c6f239-0001-fcf9-0001-9ade000b5df6"": {""server_total_ms"": 221, ""server_compilation_ms"": 66, ""server_execution_ms"": 155, ""server_provisioning_queue_ms"": 0, ""server_overload_queue_ms"": 0, ""server_bytes_scanned"": 238592}}"
10000000,warehouse,join_groupby,duckdb,5,23,01c6f239-0001-fcf9-0001-9ade000b5dca,123.597681,1470.0,2322.024062,"{""columns"": [""region_id"", ""tier"", ""total_cents"", ""row_count""], ""dtypes"": [""int64"", ""int64"", ""int64"", ""int64""], ""hash_sum"": ""17973786493157141569"", ""hash_xor"": ""18413190608798210925"", ""rows"": 200}",2184.478408,6532,200,"[""01c6f239-0001-fcf9-0001-9ade000b5dfa"", ""01c6f239-0001-fcf9-0001-9ade000b5dfe""]",13.947973,True,"{""01c6f239-0001-fcf9-0001-9ade000b5dfa"": {""server_total_ms"": 477, ""server_compilation_ms"": 71, ""server_execution_ms"": 406, ""server_provisioning_queue_ms"": 0, ""server_overload_queue_ms"": 0, ""server_bytes_scanned"": 151591936}, ""01c6f239-0001-fcf9-0001-9ade000b5dfe"": {""server_total_ms"": 207, ""server_compilation_ms"": 66, ""server_execution_ms"": 141, ""server_provisioning_queue_ms"": 0, ""server_overload_queue_ms"": 0, ""server_bytes_scanned"": 238592}}"
10000000,warehouse,join_groupby,duckdb,5,24,01c6f239-0001-fcf9-0001-9ade000b5dca,123.671332,1400.0,2165.570406,"{""columns"": [""region_id"", ""tier"", ""total_cents"", ""row_count""], ""dtypes"": [""int64"", ""int64"", ""int64"", ""int64""], ""hash_sum"": ""17973786493157141569"", ""hash_xor"": ""18413190608798210925"", ""rows"": 200}",2027.757683,6532,200,"[""01c6f239-0001-fcf9-0001-9ade000b5e02"", ""01c6f239-0001-fcf9-0001-9ade000b5e06""]",14.141391,True,"{""01c6f239-0001-fcf9-0001-9ade000b5e02"": {""server_total_ms"": 422, ""server_compilation_ms"": 63, ""server_execution_ms"": 359, ""server_provisioning_queue_ms"": 0, ""server_overload_queue_ms"": 0, ""server_bytes_scanned"": 151591936}, ""01c6f239-0001-fcf9-0001-9ade000b5e06"": {""server_total_ms"": 195, ""server_compilation_ms"": 64, ""server_execution_ms"": 131, ""server_provisioning_queue_ms"": 0, ""server_overload_queue_ms"": 0, ""server_bytes_scanned"": 238592}}"
10000000,warehouse,join_groupby,duckdb,5,25,01c6f239-0001-fcf9-0001-9ade000b5dca,123.649963,1320.0,2207.412013,"{""columns"": [""region_id"", ""tier"", ""total_cents"", ""row_count""], ""dtypes"": [""int64"", ""int64"", ""int64"", ""int64""], ""hash_sum"": ""17973786493157141569"", ""hash_xor"": ""18413190608798210925"", ""rows"": 200}",2069.818214,6532,200,"[""01c6f239-0001-fcf9-0001-9ade000b5e0a"", ""01c6f239-0001-fcf9-0001-9ade000b5e0e""]",13.943836,True,"{""01c6f239-0001-fcf9-0001-9ade000b5e0a"": {""server_total_ms"": 437, ""server_compilation_ms"": 71, ""server_execution_ms"": 366, ""server_provisioning_queue_ms"": 0, ""server_overload_queue_ms"": 0, ""server_bytes_scanned"": 151591936}, ""01c6f239-0001-fcf9-0001-9ade000b5e0e"": {""server_total_ms"": 202, ""server_compilation_ms"": 67, ""server_execution_ms"": 135, ""server_provisioning_queue_ms"": 0, ""server_overload_queue_ms"": 0, ""server_bytes_scanned"": 238592}}"
100000,warehouse,join_groupby,pandas,5,21,01c6f239-0001-fe0c-0001-9ade000b9912,17.644014,50.0,646.70222,"{""columns"": [""region_id"", ""tier"", ""total_cents"", ""row_count""], ""dtypes"": [""int64"", ""int64"", ""int64"", ""int64""], ""hash_sum"": ""15482229778153811636"", ""hash_xor"": ""14299020784962879478"", ""rows"": 200}",629.058206,6532,200,"[""01c6f239-0001-fe0c-0001-9ade000b9932"", ""01c6f239-0001-fe0c-0001-9ade000b9936""]",0.0,True,"{""01c6f239-0001-fe0c-0001-9ade000b9932"": {""server_total_ms"": 250, ""server_compilation_ms"": 60, ""server_execution_ms"": 190, ""server_provisioning_queue_ms"": 0, ""server_overload_queue_ms"": 0, ""server_bytes_scanned"": 973312}, ""01c6f239-0001-fe0c-0001-9ade000b9936"": {""server_total_ms"": 180, ""server_compilation_ms"": 52, ""server_execution_ms"": 128, ""server_provisioning_queue_ms"": 0, ""server_overload_queue_ms"": 0, ""server_bytes_scanned"": 238592}}"
100000,warehouse,join_groupby,pandas,5,22,01c6f239-0001-fe0c-0001-9ade000b9912,17.360914,80.0,621.840058,"{""columns"": [""region_id"", ""tier"", ""total_cents"", ""row_count""], ""dtypes"": [""int64"", ""int64"", ""int64"", ""int64""], ""hash_sum"": ""15482229778153811636"", ""hash_xor"": ""14299020784962879478"", ""rows"": 200}",604.479144,6532,200,"[""01c6f239-0001-fe0c-0001-9ade000b993a"", ""01c6f239-0001-fe0c-0001-9ade000b993e""]",0.0,True,"{""01c6f239-0001-fe0c-0001-9ade000b993a"": {""server_total_ms"": 221, ""server_compilation_ms"": 52, ""server_execution_ms"": 169, ""server_provisioning_queue_ms"": 0, ""server_overload_queue_ms"": 0, ""server_bytes_scanned"": 973312}, ""01c6f239-0001-fe0c-0001-9ade000b993e"": {""server_total_ms"": 189, ""server_compilation_ms"": 64, ""server_execution_ms"": 125, ""server_provisioning_queue_ms"": 0, ""server_overload_queue_ms"": 0, ""server_bytes_scanned"": 238592}}"
100000,warehouse,join_groupby,pandas,5,23,01c6f239-0001-fe0c-0001-9ade000b9912,17.098049,50.0,623.885071,"{""columns"": [""region_id"", ""tier"", ""total_cents"", ""row_count""], ""dtypes"": [""int64"", ""int64"", ""int64"", ""int64""], ""hash_sum"": ""15482229778153811636"", ""hash_xor"": ""14299020784962879478"", ""rows"": 200}",606.787022,6532,200,"[""01c6f239-0001-fe0c-0001-9ade000b9942"", ""01c6f239-0001-fe0c-0001-9ade000b9946""]",0.0,True,"{""01c6f239-0001-fe0c-0001-9ade000b9942"": {""server_total_ms"": 215, ""server_compilation_ms"": 54, ""server_execution_ms"": 161, ""server_provisioning_queue_ms"": 0, ""server_overload_queue_ms"": 0, ""server_bytes_scanned"": 973312}, ""01c6f239-0001-fe0c-0001-9ade000b9946"": {""server_total_ms"": 198, ""server_compilation_ms"": 53, ""server_execution_ms"": 145, ""server_provisioning_queue_ms"": 0, ""server_overload_queue_ms"": 0, ""server_bytes_scanned"": 238592}}"
100000,warehouse,join_groupby,pandas,5,24,01c6f239-0001-fe0c-0001-9ade000b9912,17.440878,70.0,625.668285,"{""columns"": [""region_id"", ""tier"", ""total_cents"", ""row_count""], ""dtypes"": [""int64"", ""int64"", ""int64"", ""int64""], ""hash_sum"": ""15482229778153811636"", ""hash_xor"": ""14299020784962879478"", ""rows"": 200}",608.227407,6532,200,"[""01c6f239-0001-fe0c-0001-9ade000b994a"", ""01c6f239-0001-fe0c-0001-9ade000b994e""]",0.0,True,"{""01c6f239-0001-fe0c-0001-9ade000b994a"": {""server_total_ms"": 225, ""server_compilation_ms"": 53, ""server_execution_ms"": 172, ""server_provisioning_queue_ms"": 0, ""server_overload_queue_ms"": 0, ""server_bytes_scanned"": 973312}, ""01c6f239-0001-fe0c-0001-9ade000b994e"": {""server_total_ms"": 196, ""server_compilation_ms"": 58, ""server_execution_ms"": 138, ""server_provisioning_queue_ms"": 0, ""server_overload_queue_ms"": 0, ""server_bytes_scanned"": 238592}}"
100000,warehouse,join_groupby,pandas,5,25,01c6f239-0001-fe0c-0001-9ade000b9912,17.886577,90.0,628.992788,"{""columns"": [""region_id"", ""tier"", ""total_cents"", ""row_count""], ""dtypes"": [""int64"", ""int64"", ""int64"", ""int64""], ""hash_sum"": ""15482229778153811636"", ""hash_xor"": ""14299020784962879478"", ""rows"": 200}",611.106211,6532,200,"[""01c6f239-0001-fe0c-0001-9ade000b9952"", ""01c6f239-0001-fe0c-0001-9ade000b9956""]",0.0,True,"{""01c6f239-0001-fe0c-0001-9ade000b9952"": {""server_total_ms"": 234, ""server_compilation_ms"": 56, ""server_execution_ms"": 178, ""server_provisioning_queue_ms"": 0, ""server_overload_queue_ms"": 0, ""server_bytes_scanned"": 973312}, ""01c6f239-0001-fe0c-0001-9ade000b9956"": {""server_total_ms"": 189, ""server_compilation_ms"": 57, ""server_execution_ms"": 132, ""server_provisioning_queue_ms"": 0, ""server_overload_queue_ms"": 0, ""server_bytes_scanned"": 238592}}"
100000,warehouse,clean_derive,pandas,6,26,01c6f239-0001-fcf9-0001-9ade000b5e16,1.770577,30.0,358.706382,"{""columns"": [""id"", ""net_cents""], ""dtypes"": [""int64"", ""int64""], ""hash_sum"": ""6278141268544677052"", ""hash_xor"": ""11755483584262095886"", ""rows"": 100000}",356.935805,1600132,100000,"[""01c6f239-0001-fcf9-0001-9ade000b5e32""]",0.0,True,"{""01c6f239-0001-fcf9-0001-9ade000b5e32"": {""server_total_ms"": 244, ""server_compilation_ms"": 67, ""server_execution_ms"": 177, ""server_provisioning_queue_ms"": 0, ""server_overload_queue_ms"": 0, ""server_bytes_scanned"": 973312}}"
100000,warehouse,clean_derive,pandas,6,27,01c6f239-0001-fcf9-0001-9ade000b5e16,1.702432,50.0,319.102298,"{""columns"": [""id"", ""net_cents""], ""dtypes"": [""int64"", ""int64""], ""hash_sum"": ""6278141268544677052"", ""hash_xor"": ""11755483584262095886"", ""rows"": 100000}",317.399866,1600132,100000,"[""01c6f239-0001-fcf9-0001-9ade000b5e36""]",0.0,True,"{""01c6f239-0001-fcf9-0001-9ade000b5e36"": {""server_total_ms"": 218, ""server_compilation_ms"": 55, ""server_execution_ms"": 163, ""server_provisioning_queue_ms"": 0, ""server_overload_queue_ms"": 0, ""server_bytes_scanned"": 973312}}"
100000,warehouse,clean_derive,pandas,6,28,01c6f239-0001-fcf9-0001-9ade000b5e16,1.70995,30.0,330.232137,"{""columns"": [""id"", ""net_cents""], ""dtypes"": [""int64"", ""int64""], ""hash_sum"": ""6278141268544677052"", ""hash_xor"": ""11755483584262095886"", ""rows"": 100000}",328.522187,1600132,100000,"[""01c6f239-0001-fcf9-0001-9ade000b5e3a""]",0.0,True,"{""01c6f239-0001-fcf9-0001-9ade000b5e3a"": {""server_total_ms"": 234, ""server_compilation_ms"": 64, ""server_execution_ms"": 170, ""server_provisioning_queue_ms"": 0, ""server_overload_queue_ms"": 0, ""server_bytes_scanned"": 973312}}"
100000,warehouse,clean_derive,pandas,6,29,01c6f239-0001-fcf9-0001-9ade000b5e16,1.848011,10.0,313.100106,"{""columns"": [""id"", ""net_cents""], ""dtypes"": [""int64"", ""int64""], ""hash_sum"": ""6278141268544677052"", ""hash_xor"": ""11755483584262095886"", ""rows"": 100000}",311.252095,1600132,100000,"[""01c6f239-0001-fcf9-0001-9ade000b5e3e""]",0.0,True,"{""01c6f239-0001-fcf9-0001-9ade000b5e3e"": {""server_total_ms"": 210, ""server_compilation_ms"": 61, ""server_execution_ms"": 149, ""server_provisioning_queue_ms"": 0, ""server_overload_queue_ms"": 0, ""server_bytes_scanned"": 973312}}"
100000,warehouse,clean_derive,pandas,6,30,01c6f239-0001-fcf9-0001-9ade000b5e16,1.829924,20.0,336.82096,"{""columns"": [""id"", ""net_cents""], ""dtypes"": [""int64"", ""int64""], ""hash_sum"": ""6278141268544677052"", ""hash_xor"": ""11755483584262095886"", ""rows"": 100000}",334.991036,1600132,100000,"[""01c6f239-0001-fcf9-0001-9ade000b5e42""]",0.0,True,"{""01c6f239-0001-fcf9-0001-9ade000b5e42"": {""server_total_ms"": 228, ""server_compilation_ms"": 58, ""server_execution_ms"": 170, ""server_provisioning_queue_ms"": 0, ""server_overload_queue_ms"": 0, ""server_bytes_scanned"": 973312}}"
10000000,warehouse,clean_derive,snowflake,6,26,01c6f239-0001-fcf9-0001-9ade000b5e4a,1785.980528,890.0,1785.980528,"{""columns"": [""id"", ""net_cents""], ""dtypes"": [""int64"", ""int64""], ""hash_sum"": ""14285702759883698828"", ""hash_xor"": ""425970959959544156"", ""rows"": 10000000}",,160000132,10000000,"[""01c6f239-0001-fcf9-0001-9ade000b5e66""]",0.0,True,"{""01c6f239-0001-fcf9-0001-9ade000b5e66"": {""server_total_ms"": 541, ""server_compilation_ms"": 86, ""server_execution_ms"": 455, ""server_provisioning_queue_ms"": 0, ""server_overload_queue_ms"": 0, ""server_bytes_scanned"": 151591936}}"
10000000,warehouse,clean_derive,snowflake,6,27,01c6f239-0001-fcf9-0001-9ade000b5e4a,1764.540086,870.0,1764.540086,"{""columns"": [""id"", ""net_cents""], ""dtypes"": [""int64"", ""int64""], ""hash_sum"": ""14285702759883698828"", ""hash_xor"": ""425970959959544156"", ""rows"": 10000000}",,160000132,10000000,"[""01c6f239-0001-fcf9-0001-9ade000b5e6a""]",0.0,True,"{""01c6f239-0001-fcf9-0001-9ade000b5e6a"": {""server_total_ms"": 474, ""server_compilation_ms"": 67, ""server_execution_ms"": 407, ""server_provisioning_queue_ms"": 0, ""server_overload_queue_ms"": 0, ""server_bytes_scanned"": 151591936}}"
10000000,warehouse,clean_derive,snowflake,6,28,01c6f239-0001-fcf9-0001-9ade000b5e4a,1929.846981,850.0,1929.846981,"{""columns"": [""id"", ""net_cents""], ""dtypes"": [""int64"", ""int64""], ""hash_sum"": ""14285702759883698828"", ""hash_xor"": ""425970959959544156"", ""rows"": 10000000}",,160000132,10000000,"[""01c6f23a-0001-fcf9-0001-9ade000b5e6e""]",0.0,True,"{""01c6f23a-0001-fcf9-0001-9ade000b5e6e"": {""server_total_ms"": 597, ""server_compilation_ms"": 62, ""server_execution_ms"": 535, ""server_provisioning_queue_ms"": 0, ""server_overload_queue_ms"": 0, ""server_bytes_scanned"": 151591936}}"
10000000,warehouse,clean_derive,snowflake,6,29,01c6f239-0001-fcf9-0001-9ade000b5e4a,1842.049167,710.0,1842.049167,"{""columns"": [""id"", ""net_cents""], ""dtypes"": [""int64"", ""int64""], ""hash_sum"": ""14285702759883698828"", ""hash_xor"": ""425970959959544156"", ""rows"": 10000000}",,160000132,10000000,"[""01c6f23a-0001-fcf9-0001-9ade000b5e72""]",0.0,True,"{""01c6f23a-0001-fcf9-0001-9ade000b5e72"": {""server_total_ms"": 524, ""server_compilation_ms"": 73, ""server_execution_ms"": 451, ""server_provisioning_queue_ms"": 0, ""server_overload_queue_ms"": 0, ""server_bytes_scanned"": 151591936}}"
10000000,warehouse,clean_derive,snowflake,6,30,01c6f239-0001-fcf9-0001-9ade000b5e4a,1807.201573,860.0,1807.201573,"{""columns"": [""id"", ""net_cents""], ""dtypes"": [""int64"", ""int64""], ""hash_sum"": ""14285702759883698828"", ""hash_xor"": ""425970959959544156"", ""rows"": 10000000}",,160000132,10000000,"[""01c6f23a-0001-fcf9-0001-9ade000b5e76""]",0.0,True,"{""01c6f23a-0001-fcf9-0001-9ade000b5e76"": {""server_total_ms"": 507, ""server_compilation_ms"": 64, ""server_execution_ms"": 443, ""server_provisioning_queue_ms"": 0, ""server_overload_queue_ms"": 0, ""server_bytes_scanned"": 151591936}}"
100000,warehouse,groupby,pandas,6,26,01c6f23a-0001-fe0c-0001-9ade000b995e,5.029849,40.0,299.994294,"{""columns"": [""region_id"", ""total_cents"", ""total_quantity"", ""row_count""], ""dtypes"": [""int64"", ""int64"", ""int64"", ""int64""], ""hash_sum"": ""5148165510768826946"", ""hash_xor"": ""7876665366988197046"", ""rows"": 50}",294.964445,1732,50,"[""01c6f23a-0001-fe0c-0001-9ade000b997a""]",0.0,True,"{""01c6f23a-0001-fe0c-0001-9ade000b997a"": {""server_total_ms"": 194, ""server_compilation_ms"": 57, ""server_execution_ms"": 137, ""server_provisioning_queue_ms"": 0, ""server_overload_queue_ms"": 0, ""server_bytes_scanned"": 973312}}"
100000,warehouse,groupby,pandas,6,27,01c6f23a-0001-fe0c-0001-9ade000b995e,4.81649,30.0,300.843753,"{""columns"": [""region_id"", ""total_cents"", ""total_quantity"", ""row_count""], ""dtypes"": [""int64"", ""int64"", ""int64"", ""int64""], ""hash_sum"": ""5148165510768826946"", ""hash_xor"": ""7876665366988197046"", ""rows"": 50}",296.027263,1732,50,"[""01c6f23a-0001-fe0c-0001-9ade000b997e""]",0.0,True,"{""01c6f23a-0001-fe0c-0001-9ade000b997e"": {""server_total_ms"": 197, ""server_compilation_ms"": 53, ""server_execution_ms"": 144, ""server_provisioning_queue_ms"": 0, ""server_overload_queue_ms"": 0, ""server_bytes_scanned"": 973312}}"
100000,warehouse,groupby,pandas,6,28,01c6f23a-0001-fe0c-0001-9ade000b995e,4.771207,20.0,309.24828,"{""columns"": [""region_id"", ""total_cents"", ""total_quantity"", ""row_count""], ""dtypes"": [""int64"", ""int64"", ""int64"", ""int64""], ""hash_sum"": ""5148165510768826946"", ""hash_xor"": ""7876665366988197046"", ""rows"": 50}",304.477073,1732,50,"[""01c6f23a-0001-fe0c-0001-9ade000b9982""]",0.0,True,"{""01c6f23a-0001-fe0c-0001-9ade000b9982"": {""server_total_ms"": 210, ""server_compilation_ms"": 66, ""server_execution_ms"": 144, ""server_provisioning_queue_ms"": 0, ""server_overload_queue_ms"": 0, ""server_bytes_scanned"": 973312}}"
100000,warehouse,groupby,pandas,6,29,01c6f23a-0001-fe0c-0001-9ade000b995e,4.841009,10.0,304.504052,"{""columns"": [""region_id"", ""total_cents"", ""total_quantity"", ""row_count""], ""dtypes"": [""int64"", ""int64"", ""int64"", ""int64""], ""hash_sum"": ""5148165510768826946"", ""hash_xor"": ""7876665366988197046"", ""rows"": 50}",299.663043,1732,50,"[""01c6f23a-0001-fe0c-0001-9ade000b9986""]",0.0,True,"{""01c6f23a-0001-fe0c-0001-9ade000b9986"": {""server_total_ms"": 196, ""server_compilation_ms"": 55, ""server_execution_ms"": 141, ""server_provisioning_queue_ms"": 0, ""server_overload_queue_ms"": 0, ""server_bytes_scanned"": 973312}}"
100000,warehouse,groupby,pandas,6,30,01c6f23a-0001-fe0c-0001-9ade000b995e,4.889923,20.0,300.230879,"{""columns"": [""region_id"", ""total_cents"", ""total_quantity"", ""row_count""], ""dtypes"": [""int64"", ""int64"", ""int64"", ""int64""], ""hash_sum"": ""5148165510768826946"", ""hash_xor"": ""7876665366988197046"", ""rows"": 50}",295.340956,1732,50,"[""01c6f23a-0001-fe0c-0001-9ade000b998a""]",0.0,True,"{""01c6f23a-0001-fe0c-0001-9ade000b998a"": {""server_total_ms"": 200, ""server_compilation_ms"": 55, ""server_execution_ms"": 145, ""server_provisioning_queue_ms"": 0, ""server_overload_queue_ms"": 0, ""server_bytes_scanned"": 973312}}"
1000000,warehouse,groupby,pandas,6,26,01c6f23a-0001-fcf8-0001-9ade000ba22e,18.322472,90.0,545.074579,"{""columns"": [""region_id"", ""total_cents"", ""total_quantity"", ""row_count""], ""dtypes"": [""int64"", ""int64"", ""int64"", ""int64""], ""hash_sum"": ""3129039791569495086"", ""hash_xor"": ""14932865647023855810"", ""rows"": 50}",526.752107,1732,50,"[""01c6f23a-0001-fcf8-0001-9ade000ba24a""]",0.0,True,"{""01c6f23a-0001-fcf8-0001-9ade000ba24a"": {""server_total_ms"": 361, ""server_compilation_ms"": 61, ""server_execution_ms"": 300, ""server_provisioning_queue_ms"": 0, ""server_overload_queue_ms"": 0, ""server_bytes_scanned"": 7627264}}"
1000000,warehouse,groupby,pandas,6,27,01c6f23a-0001-fcf8-0001-9ade000ba22e,19.740956,100.0,583.374553,"{""columns"": [""region_id"", ""total_cents"", ""total_quantity"", ""row_count""], ""dtypes"": [""int64"", ""int64"", ""int64"", ""int64""], ""hash_sum"": ""3129039791569495086"", ""hash_xor"": ""14932865647023855810"", ""rows"": 50}",563.633597,1732,50,"[""01c6f23a-0001-fcf8-0001-9ade000ba24e""]",0.0,True,"{""01c6f23a-0001-fcf8-0001-9ade000ba24e"": {""server_total_ms"": 412, ""server_compilation_ms"": 63, ""server_execution_ms"": 349, ""server_provisioning_queue_ms"": 0, ""server_overload_queue_ms"": 0, ""server_bytes_scanned"": 7627264}}"
1000000,warehouse,groupby,pandas,6,28,01c6f23a-0001-fcf8-0001-9ade000ba22e,21.331195,100.0,533.713982,"{""columns"": [""region_id"", ""total_cents"", ""total_quantity"", ""row_count""], ""dtypes"": [""int64"", ""int64"", ""int64"", ""int64""], ""hash_sum"": ""3129039791569495086"", ""hash_xor"": ""14932865647023855810"", ""rows"": 50}",512.382787,1732,50,"[""01c6f23a-0001-fcf8-0001-9ade000ba252""]",0.0,True,"{""01c6f23a-0001-fcf8-0001-9ade000ba252"": {""server_total_ms"": 343, ""server_compilation_ms"": 51, ""server_execution_ms"": 292, ""server_provisioning_queue_ms"": 0, ""server_overload_queue_ms"": 0, ""server_bytes_scanned"": 7627264}}"
1000000,warehouse,groupby,pandas,6,29,01c6f23a-0001-fcf8-0001-9ade000ba22e,19.758834,80.0,522.600801,"{""columns"": [""region_id"", ""total_cents"", ""total_quantity"", ""row_count""], ""dtypes"": [""int64"", ""int64"", ""int64"", ""int64""], ""hash_sum"": ""3129039791569495086"", ""hash_xor"": ""14932865647023855810"", ""rows"": 50}",502.841967,1732,50,"[""01c6f23a-0001-fcf8-0001-9ade000ba256""]",0.0,True,"{""01c6f23a-0001-fcf8-0001-9ade000ba256"": {""server_total_ms"": 346, ""server_compilation_ms"": 61, ""server_execution_ms"": 285, ""server_provisioning_queue_ms"": 0, ""server_overload_queue_ms"": 0, ""server_bytes_scanned"": 7627264}}"
1000000,warehouse,groupby,pandas,6,30,01c6f23a-0001-fcf8-0001-9ade000ba22e,19.777967,70.0,536.243755,"{""columns"": [""region_id"", ""total_cents"", ""total_quantity"", ""row_count""], ""dtypes"": [""int64"", ""int64"", ""int64"", ""int64""], ""hash_sum"": ""3129039791569495086"", ""hash_xor"": ""14932865647023855810"", ""rows"": 50}",516.465788,1732,50,"[""01c6f23a-0001-fcf8-0001-9ade000ba25a""]",0.0,True,"{""01c6f23a-0001-fcf8-0001-9ade000ba25a"": {""server_total_ms"": 340, ""server_compilation_ms"": 56, ""server_execution_ms"": 284, ""server_provisioning_queue_ms"": 0, ""server_overload_queue_ms"": 0, ""server_bytes_scanned"": 7627264}}"
100000,warehouse,groupby,duckdb,6,26,01c6f23a-0001-fcf8-0001-9ade000ba262,6.378285,70.0,313.422288,"{""columns"": [""region_id"", ""total_cents"", ""total_quantity"", ""row_count""], ""dtypes"": [""int64"", ""int64"", ""int64"", ""int64""], ""hash_sum"": ""5148165510768826946"", ""hash_xor"": ""7876665366988197046"", ""rows"": 50}",294.398815,1732,50,"[""01c6f23a-0001-fcf8-0001-9ade000ba27e""]",12.645188,True,"{""01c6f23a-0001-fcf8-0001-9ade000ba27e"": {""server_total_ms"": 197, ""server_compilation_ms"": 50, ""server_execution_ms"": 147, ""server_provisioning_queue_ms"": 0, ""server_overload_queue_ms"": 0, ""server_bytes_scanned"": 973312}}"
100000,warehouse,groupby,duckdb,6,27,01c6f23a-0001-fcf8-0001-9ade000ba262,5.867074,30.0,357.271103,"{""columns"": [""region_id"", ""total_cents"", ""total_quantity"", ""row_count""], ""dtypes"": [""int64"", ""int64"", ""int64"", ""int64""], ""hash_sum"": ""5148165510768826946"", ""hash_xor"": ""7876665366988197046"", ""rows"": 50}",338.877236,1732,50,"[""01c6f23a-0001-fcf8-0001-9ade000ba282""]",12.526793,True,"{""01c6f23a-0001-fcf8-0001-9ade000ba282"": {""server_total_ms"": 239, ""server_compilation_ms"": 63, ""server_execution_ms"": 176, ""server_provisioning_queue_ms"": 0, ""server_overload_queue_ms"": 0, ""server_bytes_scanned"": 973312}}"
100000,warehouse,groupby,duckdb,6,28,01c6f23a-0001-fcf8-0001-9ade000ba262,6.186385,50.0,324.962511,"{""columns"": [""region_id"", ""total_cents"", ""total_quantity"", ""row_count""], ""dtypes"": [""int64"", ""int64"", ""int64"", ""int64""], ""hash_sum"": ""5148165510768826946"", ""hash_xor"": ""7876665366988197046"", ""rows"": 50}",306.189846,1732,50,"[""01c6f23a-0001-fcf8-0001-9ade000ba286""]",12.58628,True,"{""01c6f23a-0001-fcf8-0001-9ade000ba286"": {""server_total_ms"": 212, ""server_compilation_ms"": 66, ""server_execution_ms"": 146, ""server_provisioning_queue_ms"": 0, ""server_overload_queue_ms"": 0, ""server_bytes_scanned"": 973312}}"
100000,warehouse,groupby,duckdb,6,29,01c6f23a-0001-fcf8-0001-9ade000ba262,5.85099,40.0,346.391962,"{""columns"": [""region_id"", ""total_cents"", ""total_quantity"", ""row_count""], ""dtypes"": [""int64"", ""int64"", ""int64"", ""int64""], ""hash_sum"": ""5148165510768826946"", ""hash_xor"": ""7876665366988197046"", ""rows"": 50}",327.927798,1732,50,"[""01c6f23a-0001-fcf8-0001-9ade000ba28a""]",12.613174,True,"{""01c6f23a-0001-fcf8-0001-9ade000ba28a"": {""server_total_ms"": 228, ""server_compilation_ms"": 65, ""server_execution_ms"": 163, ""server_provisioning_queue_ms"": 0, ""server_overload_queue_ms"": 0, ""server_bytes_scanned"": 973312}}"
100000,warehouse,groupby,duckdb,6,30,01c6f23a-0001-fcf8-0001-9ade000ba262,5.860298,40.0,300.879709,"{""columns"": [""region_id"", ""total_cents"", ""total_quantity"", ""row_count""], ""dtypes"": [""int64"", ""int64"", ""int64"", ""int64""], ""hash_sum"": ""5148165510768826946"", ""hash_xor"": ""7876665366988197046"", ""rows"": 50}",282.604658,1732,50,"[""01c6f23a-0001-fcf8-0001-9ade000ba28e""]",12.414753,True,"{""01c6f23a-0001-fcf8-0001-9ade000ba28e"": {""server_total_ms"": 187, ""server_compilation_ms"": 53, ""server_execution_ms"": 134, ""server_provisioning_queue_ms"": 0, ""server_overload_queue_ms"": 0, ""server_bytes_scanned"": 973312}}"
100000,warehouse,join_groupby,pandas,6,26,01c6f23a-0001-fcf8-0001-9ade000ba296,17.667797,70.0,677.863283,"{""columns"": [""region_id"", ""tier"", ""total_cents"", ""row_count""], ""dtypes"": [""int64"", ""int64"", ""int64"", ""int64""], ""hash_sum"": ""15482229778153811636"", ""hash_xor"": ""14299020784962879478"", ""rows"": 200}",660.195486,6532,200,"[""01c6f23a-0001-fcf8-0001-9ade000ba2b6"", ""01c6f23a-0001-fcf8-0001-9ade000ba2ba""]",0.0,True,"{""01c6f23a-0001-fcf8-0001-9ade000ba2b6"": {""server_total_ms"": 265, ""server_compilation_ms"": 61, ""server_execution_ms"": 204, ""server_provisioning_queue_ms"": 0, ""server_overload_queue_ms"": 0, ""server_bytes_scanned"": 973312}, ""01c6f23a-0001-fcf8-0001-9ade000ba2ba"": {""server_total_ms"": 182, ""server_compilation_ms"": 59, ""server_execution_ms"": 123, ""server_provisioning_queue_ms"": 0, ""server_overload_queue_ms"": 0, ""server_bytes_scanned"": 238592}}"
100000,warehouse,join_groupby,pandas,6,27,01c6f23a-0001-fcf8-0001-9ade000ba296,17.475213,60.0,676.257578,"{""columns"": [""region_id"", ""tier"", ""total_cents"", ""row_count""], ""dtypes"": [""int64"", ""int64"", ""int64"", ""int64""], ""hash_sum"": ""15482229778153811636"", ""hash_xor"": ""14299020784962879478"", ""rows"": 200}",658.782365,6532,200,"[""01c6f23a-0001-fcf8-0001-9ade000ba2be"", ""01c6f23a-0001-fcf8-0001-9ade000ba2c2""]",0.0,True,"{""01c6f23a-0001-fcf8-0001-9ade000ba2be"": {""server_total_ms"": 229, ""server_compilation_ms"": 58, ""server_execution_ms"": 171, ""server_provisioning_queue_ms"": 0, ""server_overload_queue_ms"": 0, ""server_bytes_scanned"": 973312}, ""01c6f23a-0001-fcf8-0001-9ade000ba2c2"": {""server_total_ms"": 204, ""server_compilation_ms"": 61, ""server_execution_ms"": 143, ""server_provisioning_queue_ms"": 0, ""server_overload_queue_ms"": 0, ""server_bytes_scanned"": 238592}}"
100000,warehouse,join_groupby,pandas,6,28,01c6f23a-0001-fcf8-0001-9ade000ba296,17.580844,60.0,791.009899,"{""columns"": [""region_id"", ""tier"", ""total_cents"", ""row_count""], ""dtypes"": [""int64"", ""int64"", ""int64"", ""int64""], ""hash_sum"": ""15482229778153811636"", ""hash_xor"": ""14299020784962879478"", ""rows"": 200}",773.429055,6532,200,"[""01c6f23a-0001-fcf8-0001-9ade000ba2c6"", ""01c6f23a-0001-fcf8-0001-9ade000ba2ca""]",0.0,True,"{""01c6f23a-0001-fcf8-0001-9ade000ba2c6"": {""server_total_ms"": 360, ""server_compilation_ms"": 197, ""server_execution_ms"": 163, ""server_provisioning_queue_ms"": 0, ""server_overload_queue_ms"": 0, ""server_bytes_scanned"": 973312}, ""01c6f23a-0001-fcf8-0001-9ade000ba2ca"": {""server_total_ms"": 218, ""server_compilation_ms"": 71, ""server_execution_ms"": 147, ""server_provisioning_queue_ms"": 0, ""server_overload_queue_ms"": 0, ""server_bytes_scanned"": 238592}}"
100000,warehouse,join_groupby,pandas,6,29,01c6f23a-0001-fcf8-0001-9ade000ba296,17.658146,80.0,637.484985,"{""columns"": [""region_id"", ""tier"", ""total_cents"", ""row_count""], ""dtypes"": [""int64"", ""int64"", ""int64"", ""int64""], ""hash_sum"": ""15482229778153811636"", ""hash_xor"": ""14299020784962879478"", ""rows"": 200}",619.826839,6532,200,"[""01c6f23a-0001-fcf8-0001-9ade000ba2ce"", ""01c6f23a-0001-fcf8-0001-9ade000ba2d2""]",0.0,True,"{""01c6f23a-0001-fcf8-0001-9ade000ba2ce"": {""server_total_ms"": 224, ""server_compilation_ms"": 55, ""server_execution_ms"": 169, ""server_provisioning_queue_ms"": 0, ""server_overload_queue_ms"": 0, ""server_bytes_scanned"": 973312}, ""01c6f23a-0001-fcf8-0001-9ade000ba2d2"": {""server_total_ms"": 187, ""server_compilation_ms"": 56, ""server_execution_ms"": 131, ""server_provisioning_queue_ms"": 0, ""server_overload_queue_ms"": 0, ""server_bytes_scanned"": 238592}}"
100000,warehouse,join_groupby,pandas,6,30,01c6f23a-0001-fcf8-0001-9ade000ba296,17.471617,40.0,658.458122,"{""columns"": [""region_id"", ""tier"", ""total_cents"", ""row_count""], ""dtypes"": [""int64"", ""int64"", ""int64"", ""int64""], ""hash_sum"": ""15482229778153811636"", ""hash_xor"": ""14299020784962879478"", ""rows"": 200}",640.986505,6532,200,"[""01c6f23a-0001-fcf8-0001-9ade000ba2d6"", ""01c6f23a-0001-fcf8-0001-9ade000ba2da""]",0.0,True,"{""01c6f23a-0001-fcf8-0001-9ade000ba2d6"": {""server_total_ms"": 249, ""server_compilation_ms"": 63, ""server_execution_ms"": 186, ""server_provisioning_queue_ms"": 0, ""server_overload_queue_ms"": 0, ""server_bytes_scanned"": 973312}, ""01c6f23a-0001-fcf8-0001-9ade000ba2da"": {""server_total_ms"": 198, ""server_compilation_ms"": 63, ""server_execution_ms"": 135, ""server_provisioning_queue_ms"": 0, ""server_overload_queue_ms"": 0, ""server_bytes_scanned"": 238592}}"
10000000,warehouse,filter_project,duckdb,6,26,01c6f23a-0001-fe0c-0001-9ade000b998e,21.930887,410.0,1079.900679,"{""columns"": [""id"", ""region_id"", ""gross_cents""], ""dtypes"": [""int64"", ""int64"", ""int64""], ""hash_sum"": ""9297358661400020835"", ""hash_xor"": ""11916629792613770293"", ""rows"": 1980090}",1043.997586,47522292,1980090,"[""01c6f23a-0001-fe0c-0001-9ade000b99aa""]",13.972206,True,"{""01c6f23a-0001-fe0c-0001-9ade000b99aa"": {""server_total_ms"": 322, ""server_compilation_ms"": 64, ""server_execution_ms"": 258, ""server_provisioning_queue_ms"": 0, ""server_overload_queue_ms"": 0, ""server_bytes_scanned"": 151591936}}"
10000000,warehouse,filter_project,duckdb,6,27,01c6f23a-0001-fe0c-0001-9ade000b998e,23.806758,360.0,1085.643569,"{""columns"": [""id"", ""region_id"", ""gross_cents""], ""dtypes"": [""int64"", ""int64"", ""int64""], ""hash_sum"": ""9297358661400020835"", ""hash_xor"": ""11916629792613770293"", ""rows"": 1980090}",1048.610352,47522292,1980090,"[""01c6f23a-0001-fe0c-0001-9ade000b99ae""]",13.226459,True,"{""01c6f23a-0001-fe0c-0001-9ade000b99ae"": {""server_total_ms"": 299, ""server_compilation_ms"": 61, ""server_execution_ms"": 238, ""server_provisioning_queue_ms"": 0, ""server_overload_queue_ms"": 0, ""server_bytes_scanned"": 151591936}}"
10000000,warehouse,filter_project,duckdb,6,28,01c6f23a-0001-fe0c-0001-9ade000b998e,23.563506,320.0,1069.63902,"{""columns"": [""id"", ""region_id"", ""gross_cents""], ""dtypes"": [""int64"", ""int64"", ""int64""], ""hash_sum"": ""9297358661400020835"", ""hash_xor"": ""11916629792613770293"", ""rows"": 1980090}",1032.771154,47522292,1980090,"[""01c6f23a-0001-fe0c-0001-9ade000b99b2""]",13.30436,True,"{""01c6f23a-0001-fe0c-0001-9ade000b99b2"": {""server_total_ms"": 323, ""server_compilation_ms"": 69, ""server_execution_ms"": 254, ""server_provisioning_queue_ms"": 0, ""server_overload_queue_ms"": 0, ""server_bytes_scanned"": 146614784}}"
10000000,warehouse,filter_project,duckdb,6,29,01c6f23a-0001-fe0c-0001-9ade000b998e,25.961242,430.0,1015.631422,"{""columns"": [""id"", ""region_id"", ""gross_cents""], ""dtypes"": [""int64"", ""int64"", ""int64""], ""hash_sum"": ""9297358661400020835"", ""hash_xor"": ""11916629792613770293"", ""rows"": 1980090}",976.450855,47522292,1980090,"[""01c6f23a-0001-fe0c-0001-9ade000b99b6""]",13.219325,True,"{""01c6f23a-0001-fe0c-0001-9ade000b99b6"": {""server_total_ms"": 287, ""server_compilation_ms"": 60, ""server_execution_ms"": 227, ""server_provisioning_queue_ms"": 0, ""server_overload_queue_ms"": 0, ""server_bytes_scanned"": 151591936}}"
10000000,warehouse,filter_project,duckdb,6,30,01c6f23a-0001-fe0c-0001-9ade000b998e,23.731241,310.0,1086.40542,"{""columns"": [""id"", ""region_id"", ""gross_cents""], ""dtypes"": [""int64"", ""int64"", ""int64""], ""hash_sum"": ""9297358661400020835"", ""hash_xor"": ""11916629792613770293"", ""rows"": 1980090}",1049.252437,47522292,1980090,"[""01c6f23a-0001-fe0c-0001-9ade000b99ba""]",13.421742,True,"{""01c6f23a-0001-fe0c-0001-9ade000b99ba"": {""server_total_ms"": 338, ""server_compilation_ms"": 71, ""server_execution_ms"": 267, ""server_provisioning_queue_ms"": 0, ""server_overload_queue_ms"": 0, ""server_bytes_scanned"": 151591936}}"
1000000,warehouse,join_groupby,snowflake,6,26,01c6f23a-0001-fcf8-0001-9ade000ba2e2,186.852806,0.0,186.852806,"{""columns"": [""region_id"", ""tier"", ""total_cents"", ""row_count""], ""dtypes"": [""int64"", ""int64"", ""int64"", ""int64""], ""hash_sum"": ""13023197678645621665"", ""hash_xor"": ""8219731451453916309"", ""rows"": 200}",,6532,200,"[""01c6f23a-0001-fcf8-0001-9ade000ba2fe""]",0.0,True,"{""01c6f23a-0001-fcf8-0001-9ade000ba2fe"": {""server_total_ms"": 158, ""server_compilation_ms"": 69, ""server_execution_ms"": 89, ""server_provisioning_queue_ms"": 0, ""server_overload_queue_ms"": 0, ""server_bytes_scanned"": 7865856}}"
1000000,warehouse,join_groupby,snowflake,6,27,01c6f23a-0001-fcf8-0001-9ade000ba2e2,191.33344,0.0,191.33344,"{""columns"": [""region_id"", ""tier"", ""total_cents"", ""row_count""], ""dtypes"": [""int64"", ""int64"", ""int64"", ""int64""], ""hash_sum"": ""13023197678645621665"", ""hash_xor"": ""8219731451453916309"", ""rows"": 200}",,6532,200,"[""01c6f23a-0001-fcf8-0001-9ade000ba302""]",0.0,True,"{""01c6f23a-0001-fcf8-0001-9ade000ba302"": {""server_total_ms"": 159, ""server_compilation_ms"": 72, ""server_execution_ms"": 87, ""server_provisioning_queue_ms"": 0, ""server_overload_queue_ms"": 0, ""server_bytes_scanned"": 7865856}}"
1000000,warehouse,join_groupby,snowflake,6,28,01c6f23a-0001-fcf8-0001-9ade000ba2e2,190.779143,20.0,190.779143,"{""columns"": [""region_id"", ""tier"", ""total_cents"", ""row_count""], ""dtypes"": [""int64"", ""int64"", ""int64"", ""int64""], ""hash_sum"": ""13023197678645621665"", ""hash_xor"": ""8219731451453916309"", ""rows"": 200}",,6532,200,"[""01c6f23a-0001-fcf8-0001-9ade000ba306""]",0.0,True,"{""01c6f23a-0001-fcf8-0001-9ade000ba306"": {""server_total_ms"": 161, ""server_compilation_ms"": 76, ""server_execution_ms"": 85, ""server_provisioning_queue_ms"": 0, ""server_overload_queue_ms"": 0, ""server_bytes_scanned"": 7865856}}"
1000000,warehouse,join_groupby,snowflake,6,29,01c6f23a-0001-fcf8-0001-9ade000ba2e2,192.90712,10.0,192.90712,"{""columns"": [""region_id"", ""tier"", ""total_cents"", ""row_count""], ""dtypes"": [""int64"", ""int64"", ""int64"", ""int64""], ""hash_sum"": ""13023197678645621665"", ""hash_xor"": ""8219731451453916309"", ""rows"": 200}",,6532,200,"[""01c6f23a-0001-fcf8-0001-9ade000ba30a""]",0.0,True,"{""01c6f23a-0001-fcf8-0001-9ade000ba30a"": {""server_total_ms"": 163, ""server_compilation_ms"": 75, ""server_execution_ms"": 88, ""server_provisioning_queue_ms"": 0, ""server_overload_queue_ms"": 0, ""server_bytes_scanned"": 7865856}}"
1000000,warehouse,join_groupby,snowflake,6,30,01c6f23a-0001-fcf8-0001-9ade000ba2e2,185.988956,10.0,185.988956,"{""columns"": [""region_id"", ""tier"", ""total_cents"", ""row_count""], ""dtypes"": [""int64"", ""int64"", ""int64"", ""int64""], ""hash_sum"": ""13023197678645621665"", ""hash_xor"": ""8219731451453916309"", ""rows"": 200}",,6532,200,"[""01c6f23a-0001-fcf8-0001-9ade000ba30e""]",0.0,True,"{""01c6f23a-0001-fcf8-0001-9ade000ba30e"": {""server_total_ms"": 156, ""server_compilation_ms"": 74, ""server_execution_ms"": 82, ""server_provisioning_queue_ms"": 0, ""server_overload_queue_ms"": 0, ""server_bytes_scanned"": 7865856}}"
100000,warehouse,join_groupby,snowflake,6,26,01c6f23a-0001-fcf8-0001-9ade000ba312,158.530732,0.0,158.530732,"{""columns"": [""region_id"", ""tier"", ""total_cents"", ""row_count""], ""dtypes"": [""int64"", ""int64"", ""int64"", ""int64""], ""hash_sum"": ""15482229778153811636"", ""hash_xor"": ""14299020784962879478"", ""rows"": 200}",,6532,200,"[""01c6f23a-0001-fcf8-0001-9ade000ba32e""]",0.0,True,"{""01c6f23a-0001-fcf8-0001-9ade000ba32e"": {""server_total_ms"": 131, ""server_compilation_ms"": 83, ""server_execution_ms"": 48, ""server_provisioning_queue_ms"": 0, ""server_overload_queue_ms"": 0, ""server_bytes_scanned"": 1211904}}"
100000,warehouse,join_groupby,snowflake,6,27,01c6f23a-0001-fcf8-0001-9ade000ba312,163.676934,10.0,163.676934,"{""columns"": [""region_id"", ""tier"", ""total_cents"", ""row_count""], ""dtypes"": [""int64"", ""int64"", ""int64"", ""int64""], ""hash_sum"": ""15482229778153811636"", ""hash_xor"": ""14299020784962879478"", ""rows"": 200}",,6532,200,"[""01c6f23a-0001-fcf8-0001-9ade000ba332""]",0.0,True,"{""01c6f23a-0001-fcf8-0001-9ade000ba332"": {""server_total_ms"": 128, ""server_compilation_ms"": 82, ""server_execution_ms"": 46, ""server_provisioning_queue_ms"": 0, ""server_overload_queue_ms"": 0, ""server_bytes_scanned"": 1211904}}"
100000,warehouse,join_groupby,snowflake,6,28,01c6f23a-0001-fcf8-0001-9ade000ba312,155.360895,10.0,155.360895,"{""columns"": [""region_id"", ""tier"", ""total_cents"", ""row_count""], ""dtypes"": [""int64"", ""int64"", ""int64"", ""int64""], ""hash_sum"": ""15482229778153811636"", ""hash_xor"": ""14299020784962879478"", ""rows"": 200}",,6532,200,"[""01c6f23a-0001-fcf8-0001-9ade000ba336""]",0.0,True,"{""01c6f23a-0001-fcf8-0001-9ade000ba336"": {""server_total_ms"": 122, ""server_compilation_ms"": 76, ""server_execution_ms"": 46, ""server_provisioning_queue_ms"": 0, ""server_overload_queue_ms"": 0, ""server_bytes_scanned"": 1211904}}"
100000,warehouse,join_groupby,snowflake,6,29,01c6f23a-0001-fcf8-0001-9ade000ba312,162.071188,10.0,162.071188,"{""columns"": [""region_id"", ""tier"", ""total_cents"", ""row_count""], ""dtypes"": [""int64"", ""int64"", ""int64"", ""int64""], ""hash_sum"": ""15482229778153811636"", ""hash_xor"": ""14299020784962879478"", ""rows"": 200}",,6532,200,"[""01c6f23a-0001-fcf8-0001-9ade000ba33a""]",0.0,True,"{""01c6f23a-0001-fcf8-0001-9ade000ba33a"": {""server_total_ms"": 132, ""server_compilation_ms"": 84, ""server_execution_ms"": 48, ""server_provisioning_queue_ms"": 0, ""server_overload_queue_ms"": 0, ""server_bytes_scanned"": 1211904}}"
100000,warehouse,join_groupby,snowflake,6,30,01c6f23a-0001-fcf8-0001-9ade000ba312,153.727343,0.0,153.727343,"{""columns"": [""region_id"", ""tier"", ""total_cents"", ""row_count""], ""dtypes"": [""int64"", ""int64"", ""int64"", ""int64""], ""hash_sum"": ""15482229778153811636"", ""hash_xor"": ""14299020784962879478"", ""rows"": 200}",,6532,200,"[""01c6f23a-0001-fcf8-0001-9ade000ba33e""]",0.0,True,"{""01c6f23a-0001-fcf8-0001-9ade000ba33e"": {""server_total_ms"": 123, ""server_compilation_ms"": 77, ""server_execution_ms"": 46, ""server_provisioning_queue_ms"": 0, ""server_overload_queue_ms"": 0, ""server_bytes_scanned"": 1211904}}"
10000000,warehouse,clean_derive,pandas,6,26,01c6f23a-0001-fe0c-0001-9ade000b99c2,124.950578,1240.0,1995.480345,"{""columns"": [""id"", ""net_cents""], ""dtypes"": [""int64"", ""int64""], ""hash_sum"": ""14285702759883698828"", ""hash_xor"": ""425970959959544156"", ""rows"": 10000000}",1870.529767,160000132,10000000,"[""01c6f23a-0001-fe0c-0001-9ade000b99de""]",0.0,True,"{""01c6f23a-0001-fe0c-0001-9ade000b99de"": {""server_total_ms"": 471, ""server_compilation_ms"": 66, ""server_execution_ms"": 405, ""server_provisioning_queue_ms"": 0, ""server_overload_queue_ms"": 0, ""server_bytes_scanned"": 151591936}}"
10000000,warehouse,clean_derive,pandas,6,27,01c6f23a-0001-fe0c-0001-9ade000b99c2,123.231738,1080.0,2063.031704,"{""columns"": [""id"", ""net_cents""], ""dtypes"": [""int64"", ""int64""], ""hash_sum"": ""14285702759883698828"", ""hash_xor"": ""425970959959544156"", ""rows"": 10000000}",1939.799966,160000132,10000000,"[""01c6f23b-0001-fe0c-0001-9ade000b99e2""]",0.0,True,"{""01c6f23b-0001-fe0c-0001-9ade000b99e2"": {""server_total_ms"": 488, ""server_compilation_ms"": 61, ""server_execution_ms"": 427, ""server_provisioning_queue_ms"": 0, ""server_overload_queue_ms"": 0, ""server_bytes_scanned"": 151591936}}"
10000000,warehouse,clean_derive,pandas,6,28,01c6f23a-0001-fe0c-0001-9ade000b99c2,124.584085,1050.0,2015.719019,"{""columns"": [""id"", ""net_cents""], ""dtypes"": [""int64"", ""int64""], ""hash_sum"": ""14285702759883698828"", ""hash_xor"": ""425970959959544156"", ""rows"": 10000000}",1891.134934,160000132,10000000,"[""01c6f23b-0001-fe0c-0001-9ade000b99e6""]",0.0,True,"{""01c6f23b-0001-fe0c-0001-9ade000b99e6"": {""server_total_ms"": 460, ""server_compilation_ms"": 58, ""server_execution_ms"": 402, ""server_provisioning_queue_ms"": 0, ""server_overload_queue_ms"": 0, ""server_bytes_scanned"": 151591936}}"
10000000,warehouse,clean_derive,pandas,6,29,01c6f23a-0001-fe0c-0001-9ade000b99c2,122.20478,1030.0,2041.137092,"{""columns"": [""id"", ""net_cents""], ""dtypes"": [""int64"", ""int64""], ""hash_sum"": ""14285702759883698828"", ""hash_xor"": ""425970959959544156"", ""rows"": 10000000}",1918.932312,160000132,10000000,"[""01c6f23b-0001-fe0c-0001-9ade000b99ea""]",0.0,True,"{""01c6f23b-0001-fe0c-0001-9ade000b99ea"": {""server_total_ms"": 475, ""server_compilation_ms"": 65, ""server_execution_ms"": 410, ""server_provisioning_queue_ms"": 0, ""server_overload_queue_ms"": 0, ""server_bytes_scanned"": 151591936}}"
10000000,warehouse,clean_derive,pandas,6,30,01c6f23a-0001-fe0c-0001-9ade000b99c2,122.587365,1110.0,2008.370628,"{""columns"": [""id"", ""net_cents""], ""dtypes"": [""int64"", ""int64""], ""hash_sum"": ""14285702759883698828"", ""hash_xor"": ""425970959959544156"", ""rows"": 10000000}",1885.783263,160000132,10000000,"[""01c6f23b-0001-fe0c-0001-9ade000b99ee""]",0.0,True,"{""01c6f23b-0001-fe0c-0001-9ade000b99ee"": {""server_total_ms"": 448, ""server_compilation_ms"": 58, ""server_execution_ms"": 390, ""server_provisioning_queue_ms"": 0, ""server_overload_queue_ms"": 0, ""server_bytes_scanned"": 151591936}}"
1000000,warehouse,clean_derive,pandas,6,26,01c6f23b-0001-fe0c-0001-9ade000b99f2,20.423262,160.0,636.537612,"{""columns"": [""id"", ""net_cents""], ""dtypes"": [""int64"", ""int64""], ""hash_sum"": ""16902620082194219032"", ""hash_xor"": ""7441825716312922670"", ""rows"": 1000000}",616.11435,16000132,1000000,"[""01c6f23b-0001-fe0c-0001-9ade000b9a0e""]",0.0,True,"{""01c6f23b-0001-fe0c-0001-9ade000b9a0e"": {""server_total_ms"": 425, ""server_compilation_ms"": 66, ""server_execution_ms"": 359, ""server_provisioning_queue_ms"": 0, ""server_overload_queue_ms"": 0, ""server_bytes_scanned"": 7627264}}"
1000000,warehouse,clean_derive,pandas,6,27,01c6f23b-0001-fe0c-0001-9ade000b99f2,17.248727,120.0,649.379595,"{""columns"": [""id"", ""net_cents""], ""dtypes"": [""int64"", ""int64""], ""hash_sum"": ""16902620082194219032"", ""hash_xor"": ""7441825716312922670"", ""rows"": 1000000}",632.130868,16000132,1000000,"[""01c6f23b-0001-fe0c-0001-9ade000b9a12""]",0.0,True,"{""01c6f23b-0001-fe0c-0001-9ade000b9a12"": {""server_total_ms"": 442, ""server_compilation_ms"": 51, ""server_execution_ms"": 391, ""server_provisioning_queue_ms"": 0, ""server_overload_queue_ms"": 0, ""server_bytes_scanned"": 7627264}}"
1000000,warehouse,clean_derive,pandas,6,28,01c6f23b-0001-fe0c-0001-9ade000b99f2,19.224602,110.0,631.32648,"{""columns"": [""id"", ""net_cents""], ""dtypes"": [""int64"", ""int64""], ""hash_sum"": ""16902620082194219032"", ""hash_xor"": ""7441825716312922670"", ""rows"": 1000000}",612.101878,16000132,1000000,"[""01c6f23b-0001-fe0c-0001-9ade000b9a16""]",0.0,True,"{""01c6f23b-0001-fe0c-0001-9ade000b9a16"": {""server_total_ms"": 416, ""server_compilation_ms"": 63, ""server_execution_ms"": 353, ""server_provisioning_queue_ms"": 0, ""server_overload_queue_ms"": 0, ""server_bytes_scanned"": 7627264}}"
1000000,warehouse,clean_derive,pandas,6,29,01c6f23b-0001-fe0c-0001-9ade000b99f2,16.934259,120.0,728.705813,"{""columns"": [""id"", ""net_cents""], ""dtypes"": [""int64"", ""int64""], ""hash_sum"": ""16902620082194219032"", ""hash_xor"": ""7441825716312922670"", ""rows"": 1000000}",711.771554,16000132,1000000,"[""01c6f23b-0001-fe0c-0001-9ade000b9a1a""]",0.0,True,"{""01c6f23b-0001-fe0c-0001-9ade000b9a1a"": {""server_total_ms"": 496, ""server_compilation_ms"": 61, ""server_execution_ms"": 435, ""server_provisioning_queue_ms"": 0, ""server_overload_queue_ms"": 0, ""server_bytes_scanned"": 7627264}}"
1000000,warehouse,clean_derive,pandas,6,30,01c6f23b-0001-fe0c-0001-9ade000b99f2,19.606575,150.0,614.394157,"{""columns"": [""id"", ""net_cents""], ""dtypes"": [""int64"", ""int64""], ""hash_sum"": ""16902620082194219032"", ""hash_xor"": ""7441825716312922670"", ""rows"": 1000000}",594.787582,16000132,1000000,"[""01c6f23b-0001-fe0c-0001-9ade000b9a1e""]",0.0,True,"{""01c6f23b-0001-fe0c-0001-9ade000b9a1e"": {""server_total_ms"": 409, ""server_compilation_ms"": 56, ""server_execution_ms"": 353, ""server_provisioning_queue_ms"": 0, ""server_overload_queue_ms"": 0, ""server_bytes_scanned"": 7627264}}"
100000,warehouse,filter_project,pandas,6,26,01c6f23b-0001-fcf8-0001-9ade000ba346,1.498683,30.0,263.843857,"{""columns"": [""id"", ""region_id"", ""gross_cents""], ""dtypes"": [""int64"", ""int64"", ""int64""], ""hash_sum"": ""6934637738391437775"", ""hash_xor"": ""13010755706745315299"", ""rows"": 19886}",262.345174,477396,19886,"[""01c6f23b-0001-fcf8-0001-9ade000ba362""]",0.0,True,"{""01c6f23b-0001-fcf8-0001-9ade000ba362"": {""server_total_ms"": 170, ""server_compilation_ms"": 63, ""server_execution_ms"": 107, ""server_provisioning_queue_ms"": 0, ""server_overload_queue_ms"": 0, ""server_bytes_scanned"": 973312}}"
100000,warehouse,filter_project,pandas,6,27,01c6f23b-0001-fcf8-0001-9ade000ba346,1.357066,20.0,277.663864,"{""columns"": [""id"", ""region_id"", ""gross_cents""], ""dtypes"": [""int64"", ""int64"", ""int64""], ""hash_sum"": ""6934637738391437775"", ""hash_xor"": ""13010755706745315299"", ""rows"": 19886}",276.306798,477396,19886,"[""01c6f23b-0001-fcf8-0001-9ade000ba366""]",0.0,True,"{""01c6f23b-0001-fcf8-0001-9ade000ba366"": {""server_total_ms"": 183, ""server_compilation_ms"": 75, ""server_execution_ms"": 108, ""server_provisioning_queue_ms"": 0, ""server_overload_queue_ms"": 0, ""server_bytes_scanned"": 973312}}"
100000,warehouse,filter_project,pandas,6,28,01c6f23b-0001-fcf8-0001-9ade000ba346,1.427807,20.0,282.873889,"{""columns"": [""id"", ""region_id"", ""gross_cents""], ""dtypes"": [""int64"", ""int64"", ""int64""], ""hash_sum"": ""6934637738391437775"", ""hash_xor"": ""13010755706745315299"", ""rows"": 19886}",281.446082,477396,19886,"[""01c6f23b-0001-fcf8-0001-9ade000ba36a""]",0.0,True,"{""01c6f23b-0001-fcf8-0001-9ade000ba36a"": {""server_total_ms"": 186, ""server_compilation_ms"": 73, ""server_execution_ms"": 113, ""server_provisioning_queue_ms"": 0, ""server_overload_queue_ms"": 0, ""server_bytes_scanned"": 973312}}"
100000,warehouse,filter_project,pandas,6,29,01c6f23b-0001-fcf8-0001-9ade000ba346,1.45959,20.0,1636.488057,"{""columns"": [""id"", ""region_id"", ""gross_cents""], ""dtypes"": [""int64"", ""int64"", ""int64""], ""hash_sum"": ""6934637738391437775"", ""hash_xor"": ""13010755706745315299"", ""rows"": 19886}",1635.028467,477396,19886,"[""01c6f23b-0001-fcf8-0001-9ade000ba36e""]",0.0,True,"{""01c6f23b-0001-fcf8-0001-9ade000ba36e"": {""server_total_ms"": 930, ""server_compilation_ms"": 808, ""server_execution_ms"": 122, ""server_provisioning_queue_ms"": 0, ""server_overload_queue_ms"": 0, ""server_bytes_scanned"": 973312}}"
100000,warehouse,filter_project,pandas,6,30,01c6f23b-0001-fcf8-0001-9ade000ba346,1.330385,30.0,403.568787,"{""columns"": [""id"", ""region_id"", ""gross_cents""], ""dtypes"": [""int64"", ""int64"", ""int64""], ""hash_sum"": ""6934637738391437775"", ""hash_xor"": ""13010755706745315299"", ""rows"": 19886}",402.238402,477396,19886,"[""01c6f23b-0001-fcf8-0001-9ade000ba372""]",0.0,True,"{""01c6f23b-0001-fcf8-0001-9ade000ba372"": {""server_total_ms"": 272, ""server_compilation_ms"": 139, ""server_execution_ms"": 133, ""server_provisioning_queue_ms"": 0, ""server_overload_queue_ms"": 0, ""server_bytes_scanned"": 973312}}"
1000000,warehouse,join_groupby,pandas,6,26,01c6f23b-0001-fcf9-0001-9ade000b5e8e,106.676998,220.0,1019.078007,"{""columns"": [""region_id"", ""tier"", ""total_cents"", ""row_count""], ""dtypes"": [""int64"", ""int64"", ""int64"", ""int64""], ""hash_sum"": ""13023197678645621665"", ""hash_xor"": ""8219731451453916309"", ""rows"": 200}",912.401009,6532,200,"[""01c6f23b-0001-fcf9-0001-9ade000b5eae"", ""01c6f23b-0001-fcf9-0001-9ade000b5eb2""]",0.0,True,"{""01c6f23b-0001-fcf9-0001-9ade000b5eae"": {""server_total_ms"": 414, ""server_compilation_ms"": 60, ""server_execution_ms"": 354, ""server_provisioning_queue_ms"": 0, ""server_overload_queue_ms"": 0, ""server_bytes_scanned"": 7627264}, ""01c6f23b-0001-fcf9-0001-9ade000b5eb2"": {""server_total_ms"": 199, ""server_compilation_ms"": 64, ""server_execution_ms"": 135, ""server_provisioning_queue_ms"": 0, ""server_overload_queue_ms"": 0, ""server_bytes_scanned"": 238592}}"
1000000,warehouse,join_groupby,pandas,6,27,01c6f23b-0001-fcf9-0001-9ade000b5e8e,99.239821,290.0,999.141315,"{""columns"": [""region_id"", ""tier"", ""total_cents"", ""row_count""], ""dtypes"": [""int64"", ""int64"", ""int64"", ""int64""], ""hash_sum"": ""13023197678645621665"", ""hash_xor"": ""8219731451453916309"", ""rows"": 200}",899.901494,6532,200,"[""01c6f23b-0001-fcf9-0001-9ade000b5eb6"", ""01c6f23b-0001-fcf9-0001-9ade000b5eba""]",0.0,True,"{""01c6f23b-0001-fcf9-0001-9ade000b5eb6"": {""server_total_ms"": 395, ""server_compilation_ms"": 60, ""server_execution_ms"": 335, ""server_provisioning_queue_ms"": 0, ""server_overload_queue_ms"": 0, ""server_bytes_scanned"": 7627264}, ""01c6f23b-0001-fcf9-0001-9ade000b5eba"": {""server_total_ms"": 197, ""server_compilation_ms"": 64, ""server_execution_ms"": 133, ""server_provisioning_queue_ms"": 0, ""server_overload_queue_ms"": 0, ""server_bytes_scanned"": 238592}}"
1000000,warehouse,join_groupby,pandas,6,28,01c6f23b-0001-fcf9-0001-9ade000b5e8e,100.294445,210.0,998.161095,"{""columns"": [""region_id"", ""tier"", ""total_cents"", ""row_count""], ""dtypes"": [""int64"", ""int64"", ""int64"", ""int64""], ""hash_sum"": ""13023197678645621665"", ""hash_xor"": ""8219731451453916309"", ""rows"": 200}",897.86665,6532,200,"[""01c6f23b-0001-fcf9-0001-9ade000b5ebe"", ""01c6f23b-0001-fcf9-0001-9ade000b5ec2""]",0.0,True,"{""01c6f23b-0001-fcf9-0001-9ade000b5ebe"": {""server_total_ms"": 407, ""server_compilation_ms"": 61, ""server_execution_ms"": 346, ""server_provisioning_queue_ms"": 0, ""server_overload_queue_ms"": 0, ""server_bytes_scanned"": 7627264}, ""01c6f23b-0001-fcf9-0001-9ade000b5ec2"": {""server_total_ms"": 194, ""server_compilation_ms"": 56, ""server_execution_ms"": 138, ""server_provisioning_queue_ms"": 0, ""server_overload_queue_ms"": 0, ""server_bytes_scanned"": 238592}}"
1000000,warehouse,join_groupby,pandas,6,29,01c6f23b-0001-fcf9-0001-9ade000b5e8e,100.201818,250.0,1038.310568,"{""columns"": [""region_id"", ""tier"", ""total_cents"", ""row_count""], ""dtypes"": [""int64"", ""int64"", ""int64"", ""int64""], ""hash_sum"": ""13023197678645621665"", ""hash_xor"": ""8219731451453916309"", ""rows"": 200}",938.10875,6532,200,"[""01c6f23b-0001-fcf9-0001-9ade000b5ec6"", ""01c6f23b-0001-fcf9-0001-9ade000b5eca""]",0.0,True,"{""01c6f23b-0001-fcf9-0001-9ade000b5ec6"": {""server_total_ms"": 423, ""server_compilation_ms"": 66, ""server_execution_ms"": 357, ""server_provisioning_queue_ms"": 0, ""server_overload_queue_ms"": 0, ""server_bytes_scanned"": 7627264}, ""01c6f23b-0001-fcf9-0001-9ade000b5eca"": {""server_total_ms"": 189, ""server_compilation_ms"": 67, ""server_execution_ms"": 122, ""server_provisioning_queue_ms"": 0, ""server_overload_queue_ms"": 0, ""server_bytes_scanned"": 238592}}"
1000000,warehouse,join_groupby,pandas,6,30,01c6f23b-0001-fcf9-0001-9ade000b5e8e,97.886172,200.0,1568.933846,"{""columns"": [""region_id"", ""tier"", ""total_cents"", ""row_count""], ""dtypes"": [""int64"", ""int64"", ""int64"", ""int64""], ""hash_sum"": ""13023197678645621665"", ""hash_xor"": ""8219731451453916309"", ""rows"": 200}",1471.047674,6532,200,"[""01c6f23b-0001-fcf9-0001-9ade000b5ece"", ""01c6f23b-0001-fcf9-0001-9ade000b5ed2""]",0.0,True,"{""01c6f23b-0001-fcf9-0001-9ade000b5ece"": {""server_total_ms"": 413, ""server_compilation_ms"": 79, ""server_execution_ms"": 334, ""server_provisioning_queue_ms"": 0, ""server_overload_queue_ms"": 0, ""server_bytes_scanned"": 7627264}, ""01c6f23b-0001-fcf9-0001-9ade000b5ed2"": {""server_total_ms"": 252, ""server_compilation_ms"": 119, ""server_execution_ms"": 133, ""server_provisioning_queue_ms"": 0, ""server_overload_queue_ms"": 0, ""server_bytes_scanned"": 238592}}"
10000000,warehouse,filter_project,pandas,6,26,01c6f23b-0001-fcf9-0001-9ade000b5ed6,51.738174,270.0,1076.153033,"{""columns"": [""id"", ""region_id"", ""gross_cents""], ""dtypes"": [""int64"", ""int64"", ""int64""], ""hash_sum"": ""9297358661400020835"", ""hash_xor"": ""11916629792613770293"", ""rows"": 1980090}",1024.414859,47522292,1980090,"[""01c6f23b-0001-fcf9-0001-9ade000b5ef2""]",0.0,True,"{""01c6f23b-0001-fcf9-0001-9ade000b5ef2"": {""server_total_ms"": 297, ""server_compilation_ms"": 64, ""server_execution_ms"": 233, ""server_provisioning_queue_ms"": 0, ""server_overload_queue_ms"": 0, ""server_bytes_scanned"": 155809788}}"
10000000,warehouse,filter_project,pandas,6,27,01c6f23b-0001-fcf9-0001-9ade000b5ed6,59.266938,380.0,1051.725484,"{""columns"": [""id"", ""region_id"", ""gross_cents""], ""dtypes"": [""int64"", ""int64"", ""int64""], ""hash_sum"": ""9297358661400020835"", ""hash_xor"": ""11916629792613770293"", ""rows"": 1980090}",992.458546,47522292,1980090,"[""01c6f23b-0001-fcf9-0001-9ade000b5ef6""]",0.0,True,"{""01c6f23b-0001-fcf9-0001-9ade000b5ef6"": {""server_total_ms"": 302, ""server_compilation_ms"": 64, ""server_execution_ms"": 238, ""server_provisioning_queue_ms"": 0, ""server_overload_queue_ms"": 0, ""server_bytes_scanned"": 146614784}}"
10000000,warehouse,filter_project,pandas,6,28,01c6f23b-0001-fcf9-0001-9ade000b5ed6,53.560437,360.0,1066.743693,"{""columns"": [""id"", ""region_id"", ""gross_cents""], ""dtypes"": [""int64"", ""int64"", ""int64""], ""hash_sum"": ""9297358661400020835"", ""hash_xor"": ""11916629792613770293"", ""rows"": 1980090}",1013.183256,47522292,1980090,"[""01c6f23b-0001-fcf9-0001-9ade000b5efa""]",0.0,True,"{""01c6f23b-0001-fcf9-0001-9ade000b5efa"": {""server_total_ms"": 296, ""server_compilation_ms"": 67, ""server_execution_ms"": 229, ""server_provisioning_queue_ms"": 0, ""server_overload_queue_ms"": 0, ""server_bytes_scanned"": 151591936}}"
10000000,warehouse,filter_project,pandas,6,29,01c6f23b-0001-fcf9-0001-9ade000b5ed6,54.965587,320.0,1069.109844,"{""columns"": [""id"", ""region_id"", ""gross_cents""], ""dtypes"": [""int64"", ""int64"", ""int64""], ""hash_sum"": ""9297358661400020835"", ""hash_xor"": ""11916629792613770293"", ""rows"": 1980090}",1014.144257,47522292,1980090,"[""01c6f23b-0001-fcf9-0001-9ade000b5efe""]",0.0,True,"{""01c6f23b-0001-fcf9-0001-9ade000b5efe"": {""server_total_ms"": 305, ""server_compilation_ms"": 71, ""server_execution_ms"": 234, ""server_provisioning_queue_ms"": 0, ""server_overload_queue_ms"": 0, ""server_bytes_scanned"": 146614272}}"
10000000,warehouse,filter_project,pandas,6,30,01c6f23b-0001-fcf9-0001-9ade000b5ed6,53.231541,360.0,1148.098213,"{""columns"": [""id"", ""region_id"", ""gross_cents""], ""dtypes"": [""int64"", ""int64"", ""int64""], ""hash_sum"": ""9297358661400020835"", ""hash_xor"": ""11916629792613770293"", ""rows"": 1980090}",1094.866672,47522292,1980090,"[""01c6f23b-0001-fcf9-0001-9ade000b5f02""]",0.0,True,"{""01c6f23b-0001-fcf9-0001-9ade000b5f02"": {""server_total_ms"": 368, ""server_compilation_ms"": 73, ""server_execution_ms"": 295, ""server_provisioning_queue_ms"": 0, ""server_overload_queue_ms"": 0, ""server_bytes_scanned"": 151591936}}"
10000000,warehouse,join_groupby,duckdb,6,26,01c6f23b-0001-fe0c-0001-9ade000b9a26,125.105312,1420.0,2157.929927,"{""columns"": [""region_id"", ""tier"", ""total_cents"", ""row_count""], ""dtypes"": [""int64"", ""int64"", ""int64"", ""int64""], ""hash_sum"": ""17973786493157141569"", ""hash_xor"": ""18413190608798210925"", ""rows"": 200}",2018.945828,6532,200,"[""01c6f23b-0001-fe0c-0001-9ade000b9a46"", ""01c6f23b-0001-fe0c-0001-9ade000b9a4a""]",13.878787,True,"{""01c6f23b-0001-fe0c-0001-9ade000b9a46"": {""server_total_ms"": 426, ""server_compilation_ms"": 59, ""server_execution_ms"": 367, ""server_provisioning_queue_ms"": 0, ""server_overload_queue_ms"": 0, ""server_bytes_scanned"": 151591936}, ""01c6f23b-0001-fe0c-0001-9ade000b9a4a"": {""server_total_ms"": 209, ""server_compilation_ms"": 55, ""server_execution_ms"": 154, ""server_provisioning_queue_ms"": 0, ""server_overload_queue_ms"": 0, ""server_bytes_scanned"": 238592}}"
10000000,warehouse,join_groupby,duckdb,6,27,01c6f23b-0001-fe0c-0001-9ade000b9a26,126.364876,1380.0,2752.803267,"{""columns"": [""region_id"", ""tier"", ""total_cents"", ""row_count""], ""dtypes"": [""int64"", ""int64"", ""int64"", ""int64""], ""hash_sum"": ""17973786493157141569"", ""hash_xor"": ""18413190608798210925"", ""rows"": 200}",2612.304542,6532,200,"[""01c6f23b-0001-fe0c-0001-9ade000b9a4e"", ""01c6f23b-0001-fe0c-0001-9ade000b9a52""]",14.133849,True,"{""01c6f23b-0001-fe0c-0001-9ade000b9a4e"": {""server_total_ms"": 908, ""server_compilation_ms"": 69, ""server_execution_ms"": 839, ""server_provisioning_queue_ms"": 0, ""server_overload_queue_ms"": 0, ""server_bytes_scanned"": 151591936}, ""01c6f23b-0001-fe0c-0001-9ade000b9a52"": {""server_total_ms"": 242, ""server_compilation_ms"": 102, ""server_execution_ms"": 140, ""server_provisioning_queue_ms"": 0, ""server_overload_queue_ms"": 0, ""server_bytes_scanned"": 238592}}"
10000000,warehouse,join_groupby,duckdb,6,28,01c6f23b-0001-fe0c-0001-9ade000b9a26,122.938445,1290.0,2326.321567,"{""columns"": [""region_id"", ""tier"", ""total_cents"", ""row_count""], ""dtypes"": [""int64"", ""int64"", ""int64"", ""int64""], ""hash_sum"": ""17973786493157141569"", ""hash_xor"": ""18413190608798210925"", ""rows"": 200}",2189.556875,6532,200,"[""01c6f23b-0001-fe0c-0001-9ade000b9a56"", ""01c6f23b-0001-fe0c-0001-9ade000b9a5a""]",13.826247,True,"{""01c6f23b-0001-fe0c-0001-9ade000b9a56"": {""server_total_ms"": 470, ""server_compilation_ms"": 106, ""server_execution_ms"": 364, ""server_provisioning_queue_ms"": 0, ""server_overload_queue_ms"": 0, ""server_bytes_scanned"": 151591936}, ""01c6f23b-0001-fe0c-0001-9ade000b9a5a"": {""server_total_ms"": 261, ""server_compilation_ms"": 128, ""server_execution_ms"": 133, ""server_provisioning_queue_ms"": 0, ""server_overload_queue_ms"": 0, ""server_bytes_scanned"": 238592}}"
10000000,warehouse,join_groupby,duckdb,6,29,01c6f23b-0001-fe0c-0001-9ade000b9a26,124.819946,1320.0,2309.05585,"{""columns"": [""region_id"", ""tier"", ""total_cents"", ""row_count""], ""dtypes"": [""int64"", ""int64"", ""int64"", ""int64""], ""hash_sum"": ""17973786493157141569"", ""hash_xor"": ""18413190608798210925"", ""rows"": 200}",2169.950382,6532,200,"[""01c6f23b-0001-fe0c-0001-9ade000b9a5e"", ""01c6f23b-0001-fe0c-0001-9ade000b9a62""]",14.285522,True,"{""01c6f23b-0001-fe0c-0001-9ade000b9a5e"": {""server_total_ms"": 426, ""server_compilation_ms"": 66, ""server_execution_ms"": 360, ""server_provisioning_queue_ms"": 0, ""server_overload_queue_ms"": 0, ""server_bytes_scanned"": 151591936}, ""01c6f23b-0001-fe0c-0001-9ade000b9a62"": {""server_total_ms"": 238, ""server_compilation_ms"": 102, ""server_execution_ms"": 136, ""server_provisioning_queue_ms"": 0, ""server_overload_queue_ms"": 0, ""server_bytes_scanned"": 238592}}"
10000000,warehouse,join_groupby,duckdb,6,30,01c6f23b-0001-fe0c-0001-9ade000b9a26,123.609521,1540.0,2309.587949,"{""columns"": [""region_id"", ""tier"", ""total_cents"", ""row_count""], ""dtypes"": [""int64"", ""int64"", ""int64"", ""int64""], ""hash_sum"": ""17973786493157141569"", ""hash_xor"": ""18413190608798210925"", ""rows"": 200}",2172.008214,6532,200,"[""01c6f23c-0001-fe0c-0001-9ade000b9a66"", ""01c6f23c-0001-fe0c-0001-9ade000b9a6a""]",13.970214,True,"{""01c6f23c-0001-fe0c-0001-9ade000b9a66"": {""server_total_ms"": 463, ""server_compilation_ms"": 74, ""server_execution_ms"": 389, ""server_provisioning_queue_ms"": 0, ""server_overload_queue_ms"": 0, ""server_bytes_scanned"": 151591936}, ""01c6f23c-0001-fe0c-0001-9ade000b9a6a"": {""server_total_ms"": 222, ""server_compilation_ms"": 83, ""server_execution_ms"": 139, ""server_provisioning_queue_ms"": 0, ""server_overload_queue_ms"": 0, ""server_bytes_scanned"": 238592}}"
1000000,warehouse,groupby,snowflake,6,26,01c6f23c-0001-fcf9-0001-9ade000b5f0a,114.357189,0.0,114.357189,"{""columns"": [""region_id"", ""total_cents"", ""total_quantity"", ""row_count""], ""dtypes"": [""int64"", ""int64"", ""int64"", ""int64""], ""hash_sum"": ""3129039791569495086"", ""hash_xor"": ""14932865647023855810"", ""rows"": 50}",,1732,50,"[""01c6f23c-0001-fcf9-0001-9ade000b5f26""]",0.0,True,"{""01c6f23c-0001-fcf9-0001-9ade000b5f26"": {""server_total_ms"": 97, ""server_compilation_ms"": 65, ""server_execution_ms"": 32, ""server_provisioning_queue_ms"": 0, ""server_overload_queue_ms"": 0, ""server_bytes_scanned"": 7627264}}"
1000000,warehouse,groupby,snowflake,6,27,01c6f23c-0001-fcf9-0001-9ade000b5f0a,116.922717,0.0,116.922717,"{""columns"": [""region_id"", ""total_cents"", ""total_quantity"", ""row_count""], ""dtypes"": [""int64"", ""int64"", ""int64"", ""int64""], ""hash_sum"": ""3129039791569495086"", ""hash_xor"": ""14932865647023855810"", ""rows"": 50}",,1732,50,"[""01c6f23c-0001-fcf9-0001-9ade000b5f2a""]",0.0,True,"{""01c6f23c-0001-fcf9-0001-9ade000b5f2a"": {""server_total_ms"": 99, ""server_compilation_ms"": 67, ""server_execution_ms"": 32, ""server_provisioning_queue_ms"": 0, ""server_overload_queue_ms"": 0, ""server_bytes_scanned"": 7627264}}"
1000000,warehouse,groupby,snowflake,6,28,01c6f23c-0001-fcf9-0001-9ade000b5f0a,118.92674,0.0,118.92674,"{""columns"": [""region_id"", ""total_cents"", ""total_quantity"", ""row_count""], ""dtypes"": [""int64"", ""int64"", ""int64"", ""int64""], ""hash_sum"": ""3129039791569495086"", ""hash_xor"": ""14932865647023855810"", ""rows"": 50}",,1732,50,"[""01c6f23c-0001-fcf9-0001-9ade000b5f2e""]",0.0,True,"{""01c6f23c-0001-fcf9-0001-9ade000b5f2e"": {""server_total_ms"": 101, ""server_compilation_ms"": 68, ""server_execution_ms"": 33, ""server_provisioning_queue_ms"": 0, ""server_overload_queue_ms"": 0, ""server_bytes_scanned"": 7627264}}"
1000000,warehouse,groupby,snowflake,6,29,01c6f23c-0001-fcf9-0001-9ade000b5f0a,119.152197,10.0,119.152197,"{""columns"": [""region_id"", ""total_cents"", ""total_quantity"", ""row_count""], ""dtypes"": [""int64"", ""int64"", ""int64"", ""int64""], ""hash_sum"": ""3129039791569495086"", ""hash_xor"": ""14932865647023855810"", ""rows"": 50}",,1732,50,"[""01c6f23c-0001-fcf9-0001-9ade000b5f32""]",0.0,True,"{""01c6f23c-0001-fcf9-0001-9ade000b5f32"": {""server_total_ms"": 101, ""server_compilation_ms"": 67, ""server_execution_ms"": 34, ""server_provisioning_queue_ms"": 0, ""server_overload_queue_ms"": 0, ""server_bytes_scanned"": 7627264}}"
1000000,warehouse,groupby,snowflake,6,30,01c6f23c-0001-fcf9-0001-9ade000b5f0a,114.340218,0.0,114.340218,"{""columns"": [""region_id"", ""total_cents"", ""total_quantity"", ""row_count""], ""dtypes"": [""int64"", ""int64"", ""int64"", ""int64""], ""hash_sum"": ""3129039791569495086"", ""hash_xor"": ""14932865647023855810"", ""rows"": 50}",,1732,50,"[""01c6f23c-0001-fcf9-0001-9ade000b5f36""]",0.0,True,"{""01c6f23c-0001-fcf9-0001-9ade000b5f36"": {""server_total_ms"": 97, ""server_compilation_ms"": 64, ""server_execution_ms"": 33, ""server_provisioning_queue_ms"": 0, ""server_overload_queue_ms"": 0, ""server_bytes_scanned"": 7627264}}"
100000,warehouse,join_groupby,duckdb,6,26,01c6f23c-0001-fcf8-0001-9ade000ba37e,16.779052,90.0,657.420952,"{""columns"": [""region_id"", ""tier"", ""total_cents"", ""row_count""], ""dtypes"": [""int64"", ""int64"", ""int64"", ""int64""], ""hash_sum"": ""15482229778153811636"", ""hash_xor"": ""14299020784962879478"", ""rows"": 200}",626.345061,6532,200,"[""01c6f23c-0001-fcf8-0001-9ade000ba39e"", ""01c6f23c-0001-fcf8-0001-9ade000ba3a2""]",14.296839,True,"{""01c6f23c-0001-fcf8-0001-9ade000ba39e"": {""server_total_ms"": 245, ""server_compilation_ms"": 60, ""server_execution_ms"": 185, ""server_provisioning_queue_ms"": 0, ""server_overload_queue_ms"": 0, ""server_bytes_scanned"": 973312}, ""01c6f23c-0001-fcf8-0001-9ade000ba3a2"": {""server_total_ms"": 190, ""server_compilation_ms"": 57, ""server_execution_ms"": 133, ""server_provisioning_queue_ms"": 0, ""server_overload_queue_ms"": 0, ""server_bytes_scanned"": 238592}}"
100000,warehouse,join_groupby,duckdb,6,27,01c6f23c-0001-fcf8-0001-9ade000ba37e,16.377107,110.0,652.917611,"{""columns"": [""region_id"", ""tier"", ""total_cents"", ""row_count""], ""dtypes"": [""int64"", ""int64"", ""int64"", ""int64""], ""hash_sum"": ""15482229778153811636"", ""hash_xor"": ""14299020784962879478"", ""rows"": 200}",622.663551,6532,200,"[""01c6f23c-0001-fcf8-0001-9ade000ba3a6"", ""01c6f23c-0001-fcf8-0001-9ade000ba3aa""]",13.876953,True,"{""01c6f23c-0001-fcf8-0001-9ade000ba3a6"": {""server_total_ms"": 249, ""server_compilation_ms"": 54, ""server_execution_ms"": 195, ""server_provisioning_queue_ms"": 0, ""server_overload_queue_ms"": 0, ""server_bytes_scanned"": 973312}, ""01c6f23c-0001-fcf8-0001-9ade000ba3aa"": {""server_total_ms"": 180, ""server_compilation_ms"": 56, ""server_execution_ms"": 124, ""server_provisioning_queue_ms"": 0, ""server_overload_queue_ms"": 0, ""server_bytes_scanned"": 238592}}"
100000,warehouse,join_groupby,duckdb,6,28,01c6f23c-0001-fcf8-0001-9ade000ba37e,16.156854,60.0,665.573297,"{""columns"": [""region_id"", ""tier"", ""total_cents"", ""row_count""], ""dtypes"": [""int64"", ""int64"", ""int64"", ""int64""], ""hash_sum"": ""15482229778153811636"", ""hash_xor"": ""14299020784962879478"", ""rows"": 200}",635.141112,6532,200,"[""01c6f23c-0001-fcf8-0001-9ade000ba3ae"", ""01c6f23c-0001-fcf8-0001-9ade000ba3b2""]",14.275331,True,"{""01c6f23c-0001-fcf8-0001-9ade000ba3ae"": {""server_total_ms"": 234, ""server_compilation_ms"": 57, ""server_execution_ms"": 177, ""server_provisioning_queue_ms"": 0, ""server_overload_queue_ms"": 0, ""server_bytes_scanned"": 973312}, ""01c6f23c-0001-fcf8-0001-9ade000ba3b2"": {""server_total_ms"": 203, ""server_compilation_ms"": 53, ""server_execution_ms"": 150, ""server_provisioning_queue_ms"": 0, ""server_overload_queue_ms"": 0, ""server_bytes_scanned"": 238592}}"
100000,warehouse,join_groupby,duckdb,6,29,01c6f23c-0001-fcf8-0001-9ade000ba37e,15.785275,100.0,655.827431,"{""columns"": [""region_id"", ""tier"", ""total_cents"", ""row_count""], ""dtypes"": [""int64"", ""int64"", ""int64"", ""int64""], ""hash_sum"": ""15482229778153811636"", ""hash_xor"": ""14299020784962879478"", ""rows"": 200}",626.03172,6532,200,"[""01c6f23c-0001-fcf8-0001-9ade000ba3b6"", ""01c6f23c-0001-fcf8-0001-9ade000ba3ba""]",14.010436,True,"{""01c6f23c-0001-fcf8-0001-9ade000ba3b6"": {""server_total_ms"": 228, ""server_compilation_ms"": 64, ""server_execution_ms"": 164, ""server_provisioning_queue_ms"": 0, ""server_overload_queue_ms"": 0, ""server_bytes_scanned"": 973312}, ""01c6f23c-0001-fcf8-0001-9ade000ba3ba"": {""server_total_ms"": 190, ""server_compilation_ms"": 56, ""server_execution_ms"": 134, ""server_provisioning_queue_ms"": 0, ""server_overload_queue_ms"": 0, ""server_bytes_scanned"": 238592}}"
100000,warehouse,join_groupby,duckdb,6,30,01c6f23c-0001-fcf8-0001-9ade000ba37e,16.278985,100.0,675.078365,"{""columns"": [""region_id"", ""tier"", ""total_cents"", ""row_count""], ""dtypes"": [""int64"", ""int64"", ""int64"", ""int64""], ""hash_sum"": ""15482229778153811636"", ""hash_xor"": ""14299020784962879478"", ""rows"": 200}",644.761864,6532,200,"[""01c6f23c-0001-fcf8-0001-9ade000ba3be"", ""01c6f23c-0001-fcf8-0001-9ade000ba3c2""]",14.037516,True,"{""01c6f23c-0001-fcf8-0001-9ade000ba3be"": {""server_total_ms"": 229, ""server_compilation_ms"": 57, ""server_execution_ms"": 172, ""server_provisioning_queue_ms"": 0, ""server_overload_queue_ms"": 0, ""server_bytes_scanned"": 973312}, ""01c6f23c-0001-fcf8-0001-9ade000ba3c2"": {""server_total_ms"": 196, ""server_compilation_ms"": 59, ""server_execution_ms"": 137, ""server_provisioning_queue_ms"": 0, ""server_overload_queue_ms"": 0, ""server_bytes_scanned"": 238592}}"
100000,warehouse,filter_project,duckdb,6,26,01c6f23c-0001-fcf9-0001-9ade000b5f3a,2.850415,30.0,318.858293,"{""columns"": [""id"", ""region_id"", ""gross_cents""], ""dtypes"": [""int64"", ""int64"", ""int64""], ""hash_sum"": ""6934637738391437775"", ""hash_xor"": ""13010755706745315299"", ""rows"": 19886}",303.328911,477396,19886,"[""01c6f23c-0001-fcf9-0001-9ade000b5f56""]",12.678967,True,"{""01c6f23c-0001-fcf9-0001-9ade000b5f56"": {""server_total_ms"": 188, ""server_compilation_ms"": 62, ""server_execution_ms"": 126, ""server_provisioning_queue_ms"": 0, ""server_overload_queue_ms"": 0, ""server_bytes_scanned"": 973312}}"
100000,warehouse,filter_project,duckdb,6,27,01c6f23c-0001-fcf9-0001-9ade000b5f3a,2.852082,30.0,281.46917,"{""columns"": [""id"", ""region_id"", ""gross_cents""], ""dtypes"": [""int64"", ""int64"", ""int64""], ""hash_sum"": ""6934637738391437775"", ""hash_xor"": ""13010755706745315299"", ""rows"": 19886}",265.223087,477396,19886,"[""01c6f23c-0001-fcf9-0001-9ade000b5f5a""]",13.394001,True,"{""01c6f23c-0001-fcf9-0001-9ade000b5f5a"": {""server_total_ms"": 173, ""server_compilation_ms"": 65, ""server_execution_ms"": 108, ""server_provisioning_queue_ms"": 0, ""server_overload_queue_ms"": 0, ""server_bytes_scanned"": 973312}}"
100000,warehouse,filter_project,duckdb,6,28,01c6f23c-0001-fcf9-0001-9ade000b5f3a,2.872675,30.0,284.392355,"{""columns"": [""id"", ""region_id"", ""gross_cents""], ""dtypes"": [""int64"", ""int64"", ""int64""], ""hash_sum"": ""6934637738391437775"", ""hash_xor"": ""13010755706745315299"", ""rows"": 19886}",268.834647,477396,19886,"[""01c6f23c-0001-fcf9-0001-9ade000b5f5e""]",12.685033,True,"{""01c6f23c-0001-fcf9-0001-9ade000b5f5e"": {""server_total_ms"": 172, ""server_compilation_ms"": 64, ""server_execution_ms"": 108, ""server_provisioning_queue_ms"": 0, ""server_overload_queue_ms"": 0, ""server_bytes_scanned"": 973312}}"
100000,warehouse,filter_project,duckdb,6,29,01c6f23c-0001-fcf9-0001-9ade000b5f3a,2.775326,40.0,279.147216,"{""columns"": [""id"", ""region_id"", ""gross_cents""], ""dtypes"": [""int64"", ""int64"", ""int64""], ""hash_sum"": ""6934637738391437775"", ""hash_xor"": ""13010755706745315299"", ""rows"": 19886}",263.327753,477396,19886,"[""01c6f23c-0001-fcf9-0001-9ade000b5f62""]",13.044137,True,"{""01c6f23c-0001-fcf9-0001-9ade000b5f62"": {""server_total_ms"": 168, ""server_compilation_ms"": 60, ""server_execution_ms"": 108, ""server_provisioning_queue_ms"": 0, ""server_overload_queue_ms"": 0, ""server_bytes_scanned"": 973312}}"
100000,warehouse,filter_project,duckdb,6,30,01c6f23c-0001-fcf9-0001-9ade000b5f3a,2.760395,30.0,288.418978,"{""columns"": [""id"", ""region_id"", ""gross_cents""], ""dtypes"": [""int64"", ""int64"", ""int64""], ""hash_sum"": ""6934637738391437775"", ""hash_xor"": ""13010755706745315299"", ""rows"": 19886}",273.165908,477396,19886,"[""01c6f23c-0001-fcf9-0001-9ade000b5f66""]",12.492675,True,"{""01c6f23c-0001-fcf9-0001-9ade000b5f66"": {""server_total_ms"": 165, ""server_compilation_ms"": 66, ""server_execution_ms"": 99, ""server_provisioning_queue_ms"": 0, ""server_overload_queue_ms"": 0, ""server_bytes_scanned"": 973312}}"
10000000,warehouse,groupby,snowflake,6,26,01c6f23c-0001-fcf8-0001-9ade000ba3c6,135.985621,0.0,135.985621,"{""columns"": [""region_id"", ""total_cents"", ""total_quantity"", ""row_count""], ""dtypes"": [""int64"", ""int64"", ""int64"", ""int64""], ""hash_sum"": ""3404719191165042972"", ""hash_xor"": ""2526757767072946434"", ""rows"": 50}",,1732,50,"[""01c6f23c-0001-fcf8-0001-9ade000ba3e2""]",0.0,True,"{""01c6f23c-0001-fcf8-0001-9ade000ba3e2"": {""server_total_ms"": 117, ""server_compilation_ms"": 65, ""server_execution_ms"": 52, ""server_provisioning_queue_ms"": 0, ""server_overload_queue_ms"": 0, ""server_bytes_scanned"": 151591936}}"
10000000,warehouse,groupby,snowflake,6,27,01c6f23c-0001-fcf8-0001-9ade000ba3c6,150.161457,10.0,150.161457,"{""columns"": [""region_id"", ""total_cents"", ""total_quantity"", ""row_count""], ""dtypes"": [""int64"", ""int64"", ""int64"", ""int64""], ""hash_sum"": ""3404719191165042972"", ""hash_xor"": ""2526757767072946434"", ""rows"": 50}",,1732,50,"[""01c6f23c-0001-fcf8-0001-9ade000ba3e6""]",0.0,True,"{""01c6f23c-0001-fcf8-0001-9ade000ba3e6"": {""server_total_ms"": 131, ""server_compilation_ms"": 66, ""server_execution_ms"": 65, ""server_provisioning_queue_ms"": 0, ""server_overload_queue_ms"": 0, ""server_bytes_scanned"": 151591936}}"
10000000,warehouse,groupby,snowflake,6,28,01c6f23c-0001-fcf8-0001-9ade000ba3c6,137.897542,0.0,137.897542,"{""columns"": [""region_id"", ""total_cents"", ""total_quantity"", ""row_count""], ""dtypes"": [""int64"", ""int64"", ""int64"", ""int64""], ""hash_sum"": ""3404719191165042972"", ""hash_xor"": ""2526757767072946434"", ""rows"": 50}",,1732,50,"[""01c6f23c-0001-fcf8-0001-9ade000ba3ea""]",0.0,True,"{""01c6f23c-0001-fcf8-0001-9ade000ba3ea"": {""server_total_ms"": 120, ""server_compilation_ms"": 65, ""server_execution_ms"": 55, ""server_provisioning_queue_ms"": 0, ""server_overload_queue_ms"": 0, ""server_bytes_scanned"": 151591936}}"
10000000,warehouse,groupby,snowflake,6,29,01c6f23c-0001-fcf8-0001-9ade000ba3c6,139.239149,0.0,139.239149,"{""columns"": [""region_id"", ""total_cents"", ""total_quantity"", ""row_count""], ""dtypes"": [""int64"", ""int64"", ""int64"", ""int64""], ""hash_sum"": ""3404719191165042972"", ""hash_xor"": ""2526757767072946434"", ""rows"": 50}",,1732,50,"[""01c6f23c-0001-fcf8-0001-9ade000ba3ee""]",0.0,True,"{""01c6f23c-0001-fcf8-0001-9ade000ba3ee"": {""server_total_ms"": 121, ""server_compilation_ms"": 65, ""server_execution_ms"": 56, ""server_provisioning_queue_ms"": 0, ""server_overload_queue_ms"": 0, ""server_bytes_scanned"": 151591936}}"
10000000,warehouse,groupby,snowflake,6,30,01c6f23c-0001-fcf8-0001-9ade000ba3c6,133.376315,0.0,133.376315,"{""columns"": [""region_id"", ""total_cents"", ""total_quantity"", ""row_count""], ""dtypes"": [""int64"", ""int64"", ""int64"", ""int64""], ""hash_sum"": ""3404719191165042972"", ""hash_xor"": ""2526757767072946434"", ""rows"": 50}",,1732,50,"[""01c6f23c-0001-fcf8-0001-9ade000ba3f2""]",0.0,True,"{""01c6f23c-0001-fcf8-0001-9ade000ba3f2"": {""server_total_ms"": 114, ""server_compilation_ms"": 64, ""server_execution_ms"": 50, ""server_provisioning_queue_ms"": 0, ""server_overload_queue_ms"": 0, ""server_bytes_scanned"": 151591936}}"
10000000,warehouse,clean_derive,duckdb,6,26,01c6f23c-0001-fe0c-0001-9ade000b9a76,105.411146,1340.0,2002.635171,"{""columns"": [""id"", ""net_cents""], ""dtypes"": [""int64"", ""int64""], ""hash_sum"": ""14285702759883698828"", ""hash_xor"": ""425970959959544156"", ""rows"": 10000000}",1884.060073,160000132,10000000,"[""01c6f23c-0001-fe0c-0001-9ade000b9a92""]",13.163952,True,"{""01c6f23c-0001-fe0c-0001-9ade000b9a92"": {""server_total_ms"": 457, ""server_compilation_ms"": 65, ""server_execution_ms"": 392, ""server_provisioning_queue_ms"": 0, ""server_overload_queue_ms"": 0, ""server_bytes_scanned"": 151591936}}"
10000000,warehouse,clean_derive,duckdb,6,27,01c6f23c-0001-fe0c-0001-9ade000b9a76,106.247694,1430.0,1986.279164,"{""columns"": [""id"", ""net_cents""], ""dtypes"": [""int64"", ""int64""], ""hash_sum"": ""14285702759883698828"", ""hash_xor"": ""425970959959544156"", ""rows"": 10000000}",1867.007703,160000132,10000000,"[""01c6f23c-0001-fe0c-0001-9ade000b9a96""]",13.023767,True,"{""01c6f23c-0001-fe0c-0001-9ade000b9a96"": {""server_total_ms"": 445, ""server_compilation_ms"": 55, ""server_execution_ms"": 390, ""server_provisioning_queue_ms"": 0, ""server_overload_queue_ms"": 0, ""server_bytes_scanned"": 151591936}}"
10000000,warehouse,clean_derive,duckdb,6,28,01c6f23c-0001-fe0c-0001-9ade000b9a76,106.156292,1320.0,2067.182839,"{""columns"": [""id"", ""net_cents""], ""dtypes"": [""int64"", ""int64""], ""hash_sum"": ""14285702759883698828"", ""hash_xor"": ""425970959959544156"", ""rows"": 10000000}",1948.015004,160000132,10000000,"[""01c6f23c-0001-fe0c-0001-9ade000b9a9a""]",13.011543,True,"{""01c6f23c-0001-fe0c-0001-9ade000b9a9a"": {""server_total_ms"": 470, ""server_compilation_ms"": 60, ""server_execution_ms"": 410, ""server_provisioning_queue_ms"": 0, ""server_overload_queue_ms"": 0, ""server_bytes_scanned"": 151591936}}"
10000000,warehouse,clean_derive,duckdb,6,29,01c6f23c-0001-fe0c-0001-9ade000b9a76,105.301847,1300.0,2071.747432,"{""columns"": [""id"", ""net_cents""], ""dtypes"": [""int64"", ""int64""], ""hash_sum"": ""14285702759883698828"", ""hash_xor"": ""425970959959544156"", ""rows"": 10000000}",1953.522468,160000132,10000000,"[""01c6f23c-0001-fe0c-0001-9ade000b9a9e""]",12.923117,True,"{""01c6f23c-0001-fe0c-0001-9ade000b9a9e"": {""server_total_ms"": 476, ""server_compilation_ms"": 67, ""server_execution_ms"": 409, ""server_provisioning_queue_ms"": 0, ""server_overload_queue_ms"": 0, ""server_bytes_scanned"": 151591936}}"
10000000,warehouse,clean_derive,duckdb,6,30,01c6f23c-0001-fe0c-0001-9ade000b9a76,105.456575,1470.0,2053.195026,"{""columns"": [""id"", ""net_cents""], ""dtypes"": [""int64"", ""int64""], ""hash_sum"": ""14285702759883698828"", ""hash_xor"": ""425970959959544156"", ""rows"": 10000000}",1934.829941,160000132,10000000,"[""01c6f23c-0001-fe0c-0001-9ade000b9aa2""]",12.90851,True,"{""01c6f23c-0001-fe0c-0001-9ade000b9aa2"": {""server_total_ms"": 472, ""server_compilation_ms"": 64, ""server_execution_ms"": 408, ""server_provisioning_queue_ms"": 0, ""server_overload_queue_ms"": 0, ""server_bytes_scanned"": 151591936}}"
10000000,warehouse,groupby,pandas,6,26,01c6f23c-0001-fe0c-0001-9ade000b9aa6,135.967501,750.0,1579.648919,"{""columns"": [""region_id"", ""total_cents"", ""total_quantity"", ""row_count""], ""dtypes"": [""int64"", ""int64"", ""int64"", ""int64""], ""hash_sum"": ""3404719191165042972"", ""hash_xor"": ""2526757767072946434"", ""rows"": 50}",1443.681418,1732,50,"[""01c6f23c-0001-fe0c-0001-9ade000b9ac2""]",0.0,True,"{""01c6f23c-0001-fe0c-0001-9ade000b9ac2"": {""server_total_ms"": 381, ""server_compilation_ms"": 54, ""server_execution_ms"": 327, ""server_provisioning_queue_ms"": 0, ""server_overload_queue_ms"": 0, ""server_bytes_scanned"": 151591936}}"
10000000,warehouse,groupby,pandas,6,27,01c6f23c-0001-fe0c-0001-9ade000b9aa6,136.452533,720.0,1587.306274,"{""columns"": [""region_id"", ""total_cents"", ""total_quantity"", ""row_count""], ""dtypes"": [""int64"", ""int64"", ""int64"", ""int64""], ""hash_sum"": ""3404719191165042972"", ""hash_xor"": ""2526757767072946434"", ""rows"": 50}",1450.853741,1732,50,"[""01c6f23c-0001-fe0c-0001-9ade000b9ac6""]",0.0,True,"{""01c6f23c-0001-fe0c-0001-9ade000b9ac6"": {""server_total_ms"": 412, ""server_compilation_ms"": 69, ""server_execution_ms"": 343, ""server_provisioning_queue_ms"": 0, ""server_overload_queue_ms"": 0, ""server_bytes_scanned"": 151591936}}"
10000000,warehouse,groupby,pandas,6,28,01c6f23c-0001-fe0c-0001-9ade000b9aa6,137.140758,770.0,1664.840069,"{""columns"": [""region_id"", ""total_cents"", ""total_quantity"", ""row_count""], ""dtypes"": [""int64"", ""int64"", ""int64"", ""int64""], ""hash_sum"": ""3404719191165042972"", ""hash_xor"": ""2526757767072946434"", ""rows"": 50}",1527.699311,1732,50,"[""01c6f23c-0001-fe0c-0001-9ade000b9aca""]",0.0,True,"{""01c6f23c-0001-fe0c-0001-9ade000b9aca"": {""server_total_ms"": 433, ""server_compilation_ms"": 55, ""server_execution_ms"": 378, ""server_provisioning_queue_ms"": 0, ""server_overload_queue_ms"": 0, ""server_bytes_scanned"": 151591936}}"
10000000,warehouse,groupby,pandas,6,29,01c6f23c-0001-fe0c-0001-9ade000b9aa6,136.651416,740.0,1599.777515,"{""columns"": [""region_id"", ""total_cents"", ""total_quantity"", ""row_count""], ""dtypes"": [""int64"", ""int64"", ""int64"", ""int64""], ""hash_sum"": ""3404719191165042972"", ""hash_xor"": ""2526757767072946434"", ""rows"": 50}",1463.126099,1732,50,"[""01c6f23c-0001-fe0c-0001-9ade000b9ace""]",0.0,True,"{""01c6f23c-0001-fe0c-0001-9ade000b9ace"": {""server_total_ms"": 383, ""server_compilation_ms"": 67, ""server_execution_ms"": 316, ""server_provisioning_queue_ms"": 0, ""server_overload_queue_ms"": 0, ""server_bytes_scanned"": 151591936}}"
10000000,warehouse,groupby,pandas,6,30,01c6f23c-0001-fe0c-0001-9ade000b9aa6,136.51567,830.0,1752.725845,"{""columns"": [""region_id"", ""total_cents"", ""total_quantity"", ""row_count""], ""dtypes"": [""int64"", ""int64"", ""int64"", ""int64""], ""hash_sum"": ""3404719191165042972"", ""hash_xor"": ""2526757767072946434"", ""rows"": 50}",1616.210175,1732,50,"[""01c6f23c-0001-fe0c-0001-9ade000b9ad2""]",0.0,True,"{""01c6f23c-0001-fe0c-0001-9ade000b9ad2"": {""server_total_ms"": 430, ""server_compilation_ms"": 75, ""server_execution_ms"": 355, ""server_provisioning_queue_ms"": 0, ""server_overload_queue_ms"": 0, ""server_bytes_scanned"": 151591936}}"
100000,warehouse,groupby,snowflake,6,26,01c6f23c-0001-fe0c-0001-9ade000b9ad6,105.239889,0.0,105.239889,"{""columns"": [""region_id"", ""total_cents"", ""total_quantity"", ""row_count""], ""dtypes"": [""int64"", ""int64"", ""int64"", ""int64""], ""hash_sum"": ""5148165510768826946"", ""hash_xor"": ""7876665366988197046"", ""rows"": 50}",,1732,50,"[""01c6f23c-0001-fe0c-0001-9ade000b9af2""]",0.0,True,"{""01c6f23c-0001-fe0c-0001-9ade000b9af2"": {""server_total_ms"": 88, ""server_compilation_ms"": 69, ""server_execution_ms"": 19, ""server_provisioning_queue_ms"": 0, ""server_overload_queue_ms"": 0, ""server_bytes_scanned"": 973312}}"
100000,warehouse,groupby,snowflake,6,27,01c6f23c-0001-fe0c-0001-9ade000b9ad6,99.33849,0.0,99.33849,"{""columns"": [""region_id"", ""total_cents"", ""total_quantity"", ""row_count""], ""dtypes"": [""int64"", ""int64"", ""int64"", ""int64""], ""hash_sum"": ""5148165510768826946"", ""hash_xor"": ""7876665366988197046"", ""rows"": 50}",,1732,50,"[""01c6f23c-0001-fe0c-0001-9ade000b9af6""]",0.0,True,"{""01c6f23c-0001-fe0c-0001-9ade000b9af6"": {""server_total_ms"": 81, ""server_compilation_ms"": 61, ""server_execution_ms"": 20, ""server_provisioning_queue_ms"": 0, ""server_overload_queue_ms"": 0, ""server_bytes_scanned"": 973312}}"
100000,warehouse,groupby,snowflake,6,28,01c6f23c-0001-fe0c-0001-9ade000b9ad6,93.741345,0.0,93.741345,"{""columns"": [""region_id"", ""total_cents"", ""total_quantity"", ""row_count""], ""dtypes"": [""int64"", ""int64"", ""int64"", ""int64""], ""hash_sum"": ""5148165510768826946"", ""hash_xor"": ""7876665366988197046"", ""rows"": 50}",,1732,50,"[""01c6f23c-0001-fe0c-0001-9ade000b9afa""]",0.0,True,"{""01c6f23c-0001-fe0c-0001-9ade000b9afa"": {""server_total_ms"": 77, ""server_compilation_ms"": 57, ""server_execution_ms"": 20, ""server_provisioning_queue_ms"": 0, ""server_overload_queue_ms"": 0, ""server_bytes_scanned"": 973312}}"
100000,warehouse,groupby,snowflake,6,29,01c6f23c-0001-fe0c-0001-9ade000b9ad6,100.548554,0.0,100.548554,"{""columns"": [""region_id"", ""total_cents"", ""total_quantity"", ""row_count""], ""dtypes"": [""int64"", ""int64"", ""int64"", ""int64""], ""hash_sum"": ""5148165510768826946"", ""hash_xor"": ""7876665366988197046"", ""rows"": 50}",,1732,50,"[""01c6f23c-0001-fe0c-0001-9ade000b9afe""]",0.0,True,"{""01c6f23c-0001-fe0c-0001-9ade000b9afe"": {""server_total_ms"": 82, ""server_compilation_ms"": 63, ""server_execution_ms"": 19, ""server_provisioning_queue_ms"": 0, ""server_overload_queue_ms"": 0, ""server_bytes_scanned"": 973312}}"
100000,warehouse,groupby,snowflake,6,30,01c6f23c-0001-fe0c-0001-9ade000b9ad6,103.62462,0.0,103.62462,"{""columns"": [""region_id"", ""total_cents"", ""total_quantity"", ""row_count""], ""dtypes"": [""int64"", ""int64"", ""int64"", ""int64""], ""hash_sum"": ""5148165510768826946"", ""hash_xor"": ""7876665366988197046"", ""rows"": 50}",,1732,50,"[""01c6f23c-0001-fe0c-0001-9ade000b9b02""]",0.0,True,"{""01c6f23c-0001-fe0c-0001-9ade000b9b02"": {""server_total_ms"": 81, ""server_compilation_ms"": 62, ""server_execution_ms"": 19, ""server_provisioning_queue_ms"": 0, ""server_overload_queue_ms"": 0, ""server_bytes_scanned"": 973312}}"
10000000,warehouse,join_groupby,snowflake,6,26,01c6f23d-0001-fe0c-0001-9ade000b9b06,202.833133,0.0,202.833133,"{""columns"": [""region_id"", ""tier"", ""total_cents"", ""row_count""], ""dtypes"": [""int64"", ""int64"", ""int64"", ""int64""], ""hash_sum"": ""17973786493157141569"", ""hash_xor"": ""18413190608798210925"", ""rows"": 200}",,6532,200,"[""01c6f23d-0001-fe0c-0001-9ade000b9b22""]",0.0,True,"{""01c6f23d-0001-fe0c-0001-9ade000b9b22"": {""server_total_ms"": 173, ""server_compilation_ms"": 78, ""server_execution_ms"": 95, ""server_provisioning_queue_ms"": 0, ""server_overload_queue_ms"": 0, ""server_bytes_scanned"": 141116851}}"
10000000,warehouse,join_groupby,snowflake,6,27,01c6f23d-0001-fe0c-0001-9ade000b9b06,196.386672,10.0,196.386672,"{""columns"": [""region_id"", ""tier"", ""total_cents"", ""row_count""], ""dtypes"": [""int64"", ""int64"", ""int64"", ""int64""], ""hash_sum"": ""17973786493157141569"", ""hash_xor"": ""18413190608798210925"", ""rows"": 200}",,6532,200,"[""01c6f23d-0001-fe0c-0001-9ade000b9b26""]",0.0,True,"{""01c6f23d-0001-fe0c-0001-9ade000b9b26"": {""server_total_ms"": 168, ""server_compilation_ms"": 79, ""server_execution_ms"": 89, ""server_provisioning_queue_ms"": 0, ""server_overload_queue_ms"": 0, ""server_bytes_scanned"": 146853376}}"
10000000,warehouse,join_groupby,snowflake,6,28,01c6f23d-0001-fe0c-0001-9ade000b9b06,192.345402,10.0,192.345402,"{""columns"": [""region_id"", ""tier"", ""total_cents"", ""row_count""], ""dtypes"": [""int64"", ""int64"", ""int64"", ""int64""], ""hash_sum"": ""17973786493157141569"", ""hash_xor"": ""18413190608798210925"", ""rows"": 200}",,6532,200,"[""01c6f23d-0001-fe0c-0001-9ade000b9b2a""]",0.0,True,"{""01c6f23d-0001-fe0c-0001-9ade000b9b2a"": {""server_total_ms"": 165, ""server_compilation_ms"": 72, ""server_execution_ms"": 93, ""server_provisioning_queue_ms"": 0, ""server_overload_queue_ms"": 0, ""server_bytes_scanned"": 146093052}}"
10000000,warehouse,join_groupby,snowflake,6,29,01c6f23d-0001-fe0c-0001-9ade000b9b06,224.656728,10.0,224.656728,"{""columns"": [""region_id"", ""tier"", ""total_cents"", ""row_count""], ""dtypes"": [""int64"", ""int64"", ""int64"", ""int64""], ""hash_sum"": ""17973786493157141569"", ""hash_xor"": ""18413190608798210925"", ""rows"": 200}",,6532,200,"[""01c6f23d-0001-fe0c-0001-9ade000b9b2e""]",0.0,True,"{""01c6f23d-0001-fe0c-0001-9ade000b9b2e"": {""server_total_ms"": 196, ""server_compilation_ms"": 95, ""server_execution_ms"": 101, ""server_provisioning_queue_ms"": 0, ""server_overload_queue_ms"": 0, ""server_bytes_scanned"": 151830528}}"
10000000,warehouse,join_groupby,snowflake,6,30,01c6f23d-0001-fe0c-0001-9ade000b9b06,194.529035,10.0,194.529035,"{""columns"": [""region_id"", ""tier"", ""total_cents"", ""row_count""], ""dtypes"": [""int64"", ""int64"", ""int64"", ""int64""], ""hash_sum"": ""17973786493157141569"", ""hash_xor"": ""18413190608798210925"", ""rows"": 200}",,6532,200,"[""01c6f23d-0001-fe0c-0001-9ade000b9b32""]",0.0,True,"{""01c6f23d-0001-fe0c-0001-9ade000b9b32"": {""server_total_ms"": 166, ""server_compilation_ms"": 75, ""server_execution_ms"": 91, ""server_provisioning_queue_ms"": 0, ""server_overload_queue_ms"": 0, ""server_bytes_scanned"": 146853376}}"
1000000,warehouse,join_groupby,duckdb,6,26,01c6f23d-0001-fcf9-0001-9ade000b5f7e,27.721803,220.0,940.386047,"{""columns"": [""region_id"", ""tier"", ""total_cents"", ""row_count""], ""dtypes"": [""int64"", ""int64"", ""int64"", ""int64""], ""hash_sum"": ""13023197678645621665"", ""hash_xor"": ""8219731451453916309"", ""rows"": 200}",898.2271,6532,200,"[""01c6f23d-0001-fcf9-0001-9ade000b5f9e"", ""01c6f23d-0001-fcf9-0001-9ade000b5fa2""]",14.437144,True,"{""01c6f23d-0001-fcf9-0001-9ade000b5f9e"": {""server_total_ms"": 424, ""server_compilation_ms"": 72, ""server_execution_ms"": 352, ""server_provisioning_queue_ms"": 0, ""server_overload_queue_ms"": 0, ""server_bytes_scanned"": 7627264}, ""01c6f23d-0001-fcf9-0001-9ade000b5fa2"": {""server_total_ms"": 196, ""server_compilation_ms"": 59, ""server_execution_ms"": 137, ""server_provisioning_queue_ms"": 0, ""server_overload_queue_ms"": 0, ""server_bytes_scanned"": 238592}}"
1000000,warehouse,join_groupby,duckdb,6,27,01c6f23d-0001-fcf9-0001-9ade000b5f7e,27.347346,250.0,907.338111,"{""columns"": [""region_id"", ""tier"", ""total_cents"", ""row_count""], ""dtypes"": [""int64"", ""int64"", ""int64"", ""int64""], ""hash_sum"": ""13023197678645621665"", ""hash_xor"": ""8219731451453916309"", ""rows"": 200}",865.383167,6532,200,"[""01c6f23d-0001-fcf9-0001-9ade000b5fa6"", ""01c6f23d-0001-fcf9-0001-9ade000b5faa""]",14.607598,True,"{""01c6f23d-0001-fcf9-0001-9ade000b5fa6"": {""server_total_ms"": 403, ""server_compilation_ms"": 66, ""server_execution_ms"": 337, ""server_provisioning_queue_ms"": 0, ""server_overload_queue_ms"": 0, ""server_bytes_scanned"": 7627264}, ""01c6f23d-0001-fcf9-0001-9ade000b5faa"": {""server_total_ms"": 188, ""server_compilation_ms"": 59, ""server_execution_ms"": 129, ""server_provisioning_queue_ms"": 0, ""server_overload_queue_ms"": 0, ""server_bytes_scanned"": 238592}}"
1000000,warehouse,join_groupby,duckdb,6,28,01c6f23d-0001-fcf9-0001-9ade000b5f7e,27.098384,180.0,935.796013,"{""columns"": [""region_id"", ""tier"", ""total_cents"", ""row_count""], ""dtypes"": [""int64"", ""int64"", ""int64"", ""int64""], ""hash_sum"": ""13023197678645621665"", ""hash_xor"": ""8219731451453916309"", ""rows"": 200}",894.675706,6532,200,"[""01c6f23d-0001-fcf9-0001-9ade000b5fae"", ""01c6f23d-0001-fcf9-0001-9ade000b5fb2""]",14.021923,True,"{""01c6f23d-0001-fcf9-0001-9ade000b5fae"": {""server_total_ms"": 411, ""server_compilation_ms"": 64, ""server_execution_ms"": 347, ""server_provisioning_queue_ms"": 0, ""server_overload_queue_ms"": 0, ""server_bytes_scanned"": 7627264}, ""01c6f23d-0001-fcf9-0001-9ade000b5fb2"": {""server_total_ms"": 203, ""server_compilation_ms"": 65, ""server_execution_ms"": 138, ""server_provisioning_queue_ms"": 0, ""server_overload_queue_ms"": 0, ""server_bytes_scanned"": 238592}}"
1000000,warehouse,join_groupby,duckdb,6,29,01c6f23d-0001-fcf9-0001-9ade000b5f7e,27.431953,210.0,914.474567,"{""columns"": [""region_id"", ""tier"", ""total_cents"", ""row_count""], ""dtypes"": [""int64"", ""int64"", ""int64"", ""int64""], ""hash_sum"": ""13023197678645621665"", ""hash_xor"": ""8219731451453916309"", ""rows"": 200}",872.718865,6532,200,"[""01c6f23d-0001-fcf9-0001-9ade000b5fb6"", ""01c6f23d-0001-fcf9-0001-9ade000b5fba""]",14.323749,True,"{""01c6f23d-0001-fcf9-0001-9ade000b5fb6"": {""server_total_ms"": 389, ""server_compilation_ms"": 54, ""server_execution_ms"": 335, ""server_provisioning_queue_ms"": 0, ""server_overload_queue_ms"": 0, ""server_bytes_scanned"": 7627264}, ""01c6f23d-0001-fcf9-0001-9ade000b5fba"": {""server_total_ms"": 195, ""server_compilation_ms"": 60, ""server_execution_ms"": 135, ""server_provisioning_queue_ms"": 0, ""server_overload_queue_ms"": 0, ""server_bytes_scanned"": 238592}}"
1000000,warehouse,join_groupby,duckdb,6,30,01c6f23d-0001-fcf9-0001-9ade000b5f7e,27.835269,230.0,941.301476,"{""columns"": [""region_id"", ""tier"", ""total_cents"", ""row_count""], ""dtypes"": [""int64"", ""int64"", ""int64"", ""int64""], ""hash_sum"": ""13023197678645621665"", ""hash_xor"": ""8219731451453916309"", ""rows"": 200}",899.352526,6532,200,"[""01c6f23d-0001-fcf9-0001-9ade000b5fbe"", ""01c6f23d-0001-fcf9-0001-9ade000b5fc2""]",14.113681,True,"{""01c6f23d-0001-fcf9-0001-9ade000b5fbe"": {""server_total_ms"": 403, ""server_compilation_ms"": 60, ""server_execution_ms"": 343, ""server_provisioning_queue_ms"": 0, ""server_overload_queue_ms"": 0, ""server_bytes_scanned"": 7627264}, ""01c6f23d-0001-fcf9-0001-9ade000b5fc2"": {""server_total_ms"": 189, ""server_compilation_ms"": 56, ""server_execution_ms"": 133, ""server_provisioning_queue_ms"": 0, ""server_overload_queue_ms"": 0, ""server_bytes_scanned"": 238592}}"
1000000,warehouse,filter_project,snowflake,6,26,01c6f23d-0001-fcf8-0001-9ade000ba3fa,385.838275,20.0,385.838275,"{""columns"": [""id"", ""region_id"", ""gross_cents""], ""dtypes"": [""int64"", ""int64"", ""int64""], ""hash_sum"": ""11356744842689536210"", ""hash_xor"": ""4329941149679941164"", ""rows"": 198279}",,4758828,198279,"[""01c6f23d-0001-fcf8-0001-9ade000ba416""]",0.0,True,"{""01c6f23d-0001-fcf8-0001-9ade000ba416"": {""server_total_ms"": 278, ""server_compilation_ms"": 64, ""server_execution_ms"": 214, ""server_provisioning_queue_ms"": 0, ""server_overload_queue_ms"": 0, ""server_bytes_scanned"": 7627264}}"
1000000,warehouse,filter_project,snowflake,6,27,01c6f23d-0001-fcf8-0001-9ade000ba3fa,380.738968,40.0,380.738968,"{""columns"": [""id"", ""region_id"", ""gross_cents""], ""dtypes"": [""int64"", ""int64"", ""int64""], ""hash_sum"": ""11356744842689536210"", ""hash_xor"": ""4329941149679941164"", ""rows"": 198279}",,4758828,198279,"[""01c6f23d-0001-fcf8-0001-9ade000ba41a""]",0.0,True,"{""01c6f23d-0001-fcf8-0001-9ade000ba41a"": {""server_total_ms"": 274, ""server_compilation_ms"": 60, ""server_execution_ms"": 214, ""server_provisioning_queue_ms"": 0, ""server_overload_queue_ms"": 0, ""server_bytes_scanned"": 7627264}}"
1000000,warehouse,filter_project,snowflake,6,28,01c6f23d-0001-fcf8-0001-9ade000ba3fa,392.541566,50.0,392.541566,"{""columns"": [""id"", ""region_id"", ""gross_cents""], ""dtypes"": [""int64"", ""int64"", ""int64""], ""hash_sum"": ""11356744842689536210"", ""hash_xor"": ""4329941149679941164"", ""rows"": 198279}",,4758828,198279,"[""01c6f23d-0001-fcf8-0001-9ade000ba41e""]",0.0,True,"{""01c6f23d-0001-fcf8-0001-9ade000ba41e"": {""server_total_ms"": 287, ""server_compilation_ms"": 63, ""server_execution_ms"": 224, ""server_provisioning_queue_ms"": 0, ""server_overload_queue_ms"": 0, ""server_bytes_scanned"": 7627264}}"
1000000,warehouse,filter_project,snowflake,6,29,01c6f23d-0001-fcf8-0001-9ade000ba3fa,393.367839,50.0,393.367839,"{""columns"": [""id"", ""region_id"", ""gross_cents""], ""dtypes"": [""int64"", ""int64"", ""int64""], ""hash_sum"": ""11356744842689536210"", ""hash_xor"": ""4329941149679941164"", ""rows"": 198279}",,4758828,198279,"[""01c6f23d-0001-fcf8-0001-9ade000ba422""]",0.0,True,"{""01c6f23d-0001-fcf8-0001-9ade000ba422"": {""server_total_ms"": 291, ""server_compilation_ms"": 67, ""server_execution_ms"": 224, ""server_provisioning_queue_ms"": 0, ""server_overload_queue_ms"": 0, ""server_bytes_scanned"": 7627264}}"
1000000,warehouse,filter_project,snowflake,6,30,01c6f23d-0001-fcf8-0001-9ade000ba3fa,397.473894,50.0,397.473894,"{""columns"": [""id"", ""region_id"", ""gross_cents""], ""dtypes"": [""int64"", ""int64"", ""int64""], ""hash_sum"": ""11356744842689536210"", ""hash_xor"": ""4329941149679941164"", ""rows"": 198279}",,4758828,198279,"[""01c6f23d-0001-fcf8-0001-9ade000ba426""]",0.0,True,"{""01c6f23d-0001-fcf8-0001-9ade000ba426"": {""server_total_ms"": 271, ""server_compilation_ms"": 62, ""server_execution_ms"": 209, ""server_provisioning_queue_ms"": 0, ""server_overload_queue_ms"": 0, ""server_bytes_scanned"": 7627264}}"
10000000,warehouse,join_groupby,pandas,6,26,01c6f23d-0001-fcf8-0001-9ade000ba42e,713.103398,1660.0,2774.049553,"{""columns"": [""region_id"", ""tier"", ""total_cents"", ""row_count""], ""dtypes"": [""int64"", ""int64"", ""int64"", ""int64""], ""hash_sum"": ""17973786493157141569"", ""hash_xor"": ""18413190608798210925"", ""rows"": 200}",2060.946155,6532,200,"[""01c6f23d-0001-fcf8-0001-9ade000ba44e"", ""01c6f23d-0001-fcf8-0001-9ade000ba452""]",0.0,True,"{""01c6f23d-0001-fcf8-0001-9ade000ba44e"": {""server_total_ms"": 482, ""server_compilation_ms"": 56, ""server_execution_ms"": 426, ""server_provisioning_queue_ms"": 0, ""server_overload_queue_ms"": 0, ""server_bytes_scanned"": 151591936}, ""01c6f23d-0001-fcf8-0001-9ade000ba452"": {""server_total_ms"": 184, ""server_compilation_ms"": 58, ""server_execution_ms"": 126, ""server_provisioning_queue_ms"": 0, ""server_overload_queue_ms"": 0, ""server_bytes_scanned"": 238592}}"
10000000,warehouse,join_groupby,pandas,6,27,01c6f23d-0001-fcf8-0001-9ade000ba42e,709.156841,1610.0,2811.388199,"{""columns"": [""region_id"", ""tier"", ""total_cents"", ""row_count""], ""dtypes"": [""int64"", ""int64"", ""int64"", ""int64""], ""hash_sum"": ""17973786493157141569"", ""hash_xor"": ""18413190608798210925"", ""rows"": 200}",2102.231358,6532,200,"[""01c6f23d-0001-fcf8-0001-9ade000ba456"", ""01c6f23d-0001-fcf8-0001-9ade000ba45a""]",0.0,True,"{""01c6f23d-0001-fcf8-0001-9ade000ba456"": {""server_total_ms"": 473, ""server_compilation_ms"": 60, ""server_execution_ms"": 413, ""server_provisioning_queue_ms"": 0, ""server_overload_queue_ms"": 0, ""server_bytes_scanned"": 151591936}, ""01c6f23d-0001-fcf8-0001-9ade000ba45a"": {""server_total_ms"": 223, ""server_compilation_ms"": 77, ""server_execution_ms"": 146, ""server_provisioning_queue_ms"": 0, ""server_overload_queue_ms"": 0, ""server_bytes_scanned"": 238592}}"
10000000,warehouse,join_groupby,pandas,6,28,01c6f23d-0001-fcf8-0001-9ade000ba42e,725.898492,1640.0,2855.908447,"{""columns"": [""region_id"", ""tier"", ""total_cents"", ""row_count""], ""dtypes"": [""int64"", ""int64"", ""int64"", ""int64""], ""hash_sum"": ""17973786493157141569"", ""hash_xor"": ""18413190608798210925"", ""rows"": 200}",2130.009955,6532,200,"[""01c6f23d-0001-fcf8-0001-9ade000ba45e"", ""01c6f23d-0001-fcf8-0001-9ade000ba462""]",0.0,True,"{""01c6f23d-0001-fcf8-0001-9ade000ba45e"": {""server_total_ms"": 505, ""server_compilation_ms"": 58, ""server_execution_ms"": 447, ""server_provisioning_queue_ms"": 0, ""server_overload_queue_ms"": 0, ""server_bytes_scanned"": 151591936}, ""01c6f23d-0001-fcf8-0001-9ade000ba462"": {""server_total_ms"": 188, ""server_compilation_ms"": 58, ""server_execution_ms"": 130, ""server_provisioning_queue_ms"": 0, ""server_overload_queue_ms"": 0, ""server_bytes_scanned"": 238592}}"
10000000,warehouse,join_groupby,pandas,6,29,01c6f23d-0001-fcf8-0001-9ade000ba42e,755.953833,1730.0,2850.622425,"{""columns"": [""region_id"", ""tier"", ""total_cents"", ""row_count""], ""dtypes"": [""int64"", ""int64"", ""int64"", ""int64""], ""hash_sum"": ""17973786493157141569"", ""hash_xor"": ""18413190608798210925"", ""rows"": 200}",2094.668592,6532,200,"[""01c6f23d-0001-fcf8-0001-9ade000ba466"", ""01c6f23d-0001-fcf8-0001-9ade000ba46a""]",0.0,True,"{""01c6f23d-0001-fcf8-0001-9ade000ba466"": {""server_total_ms"": 451, ""server_compilation_ms"": 67, ""server_execution_ms"": 384, ""server_provisioning_queue_ms"": 0, ""server_overload_queue_ms"": 0, ""server_bytes_scanned"": 151591936}, ""01c6f23d-0001-fcf8-0001-9ade000ba46a"": {""server_total_ms"": 189, ""server_compilation_ms"": 60, ""server_execution_ms"": 129, ""server_provisioning_queue_ms"": 0, ""server_overload_queue_ms"": 0, ""server_bytes_scanned"": 238592}}"
10000000,warehouse,join_groupby,pandas,6,30,01c6f23d-0001-fcf8-0001-9ade000ba42e,833.944861,1850.0,2985.712704,"{""columns"": [""region_id"", ""tier"", ""total_cents"", ""row_count""], ""dtypes"": [""int64"", ""int64"", ""int64"", ""int64""], ""hash_sum"": ""17973786493157141569"", ""hash_xor"": ""18413190608798210925"", ""rows"": 200}",2151.767843,6532,200,"[""01c6f23d-0001-fcf8-0001-9ade000ba46e"", ""01c6f23d-0001-fcf8-0001-9ade000ba472""]",0.0,True,"{""01c6f23d-0001-fcf8-0001-9ade000ba46e"": {""server_total_ms"": 473, ""server_compilation_ms"": 68, ""server_execution_ms"": 405, ""server_provisioning_queue_ms"": 0, ""server_overload_queue_ms"": 0, ""server_bytes_scanned"": 151591936}, ""01c6f23d-0001-fcf8-0001-9ade000ba472"": {""server_total_ms"": 224, ""server_compilation_ms"": 80, ""server_execution_ms"": 144, ""server_provisioning_queue_ms"": 0, ""server_overload_queue_ms"": 0, ""server_bytes_scanned"": 238592}}"
1000000,warehouse,groupby,duckdb,6,26,01c6f23d-0001-fcf8-0001-9ade000ba47a,10.912794,90.0,546.937845,"{""columns"": [""region_id"", ""total_cents"", ""total_quantity"", ""row_count""], ""dtypes"": [""int64"", ""int64"", ""int64"", ""int64""], ""hash_sum"": ""3129039791569495086"", ""hash_xor"": ""14932865647023855810"", ""rows"": 50}",523.376412,1732,50,"[""01c6f23d-0001-fcf8-0001-9ade000ba496""]",12.648639,True,"{""01c6f23d-0001-fcf8-0001-9ade000ba496"": {""server_total_ms"": 354, ""server_compilation_ms"": 63, ""server_execution_ms"": 291, ""server_provisioning_queue_ms"": 0, ""server_overload_queue_ms"": 0, ""server_bytes_scanned"": 7627264}}"
1000000,warehouse,groupby,duckdb,6,27,01c6f23d-0001-fcf8-0001-9ade000ba47a,10.995954,140.0,555.601209,"{""columns"": [""region_id"", ""total_cents"", ""total_quantity"", ""row_count""], ""dtypes"": [""int64"", ""int64"", ""int64"", ""int64""], ""hash_sum"": ""3129039791569495086"", ""hash_xor"": ""14932865647023855810"", ""rows"": 50}",531.749258,1732,50,"[""01c6f23d-0001-fcf8-0001-9ade000ba49a""]",12.855997,True,"{""01c6f23d-0001-fcf8-0001-9ade000ba49a"": {""server_total_ms"": 331, ""server_compilation_ms"": 55, ""server_execution_ms"": 276, ""server_provisioning_queue_ms"": 0, ""server_overload_queue_ms"": 0, ""server_bytes_scanned"": 7627264}}"
1000000,warehouse,groupby,duckdb,6,28,01c6f23d-0001-fcf8-0001-9ade000ba47a,10.886147,130.0,552.43317,"{""columns"": [""region_id"", ""total_cents"", ""total_quantity"", ""row_count""], ""dtypes"": [""int64"", ""int64"", ""int64"", ""int64""], ""hash_sum"": ""3129039791569495086"", ""hash_xor"": ""14932865647023855810"", ""rows"": 50}",529.068768,1732,50,"[""01c6f23d-0001-fcf8-0001-9ade000ba49e""]",12.478255,True,"{""01c6f23d-0001-fcf8-0001-9ade000ba49e"": {""server_total_ms"": 360, ""server_compilation_ms"": 69, ""server_execution_ms"": 291, ""server_provisioning_queue_ms"": 0, ""server_overload_queue_ms"": 0, ""server_bytes_scanned"": 7627264}}"
1000000,warehouse,groupby,duckdb,6,29,01c6f23d-0001-fcf8-0001-9ade000ba47a,10.947693,200.0,555.55791,"{""columns"": [""region_id"", ""total_cents"", ""total_quantity"", ""row_count""], ""dtypes"": [""int64"", ""int64"", ""int64"", ""int64""], ""hash_sum"": ""3129039791569495086"", ""hash_xor"": ""14932865647023855810"", ""rows"": 50}",532.161109,1732,50,"[""01c6f23d-0001-fcf8-0001-9ade000ba4a2""]",12.449108,True,"{""01c6f23d-0001-fcf8-0001-9ade000ba4a2"": {""server_total_ms"": 345, ""server_compilation_ms"": 67, ""server_execution_ms"": 278, ""server_provisioning_queue_ms"": 0, ""server_overload_queue_ms"": 0, ""server_bytes_scanned"": 7627264}}"
1000000,warehouse,groupby,duckdb,6,30,01c6f23d-0001-fcf8-0001-9ade000ba47a,10.832832,130.0,583.90353,"{""columns"": [""region_id"", ""total_cents"", ""total_quantity"", ""row_count""], ""dtypes"": [""int64"", ""int64"", ""int64"", ""int64""], ""hash_sum"": ""3129039791569495086"", ""hash_xor"": ""14932865647023855810"", ""rows"": 50}",560.306011,1732,50,"[""01c6f23d-0001-fcf8-0001-9ade000ba4a6""]",12.764687,True,"{""01c6f23d-0001-fcf8-0001-9ade000ba4a6"": {""server_total_ms"": 386, ""server_compilation_ms"": 65, ""server_execution_ms"": 321, ""server_provisioning_queue_ms"": 0, ""server_overload_queue_ms"": 0, ""server_bytes_scanned"": 7627264}}"
1000000,warehouse,clean_derive,duckdb,6,26,01c6f23d-0001-fe0c-0001-9ade000b9b3a,16.943849,150.0,638.373665,"{""columns"": [""id"", ""net_cents""], ""dtypes"": [""int64"", ""int64""], ""hash_sum"": ""16902620082194219032"", ""hash_xor"": ""7441825716312922670"", ""rows"": 1000000}",608.438196,16000132,1000000,"[""01c6f23d-0001-fe0c-0001-9ade000b9b56""]",12.99162,True,"{""01c6f23d-0001-fe0c-0001-9ade000b9b56"": {""server_total_ms"": 421, ""server_compilation_ms"": 67, ""server_execution_ms"": 354, ""server_provisioning_queue_ms"": 0, ""server_overload_queue_ms"": 0, ""server_bytes_scanned"": 7627264}}"
1000000,warehouse,clean_derive,duckdb,6,27,01c6f23d-0001-fe0c-0001-9ade000b9b3a,16.685204,210.0,697.944065,"{""columns"": [""id"", ""net_cents""], ""dtypes"": [""int64"", ""int64""], ""hash_sum"": ""16902620082194219032"", ""hash_xor"": ""7441825716312922670"", ""rows"": 1000000}",668.19773,16000132,1000000,"[""01c6f23d-0001-fe0c-0001-9ade000b9b5a""]",13.061131,True,"{""01c6f23d-0001-fe0c-0001-9ade000b9b5a"": {""server_total_ms"": 457, ""server_compilation_ms"": 57, ""server_execution_ms"": 400, ""server_provisioning_queue_ms"": 0, ""server_overload_queue_ms"": 0, ""server_bytes_scanned"": 7627264}}"
1000000,warehouse,clean_derive,duckdb,6,28,01c6f23d-0001-fe0c-0001-9ade000b9b3a,17.438157,160.0,649.89836,"{""columns"": [""id"", ""net_cents""], ""dtypes"": [""int64"", ""int64""], ""hash_sum"": ""16902620082194219032"", ""hash_xor"": ""7441825716312922670"", ""rows"": 1000000}",619.383378,16000132,1000000,"[""01c6f23d-0001-fe0c-0001-9ade000b9b5e""]",13.076825,True,"{""01c6f23d-0001-fe0c-0001-9ade000b9b5e"": {""server_total_ms"": 431, ""server_compilation_ms"": 65, ""server_execution_ms"": 366, ""server_provisioning_queue_ms"": 0, ""server_overload_queue_ms"": 0, ""server_bytes_scanned"": 7627264}}"
1000000,warehouse,clean_derive,duckdb,6,29,01c6f23d-0001-fe0c-0001-9ade000b9b3a,17.053305,170.0,657.134951,"{""columns"": [""id"", ""net_cents""], ""dtypes"": [""int64"", ""int64""], ""hash_sum"": ""16902620082194219032"", ""hash_xor"": ""7441825716312922670"", ""rows"": 1000000}",626.880373,16000132,1000000,"[""01c6f23d-0001-fe0c-0001-9ade000b9b62""]",13.201273,True,"{""01c6f23d-0001-fe0c-0001-9ade000b9b62"": {""server_total_ms"": 418, ""server_compilation_ms"": 53, ""server_execution_ms"": 365, ""server_provisioning_queue_ms"": 0, ""server_overload_queue_ms"": 0, ""server_bytes_scanned"": 7627264}}"
1000000,warehouse,clean_derive,duckdb,6,30,01c6f23d-0001-fe0c-0001-9ade000b9b3a,16.931716,140.0,649.97872,"{""columns"": [""id"", ""net_cents""], ""dtypes"": [""int64"", ""int64""], ""hash_sum"": ""16902620082194219032"", ""hash_xor"": ""7441825716312922670"", ""rows"": 1000000}",619.801312,16000132,1000000,"[""01c6f23d-0001-fe0c-0001-9ade000b9b66""]",13.245692,True,"{""01c6f23d-0001-fe0c-0001-9ade000b9b66"": {""server_total_ms"": 420, ""server_compilation_ms"": 57, ""server_execution_ms"": 363, ""server_provisioning_queue_ms"": 0, ""server_overload_queue_ms"": 0, ""server_bytes_scanned"": 7627264}}"
1000000,warehouse,clean_derive,snowflake,6,26,01c6f23d-0001-fcf9-0001-9ade000b5fc6,677.277927,90.0,677.277927,"{""columns"": [""id"", ""net_cents""], ""dtypes"": [""int64"", ""int64""], ""hash_sum"": ""16902620082194219032"", ""hash_xor"": ""7441825716312922670"", ""rows"": 1000000}",,16000132,1000000,"[""01c6f23d-0001-fcf9-0001-9ade000b5fe2""]",0.0,True,"{""01c6f23d-0001-fcf9-0001-9ade000b5fe2"": {""server_total_ms"": 488, ""server_compilation_ms"": 63, ""server_execution_ms"": 425, ""server_provisioning_queue_ms"": 0, ""server_overload_queue_ms"": 0, ""server_bytes_scanned"": 7627264}}"
1000000,warehouse,clean_derive,snowflake,6,27,01c6f23d-0001-fcf9-0001-9ade000b5fc6,639.637172,60.0,639.637172,"{""columns"": [""id"", ""net_cents""], ""dtypes"": [""int64"", ""int64""], ""hash_sum"": ""16902620082194219032"", ""hash_xor"": ""7441825716312922670"", ""rows"": 1000000}",,16000132,1000000,"[""01c6f23d-0001-fcf9-0001-9ade000b5fe6""]",0.0,True,"{""01c6f23d-0001-fcf9-0001-9ade000b5fe6"": {""server_total_ms"": 473, ""server_compilation_ms"": 67, ""server_execution_ms"": 406, ""server_provisioning_queue_ms"": 0, ""server_overload_queue_ms"": 0, ""server_bytes_scanned"": 7627264}}"
1000000,warehouse,clean_derive,snowflake,6,28,01c6f23d-0001-fcf9-0001-9ade000b5fc6,647.888165,80.0,647.888165,"{""columns"": [""id"", ""net_cents""], ""dtypes"": [""int64"", ""int64""], ""hash_sum"": ""16902620082194219032"", ""hash_xor"": ""7441825716312922670"", ""rows"": 1000000}",,16000132,1000000,"[""01c6f23e-0001-fcf9-0001-9ade000b5fea""]",0.0,True,"{""01c6f23e-0001-fcf9-0001-9ade000b5fea"": {""server_total_ms"": 465, ""server_compilation_ms"": 64, ""server_execution_ms"": 401, ""server_provisioning_queue_ms"": 0, ""server_overload_queue_ms"": 0, ""server_bytes_scanned"": 7627264}}"
1000000,warehouse,clean_derive,snowflake,6,29,01c6f23d-0001-fcf9-0001-9ade000b5fc6,644.655944,100.0,644.655944,"{""columns"": [""id"", ""net_cents""], ""dtypes"": [""int64"", ""int64""], ""hash_sum"": ""16902620082194219032"", ""hash_xor"": ""7441825716312922670"", ""rows"": 1000000}",,16000132,1000000,"[""01c6f23e-0001-fcf9-0001-9ade000b5fee""]",0.0,True,"{""01c6f23e-0001-fcf9-0001-9ade000b5fee"": {""server_total_ms"": 473, ""server_compilation_ms"": 67, ""server_execution_ms"": 406, ""server_provisioning_queue_ms"": 0, ""server_overload_queue_ms"": 0, ""server_bytes_scanned"": 7627264}}"
1000000,warehouse,clean_derive,snowflake,6,30,01c6f23d-0001-fcf9-0001-9ade000b5fc6,640.52995,60.0,640.52995,"{""columns"": [""id"", ""net_cents""], ""dtypes"": [""int64"", ""int64""], ""hash_sum"": ""16902620082194219032"", ""hash_xor"": ""7441825716312922670"", ""rows"": 1000000}",,16000132,1000000,"[""01c6f23e-0001-fcf9-0001-9ade000b5ff2""]",0.0,True,"{""01c6f23e-0001-fcf9-0001-9ade000b5ff2"": {""server_total_ms"": 466, ""server_compilation_ms"": 62, ""server_execution_ms"": 404, ""server_provisioning_queue_ms"": 0, ""server_overload_queue_ms"": 0, ""server_bytes_scanned"": 7627264}}"
10000000,warehouse,filter_project,snowflake,6,26,01c6f23e-0001-fcf9-0001-9ade000b5ffa,976.875506,320.0,976.875506,"{""columns"": [""id"", ""region_id"", ""gross_cents""], ""dtypes"": [""int64"", ""int64"", ""int64""], ""hash_sum"": ""9297358661400020835"", ""hash_xor"": ""11916629792613770293"", ""rows"": 1980090}",,47522292,1980090,"[""01c6f23e-0001-fcf9-0001-9ade000bb016""]",0.0,True,"{""01c6f23e-0001-fcf9-0001-9ade000bb016"": {""server_total_ms"": 299, ""server_compilation_ms"": 69, ""server_execution_ms"": 230, ""server_provisioning_queue_ms"": 0, ""server_overload_queue_ms"": 0, ""server_bytes_scanned"": 146614784}}"
10000000,warehouse,filter_project,snowflake,6,27,01c6f23e-0001-fcf9-0001-9ade000b5ffa,999.69534,260.0,999.69534,"{""columns"": [""id"", ""region_id"", ""gross_cents""], ""dtypes"": [""int64"", ""int64"", ""int64""], ""hash_sum"": ""9297358661400020835"", ""hash_xor"": ""11916629792613770293"", ""rows"": 1980090}",,47522292,1980090,"[""01c6f23e-0001-fcf9-0001-9ade000bb01a""]",0.0,True,"{""01c6f23e-0001-fcf9-0001-9ade000bb01a"": {""server_total_ms"": 311, ""server_compilation_ms"": 80, ""server_execution_ms"": 231, ""server_provisioning_queue_ms"": 0, ""server_overload_queue_ms"": 0, ""server_bytes_scanned"": 146614784}}"
10000000,warehouse,filter_project,snowflake,6,28,01c6f23e-0001-fcf9-0001-9ade000b5ffa,1367.194973,340.0,1367.194973,"{""columns"": [""id"", ""region_id"", ""gross_cents""], ""dtypes"": [""int64"", ""int64"", ""int64""], ""hash_sum"": ""9297358661400020835"", ""hash_xor"": ""11916629792613770293"", ""rows"": 1980090}",,47522292,1980090,"[""01c6f23e-0001-fcf9-0001-9ade000bb01e""]",0.0,True,"{""01c6f23e-0001-fcf9-0001-9ade000bb01e"": {""server_total_ms"": 310, ""server_compilation_ms"": 71, ""server_execution_ms"": 239, ""server_provisioning_queue_ms"": 0, ""server_overload_queue_ms"": 0, ""server_bytes_scanned"": 151591936}}"
10000000,warehouse,filter_project,snowflake,6,29,01c6f23e-0001-fcf9-0001-9ade000b5ffa,981.95835,200.0,981.95835,"{""columns"": [""id"", ""region_id"", ""gross_cents""], ""dtypes"": [""int64"", ""int64"", ""int64""], ""hash_sum"": ""9297358661400020835"", ""hash_xor"": ""11916629792613770293"", ""rows"": 1980090}",,47522292,1980090,"[""01c6f23e-0001-fcf9-0001-9ade000bb022""]",0.0,True,"{""01c6f23e-0001-fcf9-0001-9ade000bb022"": {""server_total_ms"": 299, ""server_compilation_ms"": 69, ""server_execution_ms"": 230, ""server_provisioning_queue_ms"": 0, ""server_overload_queue_ms"": 0, ""server_bytes_scanned"": 151591936}}"
10000000,warehouse,filter_project,snowflake,6,30,01c6f23e-0001-fcf9-0001-9ade000b5ffa,1038.826023,310.0,1038.826023,"{""columns"": [""id"", ""region_id"", ""gross_cents""], ""dtypes"": [""int64"", ""int64"", ""int64""], ""hash_sum"": ""9297358661400020835"", ""hash_xor"": ""11916629792613770293"", ""rows"": 1980090}",,47522292,1980090,"[""01c6f23e-0001-fcf9-0001-9ade000bb026""]",0.0,True,"{""01c6f23e-0001-fcf9-0001-9ade000bb026"": {""server_total_ms"": 351, ""server_compilation_ms"": 68, ""server_execution_ms"": 283, ""server_provisioning_queue_ms"": 0, ""server_overload_queue_ms"": 0, ""server_bytes_scanned"": 151591936}}"
10000000,warehouse,groupby,duckdb,6,26,01c6f23e-0001-fe0c-0001-9ade000b9b6a,42.096552,810.0,1484.658601,"{""columns"": [""region_id"", ""total_cents"", ""total_quantity"", ""row_count""], ""dtypes"": [""int64"", ""int64"", ""int64"", ""int64""], ""hash_sum"": ""3404719191165042972"", ""hash_xor"": ""2526757767072946434"", ""rows"": 50}",1430.148658,1732,50,"[""01c6f23e-0001-fe0c-0001-9ade000b9b86""]",12.413391,True,"{""01c6f23e-0001-fe0c-0001-9ade000b9b86"": {""server_total_ms"": 386, ""server_compilation_ms"": 56, ""server_execution_ms"": 330, ""server_provisioning_queue_ms"": 0, ""server_overload_queue_ms"": 0, ""server_bytes_scanned"": 151591936}}"
10000000,warehouse,groupby,duckdb,6,27,01c6f23e-0001-fe0c-0001-9ade000b9b6a,42.382011,800.0,1498.262275,"{""columns"": [""region_id"", ""total_cents"", ""total_quantity"", ""row_count""], ""dtypes"": [""int64"", ""int64"", ""int64"", ""int64""], ""hash_sum"": ""3404719191165042972"", ""hash_xor"": ""2526757767072946434"", ""rows"": 50}",1443.066921,1732,50,"[""01c6f23e-0001-fe0c-0001-9ade000b9b8a""]",12.813343,True,"{""01c6f23e-0001-fe0c-0001-9ade000b9b8a"": {""server_total_ms"": 385, ""server_compilation_ms"": 64, ""server_execution_ms"": 321, ""server_provisioning_queue_ms"": 0, ""server_overload_queue_ms"": 0, ""server_bytes_scanned"": 151591936}}"
10000000,warehouse,groupby,duckdb,6,28,01c6f23e-0001-fe0c-0001-9ade000b9b6a,42.300965,780.0,1496.78347,"{""columns"": [""region_id"", ""total_cents"", ""total_quantity"", ""row_count""], ""dtypes"": [""int64"", ""int64"", ""int64"", ""int64""], ""hash_sum"": ""3404719191165042972"", ""hash_xor"": ""2526757767072946434"", ""rows"": 50}",1441.673799,1732,50,"[""01c6f23e-0001-fe0c-0001-9ade000b9b8e""]",12.808706,True,"{""01c6f23e-0001-fe0c-0001-9ade000b9b8e"": {""server_total_ms"": 368, ""server_compilation_ms"": 57, ""server_execution_ms"": 311, ""server_provisioning_queue_ms"": 0, ""server_overload_queue_ms"": 0, ""server_bytes_scanned"": 151591936}}"
10000000,warehouse,groupby,duckdb,6,29,01c6f23e-0001-fe0c-0001-9ade000b9b6a,42.281232,780.0,1514.365499,"{""columns"": [""region_id"", ""total_cents"", ""total_quantity"", ""row_count""], ""dtypes"": [""int64"", ""int64"", ""int64"", ""int64""], ""hash_sum"": ""3404719191165042972"", ""hash_xor"": ""2526757767072946434"", ""rows"": 50}",1459.547929,1732,50,"[""01c6f23e-0001-fe0c-0001-9ade000b9b92""]",12.536338,True,"{""01c6f23e-0001-fe0c-0001-9ade000b9b92"": {""server_total_ms"": 362, ""server_compilation_ms"": 54, ""server_execution_ms"": 308, ""server_provisioning_queue_ms"": 0, ""server_overload_queue_ms"": 0, ""server_bytes_scanned"": 151591936}}"
10000000,warehouse,groupby,duckdb,6,30,01c6f23e-0001-fe0c-0001-9ade000b9b6a,42.139897,690.0,1529.32773,"{""columns"": [""region_id"", ""total_cents"", ""total_quantity"", ""row_count""], ""dtypes"": [""int64"", ""int64"", ""int64"", ""int64""], ""hash_sum"": ""3404719191165042972"", ""hash_xor"": ""2526757767072946434"", ""rows"": 50}",1473.809196,1732,50,"[""01c6f23e-0001-fe0c-0001-9ade000b9b96""]",13.378637,True,"{""01c6f23e-0001-fe0c-0001-9ade000b9b96"": {""server_total_ms"": 379, ""server_compilation_ms"": 57, ""server_execution_ms"": 322, ""server_provisioning_queue_ms"": 0, ""server_overload_queue_ms"": 0, ""server_bytes_scanned"": 151591936}}"
1000000,warehouse,filter_project,duckdb,6,26,01c6f23e-0001-fe0c-0001-9ade000b9b9a,5.764232,90.0,391.149068,"{""columns"": [""id"", ""region_id"", ""gross_cents""], ""dtypes"": [""int64"", ""int64"", ""int64""], ""hash_sum"": ""11356744842689536210"", ""hash_xor"": ""4329941149679941164"", ""rows"": 198279}",372.204557,4758828,198279,"[""01c6f23e-0001-fe0c-0001-9ade000b9bb6""]",13.180279,True,"{""01c6f23e-0001-fe0c-0001-9ade000b9bb6"": {""server_total_ms"": 271, ""server_compilation_ms"": 58, ""server_execution_ms"": 213, ""server_provisioning_queue_ms"": 0, ""server_overload_queue_ms"": 0, ""server_bytes_scanned"": 7627264}}"
1000000,warehouse,filter_project,duckdb,6,27,01c6f23e-0001-fe0c-0001-9ade000b9b9a,5.772005,80.0,395.830074,"{""columns"": [""id"", ""region_id"", ""gross_cents""], ""dtypes"": [""int64"", ""int64"", ""int64""], ""hash_sum"": ""11356744842689536210"", ""hash_xor"": ""4329941149679941164"", ""rows"": 198279}",377.417708,4758828,198279,"[""01c6f23e-0001-fe0c-0001-9ade000b9bba""]",12.640361,True,"{""01c6f23e-0001-fe0c-0001-9ade000b9bba"": {""server_total_ms"": 274, ""server_compilation_ms"": 58, ""server_execution_ms"": 216, ""server_provisioning_queue_ms"": 0, ""server_overload_queue_ms"": 0, ""server_bytes_scanned"": 7627264}}"
1000000,warehouse,filter_project,duckdb,6,28,01c6f23e-0001-fe0c-0001-9ade000b9b9a,5.602574,80.0,396.968665,"{""columns"": [""id"", ""region_id"", ""gross_cents""], ""dtypes"": [""int64"", ""int64"", ""int64""], ""hash_sum"": ""11356744842689536210"", ""hash_xor"": ""4329941149679941164"", ""rows"": 198279}",378.875013,4758828,198279,"[""01c6f23e-0001-fe0c-0001-9ade000b9bbe""]",12.491078,True,"{""01c6f23e-0001-fe0c-0001-9ade000b9bbe"": {""server_total_ms"": 271, ""server_compilation_ms"": 62, ""server_execution_ms"": 209, ""server_provisioning_queue_ms"": 0, ""server_overload_queue_ms"": 0, ""server_bytes_scanned"": 7627264}}"
1000000,warehouse,filter_project,duckdb,6,29,01c6f23e-0001-fe0c-0001-9ade000b9b9a,5.471919,80.0,403.268956,"{""columns"": [""id"", ""region_id"", ""gross_cents""], ""dtypes"": [""int64"", ""int64"", ""int64""], ""hash_sum"": ""11356744842689536210"", ""hash_xor"": ""4329941149679941164"", ""rows"": 198279}",385.211306,4758828,198279,"[""01c6f23e-0001-fe0c-0001-9ade000b9bc2""]",12.585731,True,"{""01c6f23e-0001-fe0c-0001-9ade000b9bc2"": {""server_total_ms"": 281, ""server_compilation_ms"": 65, ""server_execution_ms"": 216, ""server_provisioning_queue_ms"": 0, ""server_overload_queue_ms"": 0, ""server_bytes_scanned"": 7627264}}"
1000000,warehouse,filter_project,duckdb,6,30,01c6f23e-0001-fe0c-0001-9ade000b9b9a,5.624218,80.0,395.868115,"{""columns"": [""id"", ""region_id"", ""gross_cents""], ""dtypes"": [""int64"", ""int64"", ""int64""], ""hash_sum"": ""11356744842689536210"", ""hash_xor"": ""4329941149679941164"", ""rows"": 198279}",377.640247,4758828,198279,"[""01c6f23e-0001-fe0c-0001-9ade000b9bc6""]",12.60365,True,"{""01c6f23e-0001-fe0c-0001-9ade000b9bc6"": {""server_total_ms"": 269, ""server_compilation_ms"": 58, ""server_execution_ms"": 211, ""server_provisioning_queue_ms"": 0, ""server_overload_queue_ms"": 0, ""server_bytes_scanned"": 7627264}}"
100000,warehouse,clean_derive,snowflake,6,26,01c6f23e-0001-fe0c-0001-9ade000b9bca,312.936376,50.0,312.936376,"{""columns"": [""id"", ""net_cents""], ""dtypes"": [""int64"", ""int64""], ""hash_sum"": ""6278141268544677052"", ""hash_xor"": ""11755483584262095886"", ""rows"": 100000}",,1600132,100000,"[""01c6f23e-0001-fe0c-0001-9ade000b9be6""]",0.0,True,"{""01c6f23e-0001-fe0c-0001-9ade000b9be6"": {""server_total_ms"": 215, ""server_compilation_ms"": 59, ""server_execution_ms"": 156, ""server_provisioning_queue_ms"": 0, ""server_overload_queue_ms"": 0, ""server_bytes_scanned"": 973312}}"
100000,warehouse,clean_derive,snowflake,6,27,01c6f23e-0001-fe0c-0001-9ade000b9bca,324.729483,30.0,324.729483,"{""columns"": [""id"", ""net_cents""], ""dtypes"": [""int64"", ""int64""], ""hash_sum"": ""6278141268544677052"", ""hash_xor"": ""11755483584262095886"", ""rows"": 100000}",,1600132,100000,"[""01c6f23e-0001-fe0c-0001-9ade000b9bea""]",0.0,True,"{""01c6f23e-0001-fe0c-0001-9ade000b9bea"": {""server_total_ms"": 224, ""server_compilation_ms"": 61, ""server_execution_ms"": 163, ""server_provisioning_queue_ms"": 0, ""server_overload_queue_ms"": 0, ""server_bytes_scanned"": 973312}}"
100000,warehouse,clean_derive,snowflake,6,28,01c6f23e-0001-fe0c-0001-9ade000b9bca,314.783994,20.0,314.783994,"{""columns"": [""id"", ""net_cents""], ""dtypes"": [""int64"", ""int64""], ""hash_sum"": ""6278141268544677052"", ""hash_xor"": ""11755483584262095886"", ""rows"": 100000}",,1600132,100000,"[""01c6f23e-0001-fe0c-0001-9ade000b9bee""]",0.0,True,"{""01c6f23e-0001-fe0c-0001-9ade000b9bee"": {""server_total_ms"": 216, ""server_compilation_ms"": 53, ""server_execution_ms"": 163, ""server_provisioning_queue_ms"": 0, ""server_overload_queue_ms"": 0, ""server_bytes_scanned"": 973312}}"
100000,warehouse,clean_derive,snowflake,6,29,01c6f23e-0001-fe0c-0001-9ade000b9bca,318.149225,30.0,318.149225,"{""columns"": [""id"", ""net_cents""], ""dtypes"": [""int64"", ""int64""], ""hash_sum"": ""6278141268544677052"", ""hash_xor"": ""11755483584262095886"", ""rows"": 100000}",,1600132,100000,"[""01c6f23e-0001-fe0c-0001-9ade000b9bf2""]",0.0,True,"{""01c6f23e-0001-fe0c-0001-9ade000b9bf2"": {""server_total_ms"": 219, ""server_compilation_ms"": 55, ""server_execution_ms"": 164, ""server_provisioning_queue_ms"": 0, ""server_overload_queue_ms"": 0, ""server_bytes_scanned"": 973312}}"
100000,warehouse,clean_derive,snowflake,6,30,01c6f23e-0001-fe0c-0001-9ade000b9bca,346.143148,40.0,346.143148,"{""columns"": [""id"", ""net_cents""], ""dtypes"": [""int64"", ""int64""], ""hash_sum"": ""6278141268544677052"", ""hash_xor"": ""11755483584262095886"", ""rows"": 100000}",,1600132,100000,"[""01c6f23e-0001-fe0c-0001-9ade000b9bf6""]",0.0,True,"{""01c6f23e-0001-fe0c-0001-9ade000b9bf6"": {""server_total_ms"": 244, ""server_compilation_ms"": 57, ""server_execution_ms"": 187, ""server_provisioning_queue_ms"": 0, ""server_overload_queue_ms"": 0, ""server_bytes_scanned"": 973312}}"
100000,warehouse,filter_project,snowflake,6,26,01c6f23e-0001-fcf8-0001-9ade000ba4ba,292.471366,50.0,292.471366,"{""columns"": [""id"", ""region_id"", ""gross_cents""], ""dtypes"": [""int64"", ""int64"", ""int64""], ""hash_sum"": ""6934637738391437775"", ""hash_xor"": ""13010755706745315299"", ""rows"": 19886}",,477396,19886,"[""01c6f23e-0001-fcf8-0001-9ade000ba4d6""]",0.0,True,"{""01c6f23e-0001-fcf8-0001-9ade000ba4d6"": {""server_total_ms"": 179, ""server_compilation_ms"": 74, ""server_execution_ms"": 105, ""server_provisioning_queue_ms"": 0, ""server_overload_queue_ms"": 0, ""server_bytes_scanned"": 973312}}"
100000,warehouse,filter_project,snowflake,6,27,01c6f23e-0001-fcf8-0001-9ade000ba4ba,273.571241,30.0,273.571241,"{""columns"": [""id"", ""region_id"", ""gross_cents""], ""dtypes"": [""int64"", ""int64"", ""int64""], ""hash_sum"": ""6934637738391437775"", ""hash_xor"": ""13010755706745315299"", ""rows"": 19886}",,477396,19886,"[""01c6f23e-0001-fcf8-0001-9ade000ba4da""]",0.0,True,"{""01c6f23e-0001-fcf8-0001-9ade000ba4da"": {""server_total_ms"": 180, ""server_compilation_ms"": 79, ""server_execution_ms"": 101, ""server_provisioning_queue_ms"": 0, ""server_overload_queue_ms"": 0, ""server_bytes_scanned"": 973312}}"
100000,warehouse,filter_project,snowflake,6,28,01c6f23e-0001-fcf8-0001-9ade000ba4ba,269.050109,10.0,269.050109,"{""columns"": [""id"", ""region_id"", ""gross_cents""], ""dtypes"": [""int64"", ""int64"", ""int64""], ""hash_sum"": ""6934637738391437775"", ""hash_xor"": ""13010755706745315299"", ""rows"": 19886}",,477396,19886,"[""01c6f23e-0001-fcf8-0001-9ade000ba4de""]",0.0,True,"{""01c6f23e-0001-fcf8-0001-9ade000ba4de"": {""server_total_ms"": 176, ""server_compilation_ms"": 76, ""server_execution_ms"": 100, ""server_provisioning_queue_ms"": 0, ""server_overload_queue_ms"": 0, ""server_bytes_scanned"": 973312}}"
100000,warehouse,filter_project,snowflake,6,29,01c6f23e-0001-fcf8-0001-9ade000ba4ba,256.480068,0.0,256.480068,"{""columns"": [""id"", ""region_id"", ""gross_cents""], ""dtypes"": [""int64"", ""int64"", ""int64""], ""hash_sum"": ""6934637738391437775"", ""hash_xor"": ""13010755706745315299"", ""rows"": 19886}",,477396,19886,"[""01c6f23e-0001-fcf8-0001-9ade000ba4e2""]",0.0,True,"{""01c6f23e-0001-fcf8-0001-9ade000ba4e2"": {""server_total_ms"": 164, ""server_compilation_ms"": 70, ""server_execution_ms"": 94, ""server_provisioning_queue_ms"": 0, ""server_overload_queue_ms"": 0, ""server_bytes_scanned"": 973312}}"
100000,warehouse,filter_project,snowflake,6,30,01c6f23e-0001-fcf8-0001-9ade000ba4ba,255.9768,0.0,255.9768,"{""columns"": [""id"", ""region_id"", ""gross_cents""], ""dtypes"": [""int64"", ""int64"", ""int64""], ""hash_sum"": ""6934637738391437775"", ""hash_xor"": ""13010755706745315299"", ""rows"": 19886}",,477396,19886,"[""01c6f23e-0001-fcf8-0001-9ade000ba4e6""]",0.0,True,"{""01c6f23e-0001-fcf8-0001-9ade000ba4e6"": {""server_total_ms"": 163, ""server_compilation_ms"": 63, ""server_execution_ms"": 100, ""server_provisioning_queue_ms"": 0, ""server_overload_queue_ms"": 0, ""server_bytes_scanned"": 973312}}"
100000,warehouse,clean_derive,duckdb,6,26,01c6f23e-0001-fcf8-0001-9ade000ba4ea,6.700925,70.0,339.973702,"{""columns"": [""id"", ""net_cents""], ""dtypes"": [""int64"", ""int64""], ""hash_sum"": ""6278141268544677052"", ""hash_xor"": ""11755483584262095886"", ""rows"": 100000}",320.586268,1600132,100000,"[""01c6f23e-0001-fcf8-0001-9ade000ba506""]",12.686509,True,"{""01c6f23e-0001-fcf8-0001-9ade000ba506"": {""server_total_ms"": 217, ""server_compilation_ms"": 60, ""server_execution_ms"": 157, ""server_provisioning_queue_ms"": 0, ""server_overload_queue_ms"": 0, ""server_bytes_scanned"": 973312}}"
100000,warehouse,clean_derive,duckdb,6,27,01c6f23e-0001-fcf8-0001-9ade000ba4ea,6.174388,40.0,348.619551,"{""columns"": [""id"", ""net_cents""], ""dtypes"": [""int64"", ""int64""], ""hash_sum"": ""6278141268544677052"", ""hash_xor"": ""11755483584262095886"", ""rows"": 100000}",329.793239,1600132,100000,"[""01c6f23e-0001-fcf8-0001-9ade000ba50a""]",12.651924,True,"{""01c6f23e-0001-fcf8-0001-9ade000ba50a"": {""server_total_ms"": 222, ""server_compilation_ms"": 61, ""server_execution_ms"": 161, ""server_provisioning_queue_ms"": 0, ""server_overload_queue_ms"": 0, ""server_bytes_scanned"": 973312}}"
100000,warehouse,clean_derive,duckdb,6,28,01c6f23e-0001-fcf8-0001-9ade000ba4ea,6.354128,30.0,394.773703,"{""columns"": [""id"", ""net_cents""], ""dtypes"": [""int64"", ""int64""], ""hash_sum"": ""6278141268544677052"", ""hash_xor"": ""11755483584262095886"", ""rows"": 100000}",375.736845,1600132,100000,"[""01c6f23e-0001-fcf8-0001-9ade000ba50e""]",12.68273,True,"{""01c6f23e-0001-fcf8-0001-9ade000ba50e"": {""server_total_ms"": 279, ""server_compilation_ms"": 86, ""server_execution_ms"": 193, ""server_provisioning_queue_ms"": 0, ""server_overload_queue_ms"": 0, ""server_bytes_scanned"": 973312}}"
100000,warehouse,clean_derive,duckdb,6,29,01c6f23e-0001-fcf8-0001-9ade000ba4ea,6.203022,50.0,348.613818,"{""columns"": [""id"", ""net_cents""], ""dtypes"": [""int64"", ""int64""], ""hash_sum"": ""6278141268544677052"", ""hash_xor"": ""11755483584262095886"", ""rows"": 100000}",329.80249,1600132,100000,"[""01c6f23e-0001-fcf8-0001-9ade000ba512""]",12.608306,True,"{""01c6f23e-0001-fcf8-0001-9ade000ba512"": {""server_total_ms"": 228, ""server_compilation_ms"": 56, ""server_execution_ms"": 172, ""server_provisioning_queue_ms"": 0, ""server_overload_queue_ms"": 0, ""server_bytes_scanned"": 973312}}"
100000,warehouse,clean_derive,duckdb,6,30,01c6f23e-0001-fcf8-0001-9ade000ba4ea,6.35173,70.0,341.23469,"{""columns"": [""id"", ""net_cents""], ""dtypes"": [""int64"", ""int64""], ""hash_sum"": ""6278141268544677052"", ""hash_xor"": ""11755483584262095886"", ""rows"": 100000}",322.231026,1600132,100000,"[""01c6f23e-0001-fcf8-0001-9ade000ba516""]",12.651934,True,"{""01c6f23e-0001-fcf8-0001-9ade000ba516"": {""server_total_ms"": 227, ""server_compilation_ms"": 57, ""server_execution_ms"": 170, ""server_provisioning_queue_ms"": 0, ""server_overload_queue_ms"": 0, ""server_bytes_scanned"": 973312}}"
1000000,warehouse,filter_project,pandas,6,26,01c6f23e-0001-fe0c-0001-9ade000b9bfa,6.235034,70.0,439.292443,"{""columns"": [""id"", ""region_id"", ""gross_cents""], ""dtypes"": [""int64"", ""int64"", ""int64""], ""hash_sum"": ""11356744842689536210"", ""hash_xor"": ""4329941149679941164"", ""rows"": 198279}",433.057409,4758828,198279,"[""01c6f23e-0001-fe0c-0001-9ade000b9c16""]",0.0,True,"{""01c6f23e-0001-fe0c-0001-9ade000b9c16"": {""server_total_ms"": 330, ""server_compilation_ms"": 76, ""server_execution_ms"": 254, ""server_provisioning_queue_ms"": 0, ""server_overload_queue_ms"": 0, ""server_bytes_scanned"": 7627264}}"
1000000,warehouse,filter_project,pandas,6,27,01c6f23e-0001-fe0c-0001-9ade000b9bfa,7.820319,100.0,421.44998,"{""columns"": [""id"", ""region_id"", ""gross_cents""], ""dtypes"": [""int64"", ""int64"", ""int64""], ""hash_sum"": ""11356744842689536210"", ""hash_xor"": ""4329941149679941164"", ""rows"": 198279}",413.629661,4758828,198279,"[""01c6f23e-0001-fe0c-0001-9ade000b9c1a""]",0.0,True,"{""01c6f23e-0001-fe0c-0001-9ade000b9c1a"": {""server_total_ms"": 300, ""server_compilation_ms"": 73, ""server_execution_ms"": 227, ""server_provisioning_queue_ms"": 0, ""server_overload_queue_ms"": 0, ""server_bytes_scanned"": 7627264}}"
1000000,warehouse,filter_project,pandas,6,28,01c6f23e-0001-fe0c-0001-9ade000b9bfa,7.224955,100.0,422.719045,"{""columns"": [""id"", ""region_id"", ""gross_cents""], ""dtypes"": [""int64"", ""int64"", ""int64""], ""hash_sum"": ""11356744842689536210"", ""hash_xor"": ""4329941149679941164"", ""rows"": 198279}",415.49409,4758828,198279,"[""01c6f23e-0001-fe0c-0001-9ade000b9c1e""]",0.0,True,"{""01c6f23e-0001-fe0c-0001-9ade000b9c1e"": {""server_total_ms"": 308, ""server_compilation_ms"": 86, ""server_execution_ms"": 222, ""server_provisioning_queue_ms"": 0, ""server_overload_queue_ms"": 0, ""server_bytes_scanned"": 7627264}}"
1000000,warehouse,filter_project,pandas,6,29,01c6f23e-0001-fe0c-0001-9ade000b9bfa,6.814167,70.0,409.928855,"{""columns"": [""id"", ""region_id"", ""gross_cents""], ""dtypes"": [""int64"", ""int64"", ""int64""], ""hash_sum"": ""11356744842689536210"", ""hash_xor"": ""4329941149679941164"", ""rows"": 198279}",403.114688,4758828,198279,"[""01c6f23e-0001-fe0c-0001-9ade000b9c22""]",0.0,True,"{""01c6f23e-0001-fe0c-0001-9ade000b9c22"": {""server_total_ms"": 295, ""server_compilation_ms"": 67, ""server_execution_ms"": 228, ""server_provisioning_queue_ms"": 0, ""server_overload_queue_ms"": 0, ""server_bytes_scanned"": 7627264}}"
1000000,warehouse,filter_project,pandas,6,30,01c6f23e-0001-fe0c-0001-9ade000b9bfa,7.820747,80.0,410.513142,"{""columns"": [""id"", ""region_id"", ""gross_cents""], ""dtypes"": [""int64"", ""int64"", ""int64""], ""hash_sum"": ""11356744842689536210"", ""hash_xor"": ""4329941149679941164"", ""rows"": 198279}",402.692395,4758828,198279,"[""01c6f23e-0001-fe0c-0001-9ade000b9c26""]",0.0,True,"{""01c6f23e-0001-fe0c-0001-9ade000b9c26"": {""server_total_ms"": 290, ""server_compilation_ms"": 73, ""server_execution_ms"": 217, ""server_provisioning_queue_ms"": 0, ""server_overload_queue_ms"": 0, ""server_bytes_scanned"": 7627264}}"
