rows,mode,workload,engine,block,run,elapsed_ms,cpu_ms,output_rows,validated,execute_roundtrip_ms,fetch_dataframe_ms,query_id,server_total_ms,server_compilation_ms,server_execution_ms,server_provisioning_queue_ms,server_overload_queue_ms,server_bytes_scanned
100000,memory,groupby,pandas,1,1,1.967209,1.975,50,True,,,,,,,,,
100000,memory,groupby,pandas,1,2,1.627625,1.634,50,True,,,,,,,,,
100000,memory,groupby,pandas,1,3,1.652708,1.66,50,True,,,,,,,,,
100000,memory,groupby,pandas,1,4,1.593625,1.601,50,True,,,,,,,,,
100000,memory,groupby,pandas,1,5,1.853458,1.854,50,True,,,,,,,,,
100000,memory,groupby,duckdb,1,1,1.587375,1.912,50,True,,,,,,,,,
100000,memory,groupby,duckdb,1,2,1.345041,1.6,50,True,,,,,,,,,
100000,memory,groupby,duckdb,1,3,1.370917,1.655,50,True,,,,,,,,,
100000,memory,groupby,duckdb,1,4,1.332958,2.185,50,True,,,,,,,,,
100000,memory,groupby,duckdb,1,5,1.255083,2.05,50,True,,,,,,,,,
100000,parquet,groupby,duckdb,1,1,1.945916,2.012,50,True,,,,,,,,,
100000,parquet,groupby,duckdb,1,2,1.885292,1.979,50,True,,,,,,,,,
100000,parquet,groupby,duckdb,1,3,1.99725,2.088,50,True,,,,,,,,,
100000,parquet,groupby,duckdb,1,4,1.945333,2.042,50,True,,,,,,,,,
100000,parquet,groupby,duckdb,1,5,1.947375,2.038,50,True,,,,,,,,,
100000,parquet,groupby,pandas,1,1,3.527917,4.061,50,True,,,,,,,,,
100000,parquet,groupby,pandas,1,2,3.191625,3.622,50,True,,,,,,,,,
100000,parquet,groupby,pandas,1,3,3.030083,3.458,50,True,,,,,,,,,
100000,parquet,groupby,pandas,1,4,3.384917,3.741,50,True,,,,,,,,,
100000,parquet,groupby,pandas,1,5,3.215625,3.613,50,True,,,,,,,,,
10000000,memory,join_groupby,duckdb,1,1,39.916875,151.358,200,True,,,,,,,,,
10000000,memory,join_groupby,duckdb,1,2,37.854125,142.221,200,True,,,,,,,,,
10000000,memory,join_groupby,duckdb,1,3,40.252667,149.865,200,True,,,,,,,,,
10000000,memory,join_groupby,duckdb,1,4,40.660667,148.445,200,True,,,,,,,,,
10000000,memory,join_groupby,duckdb,1,5,39.543583,149.127,200,True,,,,,,,,,
10000000,memory,join_groupby,pandas,1,1,358.524833,357.323,200,True,,,,,,,,,
10000000,memory,join_groupby,pandas,1,2,365.572875,364.863,200,True,,,,,,,,,
10000000,memory,join_groupby,pandas,1,3,346.733042,346.23,200,True,,,,,,,,,
10000000,memory,join_groupby,pandas,1,4,343.096916,342.65,200,True,,,,,,,,,
10000000,memory,join_groupby,pandas,1,5,349.659417,349.014,200,True,,,,,,,,,
100000,memory,filter_project,duckdb,1,1,0.918791,0.958,19886,True,,,,,,,,,
100000,memory,filter_project,duckdb,1,2,1.194041,1.229,19886,True,,,,,,,,,
100000,memory,filter_project,duckdb,1,3,0.886541,0.925,19886,True,,,,,,,,,
100000,memory,filter_project,duckdb,1,4,0.859208,1.168,19886,True,,,,,,,,,
100000,memory,filter_project,duckdb,1,5,0.974542,1.303,19886,True,,,,,,,,,
100000,memory,filter_project,pandas,1,1,0.759917,0.722,19886,True,,,,,,,,,
100000,memory,filter_project,pandas,1,2,0.659333,0.665,19886,True,,,,,,,,,
100000,memory,filter_project,pandas,1,3,0.680292,0.69,19886,True,,,,,,,,,
100000,memory,filter_project,pandas,1,4,0.949125,0.947,19886,True,,,,,,,,,
100000,memory,filter_project,pandas,1,5,0.705125,0.699,19886,True,,,,,,,,,
100000,warehouse,clean_derive,snowflake,1,1,412.684875,19.738,100000,True,270.178584,142.506291,01c6f1cf-0001-fe0c-0001-9ade000af856,211.0,36.0,175.0,0.0,0.0,973312.0
100000,warehouse,clean_derive,snowflake,1,2,297.26975,10.368,100000,True,252.0685,45.20125,01c6f1cf-0001-fe0c-0001-9ade000af85a,199.0,35.0,164.0,0.0,0.0,973312.0
100000,warehouse,clean_derive,snowflake,1,3,306.212208,10.416,100000,True,266.268666,39.943542,01c6f1cf-0001-fe0c-0001-9ade000af85e,216.0,39.0,177.0,0.0,0.0,973312.0
100000,warehouse,clean_derive,snowflake,1,4,391.868291,18.419,100000,True,337.738708,54.129583,01c6f1cf-0001-fcf8-0001-9ade000aa36a,205.0,44.0,161.0,0.0,0.0,973312.0
100000,warehouse,clean_derive,snowflake,1,5,309.099416,19.112,100000,True,257.636541,51.462875,01c6f1cf-0001-fcf8-0001-9ade000aa36e,202.0,35.0,167.0,0.0,0.0,973312.0
10000000,memory,clean_derive,pandas,1,1,28.618167,28.604,10000000,True,,,,,,,,,
10000000,memory,clean_derive,pandas,1,2,28.457042,28.41,10000000,True,,,,,,,,,
10000000,memory,clean_derive,pandas,1,3,28.619791,28.629,10000000,True,,,,,,,,,
10000000,memory,clean_derive,pandas,1,4,27.889,27.864,10000000,True,,,,,,,,,
10000000,memory,clean_derive,pandas,1,5,27.734833,27.708,10000000,True,,,,,,,,,
10000000,memory,clean_derive,duckdb,1,1,37.443291,117.777,10000000,True,,,,,,,,,
10000000,memory,clean_derive,duckdb,1,2,39.057542,120.205,10000000,True,,,,,,,,,
10000000,memory,clean_derive,duckdb,1,3,36.986291,117.986,10000000,True,,,,,,,,,
10000000,memory,clean_derive,duckdb,1,4,37.083208,117.53,10000000,True,,,,,,,,,
10000000,memory,clean_derive,duckdb,1,5,37.161458,117.326,10000000,True,,,,,,,,,
1000000,parquet,groupby,duckdb,1,1,4.121875,11.808,50,True,,,,,,,,,
1000000,parquet,groupby,duckdb,1,2,4.465167,13.992,50,True,,,,,,,,,
1000000,parquet,groupby,duckdb,1,3,4.049708,11.92,50,True,,,,,,,,,
1000000,parquet,groupby,duckdb,1,4,4.063875,12.976,50,True,,,,,,,,,
1000000,parquet,groupby,duckdb,1,5,4.245125,12.032,50,True,,,,,,,,,
1000000,parquet,groupby,pandas,1,1,11.216667,17.886,50,True,,,,,,,,,
1000000,parquet,groupby,pandas,1,2,10.7665,16.417,50,True,,,,,,,,,
1000000,parquet,groupby,pandas,1,3,10.698208,16.449,50,True,,,,,,,,,
1000000,parquet,groupby,pandas,1,4,10.84825,16.893,50,True,,,,,,,,,
1000000,parquet,groupby,pandas,1,5,11.483958,17.583,50,True,,,,,,,,,
1000000,warehouse,clean_derive,snowflake,1,1,775.291459,67.684,1000000,True,480.602417,294.689042,01c6f1cf-0001-fe0c-0001-9ade000af86a,427.0,30.0,397.0,0.0,0.0,7627264.0
1000000,warehouse,clean_derive,snowflake,1,2,727.276042,70.146,1000000,True,518.604625,208.671417,01c6f1cf-0001-fcf8-0001-9ade000aa37a,434.0,32.0,402.0,0.0,0.0,7627264.0
1000000,warehouse,clean_derive,snowflake,1,3,1026.427834,89.739,1000000,True,518.008417,508.419417,01c6f1cf-0001-fe0c-0001-9ade000af86e,433.0,30.0,403.0,0.0,0.0,7627264.0
1000000,warehouse,clean_derive,snowflake,1,4,1063.903875,79.768,1000000,True,533.430916,530.472959,01c6f1cf-0001-fcf8-0001-9ade000aa37e,471.0,40.0,431.0,0.0,0.0,7627264.0
1000000,warehouse,clean_derive,snowflake,1,5,1284.498834,97.628,1000000,True,502.926584,781.57225,01c6f1cf-0001-fe0c-0001-9ade000af872,439.0,31.0,408.0,0.0,0.0,7627264.0
10000000,memory,filter_project,duckdb,1,1,12.417,36.525,1980090,True,,,,,,,,,
10000000,memory,filter_project,duckdb,1,2,11.818584,34.671,1980090,True,,,,,,,,,
10000000,memory,filter_project,duckdb,1,3,12.283833,35.786,1980090,True,,,,,,,,,
10000000,memory,filter_project,duckdb,1,4,12.629667,39.07,1980090,True,,,,,,,,,
10000000,memory,filter_project,duckdb,1,5,11.571375,34.16,1980090,True,,,,,,,,,
10000000,memory,filter_project,pandas,1,1,18.197333,18.155,1980090,True,,,,,,,,,
10000000,memory,filter_project,pandas,1,2,16.885875,16.879,1980090,True,,,,,,,,,
10000000,memory,filter_project,pandas,1,3,16.064417,16.057,1980090,True,,,,,,,,,
10000000,memory,filter_project,pandas,1,4,15.990542,15.971,1980090,True,,,,,,,,,
10000000,memory,filter_project,pandas,1,5,15.634083,15.608,1980090,True,,,,,,,,,
1000000,warehouse,groupby,snowflake,1,1,100.577375,2.337,50,True,99.857792,0.719583,01c6f1cf-0001-fcf8-0001-9ade000aa38a,70.0,36.0,34.0,0.0,0.0,7627264.0
1000000,warehouse,groupby,snowflake,1,2,124.094958,7.892,50,True,95.672542,28.422416,01c6f1cf-0001-fcf8-0001-9ade000aa38e,69.0,36.0,33.0,0.0,0.0,7627264.0
1000000,warehouse,groupby,snowflake,1,3,94.6195,2.278,50,True,93.995334,0.624166,01c6f1cf-0001-fe0c-0001-9ade000af87a,64.0,30.0,34.0,0.0,0.0,7627264.0
1000000,warehouse,groupby,snowflake,1,4,85.075083,2.147,50,True,84.535625,0.539458,01c6f1cf-0001-fcf8-0001-9ade000aa392,64.0,33.0,31.0,0.0,0.0,7627264.0
1000000,warehouse,groupby,snowflake,1,5,151.735875,2.147,50,True,151.117667,0.618208,01c6f1cf-0001-fe0c-0001-9ade000af87e,73.0,40.0,33.0,0.0,0.0,7627264.0
100000,parquet,clean_derive,pandas,1,1,2.389708,3.358,100000,True,,,,,,,,,
100000,parquet,clean_derive,pandas,1,2,2.281625,3.221,100000,True,,,,,,,,,
100000,parquet,clean_derive,pandas,1,3,2.576208,3.469,100000,True,,,,,,,,,
100000,parquet,clean_derive,pandas,1,4,2.342875,3.42,100000,True,,,,,,,,,
100000,parquet,clean_derive,pandas,1,5,2.356375,3.393,100000,True,,,,,,,,,
100000,parquet,clean_derive,duckdb,1,1,3.059292,3.101,100000,True,,,,,,,,,
100000,parquet,clean_derive,duckdb,1,2,2.834875,2.873,100000,True,,,,,,,,,
100000,parquet,clean_derive,duckdb,1,3,3.009375,3.063,100000,True,,,,,,,,,
100000,parquet,clean_derive,duckdb,1,4,2.861625,2.893,100000,True,,,,,,,,,
100000,parquet,clean_derive,duckdb,1,5,3.099542,3.141,100000,True,,,,,,,,,
10000000,parquet,clean_derive,duckdb,1,1,70.56275,240.587,10000000,True,,,,,,,,,
10000000,parquet,clean_derive,duckdb,1,2,70.023,241.732,10000000,True,,,,,,,,,
10000000,parquet,clean_derive,duckdb,1,3,67.13575,233.219,10000000,True,,,,,,,,,
10000000,parquet,clean_derive,duckdb,1,4,66.593042,231.908,10000000,True,,,,,,,,,
10000000,parquet,clean_derive,duckdb,1,5,66.132125,229.896,10000000,True,,,,,,,,,
10000000,parquet,clean_derive,pandas,1,1,80.857959,197.627,10000000,True,,,,,,,,,
10000000,parquet,clean_derive,pandas,1,2,75.454334,186.345,10000000,True,,,,,,,,,
10000000,parquet,clean_derive,pandas,1,3,77.715834,188.216,10000000,True,,,,,,,,,
10000000,parquet,clean_derive,pandas,1,4,85.846042,201.815,10000000,True,,,,,,,,,
10000000,parquet,clean_derive,pandas,1,5,76.0055,187.754,10000000,True,,,,,,,,,
10000000,warehouse,filter_project,snowflake,1,1,1029.246958,211.644,1980090,True,425.473583,603.773375,01c6f1cf-0001-fe0c-0001-9ade000af886,292.0,33.0,259.0,0.0,0.0,226409984.0
10000000,warehouse,filter_project,snowflake,1,2,1165.758458,235.873,1980090,True,397.369083,768.389375,01c6f1cf-0001-fe0c-0001-9ade000af88a,322.0,35.0,287.0,0.0,0.0,215731712.0
10000000,warehouse,filter_project,snowflake,1,3,1076.453958,248.574,1980090,True,352.533,723.920958,01c6f1cf-0001-fcf8-0001-9ade000aa39e,291.0,36.0,255.0,0.0,0.0,215731200.0
10000000,warehouse,filter_project,snowflake,1,4,999.619958,258.285,1980090,True,332.802833,666.817125,01c6f1cf-0001-fe0c-0001-9ade000af88e,276.0,30.0,246.0,0.0,0.0,215731200.0
10000000,warehouse,filter_project,snowflake,1,5,1446.060417,261.348,1980090,True,367.53625,1078.524167,01c6f1cf-0001-fcf8-0001-9ade000aa3a2,302.0,33.0,269.0,0.0,0.0,226409984.0
1000000,warehouse,join_groupby,snowflake,1,1,154.383042,2.472,200,True,153.747708,0.635334,01c6f1cf-0001-fe0c-0001-9ade000af89a,117.0,48.0,69.0,0.0,0.0,7865856.0
1000000,warehouse,join_groupby,snowflake,1,2,319.675583,3.081,200,True,318.677042,0.998541,01c6f1cf-0001-fcf8-0001-9ade000aa3aa,267.0,198.0,69.0,0.0,0.0,7865856.0
1000000,warehouse,join_groupby,snowflake,1,3,178.077125,4.423,200,True,176.77775,1.299375,01c6f1cf-0001-fcf8-0001-9ade000aa3ae,131.0,60.0,71.0,0.0,0.0,7865856.0
1000000,warehouse,join_groupby,snowflake,1,4,196.185666,5.246,200,True,194.2135,1.972166,01c6f1cf-0001-fcf8-0001-9ade000aa3b2,146.0,74.0,72.0,0.0,0.0,7865856.0
1000000,warehouse,join_groupby,snowflake,1,5,191.887583,4.596,200,True,190.584791,1.302792,01c6f1cf-0001-fe0c-0001-9ade000af89e,155.0,83.0,72.0,0.0,0.0,7865856.0
10000000,warehouse,groupby,snowflake,1,1,180.203833,4.577,50,True,178.367708,1.836125,01c6f1cf-0001-fcf8-0001-9ade000aa3ba,129.0,51.0,78.0,0.0,0.0,226409984.0
10000000,warehouse,groupby,snowflake,1,2,134.966625,3.898,50,True,133.562709,1.403916,01c6f1cf-0001-fe0c-0001-9ade000af8aa,100.0,43.0,57.0,0.0,0.0,226409984.0
10000000,warehouse,groupby,snowflake,1,3,117.901833,2.346,50,True,117.299291,0.602542,01c6f1cf-0001-fcf8-0001-9ade000aa3be,90.0,39.0,51.0,0.0,0.0,226409984.0
10000000,warehouse,groupby,snowflake,1,4,147.1055,2.355,50,True,146.426667,0.678833,01c6f1cf-0001-fcf8-0001-9ade000aa3c2,88.0,34.0,54.0,0.0,0.0,226409984.0
10000000,warehouse,groupby,snowflake,1,5,128.441042,2.243,50,True,127.79925,0.641792,01c6f1cf-0001-fcf8-0001-9ade000aa3c6,99.0,47.0,52.0,0.0,0.0,226409984.0
10000000,parquet,join_groupby,pandas,1,1,403.884458,484.181,200,True,,,,,,,,,
10000000,parquet,join_groupby,pandas,1,2,385.4525,468.265,200,True,,,,,,,,,
10000000,parquet,join_groupby,pandas,1,3,377.625209,455.951,200,True,,,,,,,,,
10000000,parquet,join_groupby,pandas,1,4,385.977417,474.541,200,True,,,,,,,,,
10000000,parquet,join_groupby,pandas,1,5,379.158334,457.188,200,True,,,,,,,,,
10000000,parquet,join_groupby,duckdb,1,1,45.584792,168.426,200,True,,,,,,,,,
10000000,parquet,join_groupby,duckdb,1,2,45.745708,169.019,200,True,,,,,,,,,
10000000,parquet,join_groupby,duckdb,1,3,47.775583,173.064,200,True,,,,,,,,,
10000000,parquet,join_groupby,duckdb,1,4,46.986875,172.976,200,True,,,,,,,,,
10000000,parquet,join_groupby,duckdb,1,5,44.855333,165.863,200,True,,,,,,,,,
100000,warehouse,filter_project,snowflake,1,1,296.965209,8.009,19886,True,258.948,38.017209,01c6f1cf-0001-fcf8-0001-9ade000aa3d2,181.0,72.0,109.0,0.0,0.0,973312.0
100000,warehouse,filter_project,snowflake,1,2,319.016042,25.631,19886,True,274.07575,44.940292,01c6f1cf-0001-fcf8-0001-9ade000aa3d6,171.0,52.0,119.0,0.0,0.0,973312.0
100000,warehouse,filter_project,snowflake,1,3,305.393666,12.008,19886,True,267.617375,37.776291,01c6f1cf-0001-fcf8-0001-9ade000aa3da,163.0,51.0,112.0,0.0,0.0,973312.0
100000,warehouse,filter_project,snowflake,1,4,240.895375,10.301,19886,True,202.968625,37.92675,01c6f1cf-0001-fe0c-0001-9ade000af8b2,146.0,41.0,105.0,0.0,0.0,973312.0
100000,warehouse,filter_project,snowflake,1,5,249.518667,11.9,19886,True,209.07325,40.445417,01c6f1cf-0001-fe0c-0001-9ade000af8b6,147.0,37.0,110.0,0.0,0.0,973312.0
100000,parquet,filter_project,pandas,1,1,2.898667,3.688,19886,True,,,,,,,,,
100000,parquet,filter_project,pandas,1,2,2.584208,3.361,19886,True,,,,,,,,,
100000,parquet,filter_project,pandas,1,3,2.4825,3.323,19886,True,,,,,,,,,
100000,parquet,filter_project,pandas,1,4,2.511959,3.277,19886,True,,,,,,,,,
100000,parquet,filter_project,pandas,1,5,2.787417,3.572,19886,True,,,,,,,,,
100000,parquet,filter_project,duckdb,1,1,2.506958,2.527,19886,True,,,,,,,,,
100000,parquet,filter_project,duckdb,1,2,2.222083,2.284,19886,True,,,,,,,,,
100000,parquet,filter_project,duckdb,1,3,2.501917,2.524,19886,True,,,,,,,,,
100000,parquet,filter_project,duckdb,1,4,2.491292,2.537,19886,True,,,,,,,,,
100000,parquet,filter_project,duckdb,1,5,2.324084,2.374,19886,True,,,,,,,,,
10000000,memory,groupby,duckdb,1,1,14.2295,54.175,50,True,,,,,,,,,
10000000,memory,groupby,duckdb,1,2,15.859833,60.309,50,True,,,,,,,,,
10000000,memory,groupby,duckdb,1,3,15.783834,56.783,50,True,,,,,,,,,
10000000,memory,groupby,duckdb,1,4,15.013084,56.467,50,True,,,,,,,,,
10000000,memory,groupby,duckdb,1,5,16.039875,60.949,50,True,,,,,,,,,
10000000,memory,groupby,pandas,1,1,67.313625,66.888,50,True,,,,,,,,,
10000000,memory,groupby,pandas,1,2,62.838917,62.744,50,True,,,,,,,,,
10000000,memory,groupby,pandas,1,3,62.945667,62.884,50,True,,,,,,,,,
10000000,memory,groupby,pandas,1,4,61.959791,61.869,50,True,,,,,,,,,
10000000,memory,groupby,pandas,1,5,61.7295,61.635,50,True,,,,,,,,,
10000000,parquet,groupby,pandas,1,1,88.935875,149.393,50,True,,,,,,,,,
10000000,parquet,groupby,pandas,1,2,83.04575,141.654,50,True,,,,,,,,,
10000000,parquet,groupby,pandas,1,3,82.86675,142.014,50,True,,,,,,,,,
10000000,parquet,groupby,pandas,1,4,82.642125,143.145,50,True,,,,,,,,,
10000000,parquet,groupby,pandas,1,5,81.683917,137.24,50,True,,,,,,,,,
10000000,parquet,groupby,duckdb,1,1,29.119292,109.369,50,True,,,,,,,,,
10000000,parquet,groupby,duckdb,1,2,29.933459,112.235,50,True,,,,,,,,,
10000000,parquet,groupby,duckdb,1,3,29.974625,111.893,50,True,,,,,,,,,
10000000,parquet,groupby,duckdb,1,4,30.082042,112.818,50,True,,,,,,,,,
10000000,parquet,groupby,duckdb,1,5,30.13825,113.616,50,True,,,,,,,,,
1000000,parquet,clean_derive,pandas,1,1,9.740666,21.635,1000000,True,,,,,,,,,
1000000,parquet,clean_derive,pandas,1,2,8.964459,19.685,1000000,True,,,,,,,,,
1000000,parquet,clean_derive,pandas,1,3,8.817208,20.089,1000000,True,,,,,,,,,
1000000,parquet,clean_derive,pandas,1,4,8.878208,19.23,1000000,True,,,,,,,,,
1000000,parquet,clean_derive,pandas,1,5,9.205333,20.352,1000000,True,,,,,,,,,
1000000,parquet,clean_derive,duckdb,1,1,8.6195,25.198,1000000,True,,,,,,,,,
1000000,parquet,clean_derive,duckdb,1,2,8.367916,24.44,1000000,True,,,,,,,,,
1000000,parquet,clean_derive,duckdb,1,3,9.758833,28.941,1000000,True,,,,,,,,,
1000000,parquet,clean_derive,duckdb,1,4,9.057875,27.68,1000000,True,,,,,,,,,
1000000,parquet,clean_derive,duckdb,1,5,8.754042,25.037,1000000,True,,,,,,,,,
1000000,warehouse,filter_project,snowflake,1,1,388.858833,34.454,198279,True,332.686791,56.172042,01c6f1d0-0001-fe0c-0001-9ade000af8c6,265.0,55.0,210.0,0.0,0.0,7627264.0
1000000,warehouse,filter_project,snowflake,1,2,451.625166,31.909,198279,True,370.0465,81.578666,01c6f1d0-0001-fcf8-0001-9ade000aa3de,309.0,39.0,270.0,0.0,0.0,7627264.0
1000000,warehouse,filter_project,snowflake,1,3,415.991667,36.736,198279,True,358.826209,57.165458,01c6f1d0-0001-fe0c-0001-9ade000af8ca,282.0,57.0,225.0,0.0,0.0,7627264.0
1000000,warehouse,filter_project,snowflake,1,4,426.933167,29.86,198279,True,369.931209,57.001958,01c6f1d0-0001-fe0c-0001-9ade000af8ce,293.0,66.0,227.0,0.0,0.0,7627264.0
1000000,warehouse,filter_project,snowflake,1,5,483.402917,32.477,198279,True,423.948792,59.454125,01c6f1d0-0001-fe0c-0001-9ade000af8d2,288.0,67.0,221.0,0.0,0.0,7627264.0
1000000,parquet,join_groupby,pandas,1,1,36.916583,45.554,200,True,,,,,,,,,
1000000,parquet,join_groupby,pandas,1,2,36.72025,45.894,200,True,,,,,,,,,
1000000,parquet,join_groupby,pandas,1,3,36.952542,44.932,200,True,,,,,,,,,
1000000,parquet,join_groupby,pandas,1,4,33.254708,41.765,200,True,,,,,,,,,
1000000,parquet,join_groupby,pandas,1,5,33.171959,41.326,200,True,,,,,,,,,
1000000,parquet,join_groupby,duckdb,1,1,8.385459,22.641,200,True,,,,,,,,,
1000000,parquet,join_groupby,duckdb,1,2,8.06625,20.587,200,True,,,,,,,,,
1000000,parquet,join_groupby,duckdb,1,3,8.381125,22.808,200,True,,,,,,,,,
1000000,parquet,join_groupby,duckdb,1,4,8.749791,21.307,200,True,,,,,,,,,
1000000,parquet,join_groupby,duckdb,1,5,8.679792,23.873,200,True,,,,,,,,,
100000,memory,clean_derive,duckdb,1,1,1.783959,2.754,100000,True,,,,,,,,,
100000,memory,clean_derive,duckdb,1,2,1.742375,2.693,100000,True,,,,,,,,,
100000,memory,clean_derive,duckdb,1,3,1.805958,1.844,100000,True,,,,,,,,,
100000,memory,clean_derive,duckdb,1,4,1.666917,2.631,100000,True,,,,,,,,,
100000,memory,clean_derive,duckdb,1,5,2.10625,2.156,100000,True,,,,,,,,,
100000,memory,clean_derive,pandas,1,1,0.621458,0.631,100000,True,,,,,,,,,
100000,memory,clean_derive,pandas,1,2,0.694708,0.703,100000,True,,,,,,,,,
100000,memory,clean_derive,pandas,1,3,0.5635,0.571,100000,True,,,,,,,,,
100000,memory,clean_derive,pandas,1,4,0.644583,0.642,100000,True,,,,,,,,,
100000,memory,clean_derive,pandas,1,5,0.584667,0.592,100000,True,,,,,,,,,
100000,memory,join_groupby,duckdb,1,1,3.857917,4.192,200,True,,,,,,,,,
100000,memory,join_groupby,duckdb,1,2,4.312917,4.75,200,True,,,,,,,,,
100000,memory,join_groupby,duckdb,1,3,4.026166,7.208,200,True,,,,,,,,,
100000,memory,join_groupby,duckdb,1,4,3.593208,3.944,200,True,,,,,,,,,
100000,memory,join_groupby,duckdb,1,5,3.548792,4.563,200,True,,,,,,,,,
100000,memory,join_groupby,pandas,1,1,5.481125,5.49,200,True,,,,,,,,,
100000,memory,join_groupby,pandas,1,2,6.060417,6.04,200,True,,,,,,,,,
100000,memory,join_groupby,pandas,1,3,6.934125,6.821,200,True,,,,,,,,,
100000,memory,join_groupby,pandas,1,4,6.06225,6.071,200,True,,,,,,,,,
100000,memory,join_groupby,pandas,1,5,5.858875,5.858,200,True,,,,,,,,,
100000,parquet,join_groupby,duckdb,1,1,4.990375,5.627,200,True,,,,,,,,,
100000,parquet,join_groupby,duckdb,1,2,4.944292,5.061,200,True,,,,,,,,,
100000,parquet,join_groupby,duckdb,1,3,5.194334,5.187,200,True,,,,,,,,,
100000,parquet,join_groupby,duckdb,1,4,5.144666,5.033,200,True,,,,,,,,,
100000,parquet,join_groupby,duckdb,1,5,4.924625,7.198,200,True,,,,,,,,,
100000,parquet,join_groupby,pandas,1,1,8.276417,9.015,200,True,,,,,,,,,
100000,parquet,join_groupby,pandas,1,2,7.952708,8.77,200,True,,,,,,,,,
100000,parquet,join_groupby,pandas,1,3,8.310583,9.166,200,True,,,,,,,,,
100000,parquet,join_groupby,pandas,1,4,9.896416,10.618,200,True,,,,,,,,,
100000,parquet,join_groupby,pandas,1,5,8.638833,9.535,200,True,,,,,,,,,
10000000,parquet,filter_project,pandas,1,1,63.910416,219.346,1980090,True,,,,,,,,,
10000000,parquet,filter_project,pandas,1,2,60.099041,210.124,1980090,True,,,,,,,,,
10000000,parquet,filter_project,pandas,1,3,59.427084,207.22,1980090,True,,,,,,,,,
10000000,parquet,filter_project,pandas,1,4,59.31925,206.262,1980090,True,,,,,,,,,
10000000,parquet,filter_project,pandas,1,5,58.540875,204.232,1980090,True,,,,,,,,,
10000000,parquet,filter_project,duckdb,1,1,49.845,182.148,1980090,True,,,,,,,,,
10000000,parquet,filter_project,duckdb,1,2,51.001708,179.385,1980090,True,,,,,,,,,
10000000,parquet,filter_project,duckdb,1,3,49.969417,179.982,1980090,True,,,,,,,,,
10000000,parquet,filter_project,duckdb,1,4,48.884958,176.11,1980090,True,,,,,,,,,
10000000,parquet,filter_project,duckdb,1,5,47.102125,171.884,1980090,True,,,,,,,,,
10000000,warehouse,clean_derive,snowflake,1,1,3854.645292,1112.057,10000000,True,683.245292,3171.4,01c6f1d0-0001-fe0c-0001-9ade000af8de,620.0,46.0,574.0,0.0,0.0,226409984.0
10000000,warehouse,clean_derive,snowflake,1,2,3710.698583,984.943,10000000,True,692.582333,3018.11625,01c6f1d0-0001-fcf8-0001-9ade000aa3e6,617.0,41.0,576.0,0.0,0.0,226409984.0
10000000,warehouse,clean_derive,snowflake,1,3,7106.077334,1184.924,10000000,True,1966.923834,5139.1535,01c6f1d0-0001-fe0c-0001-9ade000af8e2,665.0,42.0,623.0,0.0,0.0,226409984.0
10000000,warehouse,clean_derive,snowflake,1,4,4656.908166,1449.744,10000000,True,751.16125,3905.746916,01c6f1d0-0001-fe0c-0001-9ade000af8e6,663.0,43.0,620.0,0.0,0.0,226409984.0
10000000,warehouse,clean_derive,snowflake,1,5,3953.024416,1252.448,10000000,True,736.966625,3216.057791,01c6f1d0-0001-fe0c-0001-9ade000af8ea,670.0,39.0,631.0,0.0,0.0,226409984.0
100000,warehouse,join_groupby,snowflake,1,1,140.5315,5.673,200,True,138.286042,2.245458,01c6f1d0-0001-fcf8-0001-9ade000aa3f6,80.0,49.0,31.0,0.0,0.0,1211904.0
100000,warehouse,join_groupby,snowflake,1,2,148.118541,5.175,200,True,146.166375,1.952166,01c6f1d0-0001-fe0c-0001-9ade000af8f2,84.0,51.0,33.0,0.0,0.0,1211904.0
100000,warehouse,join_groupby,snowflake,1,3,116.187708,2.713,200,True,115.321041,0.866667,01c6f1d0-0001-fe0c-0001-9ade000af8f6,73.0,42.0,31.0,0.0,0.0,1211904.0
100000,warehouse,join_groupby,snowflake,1,4,109.120792,2.299,200,True,108.481375,0.639417,01c6f1d0-0001-fe0c-0001-9ade000af8fa,75.0,43.0,32.0,0.0,0.0,1211904.0
100000,warehouse,join_groupby,snowflake,1,5,180.218167,2.015,200,True,179.644625,0.573542,01c6f1d0-0001-fcf8-0001-9ade000aa3fa,86.0,53.0,33.0,0.0,0.0,1211904.0
1000000,parquet,filter_project,duckdb,1,1,6.25475,19.632,198279,True,,,,,,,,,
1000000,parquet,filter_project,duckdb,1,2,5.89275,17.294,198279,True,,,,,,,,,
1000000,parquet,filter_project,duckdb,1,3,5.950875,19.574,198279,True,,,,,,,,,
1000000,parquet,filter_project,duckdb,1,4,5.934333,18.011,198279,True,,,,,,,,,
1000000,parquet,filter_project,duckdb,1,5,6.152125,20.088,198279,True,,,,,,,,,
1000000,parquet,filter_project,pandas,1,1,7.433917,21.516,198279,True,,,,,,,,,
1000000,parquet,filter_project,pandas,1,2,7.052375,20.771,198279,True,,,,,,,,,
1000000,parquet,filter_project,pandas,1,3,7.105583,20.686,198279,True,,,,,,,,,
1000000,parquet,filter_project,pandas,1,4,7.10625,20.884,198279,True,,,,,,,,,
1000000,parquet,filter_project,pandas,1,5,7.081333,20.813,198279,True,,,,,,,,,
10000000,warehouse,join_groupby,snowflake,1,1,180.3725,3.617,200,True,179.175083,1.197417,01c6f1d0-0001-fe0c-0001-9ade000af902,141.0,44.0,97.0,0.0,0.0,226648576.0
10000000,warehouse,join_groupby,snowflake,1,2,178.93175,3.051,200,True,178.054041,0.877709,01c6f1d0-0001-fcf8-0001-9ade000aa406,144.0,41.0,103.0,0.0,0.0,205291520.0
10000000,warehouse,join_groupby,snowflake,1,3,241.757542,2.343,200,True,241.140667,0.616875,01c6f1d0-0001-fe0c-0001-9ade000af906,148.0,45.0,103.0,0.0,0.0,205292032.0
10000000,warehouse,join_groupby,snowflake,1,4,172.865417,4.848,200,True,170.900167,1.96525,01c6f1d1-0001-fcf8-0001-9ade000aa40a,136.0,42.0,94.0,0.0,0.0,224404867.0
10000000,warehouse,join_groupby,snowflake,1,5,181.649666,6.31,200,True,179.080166,2.5695,01c6f1d1-0001-fe0c-0001-9ade000af90a,143.0,45.0,98.0,0.0,0.0,226648576.0
1000000,memory,join_groupby,pandas,1,1,27.689666,27.699,200,True,,,,,,,,,
1000000,memory,join_groupby,pandas,1,2,26.141709,26.149,200,True,,,,,,,,,
1000000,memory,join_groupby,pandas,1,3,25.949375,25.955,200,True,,,,,,,,,
1000000,memory,join_groupby,pandas,1,4,28.701916,28.684,200,True,,,,,,,,,
1000000,memory,join_groupby,pandas,1,5,30.797083,30.797,200,True,,,,,,,,,
1000000,memory,join_groupby,duckdb,1,1,6.368125,16.876,200,True,,,,,,,,,
1000000,memory,join_groupby,duckdb,1,2,6.201959,16.277,200,True,,,,,,,,,
1000000,memory,join_groupby,duckdb,1,3,6.400167,17.895,200,True,,,,,,,,,
1000000,memory,join_groupby,duckdb,1,4,7.229792,19.631,200,True,,,,,,,,,
1000000,memory,join_groupby,duckdb,1,5,7.242125,18.019,200,True,,,,,,,,,
1000000,memory,clean_derive,pandas,1,1,2.947375,2.957,1000000,True,,,,,,,,,
1000000,memory,clean_derive,pandas,1,2,2.904917,2.913,1000000,True,,,,,,,,,
1000000,memory,clean_derive,pandas,1,3,2.848375,2.857,1000000,True,,,,,,,,,
1000000,memory,clean_derive,pandas,1,4,2.833167,2.839,1000000,True,,,,,,,,,
1000000,memory,clean_derive,pandas,1,5,2.815375,2.823,1000000,True,,,,,,,,,
1000000,memory,clean_derive,duckdb,1,1,4.728916,13.047,1000000,True,,,,,,,,,
1000000,memory,clean_derive,duckdb,1,2,4.465791,11.704,1000000,True,,,,,,,,,
1000000,memory,clean_derive,duckdb,1,3,4.40625,11.694,1000000,True,,,,,,,,,
1000000,memory,clean_derive,duckdb,1,4,5.013125,14.433,1000000,True,,,,,,,,,
1000000,memory,clean_derive,duckdb,1,5,4.944167,13.176,1000000,True,,,,,,,,,
100000,warehouse,groupby,snowflake,1,1,82.3435,3.243,50,True,81.27975,1.06375,01c6f1d1-0001-fcf8-0001-9ade000aa41a,50.0,32.0,18.0,0.0,0.0,973312.0
100000,warehouse,groupby,snowflake,1,2,355.891667,5.585,50,True,353.696542,2.195125,01c6f1d1-0001-fe0c-0001-9ade000af90e,62.0,42.0,20.0,0.0,0.0,973312.0
100000,warehouse,groupby,snowflake,1,3,73.384875,2.445,50,True,72.781709,0.603166,01c6f1d1-0001-fcf8-0001-9ade000aa41e,49.0,31.0,18.0,0.0,0.0,973312.0
100000,warehouse,groupby,snowflake,1,4,82.94325,2.163,50,True,82.374625,0.568625,01c6f1d1-0001-fcf8-0001-9ade000aa422,55.0,32.0,23.0,0.0,0.0,973312.0
100000,warehouse,groupby,snowflake,1,5,71.85875,2.127,50,True,71.250375,0.608375,01c6f1d1-0001-fcf8-0001-9ade000aa426,50.0,34.0,16.0,0.0,0.0,973312.0
1000000,memory,filter_project,duckdb,1,1,1.823042,4.138,198279,True,,,,,,,,,
1000000,memory,filter_project,duckdb,1,2,2.216042,4.757,198279,True,,,,,,,,,
1000000,memory,filter_project,duckdb,1,3,1.82,4.215,198279,True,,,,,,,,,
1000000,memory,filter_project,duckdb,1,4,1.662459,4.133,198279,True,,,,,,,,,
1000000,memory,filter_project,duckdb,1,5,1.643,3.816,198279,True,,,,,,,,,
1000000,memory,filter_project,pandas,1,1,1.825958,1.835,198279,True,,,,,,,,,
1000000,memory,filter_project,pandas,1,2,1.644417,1.652,198279,True,,,,,,,,,
1000000,memory,filter_project,pandas,1,3,1.598542,1.606,198279,True,,,,,,,,,
1000000,memory,filter_project,pandas,1,4,1.592583,1.6,198279,True,,,,,,,,,
1000000,memory,filter_project,pandas,1,5,1.603,1.61,198279,True,,,,,,,,,
1000000,memory,groupby,pandas,1,1,7.265791,7.276,50,True,,,,,,,,,
1000000,memory,groupby,pandas,1,2,6.946458,6.952,50,True,,,,,,,,,
1000000,memory,groupby,pandas,1,3,6.918916,6.923,50,True,,,,,,,,,
1000000,memory,groupby,pandas,1,4,6.896375,6.9,50,True,,,,,,,,,
1000000,memory,groupby,pandas,1,5,7.526125,7.53,50,True,,,,,,,,,
1000000,memory,groupby,duckdb,1,1,2.326458,6.619,50,True,,,,,,,,,
1000000,memory,groupby,duckdb,1,2,2.229625,6.589,50,True,,,,,,,,,
1000000,memory,groupby,duckdb,1,3,2.061875,6.215,50,True,,,,,,,,,
1000000,memory,groupby,duckdb,1,4,2.114541,6.632,50,True,,,,,,,,,
1000000,memory,groupby,duckdb,1,5,2.190333,6.808,50,True,,,,,,,,,
10000000,warehouse,filter_project,snowflake,2,6,1303.953916,265.586,1980090,True,453.361208,850.592708,01c6f1d1-0001-fe0c-0001-9ade000af916,304.0,32.0,272.0,0.0,0.0,226409984.0
10000000,warehouse,filter_project,snowflake,2,7,1538.754458,345.523,1980090,True,417.071333,1121.683125,01c6f1d1-0001-fe0c-0001-9ade000af91a,342.0,33.0,309.0,0.0,0.0,215731712.0
10000000,warehouse,filter_project,snowflake,2,8,1386.913583,325.294,1980090,True,680.868042,706.045541,01c6f1d1-0001-fe0c-0001-9ade000af91e,284.0,39.0,245.0,0.0,0.0,215731712.0
10000000,warehouse,filter_project,snowflake,2,9,1200.243875,300.026,1980090,True,338.360916,861.882959,01c6f1d1-0001-fcf8-0001-9ade000aa42e,278.0,33.0,245.0,0.0,0.0,215731712.0
10000000,warehouse,filter_project,snowflake,2,10,1346.220292,307.632,1980090,True,432.141125,914.079167,01c6f1d1-0001-fcf8-0001-9ade000aa432,294.0,30.0,264.0,0.0,0.0,215731200.0
100000,warehouse,clean_derive,snowflake,2,6,355.433833,13.939,100000,True,303.48575,51.948083,01c6f1d1-0001-fe0c-0001-9ade000af92a,231.0,36.0,195.0,0.0,0.0,973312.0
100000,warehouse,clean_derive,snowflake,2,7,335.236459,25.982,100000,True,282.80325,52.433209,01c6f1d1-0001-fe0c-0001-9ade000af92e,219.0,38.0,181.0,0.0,0.0,973312.0
100000,warehouse,clean_derive,snowflake,2,8,313.904208,21.588,100000,True,257.92525,55.978958,01c6f1d1-0001-fe0c-0001-9ade000af932,205.0,34.0,171.0,0.0,0.0,973312.0
100000,warehouse,clean_derive,snowflake,2,9,393.197,28.788,100000,True,333.772583,59.424417,01c6f1d1-0001-fe0c-0001-9ade000af936,206.0,27.0,179.0,0.0,0.0,973312.0
100000,warehouse,clean_derive,snowflake,2,10,336.091458,29.317,100000,True,276.909583,59.181875,01c6f1d1-0001-fe0c-0001-9ade000af93a,221.0,35.0,186.0,0.0,0.0,973312.0
1000000,parquet,groupby,duckdb,2,6,3.96625,11.675,50,True,,,,,,,,,
1000000,parquet,groupby,duckdb,2,7,3.940417,11.359,50,True,,,,,,,,,
1000000,parquet,groupby,duckdb,2,8,3.841125,11.345,50,True,,,,,,,,,
1000000,parquet,groupby,duckdb,2,9,3.954292,11.548,50,True,,,,,,,,,
1000000,parquet,groupby,duckdb,2,10,3.876542,11.288,50,True,,,,,,,,,
1000000,parquet,groupby,pandas,2,6,10.009291,15.668,50,True,,,,,,,,,
1000000,parquet,groupby,pandas,2,7,9.68975,15.073,50,True,,,,,,,,,
1000000,parquet,groupby,pandas,2,8,9.596833,14.997,50,True,,,,,,,,,
1000000,parquet,groupby,pandas,2,9,10.686875,16.256,50,True,,,,,,,,,
1000000,parquet,groupby,pandas,2,10,11.312083,17.614,50,True,,,,,,,,,
10000000,parquet,clean_derive,pandas,2,6,72.546458,181.599,10000000,True,,,,,,,,,
10000000,parquet,clean_derive,pandas,2,7,72.347125,178.684,10000000,True,,,,,,,,,
10000000,parquet,clean_derive,pandas,2,8,93.336625,215.357,10000000,True,,,,,,,,,
10000000,parquet,clean_derive,pandas,2,9,74.263417,178.322,10000000,True,,,,,,,,,
10000000,parquet,clean_derive,pandas,2,10,76.003458,186.127,10000000,True,,,,,,,,,
10000000,parquet,clean_derive,duckdb,2,6,65.296916,227.106,10000000,True,,,,,,,,,
10000000,parquet,clean_derive,duckdb,2,7,64.473792,225.33,10000000,True,,,,,,,,,
10000000,parquet,clean_derive,duckdb,2,8,66.797167,234.141,10000000,True,,,,,,,,,
10000000,parquet,clean_derive,duckdb,2,9,66.385,227.784,10000000,True,,,,,,,,,
10000000,parquet,clean_derive,duckdb,2,10,73.641875,242.503,10000000,True,,,,,,,,,
10000000,warehouse,groupby,snowflake,2,6,112.998042,2.999,50,True,112.000917,0.997125,01c6f1d1-0001-fcf8-0001-9ade000aa43a,87.0,33.0,54.0,0.0,0.0,226409984.0
10000000,warehouse,groupby,snowflake,2,7,113.073791,3.477,50,True,111.807541,1.26625,01c6f1d1-0001-fcf8-0001-9ade000aa43e,87.0,29.0,58.0,0.0,0.0,226409984.0
10000000,warehouse,groupby,snowflake,2,8,146.749459,5.145,50,True,144.693459,2.056,01c6f1d1-0001-fe0c-0001-9ade000af942,84.0,30.0,54.0,0.0,0.0,226409984.0
10000000,warehouse,groupby,snowflake,2,9,118.299125,2.77,50,True,117.551625,0.7475,01c6f1d1-0001-fcf8-0001-9ade000aa442,94.0,35.0,59.0,0.0,0.0,226409984.0
10000000,warehouse,groupby,snowflake,2,10,141.974417,2.305,50,True,141.289459,0.684958,01c6f1d1-0001-fcf8-0001-9ade000aa446,105.0,31.0,74.0,0.0,0.0,226409984.0
10000000,warehouse,clean_derive,snowflake,2,6,3623.431291,1031.341,10000000,True,700.560166,2922.871125,01c6f1d1-0001-fe0c-0001-9ade000af952,593.0,34.0,559.0,0.0,0.0,226409984.0
10000000,warehouse,clean_derive,snowflake,2,7,3580.556583,1109.876,10000000,True,693.128125,2887.428458,01c6f1d1-0001-fcf8-0001-9ade000aa44a,604.0,38.0,566.0,0.0,0.0,226409984.0
10000000,warehouse,clean_derive,snowflake,2,8,3232.8665,1180.836,10000000,True,705.90375,2526.96275,01c6f1d1-0001-fcf8-0001-9ade000aa44e,629.0,36.0,593.0,0.0,0.0,226409984.0
10000000,warehouse,clean_derive,snowflake,2,9,3622.307792,1091.574,10000000,True,673.353667,2948.954125,01c6f1d1-0001-fcf8-0001-9ade000aa452,611.0,40.0,571.0,0.0,0.0,226409984.0
10000000,warehouse,clean_derive,snowflake,2,10,4430.584167,1370.991,10000000,True,754.884709,3675.699458,01c6f1d1-0001-fcf8-0001-9ade000aa456,679.0,45.0,634.0,0.0,0.0,226409984.0
1000000,warehouse,join_groupby,snowflake,2,6,185.397292,3.365,200,True,184.287375,1.109917,01c6f1d1-0001-fe0c-0001-9ade000af95e,114.0,44.0,70.0,0.0,0.0,7865856.0
1000000,warehouse,join_groupby,snowflake,2,7,155.133417,6.037,200,True,152.725208,2.408209,01c6f1d1-0001-fe0c-0001-9ade000af962,111.0,44.0,67.0,0.0,0.0,7865856.0
1000000,warehouse,join_groupby,snowflake,2,8,148.187541,4.721,200,True,146.38575,1.801791,01c6f1d1-0001-fe0c-0001-9ade000af966,114.0,44.0,70.0,0.0,0.0,7865856.0
1000000,warehouse,join_groupby,snowflake,2,9,149.827709,2.895,200,True,149.052334,0.775375,01c6f1d1-0001-fcf8-0001-9ade000aa45a,114.0,46.0,68.0,0.0,0.0,7865856.0
1000000,warehouse,join_groupby,snowflake,2,10,152.202542,2.358,200,True,151.529,0.673542,01c6f1d1-0001-fcf8-0001-9ade000aa45e,113.0,46.0,67.0,0.0,0.0,7865856.0
10000000,memory,filter_project,pandas,2,6,24.853834,24.869,1980090,True,,,,,,,,,
10000000,memory,filter_project,pandas,2,7,14.3525,14.358,1980090,True,,,,,,,,,
10000000,memory,filter_project,pandas,2,8,14.386125,14.396,1980090,True,,,,,,,,,
10000000,memory,filter_project,pandas,2,9,14.363125,14.372,1980090,True,,,,,,,,,
10000000,memory,filter_project,pandas,2,10,15.131583,15.139,1980090,True,,,,,,,,,
10000000,memory,filter_project,duckdb,2,6,10.171292,30.693,1980090,True,,,,,,,,,
10000000,memory,filter_project,duckdb,2,7,10.056042,30.493,1980090,True,,,,,,,,,
10000000,memory,filter_project,duckdb,2,8,10.278875,31.27,1980090,True,,,,,,,,,
10000000,memory,filter_project,duckdb,2,9,10.345333,30.886,1980090,True,,,,,,,,,
10000000,memory,filter_project,duckdb,2,10,10.374709,31.179,1980090,True,,,,,,,,,
1000000,memory,join_groupby,pandas,2,6,26.606709,26.616,200,True,,,,,,,,,
1000000,memory,join_groupby,pandas,2,7,26.908667,26.915,200,True,,,,,,,,,
1000000,memory,join_groupby,pandas,2,8,25.979833,25.976,200,True,,,,,,,,,
1000000,memory,join_groupby,pandas,2,9,26.658417,26.664,200,True,,,,,,,,,
1000000,memory,join_groupby,pandas,2,10,26.366583,26.372,200,True,,,,,,,,,
1000000,memory,join_groupby,duckdb,2,6,6.211209,16.603,200,True,,,,,,,,,
1000000,memory,join_groupby,duckdb,2,7,6.44175,17.599,200,True,,,,,,,,,
1000000,memory,join_groupby,duckdb,2,8,6.284334,16.983,200,True,,,,,,,,,
1000000,memory,join_groupby,duckdb,2,9,6.373584,17.831,200,True,,,,,,,,,
1000000,memory,join_groupby,duckdb,2,10,6.537792,16.997,200,True,,,,,,,,,
1000000,warehouse,filter_project,snowflake,2,6,426.595417,43.451,198279,True,367.055167,59.54025,01c6f1d1-0001-fcf8-0001-9ade000aa46a,236.0,35.0,201.0,0.0,0.0,7627264.0
1000000,warehouse,filter_project,snowflake,2,7,476.528083,31.2,198279,True,412.453375,64.074708,01c6f1d1-0001-fe0c-0001-9ade000af96a,248.0,41.0,207.0,0.0,0.0,7627264.0
1000000,warehouse,filter_project,snowflake,2,8,444.389625,47.382,198279,True,292.697333,151.692292,01c6f1d1-0001-fe0c-0001-9ade000af96e,241.0,34.0,207.0,0.0,0.0,7627264.0
1000000,warehouse,filter_project,snowflake,2,9,367.84125,35.432,198279,True,307.6615,60.17975,01c6f1d1-0001-fe0c-0001-9ade000af972,253.0,32.0,221.0,0.0,0.0,7627264.0
1000000,warehouse,filter_project,snowflake,2,10,872.09125,47.681,198279,True,455.841125,416.250125,01c6f1d2-0001-fcf8-0001-9ade000aa46e,266.0,35.0,231.0,0.0,0.0,7627264.0
100000,memory,join_groupby,duckdb,2,6,3.249625,3.544,200,True,,,,,,,,,
100000,memory,join_groupby,duckdb,2,7,3.184792,3.484,200,True,,,,,,,,,
100000,memory,join_groupby,duckdb,2,8,3.079208,3.339,200,True,,,,,,,,,
100000,memory,join_groupby,duckdb,2,9,3.081917,3.328,200,True,,,,,,,,,
100000,memory,join_groupby,duckdb,2,10,3.081125,3.32,200,True,,,,,,,,,
100000,memory,join_groupby,pandas,2,6,5.526834,5.537,200,True,,,,,,,,,
100000,memory,join_groupby,pandas,2,7,5.453416,5.462,200,True,,,,,,,,,
100000,memory,join_groupby,pandas,2,8,5.685708,5.693,200,True,,,,,,,,,
100000,memory,join_groupby,pandas,2,9,5.357833,5.363,200,True,,,,,,,,,
100000,memory,join_groupby,pandas,2,10,5.64575,5.651,200,True,,,,,,,,,
1000000,parquet,filter_project,pandas,2,6,7.853125,22.081,198279,True,,,,,,,,,
1000000,parquet,filter_project,pandas,2,7,7.075583,20.755,198279,True,,,,,,,,,
1000000,parquet,filter_project,pandas,2,8,6.978667,20.615,198279,True,,,,,,,,,
1000000,parquet,filter_project,pandas,2,9,7.4595,21.463,198279,True,,,,,,,,,
1000000,parquet,filter_project,pandas,2,10,8.018667,24.353,198279,True,,,,,,,,,
1000000,parquet,filter_project,duckdb,2,6,6.225958,20.193,198279,True,,,,,,,,,
1000000,parquet,filter_project,duckdb,2,7,6.133958,17.976,198279,True,,,,,,,,,
1000000,parquet,filter_project,duckdb,2,8,6.171083,18.503,198279,True,,,,,,,,,
1000000,parquet,filter_project,duckdb,2,9,5.875958,17.596,198279,True,,,,,,,,,
1000000,parquet,filter_project,duckdb,2,10,5.902875,19.001,198279,True,,,,,,,,,
1000000,warehouse,clean_derive,snowflake,2,6,769.856125,86.37,1000000,True,615.775875,154.08025,01c6f1d2-0001-fe0c-0001-9ade000af97e,426.0,35.0,391.0,0.0,0.0,7627264.0
1000000,warehouse,clean_derive,snowflake,2,7,676.138167,104.336,1000000,True,499.722292,176.415875,01c6f1d2-0001-fcf8-0001-9ade000aa472,422.0,33.0,389.0,0.0,0.0,7627264.0
1000000,warehouse,clean_derive,snowflake,2,8,822.248875,99.447,1000000,True,667.677917,154.570958,01c6f1d2-0001-fe0c-0001-9ade000af982,424.0,31.0,393.0,0.0,0.0,7627264.0
1000000,warehouse,clean_derive,snowflake,2,9,617.496958,96.593,1000000,True,480.963,136.533958,01c6f1d2-0001-fe0c-0001-9ade000af986,425.0,32.0,393.0,0.0,0.0,7627264.0
1000000,warehouse,clean_derive,snowflake,2,10,724.447,107.558,1000000,True,480.584792,243.862208,01c6f1d2-0001-fe0c-0001-9ade000af98a,423.0,32.0,391.0,0.0,0.0,7627264.0
10000000,parquet,groupby,pandas,2,6,81.560167,141.448,50,True,,,,,,,,,
10000000,parquet,groupby,pandas,2,7,79.436792,134.334,50,True,,,,,,,,,
10000000,parquet,groupby,pandas,2,8,78.928084,133.205,50,True,,,,,,,,,
10000000,parquet,groupby,pandas,2,9,79.193125,132.407,50,True,,,,,,,,,
10000000,parquet,groupby,pandas,2,10,81.743458,138.821,50,True,,,,,,,,,
10000000,parquet,groupby,duckdb,2,6,27.732084,104.445,50,True,,,,,,,,,
10000000,parquet,groupby,duckdb,2,7,27.280458,103.195,50,True,,,,,,,,,
10000000,parquet,groupby,duckdb,2,8,27.731625,104.345,50,True,,,,,,,,,
10000000,parquet,groupby,duckdb,2,9,27.377833,103.846,50,True,,,,,,,,,
10000000,parquet,groupby,duckdb,2,10,27.715083,105.068,50,True,,,,,,,,,
10000000,parquet,filter_project,duckdb,2,6,47.103666,172.003,1980090,True,,,,,,,,,
10000000,parquet,filter_project,duckdb,2,7,45.569083,165.917,1980090,True,,,,,,,,,
10000000,parquet,filter_project,duckdb,2,8,45.434792,166.11,1980090,True,,,,,,,,,
10000000,parquet,filter_project,duckdb,2,9,45.215583,165.528,1980090,True,,,,,,,,,
10000000,parquet,filter_project,duckdb,2,10,45.143,166.345,1980090,True,,,,,,,,,
10000000,parquet,filter_project,pandas,2,6,56.560125,200.278,1980090,True,,,,,,,,,
10000000,parquet,filter_project,pandas,2,7,56.479791,200.067,1980090,True,,,,,,,,,
10000000,parquet,filter_project,pandas,2,8,56.358917,199.189,1980090,True,,,,,,,,,
10000000,parquet,filter_project,pandas,2,9,55.688041,197.135,1980090,True,,,,,,,,,
10000000,parquet,filter_project,pandas,2,10,58.607584,205.489,1980090,True,,,,,,,,,
1000000,memory,clean_derive,duckdb,2,6,4.57925,11.799,1000000,True,,,,,,,,,
1000000,memory,clean_derive,duckdb,2,7,4.523083,12.878,1000000,True,,,,,,,,,
1000000,memory,clean_derive,duckdb,2,8,4.454792,12.64,1000000,True,,,,,,,,,
1000000,memory,clean_derive,duckdb,2,9,4.533208,13.25,1000000,True,,,,,,,,,
1000000,memory,clean_derive,duckdb,2,10,4.315625,11.486,1000000,True,,,,,,,,,
1000000,memory,clean_derive,pandas,2,6,2.982042,2.992,1000000,True,,,,,,,,,
1000000,memory,clean_derive,pandas,2,7,2.858209,2.866,1000000,True,,,,,,,,,
1000000,memory,clean_derive,pandas,2,8,2.844042,2.852,1000000,True,,,,,,,,,
1000000,memory,clean_derive,pandas,2,9,2.79375,2.8,1000000,True,,,,,,,,,
1000000,memory,clean_derive,pandas,2,10,2.83375,2.842,1000000,True,,,,,,,,,
100000,parquet,groupby,pandas,2,6,3.043917,3.45,50,True,,,,,,,,,
100000,parquet,groupby,pandas,2,7,2.715792,3.082,50,True,,,,,,,,,
100000,parquet,groupby,pandas,2,8,2.65925,3.043,50,True,,,,,,,,,
100000,parquet,groupby,pandas,2,9,2.634791,3.012,50,True,,,,,,,,,
100000,parquet,groupby,pandas,2,10,2.644875,3.018,50,True,,,,,,,,,
100000,parquet,groupby,duckdb,2,6,1.607792,1.674,50,True,,,,,,,,,
100000,parquet,groupby,duckdb,2,7,1.622708,1.684,50,True,,,,,,,,,
100000,parquet,groupby,duckdb,2,8,1.607833,1.681,50,True,,,,,,,,,
100000,parquet,groupby,duckdb,2,9,1.47375,1.533,50,True,,,,,,,,,
100000,parquet,groupby,duckdb,2,10,1.522125,1.617,50,True,,,,,,,,,
100000,parquet,filter_project,pandas,2,6,2.362709,3.191,19886,True,,,,,,,,,
100000,parquet,filter_project,pandas,2,7,2.107458,2.804,19886,True,,,,,,,,,
100000,parquet,filter_project,pandas,2,8,2.303583,3.006,19886,True,,,,,,,,,
100000,parquet,filter_project,pandas,2,9,2.233333,2.965,19886,True,,,,,,,,,
100000,parquet,filter_project,pandas,2,10,2.249917,3.105,19886,True,,,,,,,,,
100000,parquet,filter_project,duckdb,2,6,2.048625,2.089,19886,True,,,,,,,,,
100000,parquet,filter_project,duckdb,2,7,2.009041,2.048,19886,True,,,,,,,,,
100000,parquet,filter_project,duckdb,2,8,1.98025,2.017,19886,True,,,,,,,,,
100000,parquet,filter_project,duckdb,2,9,1.985375,2.019,19886,True,,,,,,,,,
100000,parquet,filter_project,duckdb,2,10,1.922334,1.957,19886,True,,,,,,,,,
100000,parquet,clean_derive,pandas,2,6,2.515416,3.549,100000,True,,,,,,,,,
100000,parquet,clean_derive,pandas,2,7,2.094833,3.049,100000,True,,,,,,,,,
100000,parquet,clean_derive,pandas,2,8,2.006125,2.936,100000,True,,,,,,,,,
100000,parquet,clean_derive,pandas,2,9,2.206958,3.169,100000,True,,,,,,,,,
100000,parquet,clean_derive,pandas,2,10,2.068333,3.009,100000,True,,,,,,,,,
100000,parquet,clean_derive,duckdb,2,6,2.923958,2.969,100000,True,,,,,,,,,
100000,parquet,clean_derive,duckdb,2,7,2.605667,2.645,100000,True,,,,,,,,,
100000,parquet,clean_derive,duckdb,2,8,2.566083,2.603,100000,True,,,,,,,,,
100000,parquet,clean_derive,duckdb,2,9,2.598334,2.638,100000,True,,,,,,,,,
100000,parquet,clean_derive,duckdb,2,10,2.519125,2.554,100000,True,,,,,,,,,
100000,warehouse,filter_project,snowflake,2,6,441.968208,6.956,19886,True,370.34925,71.618958,01c6f1d2-0001-fcf8-0001-9ade000aa482,239.0,113.0,126.0,0.0,0.0,973312.0
100000,warehouse,filter_project,snowflake,2,7,295.419792,8.324,19886,True,257.7865,37.633292,01c6f1d2-0001-fcf8-0001-9ade000aa486,175.0,60.0,115.0,0.0,0.0,973312.0
100000,warehouse,filter_project,snowflake,2,8,361.438209,14.731,19886,True,317.024125,44.414084,01c6f1d2-0001-fcf8-0001-9ade000aa48a,180.0,58.0,122.0,0.0,0.0,973312.0
100000,warehouse,filter_project,snowflake,2,9,308.325125,14.944,19886,True,270.422708,37.902417,01c6f1d2-0001-fcf8-0001-9ade000aa48e,201.0,92.0,109.0,0.0,0.0,973312.0
100000,warehouse,filter_project,snowflake,2,10,314.062416,13.943,19886,True,274.977375,39.085041,01c6f1d2-0001-fe0c-0001-9ade000af98e,145.0,40.0,105.0,0.0,0.0,973312.0
1000000,memory,groupby,duckdb,2,6,2.353917,6.957,50,True,,,,,,,,,
1000000,memory,groupby,duckdb,2,7,2.201833,6.875,50,True,,,,,,,,,
1000000,memory,groupby,duckdb,2,8,2.251833,7.063,50,True,,,,,,,,,
1000000,memory,groupby,duckdb,2,9,2.163541,6.319,50,True,,,,,,,,,
1000000,memory,groupby,duckdb,2,10,2.125708,6.388,50,True,,,,,,,,,
1000000,memory,groupby,pandas,2,6,7.001791,7.012,50,True,,,,,,,,,
1000000,memory,groupby,pandas,2,7,6.87025,6.877,50,True,,,,,,,,,
1000000,memory,groupby,pandas,2,8,6.835459,6.841,50,True,,,,,,,,,
1000000,memory,groupby,pandas,2,9,6.789958,6.794,50,True,,,,,,,,,
1000000,memory,groupby,pandas,2,10,6.725,6.733,50,True,,,,,,,,,
100000,memory,filter_project,pandas,2,6,0.435875,0.445,19886,True,,,,,,,,,
100000,memory,filter_project,pandas,2,7,0.380334,0.385,19886,True,,,,,,,,,
100000,memory,filter_project,pandas,2,8,0.347709,0.353,19886,True,,,,,,,,,
100000,memory,filter_project,pandas,2,9,0.3555,0.36,19886,True,,,,,,,,,
100000,memory,filter_project,pandas,2,10,0.337709,0.342,19886,True,,,,,,,,,
100000,memory,filter_project,duckdb,2,6,0.666291,0.698,19886,True,,,,,,,,,
100000,memory,filter_project,duckdb,2,7,0.571375,0.598,19886,True,,,,,,,,,
100000,memory,filter_project,duckdb,2,8,0.548792,0.577,19886,True,,,,,,,,,
100000,memory,filter_project,duckdb,2,9,0.569709,0.599,19886,True,,,,,,,,,
100000,memory,filter_project,duckdb,2,10,0.5575,0.59,19886,True,,,,,,,,,
100000,memory,clean_derive,pandas,2,6,0.530167,0.538,100000,True,,,,,,,,,
100000,memory,clean_derive,pandas,2,7,0.457458,0.463,100000,True,,,,,,,,,
100000,memory,clean_derive,pandas,2,8,0.44075,0.446,100000,True,,,,,,,,,
100000,memory,clean_derive,pandas,2,9,0.439333,0.443,100000,True,,,,,,,,,
100000,memory,clean_derive,pandas,2,10,0.417792,0.422,100000,True,,,,,,,,,
100000,memory,clean_derive,duckdb,2,6,1.973542,3.065,100000,True,,,,,,,,,
100000,memory,clean_derive,duckdb,2,7,1.875875,1.909,100000,True,,,,,,,,,
100000,memory,clean_derive,duckdb,2,8,1.7505,1.785,100000,True,,,,,,,,,
100000,memory,clean_derive,duckdb,2,9,1.696208,1.728,100000,True,,,,,,,,,
100000,memory,clean_derive,duckdb,2,10,1.92875,1.982,100000,True,,,,,,,,,
100000,warehouse,groupby,snowflake,2,6,151.375833,5.247,50,True,149.401083,1.97475,01c6f1d2-0001-fcf8-0001-9ade000aa496,56.0,36.0,20.0,0.0,0.0,973312.0
100000,warehouse,groupby,snowflake,2,7,85.384583,2.255,50,True,84.8285,0.556083,01c6f1d2-0001-fe0c-0001-9ade000af996,57.0,38.0,19.0,0.0,0.0,973312.0
100000,warehouse,groupby,snowflake,2,8,81.778084,2.771,50,True,80.897875,0.880209,01c6f1d2-0001-fcf8-0001-9ade000aa49a,56.0,37.0,19.0,0.0,0.0,973312.0
100000,warehouse,groupby,snowflake,2,9,79.53575,2.264,50,True,78.953792,0.581958,01c6f1d2-0001-fe0c-0001-9ade000af99a,53.0,36.0,17.0,0.0,0.0,973312.0
100000,warehouse,groupby,snowflake,2,10,159.81725,2.116,50,True,159.240833,0.576417,01c6f1d2-0001-fcf8-0001-9ade000aa49e,55.0,37.0,18.0,0.0,0.0,973312.0
10000000,memory,groupby,pandas,2,6,60.269833,60.271,50,True,,,,,,,,,
10000000,memory,groupby,pandas,2,7,60.396875,60.395,50,True,,,,,,,,,
10000000,memory,groupby,pandas,2,8,60.125208,60.117,50,True,,,,,,,,,
10000000,memory,groupby,pandas,2,9,59.966416,59.973,50,True,,,,,,,,,
10000000,memory,groupby,pandas,2,10,65.440334,65.378,50,True,,,,,,,,,
10000000,memory,groupby,duckdb,2,6,13.406917,51.457,50,True,,,,,,,,,
10000000,memory,groupby,duckdb,2,7,14.086375,53.914,50,True,,,,,,,,,
10000000,memory,groupby,duckdb,2,8,13.634167,52.68,50,True,,,,,,,,,
10000000,memory,groupby,duckdb,2,9,14.261458,55.404,50,True,,,,,,,,,
10000000,memory,groupby,duckdb,2,10,13.682,52.535,50,True,,,,,,,,,
1000000,parquet,clean_derive,duckdb,2,6,8.095791,23.452,1000000,True,,,,,,,,,
1000000,parquet,clean_derive,duckdb,2,7,7.715333,22.757,1000000,True,,,,,,,,,
1000000,parquet,clean_derive,duckdb,2,8,7.988583,23.435,1000000,True,,,,,,,,,
1000000,parquet,clean_derive,duckdb,2,9,7.753417,22.7,1000000,True,,,,,,,,,
1000000,parquet,clean_derive,duckdb,2,10,7.818875,22.895,1000000,True,,,,,,,,,
1000000,parquet,clean_derive,pandas,2,6,8.812,19.54,1000000,True,,,,,,,,,
1000000,parquet,clean_derive,pandas,2,7,8.173833,18.72,1000000,True,,,,,,,,,
1000000,parquet,clean_derive,pandas,2,8,8.686458,19.785,1000000,True,,,,,,,,,
1000000,parquet,clean_derive,pandas,2,9,9.126583,20.198,1000000,True,,,,,,,,,
1000000,parquet,clean_derive,pandas,2,10,8.361125,18.808,1000000,True,,,,,,,,,
1000000,warehouse,groupby,snowflake,2,6,95.450291,2.288,50,True,94.768625,0.681666,01c6f1d2-0001-fe0c-0001-9ade000af9a6,71.0,40.0,31.0,0.0,0.0,7627264.0
1000000,warehouse,groupby,snowflake,2,7,104.15175,2.414,50,True,103.507459,0.644291,01c6f1d2-0001-fcf8-0001-9ade000aa4a2,74.0,40.0,34.0,0.0,0.0,7627264.0
1000000,warehouse,groupby,snowflake,2,8,150.116875,3.268,50,True,148.957667,1.159208,01c6f1d2-0001-fe0c-0001-9ade000af9aa,68.0,36.0,32.0,0.0,0.0,7627264.0
1000000,warehouse,groupby,snowflake,2,9,100.087,3.104,50,True,99.127334,0.959666,01c6f1d2-0001-fe0c-0001-9ade000af9ae,69.0,36.0,33.0,0.0,0.0,7627264.0
1000000,warehouse,groupby,snowflake,2,10,186.859542,6.133,50,True,184.382708,2.476834,01c6f1d2-0001-fe0c-0001-9ade000af9b2,68.0,36.0,32.0,0.0,0.0,7627264.0
10000000,parquet,join_groupby,duckdb,2,6,43.9195,163.247,200,True,,,,,,,,,
10000000,parquet,join_groupby,duckdb,2,7,43.266125,160.691,200,True,,,,,,,,,
10000000,parquet,join_groupby,duckdb,2,8,42.926167,159.532,200,True,,,,,,,,,
10000000,parquet,join_groupby,duckdb,2,9,42.746625,158.869,200,True,,,,,,,,,
10000000,parquet,join_groupby,duckdb,2,10,43.275083,160.04,200,True,,,,,,,,,
10000000,parquet,join_groupby,pandas,2,6,361.720416,460.937,200,True,,,,,,,,,
10000000,parquet,join_groupby,pandas,2,7,364.884042,447.466,200,True,,,,,,,,,
10000000,parquet,join_groupby,pandas,2,8,355.907083,438.954,200,True,,,,,,,,,
10000000,parquet,join_groupby,pandas,2,9,345.157042,420.957,200,True,,,,,,,,,
10000000,parquet,join_groupby,pandas,2,10,350.083708,426.646,200,True,,,,,,,,,
100000,parquet,join_groupby,pandas,2,6,7.127958,7.932,200,True,,,,,,,,,
100000,parquet,join_groupby,pandas,2,7,7.00125,7.731,200,True,,,,,,,,,
100000,parquet,join_groupby,pandas,2,8,6.896167,7.646,200,True,,,,,,,,,
100000,parquet,join_groupby,pandas,2,9,7.010458,7.778,200,True,,,,,,,,,
100000,parquet,join_groupby,pandas,2,10,6.979625,7.723,200,True,,,,,,,,,
100000,parquet,join_groupby,duckdb,2,6,4.343875,4.483,200,True,,,,,,,,,
100000,parquet,join_groupby,duckdb,2,7,4.25375,6.027,200,True,,,,,,,,,
100000,parquet,join_groupby,duckdb,2,8,4.124833,4.248,200,True,,,,,,,,,
100000,parquet,join_groupby,duckdb,2,9,4.07475,4.204,200,True,,,,,,,,,
100000,parquet,join_groupby,duckdb,2,10,4.0715,4.182,200,True,,,,,,,,,
10000000,memory,join_groupby,duckdb,2,6,37.552875,141.558,200,True,,,,,,,,,
10000000,memory,join_groupby,duckdb,2,7,37.220208,140.502,200,True,,,,,,,,,
10000000,memory,join_groupby,duckdb,2,8,37.024375,140.116,200,True,,,,,,,,,
10000000,memory,join_groupby,duckdb,2,9,37.072542,140.18,200,True,,,,,,,,,
10000000,memory,join_groupby,duckdb,2,10,36.872334,139.828,200,True,,,,,,,,,
10000000,memory,join_groupby,pandas,2,6,325.602042,325.353,200,True,,,,,,,,,
10000000,memory,join_groupby,pandas,2,7,318.471917,318.441,200,True,,,,,,,,,
10000000,memory,join_groupby,pandas,2,8,315.601,315.578,200,True,,,,,,,,,
10000000,memory,join_groupby,pandas,2,9,314.092292,314.058,200,True,,,,,,,,,
10000000,memory,join_groupby,pandas,2,10,318.025791,318.005,200,True,,,,,,,,,
10000000,warehouse,join_groupby,snowflake,2,6,197.172542,6.495,200,True,194.426917,2.745625,01c6f1d2-0001-fe0c-0001-9ade000af9be,154.0,44.0,110.0,0.0,0.0,226648576.0
10000000,warehouse,join_groupby,snowflake,2,7,225.217917,6.214,200,True,222.729667,2.48825,01c6f1d2-0001-fcf8-0001-9ade000aa4a6,186.0,60.0,126.0,0.0,0.0,226648576.0
10000000,warehouse,join_groupby,snowflake,2,8,170.830292,2.376,200,True,170.178417,0.651875,01c6f1d2-0001-fe0c-0001-9ade000af9c2,138.0,43.0,95.0,0.0,0.0,226648576.0
10000000,warehouse,join_groupby,snowflake,2,9,250.206917,3.746,200,True,248.792584,1.414333,01c6f1d2-0001-fcf8-0001-9ade000aa4aa,178.0,73.0,105.0,0.0,0.0,235083651.0
10000000,warehouse,join_groupby,snowflake,2,10,661.193167,15.247,200,True,624.395625,36.797542,01c6f1d2-0001-fcf8-0001-9ade000aa4ae,585.0,479.0,106.0,0.0,0.0,215970304.0
100000,warehouse,join_groupby,snowflake,2,6,118.066333,3.546,200,True,116.930375,1.135958,01c6f1d2-0001-fe0c-0001-9ade000af9ca,78.0,44.0,34.0,0.0,0.0,1211904.0
100000,warehouse,join_groupby,snowflake,2,7,110.993541,3.442,200,True,109.92,1.073541,01c6f1d2-0001-fe0c-0001-9ade000af9ce,75.0,42.0,33.0,0.0,0.0,1211904.0
100000,warehouse,join_groupby,snowflake,2,8,193.769958,6.527,200,True,191.443,2.326958,01c6f1d2-0001-fcf8-0001-9ade000aa4b6,79.0,44.0,35.0,0.0,0.0,1211904.0
100000,warehouse,join_groupby,snowflake,2,9,116.642791,2.294,200,True,116.097541,0.54525,01c6f1d2-0001-fcf8-0001-9ade000aa4ba,77.0,46.0,31.0,0.0,0.0,1211904.0
100000,warehouse,join_groupby,snowflake,2,10,443.169292,5.95,200,True,440.967333,2.201959,01c6f1d2-0001-fe0c-0001-9ade000af9d2,104.0,70.0,34.0,0.0,0.0,1211904.0
100000,memory,groupby,duckdb,2,6,1.050458,1.313,50,True,,,,,,,,,
100000,memory,groupby,duckdb,2,7,0.993875,1.18,50,True,,,,,,,,,
100000,memory,groupby,duckdb,2,8,0.889083,1.084,50,True,,,,,,,,,
100000,memory,groupby,duckdb,2,9,0.939083,1.152,50,True,,,,,,,,,
100000,memory,groupby,duckdb,2,10,0.944625,1.13,50,True,,,,,,,,,
100000,memory,groupby,pandas,2,6,1.673875,1.685,50,True,,,,,,,,,
100000,memory,groupby,pandas,2,7,1.525416,1.53,50,True,,,,,,,,,
100000,memory,groupby,pandas,2,8,1.7685,1.773,50,True,,,,,,,,,
100000,memory,groupby,pandas,2,9,2.043542,2.052,50,True,,,,,,,,,
100000,memory,groupby,pandas,2,10,1.861916,1.869,50,True,,,,,,,,,
1000000,memory,filter_project,pandas,2,6,1.88925,1.9,198279,True,,,,,,,,,
1000000,memory,filter_project,pandas,2,7,2.031167,2.042,198279,True,,,,,,,,,
1000000,memory,filter_project,pandas,2,8,1.969334,1.977,198279,True,,,,,,,,,
1000000,memory,filter_project,pandas,2,9,1.679708,1.688,198279,True,,,,,,,,,
1000000,memory,filter_project,pandas,2,10,2.189584,2.186,198279,True,,,,,,,,,
1000000,memory,filter_project,duckdb,2,6,1.668375,3.855,198279,True,,,,,,,,,
1000000,memory,filter_project,duckdb,2,7,1.60825,4.023,198279,True,,,,,,,,,
1000000,memory,filter_project,duckdb,2,8,1.589292,3.959,198279,True,,,,,,,,,
1000000,memory,filter_project,duckdb,2,9,1.517916,3.87,198279,True,,,,,,,,,
1000000,memory,filter_project,duckdb,2,10,1.481041,3.662,198279,True,,,,,,,,,
10000000,memory,clean_derive,duckdb,2,6,36.245125,115.76,10000000,True,,,,,,,,,
10000000,memory,clean_derive,duckdb,2,7,35.799,114.321,10000000,True,,,,,,,,,
10000000,memory,clean_derive,duckdb,2,8,35.983875,115.433,10000000,True,,,,,,,,,
10000000,memory,clean_derive,duckdb,2,9,36.208208,115.033,10000000,True,,,,,,,,,
10000000,memory,clean_derive,duckdb,2,10,35.830625,114.912,10000000,True,,,,,,,,,
10000000,memory,clean_derive,pandas,2,6,27.325375,27.335,10000000,True,,,,,,,,,
10000000,memory,clean_derive,pandas,2,7,26.683958,26.696,10000000,True,,,,,,,,,
10000000,memory,clean_derive,pandas,2,8,27.072458,27.077,10000000,True,,,,,,,,,
10000000,memory,clean_derive,pandas,2,9,29.461792,29.424,10000000,True,,,,,,,,,
10000000,memory,clean_derive,pandas,2,10,26.653208,26.663,10000000,True,,,,,,,,,
1000000,parquet,join_groupby,duckdb,2,6,7.567333,18.786,200,True,,,,,,,,,
1000000,parquet,join_groupby,duckdb,2,7,7.598458,22.015,200,True,,,,,,,,,
1000000,parquet,join_groupby,duckdb,2,8,7.422625,18.539,200,True,,,,,,,,,
1000000,parquet,join_groupby,duckdb,2,9,7.781584,19.693,200,True,,,,,,,,,
1000000,parquet,join_groupby,duckdb,2,10,7.75775,19.634,200,True,,,,,,,,,
1000000,parquet,join_groupby,pandas,2,6,31.929375,39.974,200,True,,,,,,,,,
1000000,parquet,join_groupby,pandas,2,7,30.997041,38.837,200,True,,,,,,,,,
1000000,parquet,join_groupby,pandas,2,8,31.057292,39.105,200,True,,,,,,,,,
1000000,parquet,join_groupby,pandas,2,9,30.543458,38.236,200,True,,,,,,,,,
1000000,parquet,join_groupby,pandas,2,10,31.077625,38.945,200,True,,,,,,,,,
10000000,parquet,join_groupby,pandas,3,11,362.686875,441.883,200,True,,,,,,,,,
10000000,parquet,join_groupby,pandas,3,12,350.978375,431.598,200,True,,,,,,,,,
10000000,parquet,join_groupby,pandas,3,13,345.698584,426.664,200,True,,,,,,,,,
10000000,parquet,join_groupby,pandas,3,14,348.5365,423.689,200,True,,,,,,,,,
10000000,parquet,join_groupby,pandas,3,15,343.067416,425.409,200,True,,,,,,,,,
10000000,parquet,join_groupby,duckdb,3,11,43.054583,159.261,200,True,,,,,,,,,
10000000,parquet,join_groupby,duckdb,3,12,43.4165,160.922,200,True,,,,,,,,,
10000000,parquet,join_groupby,duckdb,3,13,42.713125,158.551,200,True,,,,,,,,,
10000000,parquet,join_groupby,duckdb,3,14,43.071916,160.084,200,True,,,,,,,,,
10000000,parquet,join_groupby,duckdb,3,15,42.786875,160.264,200,True,,,,,,,,,
1000000,parquet,filter_project,duckdb,3,11,6.01675,19.35,198279,True,,,,,,,,,
1000000,parquet,filter_project,duckdb,3,12,6.09075,19.92,198279,True,,,,,,,,,
1000000,parquet,filter_project,duckdb,3,13,5.901541,17.536,198279,True,,,,,,,,,
1000000,parquet,filter_project,duckdb,3,14,6.06875,18.126,198279,True,,,,,,,,,
1000000,parquet,filter_project,duckdb,3,15,5.640667,16.982,198279,True,,,,,,,,,
1000000,parquet,filter_project,pandas,3,11,7.355959,21.268,198279,True,,,,,,,,,
1000000,parquet,filter_project,pandas,3,12,7.309292,21.052,198279,True,,,,,,,,,
1000000,parquet,filter_project,pandas,3,13,7.435584,21.55,198279,True,,,,,,,,,
1000000,parquet,filter_project,pandas,3,14,8.220833,22.885,198279,True,,,,,,,,,
1000000,parquet,filter_project,pandas,3,15,8.083917,22.283,198279,True,,,,,,,,,
1000000,warehouse,groupby,snowflake,3,11,1048.767834,3.238,50,True,1047.7425,1.025334,01c6f1d2-0001-fe0c-0001-9ade000af9da,743.0,706.0,37.0,0.0,0.0,7627264.0
1000000,warehouse,groupby,snowflake,3,12,96.542666,5.041,50,True,94.796625,1.746041,01c6f1d3-0001-fcf8-0001-9ade000aa4c2,71.0,38.0,33.0,0.0,0.0,7627264.0
1000000,warehouse,groupby,snowflake,3,13,168.721667,6.08,50,True,165.906417,2.81525,01c6f1d3-0001-fe0c-0001-9ade000af9de,125.0,87.0,38.0,0.0,0.0,7627264.0
1000000,warehouse,groupby,snowflake,3,14,179.195625,5.934,50,True,176.917208,2.278417,01c6f1d3-0001-fe0c-0001-9ade000af9e2,96.0,60.0,36.0,0.0,0.0,7627264.0
1000000,warehouse,groupby,snowflake,3,15,118.491459,3.172,50,True,117.419,1.072459,01c6f1d3-0001-fcf8-0001-9ade000aa4c6,67.0,34.0,33.0,0.0,0.0,7627264.0
10000000,parquet,clean_derive,duckdb,3,11,64.031459,223.203,10000000,True,,,,,,,,,
10000000,parquet,clean_derive,duckdb,3,12,63.325542,221.026,10000000,True,,,,,,,,,
10000000,parquet,clean_derive,duckdb,3,13,64.500334,223.569,10000000,True,,,,,,,,,
10000000,parquet,clean_derive,duckdb,3,14,64.7825,225.547,10000000,True,,,,,,,,,
10000000,parquet,clean_derive,duckdb,3,15,69.130792,235.29,10000000,True,,,,,,,,,
10000000,parquet,clean_derive,pandas,3,11,72.9045,183.049,10000000,True,,,,,,,,,
10000000,parquet,clean_derive,pandas,3,12,72.606333,179.157,10000000,True,,,,,,,,,
10000000,parquet,clean_derive,pandas,3,13,75.212583,186.623,10000000,True,,,,,,,,,
10000000,parquet,clean_derive,pandas,3,14,84.013625,203.477,10000000,True,,,,,,,,,
10000000,parquet,clean_derive,pandas,3,15,78.116792,186.456,10000000,True,,,,,,,,,
100000,warehouse,join_groupby,snowflake,3,11,138.162917,6.034,200,True,135.771375,2.391542,01c6f1d3-0001-fcf8-0001-9ade000aa4ce,94.0,57.0,37.0,0.0,0.0,1211904.0
100000,warehouse,join_groupby,snowflake,3,12,221.072209,6.095,200,True,218.761834,2.310375,01c6f1d3-0001-fe0c-0001-9ade000af9ea,132.0,95.0,37.0,0.0,0.0,1211904.0
100000,warehouse,join_groupby,snowflake,3,13,182.888209,2.853,200,True,182.094417,0.793792,01c6f1d3-0001-fe0c-0001-9ade000af9ee,113.0,78.0,35.0,0.0,0.0,1211904.0
100000,warehouse,join_groupby,snowflake,3,14,138.479583,2.23,200,True,137.929541,0.550042,01c6f1d3-0001-fcf8-0001-9ade000aa4d2,84.0,50.0,34.0,0.0,0.0,1211904.0
100000,warehouse,join_groupby,snowflake,3,15,155.92425,2.238,200,True,155.373542,0.550708,01c6f1d3-0001-fe0c-0001-9ade000af9f2,104.0,67.0,37.0,0.0,0.0,1211904.0
10000000,memory,join_groupby,pandas,3,11,345.556417,344.903,200,True,,,,,,,,,
10000000,memory,join_groupby,pandas,3,12,320.671208,320.643,200,True,,,,,,,,,
10000000,memory,join_groupby,pandas,3,13,315.350459,315.327,200,True,,,,,,,,,
10000000,memory,join_groupby,pandas,3,14,313.315167,313.28,200,True,,,,,,,,,
10000000,memory,join_groupby,pandas,3,15,312.803416,312.78,200,True,,,,,,,,,
10000000,memory,join_groupby,duckdb,3,11,37.34625,141.701,200,True,,,,,,,,,
10000000,memory,join_groupby,duckdb,3,12,37.04375,140.687,200,True,,,,,,,,,
10000000,memory,join_groupby,duckdb,3,13,37.17325,139.887,200,True,,,,,,,,,
10000000,memory,join_groupby,duckdb,3,14,38.114417,143.453,200,True,,,,,,,,,
10000000,memory,join_groupby,duckdb,3,15,37.532,142.128,200,True,,,,,,,,,
1000000,memory,join_groupby,duckdb,3,11,6.3395,16.871,200,True,,,,,,,,,
1000000,memory,join_groupby,duckdb,3,12,6.416875,16.522,200,True,,,,,,,,,
1000000,memory,join_groupby,duckdb,3,13,6.406167,18.179,200,True,,,,,,,,,
1000000,memory,join_groupby,duckdb,3,14,6.39875,17.987,200,True,,,,,,,,,
1000000,memory,join_groupby,duckdb,3,15,6.086,16.331,200,True,,,,,,,,,
1000000,memory,join_groupby,pandas,3,11,27.590541,27.599,200,True,,,,,,,,,
1000000,memory,join_groupby,pandas,3,12,26.945834,26.942,200,True,,,,,,,,,
1000000,memory,join_groupby,pandas,3,13,27.019125,27.025,200,True,,,,,,,,,
1000000,memory,join_groupby,pandas,3,14,30.232667,30.037,200,True,,,,,,,,,
1000000,memory,join_groupby,pandas,3,15,29.629167,29.621,200,True,,,,,,,,,
10000000,parquet,groupby,duckdb,3,11,29.580625,111.289,50,True,,,,,,,,,
10000000,parquet,groupby,duckdb,3,12,28.270834,106.254,50,True,,,,,,,,,
10000000,parquet,groupby,duckdb,3,13,27.560625,103.951,50,True,,,,,,,,,
10000000,parquet,groupby,duckdb,3,14,27.707792,104.95,50,True,,,,,,,,,
10000000,parquet,groupby,duckdb,3,15,27.438875,104.094,50,True,,,,,,,,,
10000000,parquet,groupby,pandas,3,11,82.053625,139.886,50,True,,,,,,,,,
10000000,parquet,groupby,pandas,3,12,79.943292,135.338,50,True,,,,,,,,,
10000000,parquet,groupby,pandas,3,13,79.880625,134.641,50,True,,,,,,,,,
10000000,parquet,groupby,pandas,3,14,79.192916,132.027,50,True,,,,,,,,,
10000000,parquet,groupby,pandas,3,15,78.954875,132.121,50,True,,,,,,,,,
10000000,warehouse,clean_derive,snowflake,3,11,3273.441958,1039.495,10000000,True,746.116708,2527.32525,01c6f1d3-0001-fe0c-0001-9ade000af9fe,621.0,45.0,576.0,0.0,0.0,226409984.0
10000000,warehouse,clean_derive,snowflake,3,12,4242.932459,1453.762,10000000,True,762.252917,3480.679542,01c6f1d3-0001-fcf8-0001-9ade000aa4da,633.0,45.0,588.0,0.0,0.0,226409984.0
10000000,warehouse,clean_derive,snowflake,3,13,4311.389958,1321.55,10000000,True,766.800958,3544.589,01c6f1d3-0001-fe0c-0001-9ade000afa02,628.0,39.0,589.0,0.0,0.0,226409984.0
10000000,warehouse,clean_derive,snowflake,3,14,4299.8545,1334.073,10000000,True,753.219125,3546.635375,01c6f1d3-0001-fe0c-0001-9ade000afa06,670.0,32.0,638.0,0.0,0.0,226409984.0
10000000,warehouse,clean_derive,snowflake,3,15,3948.032667,1203.806,10000000,True,762.719583,3185.313084,01c6f1d3-0001-fe0c-0001-9ade000afa0a,699.0,41.0,658.0,0.0,0.0,226409984.0
100000,memory,groupby,pandas,3,11,1.588708,1.599,50,True,,,,,,,,,
100000,memory,groupby,pandas,3,12,1.468291,1.474,50,True,,,,,,,,,
100000,memory,groupby,pandas,3,13,1.47475,1.479,50,True,,,,,,,,,
100000,memory,groupby,pandas,3,14,1.421875,1.426,50,True,,,,,,,,,
100000,memory,groupby,pandas,3,15,1.448083,1.452,50,True,,,,,,,,,
100000,memory,groupby,duckdb,3,11,1.260167,1.572,50,True,,,,,,,,,
100000,memory,groupby,duckdb,3,12,1.234625,1.478,50,True,,,,,,,,,
100000,memory,groupby,duckdb,3,13,1.06325,1.298,50,True,,,,,,,,,
100000,memory,groupby,duckdb,3,14,0.996,1.204,50,True,,,,,,,,,
100000,memory,groupby,duckdb,3,15,0.998958,1.201,50,True,,,,,,,,,
10000000,memory,clean_derive,duckdb,3,11,39.244,124.233,10000000,True,,,,,,,,,
10000000,memory,clean_derive,duckdb,3,12,35.163667,112.711,10000000,True,,,,,,,,,
10000000,memory,clean_derive,duckdb,3,13,36.83975,119.001,10000000,True,,,,,,,,,
10000000,memory,clean_derive,duckdb,3,14,36.1185,113.818,10000000,True,,,,,,,,,
10000000,memory,clean_derive,duckdb,3,15,38.828834,120.126,10000000,True,,,,,,,,,
10000000,memory,clean_derive,pandas,3,11,38.7525,38.764,10000000,True,,,,,,,,,
10000000,memory,clean_derive,pandas,3,12,27.162667,27.163,10000000,True,,,,,,,,,
10000000,memory,clean_derive,pandas,3,13,26.833417,26.845,10000000,True,,,,,,,,,
10000000,memory,clean_derive,pandas,3,14,29.406167,29.416,10000000,True,,,,,,,,,
10000000,memory,clean_derive,pandas,3,15,27.077375,27.087,10000000,True,,,,,,,,,
1000000,memory,groupby,duckdb,3,11,2.183916,6.531,50,True,,,,,,,,,
1000000,memory,groupby,duckdb,3,12,2.103667,6.225,50,True,,,,,,,,,
1000000,memory,groupby,duckdb,3,13,2.173916,6.541,50,True,,,,,,,,,
1000000,memory,groupby,duckdb,3,14,2.197792,6.237,50,True,,,,,,,,,
1000000,memory,groupby,duckdb,3,15,2.141959,6.414,50,True,,,,,,,,,
1000000,memory,groupby,pandas,3,11,7.200875,7.21,50,True,,,,,,,,,
1000000,memory,groupby,pandas,3,12,7.222834,7.228,50,True,,,,,,,,,
1000000,memory,groupby,pandas,3,13,6.902,6.907,50,True,,,,,,,,,
1000000,memory,groupby,pandas,3,14,7.016334,7.021,50,True,,,,,,,,,
1000000,memory,groupby,pandas,3,15,6.910875,6.917,50,True,,,,,,,,,
100000,parquet,groupby,pandas,3,11,3.718458,4.045,50,True,,,,,,,,,
100000,parquet,groupby,pandas,3,12,3.373291,3.655,50,True,,,,,,,,,
100000,parquet,groupby,pandas,3,13,3.618834,3.791,50,True,,,,,,,,,
100000,parquet,groupby,pandas,3,14,3.54625,3.864,50,True,,,,,,,,,
100000,parquet,groupby,pandas,3,15,3.279416,3.547,50,True,,,,,,,,,
100000,parquet,groupby,duckdb,3,11,1.598209,1.66,50,True,,,,,,,,,
100000,parquet,groupby,duckdb,3,12,1.538167,1.627,50,True,,,,,,,,,
100000,parquet,groupby,duckdb,3,13,1.4575,1.516,50,True,,,,,,,,,
100000,parquet,groupby,duckdb,3,14,1.484708,1.538,50,True,,,,,,,,,
100000,parquet,groupby,duckdb,3,15,1.523625,1.579,50,True,,,,,,,,,
10000000,parquet,filter_project,pandas,3,11,60.134667,211.186,1980090,True,,,,,,,,,
10000000,parquet,filter_project,pandas,3,12,57.645375,203.745,1980090,True,,,,,,,,,
10000000,parquet,filter_project,pandas,3,13,57.29075,201.911,1980090,True,,,,,,,,,
10000000,parquet,filter_project,pandas,3,14,56.440416,198.353,1980090,True,,,,,,,,,
10000000,parquet,filter_project,pandas,3,15,56.39825,199.631,1980090,True,,,,,,,,,
10000000,parquet,filter_project,duckdb,3,11,46.236125,168.625,1980090,True,,,,,,,,,
10000000,parquet,filter_project,duckdb,3,12,45.448542,166.028,1980090,True,,,,,,,,,
10000000,parquet,filter_project,duckdb,3,13,45.315916,165.412,1980090,True,,,,,,,,,
10000000,parquet,filter_project,duckdb,3,14,44.815791,164.475,1980090,True,,,,,,,,,
10000000,parquet,filter_project,duckdb,3,15,44.957625,165.349,1980090,True,,,,,,,,,
1000000,memory,filter_project,pandas,3,11,1.669125,1.678,198279,True,,,,,,,,,
1000000,memory,filter_project,pandas,3,12,1.621458,1.629,198279,True,,,,,,,,,
1000000,memory,filter_project,pandas,3,13,1.584041,1.591,198279,True,,,,,,,,,
1000000,memory,filter_project,pandas,3,14,1.5775,1.583,198279,True,,,,,,,,,
1000000,memory,filter_project,pandas,3,15,1.59125,1.597,198279,True,,,,,,,,,
1000000,memory,filter_project,duckdb,3,11,1.594,3.78,198279,True,,,,,,,,,
1000000,memory,filter_project,duckdb,3,12,1.53225,3.892,198279,True,,,,,,,,,
1000000,memory,filter_project,duckdb,3,13,1.565041,3.705,198279,True,,,,,,,,,
1000000,memory,filter_project,duckdb,3,14,1.491042,3.758,198279,True,,,,,,,,,
1000000,memory,filter_project,duckdb,3,15,1.481125,3.559,198279,True,,,,,,,,,
10000000,memory,groupby,pandas,3,11,61.108375,61.106,50,True,,,,,,,,,
10000000,memory,groupby,pandas,3,12,61.927333,61.93,50,True,,,,,,,,,
10000000,memory,groupby,pandas,3,13,60.445583,60.453,50,True,,,,,,,,,
10000000,memory,groupby,pandas,3,14,60.111666,60.107,50,True,,,,,,,,,
10000000,memory,groupby,pandas,3,15,60.07225,60.068,50,True,,,,,,,,,
10000000,memory,groupby,duckdb,3,11,13.487791,51.799,50,True,,,,,,,,,
10000000,memory,groupby,duckdb,3,12,13.498791,51.492,50,True,,,,,,,,,
10000000,memory,groupby,duckdb,3,13,13.840416,53.546,50,True,,,,,,,,,
10000000,memory,groupby,duckdb,3,14,14.631625,56.28,50,True,,,,,,,,,
10000000,memory,groupby,duckdb,3,15,14.887,56.908,50,True,,,,,,,,,
1000000,parquet,join_groupby,pandas,3,11,30.961791,38.961,200,True,,,,,,,,,
1000000,parquet,join_groupby,pandas,3,12,31.950916,40.062,200,True,,,,,,,,,
1000000,parquet,join_groupby,pandas,3,13,30.621417,38.509,200,True,,,,,,,,,
1000000,parquet,join_groupby,pandas,3,14,30.689125,38.449,200,True,,,,,,,,,
1000000,parquet,join_groupby,pandas,3,15,30.882042,38.547,200,True,,,,,,,,,
1000000,parquet,join_groupby,duckdb,3,11,7.623625,19.01,200,True,,,,,,,,,
1000000,parquet,join_groupby,duckdb,3,12,7.605583,20.717,200,True,,,,,,,,,
1000000,parquet,join_groupby,duckdb,3,13,7.590833,19.027,200,True,,,,,,,,,
1000000,parquet,join_groupby,duckdb,3,14,7.546417,19.279,200,True,,,,,,,,,
1000000,parquet,join_groupby,duckdb,3,15,7.41975,20.11,200,True,,,,,,,,,
10000000,warehouse,join_groupby,snowflake,3,11,181.4615,5.172,200,True,179.614459,1.847041,01c6f1d3-0001-fe0c-0001-9ade000afa12,143.0,42.0,101.0,0.0,0.0,226648576.0
10000000,warehouse,join_groupby,snowflake,3,12,251.777583,6.43,200,True,249.178916,2.598667,01c6f1d3-0001-fcf8-0001-9ade000aa4e2,157.0,51.0,106.0,0.0,0.0,226648576.0
10000000,warehouse,join_groupby,snowflake,3,13,288.586083,7.087,200,True,186.144458,102.441625,01c6f1d3-0001-fcf8-0001-9ade000aa4e6,151.0,53.0,98.0,0.0,0.0,205291520.0
10000000,warehouse,join_groupby,snowflake,3,14,179.684958,4.79,200,True,177.642791,2.042167,01c6f1d3-0001-fcf8-0001-9ade000aa4ea,140.0,48.0,92.0,0.0,0.0,226648576.0
10000000,warehouse,join_groupby,snowflake,3,15,174.238166,4.588,200,True,172.487958,1.750208,01c6f1d3-0001-fe0c-0001-9ade000afa16,135.0,44.0,91.0,0.0,0.0,235083247.0
100000,warehouse,filter_project,snowflake,3,11,239.137959,10.875,19886,True,189.255792,49.882167,01c6f1d3-0001-fe0c-0001-9ade000afa1e,134.0,36.0,98.0,0.0,0.0,973312.0
100000,warehouse,filter_project,snowflake,3,12,216.947,5.55,19886,True,182.533625,34.413375,01c6f1d3-0001-fe0c-0001-9ade000afa22,130.0,34.0,96.0,0.0,0.0,973312.0
100000,warehouse,filter_project,snowflake,3,13,221.956166,4.94,19886,True,189.674208,32.281958,01c6f1d3-0001-fe0c-0001-9ade000afa26,126.0,33.0,93.0,0.0,0.0,973312.0
100000,warehouse,filter_project,snowflake,3,14,250.392125,15.382,19886,True,210.207125,40.185,01c6f1d3-0001-fcf8-0001-9ade000aa4f2,144.0,33.0,111.0,0.0,0.0,973312.0
100000,warehouse,filter_project,snowflake,3,15,863.272708,15.114,19886,True,824.820708,38.452,01c6f1d3-0001-fe0c-0001-9ade000afa2a,156.0,53.0,103.0,0.0,0.0,973312.0
1000000,warehouse,filter_project,snowflake,3,11,352.320333,19.771,198279,True,295.427666,56.892667,01c6f1d3-0001-fe0c-0001-9ade000afa3a,239.0,32.0,207.0,0.0,0.0,7627264.0
1000000,warehouse,filter_project,snowflake,3,12,368.426375,20.491,198279,True,307.600833,60.825542,01c6f1d3-0001-fe0c-0001-9ade000afa3e,238.0,31.0,207.0,0.0,0.0,7627264.0
1000000,warehouse,filter_project,snowflake,3,13,721.773,46.323,198279,True,286.305375,435.467625,01c6f1d3-0001-fe0c-0001-9ade000afa42,229.0,29.0,200.0,0.0,0.0,7627264.0
1000000,warehouse,filter_project,snowflake,3,14,361.474292,41.863,198279,True,305.010583,56.463709,01c6f1d3-0001-fcf8-0001-9ade000aa4f6,243.0,31.0,212.0,0.0,0.0,7627264.0
1000000,warehouse,filter_project,snowflake,3,15,385.015,38.357,198279,True,322.965125,62.049875,01c6f1d3-0001-fe0c-0001-9ade000afa46,238.0,35.0,203.0,0.0,0.0,7627264.0
100000,parquet,filter_project,duckdb,3,11,1.94675,1.984,19886,True,,,,,,,,,
100000,parquet,filter_project,duckdb,3,12,1.828416,1.864,19886,True,,,,,,,,,
100000,parquet,filter_project,duckdb,3,13,1.912792,3.457,19886,True,,,,,,,,,
100000,parquet,filter_project,duckdb,3,14,1.840375,1.877,19886,True,,,,,,,,,
100000,parquet,filter_project,duckdb,3,15,1.810083,1.847,19886,True,,,,,,,,,
100000,parquet,filter_project,pandas,3,11,2.414708,3.32,19886,True,,,,,,,,,
100000,parquet,filter_project,pandas,3,12,2.24825,2.946,19886,True,,,,,,,,,
100000,parquet,filter_project,pandas,3,13,2.221917,2.924,19886,True,,,,,,,,,
100000,parquet,filter_project,pandas,3,14,2.251792,2.955,19886,True,,,,,,,,,
100000,parquet,filter_project,pandas,3,15,2.099875,2.781,19886,True,,,,,,,,,
1000000,memory,clean_derive,pandas,3,11,2.876917,2.887,1000000,True,,,,,,,,,
1000000,memory,clean_derive,pandas,3,12,2.814833,2.823,1000000,True,,,,,,,,,
1000000,memory,clean_derive,pandas,3,13,2.775,2.783,1000000,True,,,,,,,,,
1000000,memory,clean_derive,pandas,3,14,2.77625,2.783,1000000,True,,,,,,,,,
1000000,memory,clean_derive,pandas,3,15,2.785834,2.792,1000000,True,,,,,,,,,
1000000,memory,clean_derive,duckdb,3,11,5.367583,14.304,1000000,True,,,,,,,,,
1000000,memory,clean_derive,duckdb,3,12,5.301667,13.997,1000000,True,,,,,,,,,
1000000,memory,clean_derive,duckdb,3,13,4.58625,12.211,1000000,True,,,,,,,,,
1000000,memory,clean_derive,duckdb,3,14,4.578,13.089,1000000,True,,,,,,,,,
1000000,memory,clean_derive,duckdb,3,15,4.649417,12.209,1000000,True,,,,,,,,,
10000000,memory,filter_project,pandas,3,11,14.902958,14.912,1980090,True,,,,,,,,,
10000000,memory,filter_project,pandas,3,12,14.722375,14.731,1980090,True,,,,,,,,,
10000000,memory,filter_project,pandas,3,13,16.724833,16.732,1980090,True,,,,,,,,,
10000000,memory,filter_project,pandas,3,14,17.356583,17.354,1980090,True,,,,,,,,,
10000000,memory,filter_project,pandas,3,15,15.858458,15.867,1980090,True,,,,,,,,,
10000000,memory,filter_project,duckdb,3,11,10.864584,32.898,1980090,True,,,,,,,,,
10000000,memory,filter_project,duckdb,3,12,10.540417,31.784,1980090,True,,,,,,,,,
10000000,memory,filter_project,duckdb,3,13,10.828417,33.048,1980090,True,,,,,,,,,
10000000,memory,filter_project,duckdb,3,14,10.635042,32.314,1980090,True,,,,,,,,,
10000000,memory,filter_project,duckdb,3,15,10.411292,31.633,1980090,True,,,,,,,,,
100000,warehouse,groupby,snowflake,3,11,126.980334,2.249,50,True,126.349125,0.631209,01c6f1d4-0001-fcf8-0001-9ade000aa4fa,53.0,35.0,18.0,0.0,0.0,973312.0
100000,warehouse,groupby,snowflake,3,12,85.072375,2.252,50,True,84.470916,0.601459,01c6f1d4-0001-fcf8-0001-9ade000aa4fe,52.0,34.0,18.0,0.0,0.0,973312.0
100000,warehouse,groupby,snowflake,3,13,80.035625,2.329,50,True,79.396833,0.638792,01c6f1d4-0001-fcf8-0001-9ade000aa502,54.0,35.0,19.0,0.0,0.0,973312.0
100000,warehouse,groupby,snowflake,3,14,626.694167,5.67,50,True,624.527958,2.166209,01c6f1d4-0001-fe0c-0001-9ade000afa52,76.0,55.0,21.0,0.0,0.0,973312.0
100000,warehouse,groupby,snowflake,3,15,127.451,3.34,50,True,126.379041,1.071959,01c6f1d4-0001-fe0c-0001-9ade000afa56,54.0,35.0,19.0,0.0,0.0,973312.0
1000000,warehouse,clean_derive,snowflake,3,11,789.497708,85.527,1000000,True,633.628125,155.869583,01c6f1d4-0001-fcf8-0001-9ade000aa50a,426.0,34.0,392.0,0.0,0.0,7627264.0
1000000,warehouse,clean_derive,snowflake,3,12,651.064041,86.006,1000000,True,511.156416,139.907625,01c6f1d4-0001-fcf8-0001-9ade000aa50e,446.0,46.0,400.0,0.0,0.0,7627264.0
1000000,warehouse,clean_derive,snowflake,3,13,1054.992292,108.501,1000000,True,511.909833,543.082459,01c6f1d4-0001-fe0c-0001-9ade000afa5e,433.0,30.0,403.0,0.0,0.0,7627264.0
1000000,warehouse,clean_derive,snowflake,3,14,996.867667,106.632,1000000,True,501.791083,495.076584,01c6f1d4-0001-fcf8-0001-9ade000aa512,441.0,37.0,404.0,0.0,0.0,7627264.0
1000000,warehouse,clean_derive,snowflake,3,15,1220.713875,132.649,1000000,True,532.927583,687.786292,01c6f1d4-0001-fcf8-0001-9ade000aa516,467.0,39.0,428.0,0.0,0.0,7627264.0
100000,parquet,join_groupby,pandas,3,11,7.133083,7.893,200,True,,,,,,,,,
100000,parquet,join_groupby,pandas,3,12,6.883291,7.639,200,True,,,,,,,,,
100000,parquet,join_groupby,pandas,3,13,6.788542,7.601,200,True,,,,,,,,,
100000,parquet,join_groupby,pandas,3,14,6.716833,7.467,200,True,,,,,,,,,
100000,parquet,join_groupby,pandas,3,15,6.889834,7.654,200,True,,,,,,,,,
100000,parquet,join_groupby,duckdb,3,11,4.338709,6.411,200,True,,,,,,,,,
100000,parquet,join_groupby,duckdb,3,12,4.231125,6.204,200,True,,,,,,,,,
100000,parquet,join_groupby,duckdb,3,13,4.075583,4.577,200,True,,,,,,,,,
100000,parquet,join_groupby,duckdb,3,14,4.276167,6.316,200,True,,,,,,,,,
100000,parquet,join_groupby,duckdb,3,15,4.519292,4.747,200,True,,,,,,,,,
100000,memory,join_groupby,pandas,3,11,5.329333,5.338,200,True,,,,,,,,,
100000,memory,join_groupby,pandas,3,12,5.187916,5.193,200,True,,,,,,,,,
100000,memory,join_groupby,pandas,3,13,5.123208,5.13,200,True,,,,,,,,,
100000,memory,join_groupby,pandas,3,14,5.083292,5.089,200,True,,,,,,,,,
100000,memory,join_groupby,pandas,3,15,5.752208,5.758,200,True,,,,,,,,,
100000,memory,join_groupby,duckdb,3,11,3.5315,3.831,200,True,,,,,,,,,
100000,memory,join_groupby,duckdb,3,12,3.4615,3.74,200,True,,,,,,,,,
100000,memory,join_groupby,duckdb,3,13,3.306875,3.571,200,True,,,,,,,,,
100000,memory,join_groupby,duckdb,3,14,3.290375,3.551,200,True,,,,,,,,,
100000,memory,join_groupby,duckdb,3,15,3.301417,3.57,200,True,,,,,,,,,
10000000,warehouse,filter_project,snowflake,3,11,1520.616542,321.471,1980090,True,516.145292,1004.47125,01c6f1d4-0001-fe0c-0001-9ade000afa62,334.0,37.0,297.0,0.0,0.0,215731200.0
10000000,warehouse,filter_project,snowflake,3,12,1048.816583,267.811,1980090,True,337.134458,711.682125,01c6f1d4-0001-fcf8-0001-9ade000aa522,279.0,36.0,243.0,0.0,0.0,226409984.0
10000000,warehouse,filter_project,snowflake,3,13,1497.942625,351.547,1980090,True,344.203542,1153.739083,01c6f1d4-0001-fcf8-0001-9ade000aa526,279.0,35.0,244.0,0.0,0.0,226409984.0
10000000,warehouse,filter_project,snowflake,3,14,1264.281125,344.562,1980090,True,330.544416,933.736709,01c6f1d4-0001-fe0c-0001-9ade000afa66,269.0,38.0,231.0,0.0,0.0,205052928.0
10000000,warehouse,filter_project,snowflake,3,15,1146.139833,314.346,1980090,True,415.835958,730.303875,01c6f1d4-0001-fcf8-0001-9ade000aa52a,268.0,32.0,236.0,0.0,0.0,226409984.0
100000,warehouse,clean_derive,snowflake,3,11,355.613584,20.192,100000,True,280.094875,75.518709,01c6f1d4-0001-fe0c-0001-9ade000afa72,202.0,35.0,167.0,0.0,0.0,973312.0
100000,warehouse,clean_derive,snowflake,3,12,509.029042,33.93,100000,True,439.2905,69.738542,01c6f1d4-0001-fcf8-0001-9ade000aa52e,206.0,33.0,173.0,0.0,0.0,973312.0
100000,warehouse,clean_derive,snowflake,3,13,573.456875,29.21,100000,True,257.839667,315.617208,01c6f1d4-0001-fcf8-0001-9ade000aa532,204.0,29.0,175.0,0.0,0.0,973312.0
100000,warehouse,clean_derive,snowflake,3,14,372.360167,33.329,100000,True,284.312542,88.047625,01c6f1d4-0001-fcf8-0001-9ade000aa536,199.0,38.0,161.0,0.0,0.0,973312.0
100000,warehouse,clean_derive,snowflake,3,15,542.530375,33.41,100000,True,256.910125,285.62025,01c6f1d4-0001-fe0c-0001-9ade000afa76,197.0,31.0,166.0,0.0,0.0,973312.0
1000000,parquet,clean_derive,pandas,3,11,8.456625,19.641,1000000,True,,,,,,,,,
1000000,parquet,clean_derive,pandas,3,12,8.21275,18.81,1000000,True,,,,,,,,,
1000000,parquet,clean_derive,pandas,3,13,8.529958,18.984,1000000,True,,,,,,,,,
1000000,parquet,clean_derive,pandas,3,14,8.231833,18.717,1000000,True,,,,,,,,,
1000000,parquet,clean_derive,pandas,3,15,8.191208,18.633,1000000,True,,,,,,,,,
1000000,parquet,clean_derive,duckdb,3,11,8.191584,23.531,1000000,True,,,,,,,,,
1000000,parquet,clean_derive,duckdb,3,12,8.0395,23.168,1000000,True,,,,,,,,,
1000000,parquet,clean_derive,duckdb,3,13,7.954959,23.299,1000000,True,,,,,,,,,
1000000,parquet,clean_derive,duckdb,3,14,7.987542,25.453,1000000,True,,,,,,,,,
1000000,parquet,clean_derive,duckdb,3,15,8.285,26.609,1000000,True,,,,,,,,,
100000,memory,clean_derive,pandas,3,11,0.71075,0.705,100000,True,,,,,,,,,
100000,memory,clean_derive,pandas,3,12,0.5255,0.534,100000,True,,,,,,,,,
100000,memory,clean_derive,pandas,3,13,0.493,0.498,100000,True,,,,,,,,,
100000,memory,clean_derive,pandas,3,14,0.439125,0.444,100000,True,,,,,,,,,
100000,memory,clean_derive,pandas,3,15,0.433834,0.438,100000,True,,,,,,,,,
100000,memory,clean_derive,duckdb,3,11,1.778333,1.818,100000,True,,,,,,,,,
100000,memory,clean_derive,duckdb,3,12,1.669167,1.699,100000,True,,,,,,,,,
100000,memory,clean_derive,duckdb,3,13,1.883416,1.913,100000,True,,,,,,,,,
100000,memory,clean_derive,duckdb,3,14,1.86125,1.898,100000,True,,,,,,,,,
100000,memory,clean_derive,duckdb,3,15,1.785083,1.829,100000,True,,,,,,,,,
10000000,warehouse,groupby,snowflake,3,11,103.862375,3.017,50,True,102.811125,1.05125,01c6f1d4-0001-fe0c-0001-9ade000afa7e,80.0,29.0,51.0,0.0,0.0,226409984.0
10000000,warehouse,groupby,snowflake,3,12,118.914125,3.636,50,True,117.607709,1.306416,01c6f1d4-0001-fcf8-0001-9ade000aa53e,92.0,38.0,54.0,0.0,0.0,226409984.0
10000000,warehouse,groupby,snowflake,3,13,173.065459,5.927,50,True,170.024,3.041459,01c6f1d4-0001-fe0c-0001-9ade000afa82,84.0,34.0,50.0,0.0,0.0,226409984.0
10000000,warehouse,groupby,snowflake,3,14,107.744208,2.546,50,True,107.038333,0.705875,01c6f1d4-0001-fe0c-0001-9ade000afa86,84.0,34.0,50.0,0.0,0.0,226409984.0
10000000,warehouse,groupby,snowflake,3,15,121.5065,2.306,50,True,120.790542,0.715958,01c6f1d4-0001-fe0c-0001-9ade000afa8a,95.0,43.0,52.0,0.0,0.0,226409984.0
1000000,parquet,groupby,pandas,3,11,10.070334,15.631,50,True,,,,,,,,,
1000000,parquet,groupby,pandas,3,12,9.787,15.179,50,True,,,,,,,,,
1000000,parquet,groupby,pandas,3,13,10.242416,16.421,50,True,,,,,,,,,
1000000,parquet,groupby,pandas,3,14,10.164958,15.633,50,True,,,,,,,,,
1000000,parquet,groupby,pandas,3,15,10.030042,15.798,50,True,,,,,,,,,
1000000,parquet,groupby,duckdb,3,11,4.102667,12.863,50,True,,,,,,,,,
1000000,parquet,groupby,duckdb,3,12,4.088625,12.052,50,True,,,,,,,,,
1000000,parquet,groupby,duckdb,3,13,3.849,11.308,50,True,,,,,,,,,
1000000,parquet,groupby,duckdb,3,14,3.737792,11.105,50,True,,,,,,,,,
1000000,parquet,groupby,duckdb,3,15,3.695625,11.068,50,True,,,,,,,,,
100000,parquet,clean_derive,duckdb,3,11,2.604542,2.644,100000,True,,,,,,,,,
100000,parquet,clean_derive,duckdb,3,12,2.455541,2.488,100000,True,,,,,,,,,
100000,parquet,clean_derive,duckdb,3,13,2.435166,2.469,100000,True,,,,,,,,,
100000,parquet,clean_derive,duckdb,3,14,2.55975,4.612,100000,True,,,,,,,,,
100000,parquet,clean_derive,duckdb,3,15,2.401167,2.437,100000,True,,,,,,,,,
100000,parquet,clean_derive,pandas,3,11,2.177667,3.122,100000,True,,,,,,,,,
100000,parquet,clean_derive,pandas,3,12,2.206625,3.129,100000,True,,,,,,,,,
100000,parquet,clean_derive,pandas,3,13,2.123458,3.076,100000,True,,,,,,,,,
100000,parquet,clean_derive,pandas,3,14,2.151209,3.232,100000,True,,,,,,,,,
100000,parquet,clean_derive,pandas,3,15,1.914959,2.813,100000,True,,,,,,,,,
1000000,warehouse,join_groupby,snowflake,3,11,146.963625,3.587,200,True,145.713625,1.25,01c6f1d4-0001-fe0c-0001-9ade000afa92,110.0,42.0,68.0,0.0,0.0,7865856.0
1000000,warehouse,join_groupby,snowflake,3,12,155.061792,5.206,200,True,152.984375,2.077417,01c6f1d4-0001-fe0c-0001-9ade000afa96,117.0,48.0,69.0,0.0,0.0,7865856.0
1000000,warehouse,join_groupby,snowflake,3,13,186.871,3.704,200,True,185.625,1.246,01c6f1d4-0001-fcf8-0001-9ade000aa546,137.0,65.0,72.0,0.0,0.0,7865856.0
1000000,warehouse,join_groupby,snowflake,3,14,189.907417,2.353,200,True,189.242334,0.665083,01c6f1d4-0001-fe0c-0001-9ade000afa9a,109.0,39.0,70.0,0.0,0.0,7865856.0
1000000,warehouse,join_groupby,snowflake,3,15,247.03175,4.803,200,True,245.333,1.69875,01c6f1d4-0001-fcf8-0001-9ade000aa54a,185.0,111.0,74.0,0.0,0.0,7865856.0
100000,memory,filter_project,duckdb,3,11,0.652416,0.682,19886,True,,,,,,,,,
100000,memory,filter_project,duckdb,3,12,0.571375,0.602,19886,True,,,,,,,,,
100000,memory,filter_project,duckdb,3,13,0.553333,0.584,19886,True,,,,,,,,,
100000,memory,filter_project,duckdb,3,14,0.53775,0.569,19886,True,,,,,,,,,
100000,memory,filter_project,duckdb,3,15,0.556916,0.589,19886,True,,,,,,,,,
100000,memory,filter_project,pandas,3,11,0.577334,0.584,19886,True,,,,,,,,,
100000,memory,filter_project,pandas,3,12,0.56275,0.569,19886,True,,,,,,,,,
100000,memory,filter_project,pandas,3,13,0.665583,0.674,19886,True,,,,,,,,,
100000,memory,filter_project,pandas,3,14,0.663709,0.672,19886,True,,,,,,,,,
100000,memory,filter_project,pandas,3,15,0.611041,0.619,19886,True,,,,,,,,,
100000,memory,join_groupby,duckdb,4,16,3.323542,3.739,200,True,,,,,,,,,
100000,memory,join_groupby,duckdb,4,17,3.163292,3.442,200,True,,,,,,,,,
100000,memory,join_groupby,duckdb,4,18,3.192459,3.461,200,True,,,,,,,,,
100000,memory,join_groupby,duckdb,4,19,3.121667,3.402,200,True,,,,,,,,,
100000,memory,join_groupby,duckdb,4,20,3.1215,3.357,200,True,,,,,,,,,
100000,memory,join_groupby,pandas,4,16,5.442666,5.45,200,True,,,,,,,,,
100000,memory,join_groupby,pandas,4,17,5.2405,5.247,200,True,,,,,,,,,
100000,memory,join_groupby,pandas,4,18,5.13125,5.137,200,True,,,,,,,,,
100000,memory,join_groupby,pandas,4,19,5.087083,5.094,200,True,,,,,,,,,
100000,memory,join_groupby,pandas,4,20,5.127875,5.133,200,True,,,,,,,,,
1000000,warehouse,join_groupby,snowflake,4,16,147.072417,3.387,200,True,145.88875,1.183667,01c6f1d4-0001-fe0c-0001-9ade000afa9e,113.0,45.0,68.0,0.0,0.0,7865856.0
1000000,warehouse,join_groupby,snowflake,4,17,247.605084,4.649,200,True,245.595459,2.009625,01c6f1d4-0001-fcf8-0001-9ade000aa556,132.0,60.0,72.0,0.0,0.0,7865856.0
1000000,warehouse,join_groupby,snowflake,4,18,147.818834,2.895,200,True,147.024334,0.7945,01c6f1d4-0001-fe0c-0001-9ade000afaa2,114.0,45.0,69.0,0.0,0.0,7865856.0
1000000,warehouse,join_groupby,snowflake,4,19,151.835416,2.485,200,True,151.166291,0.669125,01c6f1d4-0001-fe0c-0001-9ade000afaa6,109.0,40.0,69.0,0.0,0.0,7865856.0
1000000,warehouse,join_groupby,snowflake,4,20,142.81875,2.158,200,True,142.219958,0.598792,01c6f1d4-0001-fe0c-0001-9ade000afaaa,110.0,40.0,70.0,0.0,0.0,7865856.0
100000,parquet,join_groupby,pandas,4,16,7.4115,8.277,200,True,,,,,,,,,
100000,parquet,join_groupby,pandas,4,17,7.066875,7.844,200,True,,,,,,,,,
100000,parquet,join_groupby,pandas,4,18,6.829334,7.541,200,True,,,,,,,,,
100000,parquet,join_groupby,pandas,4,19,7.019584,7.823,200,True,,,,,,,,,
100000,parquet,join_groupby,pandas,4,20,6.976417,7.767,200,True,,,,,,,,,
100000,parquet,join_groupby,duckdb,4,16,4.704916,4.844,200,True,,,,,,,,,
100000,parquet,join_groupby,duckdb,4,17,4.754667,6.648,200,True,,,,,,,,,
100000,parquet,join_groupby,duckdb,4,18,4.649875,4.739,200,True,,,,,,,,,
100000,parquet,join_groupby,duckdb,4,19,4.743666,6.844,200,True,,,,,,,,,
100000,parquet,join_groupby,duckdb,4,20,5.113917,7.315,200,True,,,,,,,,,
100000,parquet,clean_derive,pandas,4,16,1.899041,2.867,100000,True,,,,,,,,,
100000,parquet,clean_derive,pandas,4,17,1.933875,3.005,100000,True,,,,,,,,,
100000,parquet,clean_derive,pandas,4,18,1.773416,2.671,100000,True,,,,,,,,,
100000,parquet,clean_derive,pandas,4,19,1.758625,2.646,100000,True,,,,,,,,,
100000,parquet,clean_derive,pandas,4,20,1.808,2.695,100000,True,,,,,,,,,
100000,parquet,clean_derive,duckdb,4,16,2.987542,3.033,100000,True,,,,,,,,,
100000,parquet,clean_derive,duckdb,4,17,2.804291,5.029,100000,True,,,,,,,,,
100000,parquet,clean_derive,duckdb,4,18,2.5795,4.66,100000,True,,,,,,,,,
100000,parquet,clean_derive,duckdb,4,19,2.480292,4.515,100000,True,,,,,,,,,
100000,parquet,clean_derive,duckdb,4,20,2.458041,4.48,100000,True,,,,,,,,,
1000000,memory,groupby,pandas,4,16,7.043625,7.053,50,True,,,,,,,,,
1000000,memory,groupby,pandas,4,17,6.825541,6.83,50,True,,,,,,,,,
1000000,memory,groupby,pandas,4,18,7.134875,7.143,50,True,,,,,,,,,
1000000,memory,groupby,pandas,4,19,6.811042,6.815,50,True,,,,,,,,,
1000000,memory,groupby,pandas,4,20,6.725709,6.729,50,True,,,,,,,,,
1000000,memory,groupby,duckdb,4,16,2.314917,6.559,50,True,,,,,,,,,
1000000,memory,groupby,duckdb,4,17,2.224458,6.907,50,True,,,,,,,,,
1000000,memory,groupby,duckdb,4,18,2.139375,6.23,50,True,,,,,,,,,
1000000,memory,groupby,duckdb,4,19,2.15475,6.731,50,True,,,,,,,,,
1000000,memory,groupby,duckdb,4,20,2.315666,7.26,50,True,,,,,,,,,
10000000,warehouse,join_groupby,snowflake,4,16,231.719833,6.414,200,True,228.867333,2.8525,01c6f1d4-0001-fcf8-0001-9ade000aa562,129.0,37.0,92.0,0.0,0.0,215970304.0
10000000,warehouse,join_groupby,snowflake,4,17,172.097709,5.177,200,True,169.990125,2.107584,01c6f1d4-0001-fe0c-0001-9ade000afab2,135.0,43.0,92.0,0.0,0.0,226648576.0
10000000,warehouse,join_groupby,snowflake,4,18,176.119125,2.255,200,True,175.515667,0.603458,01c6f1d4-0001-fe0c-0001-9ade000afab6,142.0,45.0,97.0,0.0,0.0,226648576.0
10000000,warehouse,join_groupby,snowflake,4,19,177.508333,2.127,200,True,176.902416,0.605917,01c6f1d4-0001-fe0c-0001-9ade000afaba,142.0,43.0,99.0,0.0,0.0,215969792.0
10000000,warehouse,join_groupby,snowflake,4,20,218.14475,3.767,200,True,216.405833,1.738917,01c6f1d4-0001-fe0c-0001-9ade000afabe,153.0,43.0,110.0,0.0,0.0,226648576.0
100000,memory,groupby,pandas,4,16,1.609084,1.617,50,True,,,,,,,,,
100000,memory,groupby,pandas,4,17,1.449959,1.456,50,True,,,,,,,,,
100000,memory,groupby,pandas,4,18,1.429917,1.435,50,True,,,,,,,,,
100000,memory,groupby,pandas,4,19,1.418417,1.423,50,True,,,,,,,,,
100000,memory,groupby,pandas,4,20,1.409584,1.413,50,True,,,,,,,,,
100000,memory,groupby,duckdb,4,16,1.297125,1.54,50,True,,,,,,,,,
100000,memory,groupby,duckdb,4,17,1.238042,1.329,50,True,,,,,,,,,
100000,memory,groupby,duckdb,4,18,1.138584,1.234,50,True,,,,,,,,,
100000,memory,groupby,duckdb,4,19,1.130041,1.227,50,True,,,,,,,,,
100000,memory,groupby,duckdb,4,20,1.136917,1.385,50,True,,,,,,,,,
1000000,parquet,filter_project,duckdb,4,16,6.054458,19.537,198279,True,,,,,,,,,
1000000,parquet,filter_project,duckdb,4,17,5.77875,17.428,198279,True,,,,,,,,,
1000000,parquet,filter_project,duckdb,4,18,5.684833,17.364,198279,True,,,,,,,,,
1000000,parquet,filter_project,duckdb,4,19,5.923667,17.74,198279,True,,,,,,,,,
1000000,parquet,filter_project,duckdb,4,20,5.765417,17.536,198279,True,,,,,,,,,
1000000,parquet,filter_project,pandas,4,16,7.577417,21.8,198279,True,,,,,,,,,
1000000,parquet,filter_project,pandas,4,17,7.103875,20.641,198279,True,,,,,,,,,
1000000,parquet,filter_project,pandas,4,18,8.224958,22.721,198279,True,,,,,,,,,
1000000,parquet,filter_project,pandas,4,19,7.665375,21.476,198279,True,,,,,,,,,
1000000,parquet,filter_project,pandas,4,20,7.854042,22.557,198279,True,,,,,,,,,
1000000,warehouse,clean_derive,snowflake,4,16,670.145625,89.237,1000000,True,526.684792,143.460833,01c6f1d4-0001-fcf8-0001-9ade000aa56a,459.0,32.0,427.0,0.0,0.0,7627264.0
1000000,warehouse,clean_derive,snowflake,4,17,787.510208,72.864,1000000,True,638.294833,149.215375,01c6f1d4-0001-fe0c-0001-9ade000afac6,457.0,31.0,426.0,0.0,0.0,7627264.0
1000000,warehouse,clean_derive,snowflake,4,18,629.426375,42.538,1000000,True,488.10425,141.322125,01c6f1d4-0001-fe0c-0001-9ade000afaca,434.0,31.0,403.0,0.0,0.0,7627264.0
1000000,warehouse,clean_derive,snowflake,4,19,763.9805,95.215,1000000,True,511.808625,252.171875,01c6f1d4-0001-fcf8-0001-9ade000aa56e,440.0,35.0,405.0,0.0,0.0,7627264.0
1000000,warehouse,clean_derive,snowflake,4,20,759.513167,79.84,1000000,True,592.907167,166.606,01c6f1d4-0001-fcf8-0001-9ade000aa572,447.0,35.0,412.0,0.0,0.0,7627264.0
10000000,memory,groupby,duckdb,4,16,13.5435,51.798,50,True,,,,,,,,,
10000000,memory,groupby,duckdb,4,17,14.267709,54.621,50,True,,,,,,,,,
10000000,memory,groupby,duckdb,4,18,13.885334,53.207,50,True,,,,,,,,,
10000000,memory,groupby,duckdb,4,19,14.216,54.618,50,True,,,,,,,,,
10000000,memory,groupby,duckdb,4,20,13.613,52.527,50,True,,,,,,,,,
10000000,memory,groupby,pandas,4,16,60.952792,60.962,50,True,,,,,,,,,
10000000,memory,groupby,pandas,4,17,64.022667,64.016,50,True,,,,,,,,,
10000000,memory,groupby,pandas,4,18,60.194417,60.202,50,True,,,,,,,,,
10000000,memory,groupby,pandas,4,19,61.820041,61.821,50,True,,,,,,,,,
10000000,memory,groupby,pandas,4,20,62.135917,62.144,50,True,,,,,,,,,
10000000,parquet,join_groupby,pandas,4,16,346.614916,427.337,200,True,,,,,,,,,
10000000,parquet,join_groupby,pandas,4,17,355.299583,442.555,200,True,,,,,,,,,
10000000,parquet,join_groupby,pandas,4,18,354.008583,432.812,200,True,,,,,,,,,
10000000,parquet,join_groupby,pandas,4,19,340.491083,415.246,200,True,,,,,,,,,
10000000,parquet,join_groupby,pandas,4,20,340.471667,418.896,200,True,,,,,,,,,
10000000,parquet,join_groupby,duckdb,4,16,43.174083,160.693,200,True,,,,,,,,,
10000000,parquet,join_groupby,duckdb,4,17,43.246625,158.765,200,True,,,,,,,,,
10000000,parquet,join_groupby,duckdb,4,18,43.152916,160.425,200,True,,,,,,,,,
10000000,parquet,join_groupby,duckdb,4,19,42.878958,158.648,200,True,,,,,,,,,
10000000,parquet,join_groupby,duckdb,4,20,43.261791,161.015,200,True,,,,,,,,,
100000,warehouse,join_groupby,snowflake,4,16,709.669542,6.035,200,True,707.276209,2.393333,01c6f1d5-0001-fcf8-0001-9ade000aa576,645.0,64.0,581.0,0.0,0.0,1211904.0
100000,warehouse,join_groupby,snowflake,4,17,195.642291,4.838,200,True,193.76325,1.879041,01c6f1d5-0001-fcf8-0001-9ade000aa57a,88.0,53.0,35.0,0.0,0.0,1211904.0
100000,warehouse,join_groupby,snowflake,4,18,111.024583,3.158,200,True,109.9805,1.044083,01c6f1d5-0001-fe0c-0001-9ade000afad6,76.0,42.0,34.0,0.0,0.0,1211904.0
100000,warehouse,join_groupby,snowflake,4,19,116.665458,3.314,200,True,115.644625,1.020833,01c6f1d5-0001-fe0c-0001-9ade000afada,76.0,43.0,33.0,0.0,0.0,1211904.0
100000,warehouse,join_groupby,snowflake,4,20,172.41625,5.437,200,True,170.268416,2.147834,01c6f1d5-0001-fe0c-0001-9ade000afade,82.0,48.0,34.0,0.0,0.0,1211904.0
10000000,memory,clean_derive,pandas,4,16,26.794833,26.806,10000000,True,,,,,,,,,
10000000,memory,clean_derive,pandas,4,17,26.462375,26.474,10000000,True,,,,,,,,,
10000000,memory,clean_derive,pandas,4,18,26.697834,26.707,10000000,True,,,,,,,,,
10000000,memory,clean_derive,pandas,4,19,26.9805,26.987,10000000,True,,,,,,,,,
10000000,memory,clean_derive,pandas,4,20,29.469084,29.377,10000000,True,,,,,,,,,
10000000,memory,clean_derive,duckdb,4,16,35.713875,113.527,10000000,True,,,,,,,,,
10000000,memory,clean_derive,duckdb,4,17,35.512959,113.394,10000000,True,,,,,,,,,
10000000,memory,clean_derive,duckdb,4,18,35.54325,113.543,10000000,True,,,,,,,,,
10000000,memory,clean_derive,duckdb,4,19,35.849625,113.954,10000000,True,,,,,,,,,
10000000,memory,clean_derive,duckdb,4,20,35.352125,113.639,10000000,True,,,,,,,,,
1000000,parquet,groupby,pandas,4,16,10.562833,16.601,50,True,,,,,,,,,
1000000,parquet,groupby,pandas,4,17,9.986917,15.446,50,True,,,,,,,,,
1000000,parquet,groupby,pandas,4,18,10.160417,15.563,50,True,,,,,,,,,
1000000,parquet,groupby,pandas,4,19,9.933041,15.321,50,True,,,,,,,,,
1000000,parquet,groupby,pandas,4,20,9.862667,15.212,50,True,,,,,,,,,
1000000,parquet,groupby,duckdb,4,16,4.488,13.826,50,True,,,,,,,,,
1000000,parquet,groupby,duckdb,4,17,4.07725,11.732,50,True,,,,,,,,,
1000000,parquet,groupby,duckdb,4,18,4.145792,12.102,50,True,,,,,,,,,
1000000,parquet,groupby,duckdb,4,19,3.868542,11.302,50,True,,,,,,,,,
1000000,parquet,groupby,duckdb,4,20,3.886083,11.601,50,True,,,,,,,,,
10000000,parquet,clean_derive,duckdb,4,16,65.865416,229.387,10000000,True,,,,,,,,,
10000000,parquet,clean_derive,duckdb,4,17,63.639167,222.739,10000000,True,,,,,,,,,
10000000,parquet,clean_derive,duckdb,4,18,63.623625,221.045,10000000,True,,,,,,,,,
10000000,parquet,clean_derive,duckdb,4,19,64.26175,225.159,10000000,True,,,,,,,,,
10000000,parquet,clean_derive,duckdb,4,20,70.32775,236.357,10000000,True,,,,,,,,,
10000000,parquet,clean_derive,pandas,4,16,72.602375,181.242,10000000,True,,,,,,,,,
10000000,parquet,clean_derive,pandas,4,17,72.156625,178.624,10000000,True,,,,,,,,,
10000000,parquet,clean_derive,pandas,4,18,72.890291,178.57,10000000,True,,,,,,,,,
10000000,parquet,clean_derive,pandas,4,19,75.251875,195.079,10000000,True,,,,,,,,,
10000000,parquet,clean_derive,pandas,4,20,77.855958,188.079,10000000,True,,,,,,,,,
100000,warehouse,filter_project,snowflake,4,16,244.89975,15.797,19886,True,196.115208,48.784542,01c6f1d5-0001-fcf8-0001-9ade000aa586,140.0,32.0,108.0,0.0,0.0,973312.0
100000,warehouse,filter_project,snowflake,4,17,224.115916,5.712,19886,True,183.496625,40.619291,01c6f1d5-0001-fcf8-0001-9ade000aa58a,132.0,31.0,101.0,0.0,0.0,973312.0
100000,warehouse,filter_project,snowflake,4,18,264.527625,15.213,19886,True,199.290125,65.2375,01c6f1d5-0001-fe0c-0001-9ade000afae2,135.0,29.0,106.0,0.0,0.0,973312.0
100000,warehouse,filter_project,snowflake,4,19,244.262125,16.011,19886,True,180.470042,63.792083,01c6f1d5-0001-fe0c-0001-9ade000afae6,128.0,35.0,93.0,0.0,0.0,973312.0
100000,warehouse,filter_project,snowflake,4,20,266.024125,15.517,19886,True,225.422666,40.601459,01c6f1d5-0001-fe0c-0001-9ade000afaea,135.0,30.0,105.0,0.0,0.0,973312.0
1000000,warehouse,filter_project,snowflake,4,16,367.460917,24.492,198279,True,298.048417,69.4125,01c6f1d5-0001-fcf8-0001-9ade000aa592,243.0,33.0,210.0,0.0,0.0,7627264.0
1000000,warehouse,filter_project,snowflake,4,17,419.511084,30.113,198279,True,357.936209,61.574875,01c6f1d5-0001-fcf8-0001-9ade000aa596,239.0,35.0,204.0,0.0,0.0,7627264.0
1000000,warehouse,filter_project,snowflake,4,18,557.461125,38.698,198279,True,492.451042,65.010083,01c6f1d5-0001-fe0c-0001-9ade000afaf2,249.0,30.0,219.0,0.0,0.0,7627264.0
1000000,warehouse,filter_project,snowflake,4,19,412.538625,29.395,198279,True,339.852792,72.685833,01c6f1d5-0001-fcf8-0001-9ade000aa59a,266.0,48.0,218.0,0.0,0.0,7627264.0
1000000,warehouse,filter_project,snowflake,4,20,538.44125,32.504,198279,True,457.836167,80.605083,01c6f1d5-0001-fe0c-0001-9ade000afaf6,252.0,34.0,218.0,0.0,0.0,7627264.0
1000000,memory,filter_project,duckdb,4,16,1.54725,3.641,198279,True,,,,,,,,,
1000000,memory,filter_project,duckdb,4,17,1.49475,3.665,198279,True,,,,,,,,,
1000000,memory,filter_project,duckdb,4,18,1.459375,3.581,198279,True,,,,,,,,,
1000000,memory,filter_project,duckdb,4,19,1.468833,3.776,198279,True,,,,,,,,,
1000000,memory,filter_project,duckdb,4,20,1.4465,3.544,198279,True,,,,,,,,,
1000000,memory,filter_project,pandas,4,16,1.926792,1.937,198279,True,,,,,,,,,
1000000,memory,filter_project,pandas,4,17,1.730875,1.737,198279,True,,,,,,,,,
1000000,memory,filter_project,pandas,4,18,1.933333,1.94,198279,True,,,,,,,,,
1000000,memory,filter_project,pandas,4,19,1.8195,1.827,198279,True,,,,,,,,,
1000000,memory,filter_project,pandas,4,20,1.736167,1.743,198279,True,,,,,,,,,
1000000,memory,join_groupby,pandas,4,16,26.2455,26.255,200,True,,,,,,,,,
1000000,memory,join_groupby,pandas,4,17,26.311834,26.319,200,True,,,,,,,,,
1000000,memory,join_groupby,pandas,4,18,25.376,25.372,200,True,,,,,,,,,
1000000,memory,join_groupby,pandas,4,19,25.33525,25.342,200,True,,,,,,,,,
1000000,memory,join_groupby,pandas,4,20,25.405041,25.411,200,True,,,,,,,,,
1000000,memory,join_groupby,duckdb,4,16,6.248417,16.239,200,True,,,,,,,,,
1000000,memory,join_groupby,duckdb,4,17,6.245,16.338,200,True,,,,,,,,,
1000000,memory,join_groupby,duckdb,4,18,6.483791,17.518,200,True,,,,,,,,,
1000000,memory,join_groupby,duckdb,4,19,6.615041,16.7,200,True,,,,,,,,,
1000000,memory,join_groupby,duckdb,4,20,6.59575,17.824,200,True,,,,,,,,,
100000,parquet,groupby,duckdb,4,16,1.481667,1.547,50,True,,,,,,,,,
100000,parquet,groupby,duckdb,4,17,1.364209,1.421,50,True,,,,,,,,,
100000,parquet,groupby,duckdb,4,18,1.333708,1.389,50,True,,,,,,,,,
100000,parquet,groupby,duckdb,4,19,1.343541,1.4,50,True,,,,,,,,,
100000,parquet,groupby,duckdb,4,20,1.526583,1.617,50,True,,,,,,,,,
100000,parquet,groupby,pandas,4,16,2.797875,3.209,50,True,,,,,,,,,
100000,parquet,groupby,pandas,4,17,2.614833,2.975,50,True,,,,,,,,,
100000,parquet,groupby,pandas,4,18,2.641625,3.046,50,True,,,,,,,,,
100000,parquet,groupby,pandas,4,19,2.757458,3.124,50,True,,,,,,,,,
100000,parquet,groupby,pandas,4,20,2.648208,2.988,50,True,,,,,,,,,
10000000,warehouse,clean_derive,snowflake,4,16,3318.965208,1114.378,10000000,True,693.854916,2625.110292,01c6f1d5-0001-fcf8-0001-9ade000aa5a2,624.0,31.0,593.0,0.0,0.0,226409984.0
10000000,warehouse,clean_derive,snowflake,4,17,3779.009583,1168.473,10000000,True,699.8345,3079.175083,01c6f1d5-0001-fcf8-0001-9ade000aa5a6,611.0,39.0,572.0,0.0,0.0,226409984.0
10000000,warehouse,clean_derive,snowflake,4,18,3810.695583,1190.147,10000000,True,694.685833,3116.00975,01c6f1d5-0001-fcf8-0001-9ade000aa5ae,625.0,44.0,581.0,0.0,0.0,226409984.0
10000000,warehouse,clean_derive,snowflake,4,19,3622.597083,1072.748,10000000,True,734.471042,2888.126041,01c6f1d5-0001-fe0c-0001-9ade000afafe,654.0,43.0,611.0,0.0,0.0,226409984.0
10000000,warehouse,clean_derive,snowflake,4,20,3817.0805,876.543,10000000,True,770.863334,3046.217166,01c6f1d5-0001-fcf8-0001-9ade000aa5b2,667.0,48.0,619.0,0.0,0.0,226409984.0
100000,parquet,filter_project,pandas,4,16,2.724042,3.497,19886,True,,,,,,,,,
100000,parquet,filter_project,pandas,4,17,2.406583,3.127,19886,True,,,,,,,,,
100000,parquet,filter_project,pandas,4,18,2.500167,3.213,19886,True,,,,,,,,,
100000,parquet,filter_project,pandas,4,19,2.461,3.209,19886,True,,,,,,,,,
100000,parquet,filter_project,pandas,4,20,2.65825,3.389,19886,True,,,,,,,,,
100000,parquet,filter_project,duckdb,4,16,2.67825,4.539,19886,True,,,,,,,,,
100000,parquet,filter_project,duckdb,4,17,2.210375,2.244,19886,True,,,,,,,,,
100000,parquet,filter_project,duckdb,4,18,2.130666,2.165,19886,True,,,,,,,,,
100000,parquet,filter_project,duckdb,4,19,2.001584,2.041,19886,True,,,,,,,,,
100000,parquet,filter_project,duckdb,4,20,2.079458,2.118,19886,True,,,,,,,,,
10000000,parquet,filter_project,pandas,4,16,58.53125,205.86,1980090,True,,,,,,,,,
10000000,parquet,filter_project,pandas,4,17,58.455542,205.1,1980090,True,,,,,,,,,
10000000,parquet,filter_project,pandas,4,18,58.310292,204.539,1980090,True,,,,,,,,,
10000000,parquet,filter_project,pandas,4,19,58.215917,203.31,1980090,True,,,,,,,,,
10000000,parquet,filter_project,pandas,4,20,59.383792,208.646,1980090,True,,,,,,,,,
10000000,parquet,filter_project,duckdb,4,16,46.917375,171.272,1980090,True,,,,,,,,,
10000000,parquet,filter_project,duckdb,4,17,46.675667,170.22,1980090,True,,,,,,,,,
10000000,parquet,filter_project,duckdb,4,18,46.68025,170.104,1980090,True,,,,,,,,,
10000000,parquet,filter_project,duckdb,4,19,47.00475,172.1,1980090,True,,,,,,,,,
10000000,parquet,filter_project,duckdb,4,20,46.6935,170.147,1980090,True,,,,,,,,,
10000000,parquet,groupby,pandas,4,16,83.190166,143.76,50,True,,,,,,,,,
10000000,parquet,groupby,pandas,4,17,81.372709,138.653,50,True,,,,,,,,,
10000000,parquet,groupby,pandas,4,18,81.5485,138.31,50,True,,,,,,,,,
10000000,parquet,groupby,pandas,4,19,85.391541,142.116,50,True,,,,,,,,,
10000000,parquet,groupby,pandas,4,20,82.559458,139.709,50,True,,,,,,,,,
10000000,parquet,groupby,duckdb,4,16,28.219541,106.936,50,True,,,,,,,,,
10000000,parquet,groupby,duckdb,4,17,28.382625,107.457,50,True,,,,,,,,,
10000000,parquet,groupby,duckdb,4,18,28.120333,106.542,50,True,,,,,,,,,
10000000,parquet,groupby,duckdb,4,19,29.440625,109.508,50,True,,,,,,,,,
10000000,parquet,groupby,duckdb,4,20,28.918459,109.044,50,True,,,,,,,,,
100000,memory,clean_derive,duckdb,4,16,1.889667,3.045,100000,True,,,,,,,,,
100000,memory,clean_derive,duckdb,4,17,1.862709,2.994,100000,True,,,,,,,,,
100000,memory,clean_derive,duckdb,4,18,1.750833,1.782,100000,True,,,,,,,,,
100000,memory,clean_derive,duckdb,4,19,1.835834,1.873,100000,True,,,,,,,,,
100000,memory,clean_derive,duckdb,4,20,1.788042,2.875,100000,True,,,,,,,,,
100000,memory,clean_derive,pandas,4,16,0.841375,0.842,100000,True,,,,,,,,,
100000,memory,clean_derive,pandas,4,17,0.637959,0.645,100000,True,,,,,,,,,
100000,memory,clean_derive,pandas,4,18,0.562667,0.57,100000,True,,,,,,,,,
100000,memory,clean_derive,pandas,4,19,0.751208,0.762,100000,True,,,,,,,,,
100000,memory,clean_derive,pandas,4,20,1.011584,1.021,100000,True,,,,,,,,,
1000000,parquet,clean_derive,pandas,4,16,9.12325,20.292,1000000,True,,,,,,,,,
1000000,parquet,clean_derive,pandas,4,17,8.797417,20.055,1000000,True,,,,,,,,,
1000000,parquet,clean_derive,pandas,4,18,9.221375,20.485,1000000,True,,,,,,,,,
1000000,parquet,clean_derive,pandas,4,19,8.48075,19.339,1000000,True,,,,,,,,,
1000000,parquet,clean_derive,pandas,4,20,9.163333,20.207,1000000,True,,,,,,,,,
1000000,parquet,clean_derive,duckdb,4,16,8.760083,25.313,1000000,True,,,,,,,,,
1000000,parquet,clean_derive,duckdb,4,17,8.831125,25.251,1000000,True,,,,,,,,,
1000000,parquet,clean_derive,duckdb,4,18,8.476,24.57,1000000,True,,,,,,,,,
1000000,parquet,clean_derive,duckdb,4,19,8.586084,24.713,1000000,True,,,,,,,,,
1000000,parquet,clean_derive,duckdb,4,20,8.207833,23.701,1000000,True,,,,,,,,,
10000000,memory,join_groupby,pandas,4,16,367.394041,366.527,200,True,,,,,,,,,
10000000,memory,join_groupby,pandas,4,17,346.110041,345.488,200,True,,,,,,,,,
10000000,memory,join_groupby,pandas,4,18,354.212375,353.47,200,True,,,,,,,,,
10000000,memory,join_groupby,pandas,4,19,353.863083,353.338,200,True,,,,,,,,,
10000000,memory,join_groupby,pandas,4,20,353.837166,353.274,200,True,,,,,,,,,
10000000,memory,join_groupby,duckdb,4,16,39.420708,148.453,200,True,,,,,,,,,
10000000,memory,join_groupby,duckdb,4,17,38.006583,142.334,200,True,,,,,,,,,
10000000,memory,join_groupby,duckdb,4,18,37.460666,141.539,200,True,,,,,,,,,
10000000,memory,join_groupby,duckdb,4,19,37.830208,142.054,200,True,,,,,,,,,
10000000,memory,join_groupby,duckdb,4,20,38.061792,143.355,200,True,,,,,,,,,
1000000,parquet,join_groupby,duckdb,4,16,8.158041,20.644,200,True,,,,,,,,,
1000000,parquet,join_groupby,duckdb,4,17,8.140958,22.077,200,True,,,,,,,,,
1000000,parquet,join_groupby,duckdb,4,18,8.311875,21.068,200,True,,,,,,,,,
1000000,parquet,join_groupby,duckdb,4,19,7.929792,21.705,200,True,,,,,,,,,
1000000,parquet,join_groupby,duckdb,4,20,8.007166,20.187,200,True,,,,,,,,,
1000000,parquet,join_groupby,pandas,4,16,33.810333,42.581,200,True,,,,,,,,,
1000000,parquet,join_groupby,pandas,4,17,33.649042,42.267,200,True,,,,,,,,,
1000000,parquet,join_groupby,pandas,4,18,36.972083,46.056,200,True,,,,,,,,,
1000000,parquet,join_groupby,pandas,4,19,35.339792,44.528,200,True,,,,,,,,,
1000000,parquet,join_groupby,pandas,4,20,35.294667,43.884,200,True,,,,,,,,,
10000000,warehouse,filter_project,snowflake,4,16,1022.189041,213.644,1980090,True,344.140541,678.0485,01c6f1d6-0001-fe0c-0001-9ade000afb06,270.0,40.0,230.0,0.0,0.0,226409984.0
10000000,warehouse,filter_project,snowflake,4,17,985.907166,212.015,1980090,True,363.895708,622.011458,01c6f1d6-0001-fcf8-0001-9ade000aa5be,299.0,35.0,264.0,0.0,0.0,194374144.0
10000000,warehouse,filter_project,snowflake,4,18,961.663,199.848,1980090,True,334.404167,627.258833,01c6f1d6-0001-fcf8-0001-9ade000aa5ca,280.0,39.0,241.0,0.0,0.0,215731200.0
10000000,warehouse,filter_project,snowflake,4,19,1079.81625,210.151,1980090,True,345.396459,734.419791,01c6f1d6-0001-fe0c-0001-9ade000afb0a,284.0,29.0,255.0,0.0,0.0,226409984.0
10000000,warehouse,filter_project,snowflake,4,20,1023.875833,209.974,1980090,True,337.295625,686.580208,01c6f1d6-0001-fe0c-0001-9ade000afb0e,280.0,37.0,243.0,0.0,0.0,226409984.0
10000000,warehouse,groupby,snowflake,4,16,127.797458,3.319,50,True,126.549,1.248458,01c6f1d6-0001-fe0c-0001-9ade000afb1a,99.0,33.0,66.0,0.0,0.0,226409984.0
10000000,warehouse,groupby,snowflake,4,17,242.854791,3.246,50,True,241.685833,1.168958,01c6f1d6-0001-fcf8-0001-9ade000aa5d6,84.0,31.0,53.0,0.0,0.0,226409984.0
10000000,warehouse,groupby,snowflake,4,18,126.184917,12.632,50,True,97.247792,28.937125,01c6f1d6-0001-fe0c-0001-9ade000afb1e,77.0,30.0,47.0,0.0,0.0,226409984.0
10000000,warehouse,groupby,snowflake,4,19,165.848042,2.052,50,True,165.27725,0.570792,01c6f1d6-0001-fe0c-0001-9ade000afb22,85.0,33.0,52.0,0.0,0.0,226409984.0
10000000,warehouse,groupby,snowflake,4,20,103.242334,2.173,50,True,102.577042,0.665292,01c6f1d6-0001-fcf8-0001-9ade000aa5da,82.0,33.0,49.0,0.0,0.0,226409984.0
1000000,warehouse,groupby,snowflake,4,16,88.253167,2.95,50,True,87.438084,0.815083,01c6f1d6-0001-fe0c-0001-9ade000afb26,65.0,32.0,33.0,0.0,0.0,7627264.0
1000000,warehouse,groupby,snowflake,4,17,93.4315,2.886,50,True,92.429375,1.002125,01c6f1d6-0001-fcf8-0001-9ade000aa5e6,67.0,35.0,32.0,0.0,0.0,7627264.0
1000000,warehouse,groupby,snowflake,4,18,85.096791,3.014,50,True,84.090958,1.005833,01c6f1d6-0001-fe0c-0001-9ade000afb2a,62.0,32.0,30.0,0.0,0.0,7627264.0
1000000,warehouse,groupby,snowflake,4,19,143.464375,3.105,50,True,142.394833,1.069542,01c6f1d6-0001-fe0c-0001-9ade000afb2e,66.0,34.0,32.0,0.0,0.0,7627264.0
1000000,warehouse,groupby,snowflake,4,20,82.984375,2.097,50,True,82.32325,0.661125,01c6f1d6-0001-fe0c-0001-9ade000afb32,61.0,30.0,31.0,0.0,0.0,7627264.0
100000,memory,filter_project,pandas,4,16,0.439209,0.447,19886,True,,,,,,,,,
100000,memory,filter_project,pandas,4,17,0.468417,0.477,19886,True,,,,,,,,,
100000,memory,filter_project,pandas,4,18,0.379958,0.386,19886,True,,,,,,,,,
100000,memory,filter_project,pandas,4,19,0.364125,0.368,19886,True,,,,,,,,,
100000,memory,filter_project,pandas,4,20,0.350083,0.355,19886,True,,,,,,,,,
100000,memory,filter_project,duckdb,4,16,0.934375,0.95,19886,True,,,,,,,,,
100000,memory,filter_project,duckdb,4,17,0.945583,0.988,19886,True,,,,,,,,,
100000,memory,filter_project,duckdb,4,18,0.848667,0.892,19886,True,,,,,,,,,
100000,memory,filter_project,duckdb,4,19,1.055084,1.104,19886,True,,,,,,,,,
100000,memory,filter_project,duckdb,4,20,0.997167,1.034,19886,True,,,,,,,,,
10000000,memory,filter_project,duckdb,4,16,10.512291,31.345,1980090,True,,,,,,,,,
10000000,memory,filter_project,duckdb,4,17,10.354833,31.279,1980090,True,,,,,,,,,
10000000,memory,filter_project,duckdb,4,18,10.409792,31.679,1980090,True,,,,,,,,,
10000000,memory,filter_project,duckdb,4,19,10.539208,32.073,1980090,True,,,,,,,,,
10000000,memory,filter_project,duckdb,4,20,10.311125,31.104,1980090,True,,,,,,,,,
10000000,memory,filter_project,pandas,4,16,15.881583,15.892,1980090,True,,,,,,,,,
10000000,memory,filter_project,pandas,4,17,15.684458,15.694,1980090,True,,,,,,,,,
10000000,memory,filter_project,pandas,4,18,14.500583,14.51,1980090,True,,,,,,,,,
10000000,memory,filter_project,pandas,4,19,14.495208,14.505,1980090,True,,,,,,,,,
10000000,memory,filter_project,pandas,4,20,14.585875,14.598,1980090,True,,,,,,,,,
100000,warehouse,clean_derive,snowflake,4,16,350.484458,16.25,100000,True,296.596958,53.8875,01c6f1d6-0001-fe0c-0001-9ade000afb3e,202.0,29.0,173.0,0.0,0.0,973312.0
100000,warehouse,clean_derive,snowflake,4,17,328.772666,16.513,100000,True,272.134,56.638666,01c6f1d6-0001-fe0c-0001-9ade000afb42,193.0,31.0,162.0,0.0,0.0,973312.0
100000,warehouse,clean_derive,snowflake,4,18,419.288708,16.4,100000,True,326.322916,92.965792,01c6f1d6-0001-fe0c-0001-9ade000afb46,194.0,31.0,163.0,0.0,0.0,973312.0
100000,warehouse,clean_derive,snowflake,4,19,330.01075,17.085,100000,True,273.102,56.90875,01c6f1d6-0001-fcf8-0001-9ade000aa5ea,217.0,51.0,166.0,0.0,0.0,973312.0
100000,warehouse,clean_derive,snowflake,4,20,388.01925,17.278,100000,True,349.939292,38.079958,01c6f1d6-0001-fe0c-0001-9ade000afb4a,216.0,39.0,177.0,0.0,0.0,973312.0
100000,warehouse,groupby,snowflake,4,16,69.788834,2.059,50,True,69.229042,0.559792,01c6f1d6-0001-fcf8-0001-9ade000aa5f6,48.0,30.0,18.0,0.0,0.0,973312.0
100000,warehouse,groupby,snowflake,4,17,106.3815,2.939,50,True,105.382333,0.999167,01c6f1d6-0001-fcf8-0001-9ade000aa5fa,49.0,31.0,18.0,0.0,0.0,973312.0
100000,warehouse,groupby,snowflake,4,18,73.6045,1.905,50,True,73.111,0.4935,01c6f1d6-0001-fcf8-0001-9ade000aa5fe,49.0,32.0,17.0,0.0,0.0,973312.0
100000,warehouse,groupby,snowflake,4,19,74.862708,1.844,50,True,74.3705,0.492208,01c6f1d6-0001-fcf8-0001-9ade000aa602,54.0,37.0,17.0,0.0,0.0,973312.0
100000,warehouse,groupby,snowflake,4,20,70.694334,1.928,50,True,70.180625,0.513709,01c6f1d6-0001-fe0c-0001-9ade000afb4e,47.0,28.0,19.0,0.0,0.0,973312.0
1000000,memory,clean_derive,pandas,4,16,2.984542,2.994,1000000,True,,,,,,,,,
1000000,memory,clean_derive,pandas,4,17,2.856708,2.866,1000000,True,,,,,,,,,
1000000,memory,clean_derive,pandas,4,18,2.832084,2.839,1000000,True,,,,,,,,,
1000000,memory,clean_derive,pandas,4,19,2.833875,2.84,1000000,True,,,,,,,,,
1000000,memory,clean_derive,pandas,4,20,2.894167,2.89,1000000,True,,,,,,,,,
1000000,memory,clean_derive,duckdb,4,16,4.972917,13.487,1000000,True,,,,,,,,,
1000000,memory,clean_derive,duckdb,4,17,5.013791,13.298,1000000,True,,,,,,,,,
1000000,memory,clean_derive,duckdb,4,18,5.266667,14.372,1000000,True,,,,,,,,,
1000000,memory,clean_derive,duckdb,4,19,4.826875,12.243,1000000,True,,,,,,,,,
1000000,memory,clean_derive,duckdb,4,20,5.30925,13.17,1000000,True,,,,,,,,,
1000000,parquet,join_groupby,duckdb,5,21,7.682333,19.059,200,True,,,,,,,,,
1000000,parquet,join_groupby,duckdb,5,22,7.498583,18.679,200,True,,,,,,,,,
1000000,parquet,join_groupby,duckdb,5,23,7.496833,20.257,200,True,,,,,,,,,
1000000,parquet,join_groupby,duckdb,5,24,7.390083,18.632,200,True,,,,,,,,,
1000000,parquet,join_groupby,duckdb,5,25,7.364791,18.52,200,True,,,,,,,,,
1000000,parquet,join_groupby,pandas,5,21,31.557,39.904,200,True,,,,,,,,,
1000000,parquet,join_groupby,pandas,5,22,31.290166,39.127,200,True,,,,,,,,,
1000000,parquet,join_groupby,pandas,5,23,30.560333,38.356,200,True,,,,,,,,,
1000000,parquet,join_groupby,pandas,5,24,30.480959,38.199,200,True,,,,,,,,,
1000000,parquet,join_groupby,pandas,5,25,30.185375,38.234,200,True,,,,,,,,,
1000000,warehouse,join_groupby,snowflake,5,21,154.248833,5.896,200,True,151.897708,2.351125,01c6f1d6-0001-fe0c-0001-9ade000afb56,109.0,40.0,69.0,0.0,0.0,7865856.0
1000000,warehouse,join_groupby,snowflake,5,22,153.11725,4.197,200,True,151.304791,1.812459,01c6f1d6-0001-fe0c-0001-9ade000afb5a,114.0,46.0,68.0,0.0,0.0,7865856.0
1000000,warehouse,join_groupby,snowflake,5,23,153.164667,5.883,200,True,150.807083,2.357584,01c6f1d6-0001-fcf8-0001-9ade000aa60a,114.0,45.0,69.0,0.0,0.0,7865856.0
1000000,warehouse,join_groupby,snowflake,5,24,148.184625,2.543,200,True,147.379417,0.805208,01c6f1d6-0001-fcf8-0001-9ade000aa60e,106.0,39.0,67.0,0.0,0.0,7865856.0
1000000,warehouse,join_groupby,snowflake,5,25,649.890417,5.932,200,True,647.436667,2.45375,01c6f1d6-0001-fe0c-0001-9ade000afb5e,127.0,58.0,69.0,0.0,0.0,7865856.0
10000000,warehouse,groupby,snowflake,5,21,137.221167,12.317,50,True,105.574417,31.64675,01c6f1d6-0001-fe0c-0001-9ade000afb6a,81.0,32.0,49.0,0.0,0.0,226409984.0
10000000,warehouse,groupby,snowflake,5,22,188.688042,6.394,50,True,186.04625,2.641792,01c6f1d6-0001-fe0c-0001-9ade000afb6e,84.0,38.0,46.0,0.0,0.0,226409984.0
10000000,warehouse,groupby,snowflake,5,23,105.20525,3.194,50,True,104.150292,1.054958,01c6f1d6-0001-fe0c-0001-9ade000afb72,78.0,29.0,49.0,0.0,0.0,226409984.0
10000000,warehouse,groupby,snowflake,5,24,110.5235,2.591,50,True,109.82325,0.70025,01c6f1d6-0001-fcf8-0001-9ade000aa612,84.0,32.0,52.0,0.0,0.0,226409984.0
10000000,warehouse,groupby,snowflake,5,25,109.704375,2.342,50,True,108.94575,0.758625,01c6f1d6-0001-fe0c-0001-9ade000afb76,82.0,32.0,50.0,0.0,0.0,226409984.0
1000000,memory,groupby,pandas,5,21,7.364083,7.373,50,True,,,,,,,,,
1000000,memory,groupby,pandas,5,22,7.076292,7.082,50,True,,,,,,,,,
1000000,memory,groupby,pandas,5,23,7.088292,7.096,50,True,,,,,,,,,
1000000,memory,groupby,pandas,5,24,7.206875,7.212,50,True,,,,,,,,,
1000000,memory,groupby,pandas,5,25,6.976542,6.984,50,True,,,,,,,,,
1000000,memory,groupby,duckdb,5,21,2.499916,6.996,50,True,,,,,,,,,
1000000,memory,groupby,duckdb,5,22,2.314459,6.604,50,True,,,,,,,,,
1000000,memory,groupby,duckdb,5,23,2.154125,6.256,50,True,,,,,,,,,
1000000,memory,groupby,duckdb,5,24,2.144584,6.355,50,True,,,,,,,,,
1000000,memory,groupby,duckdb,5,25,2.05625,6.6,50,True,,,,,,,,,
100000,warehouse,groupby,snowflake,5,21,76.9505,2.862,50,True,76.09575,0.85475,01c6f1d6-0001-fcf8-0001-9ade000aa616,51.0,33.0,18.0,0.0,0.0,973312.0
100000,warehouse,groupby,snowflake,5,22,174.207042,5.892,50,True,171.617292,2.58975,01c6f1d6-0001-fcf8-0001-9ade000aa61a,49.0,32.0,17.0,0.0,0.0,973312.0
100000,warehouse,groupby,snowflake,5,23,85.401792,3.013,50,True,84.501042,0.90075,01c6f1d6-0001-fe0c-0001-9ade000afb82,55.0,37.0,18.0,0.0,0.0,973312.0
100000,warehouse,groupby,snowflake,5,24,73.641083,2.698,50,True,72.798083,0.843,01c6f1d6-0001-fcf8-0001-9ade000aa61e,47.0,29.0,18.0,0.0,0.0,973312.0
100000,warehouse,groupby,snowflake,5,25,176.601916,2.517,50,True,176.047083,0.554833,01c6f1d6-0001-fe0c-0001-9ade000afb86,50.0,34.0,16.0,0.0,0.0,973312.0
100000,memory,groupby,pandas,5,21,1.790792,1.8,50,True,,,,,,,,,
100000,memory,groupby,pandas,5,22,1.630083,1.636,50,True,,,,,,,,,
100000,memory,groupby,pandas,5,23,1.599541,1.605,50,True,,,,,,,,,
100000,memory,groupby,pandas,5,24,1.524375,1.531,50,True,,,,,,,,,
100000,memory,groupby,pandas,5,25,1.49625,1.501,50,True,,,,,,,,,
100000,memory,groupby,duckdb,5,21,1.052083,1.282,50,True,,,,,,,,,
100000,memory,groupby,duckdb,5,22,1.057,1.596,50,True,,,,,,,,,
100000,memory,groupby,duckdb,5,23,1.033541,1.802,50,True,,,,,,,,,
100000,memory,groupby,duckdb,5,24,1.0515,1.259,50,True,,,,,,,,,
100000,memory,groupby,duckdb,5,25,1.089292,1.295,50,True,,,,,,,,,
100000,warehouse,filter_project,snowflake,5,21,277.091333,15.982,19886,True,200.806666,76.284667,01c6f1d6-0001-fcf8-0001-9ade000aa62a,142.0,32.0,110.0,0.0,0.0,973312.0
100000,warehouse,filter_project,snowflake,5,22,360.363625,6.036,19886,True,312.160542,48.203083,01c6f1d6-0001-fe0c-0001-9ade000afb8a,127.0,31.0,96.0,0.0,0.0,973312.0
100000,warehouse,filter_project,snowflake,5,23,338.185042,14.771,19886,True,267.881209,70.303833,01c6f1d6-0001-fe0c-0001-9ade000afb8e,128.0,32.0,96.0,0.0,0.0,973312.0
100000,warehouse,filter_project,snowflake,5,24,277.042458,15.327,19886,True,201.148875,75.893583,01c6f1d6-0001-fe0c-0001-9ade000afb92,136.0,30.0,106.0,0.0,0.0,973312.0
100000,warehouse,filter_project,snowflake,5,25,315.88325,14.114,19886,True,258.525167,57.358083,01c6f1d6-0001-fe0c-0001-9ade000afb96,132.0,34.0,98.0,0.0,0.0,973312.0
1000000,memory,join_groupby,duckdb,5,21,6.191458,16.254,200,True,,,,,,,,,
1000000,memory,join_groupby,duckdb,5,22,6.041959,16.047,200,True,,,,,,,,,
1000000,memory,join_groupby,duckdb,5,23,6.091333,17.46,200,True,,,,,,,,,
1000000,memory,join_groupby,duckdb,5,24,6.28225,17.705,200,True,,,,,,,,,
1000000,memory,join_groupby,duckdb,5,25,6.194833,17.572,200,True,,,,,,,,,
1000000,memory,join_groupby,pandas,5,21,29.301,29.301,200,True,,,,,,,,,
1000000,memory,join_groupby,pandas,5,22,31.596709,31.487,200,True,,,,,,,,,
1000000,memory,join_groupby,pandas,5,23,29.035417,29.038,200,True,,,,,,,,,
1000000,memory,join_groupby,pandas,5,24,27.215833,27.218,200,True,,,,,,,,,
1000000,memory,join_groupby,pandas,5,25,32.064041,31.528,200,True,,,,,,,,,
10000000,parquet,clean_derive,pandas,5,21,72.335042,180.439,10000000,True,,,,,,,,,
10000000,parquet,clean_derive,pandas,5,22,72.139709,180.084,10000000,True,,,,,,,,,
10000000,parquet,clean_derive,pandas,5,23,73.352208,179.824,10000000,True,,,,,,,,,
10000000,parquet,clean_derive,pandas,5,24,81.794917,185.35,10000000,True,,,,,,,,,
10000000,parquet,clean_derive,pandas,5,25,79.0235,190.206,10000000,True,,,,,,,,,
10000000,parquet,clean_derive,duckdb,5,21,65.719125,228.997,10000000,True,,,,,,,,,
10000000,parquet,clean_derive,duckdb,5,22,64.524291,225.463,10000000,True,,,,,,,,,
10000000,parquet,clean_derive,duckdb,5,23,63.889709,222.925,10000000,True,,,,,,,,,
10000000,parquet,clean_derive,duckdb,5,24,65.765417,230.569,10000000,True,,,,,,,,,
10000000,parquet,clean_derive,duckdb,5,25,67.824167,233.509,10000000,True,,,,,,,,,
10000000,memory,join_groupby,duckdb,5,21,36.939125,139.46,200,True,,,,,,,,,
10000000,memory,join_groupby,duckdb,5,22,36.757,138.834,200,True,,,,,,,,,
10000000,memory,join_groupby,duckdb,5,23,36.917833,140.297,200,True,,,,,,,,,
10000000,memory,join_groupby,duckdb,5,24,37.069292,140.667,200,True,,,,,,,,,
10000000,memory,join_groupby,duckdb,5,25,37.064042,139.906,200,True,,,,,,,,,
10000000,memory,join_groupby,pandas,5,21,320.869042,320.702,200,True,,,,,,,,,
10000000,memory,join_groupby,pandas,5,22,328.823042,328.706,200,True,,,,,,,,,
10000000,memory,join_groupby,pandas,5,23,313.320583,313.297,200,True,,,,,,,,,
10000000,memory,join_groupby,pandas,5,24,315.976666,315.95,200,True,,,,,,,,,
10000000,memory,join_groupby,pandas,5,25,319.689292,319.671,200,True,,,,,,,,,
1000000,parquet,groupby,duckdb,5,21,3.805709,11.177,50,True,,,,,,,,,
1000000,parquet,groupby,duckdb,5,22,3.761291,11.18,50,True,,,,,,,,,
1000000,parquet,groupby,duckdb,5,23,3.748083,11.146,50,True,,,,,,,,,
1000000,parquet,groupby,duckdb,5,24,3.74525,11.158,50,True,,,,,,,,,
1000000,parquet,groupby,duckdb,5,25,3.656542,10.942,50,True,,,,,,,,,
1000000,parquet,groupby,pandas,5,21,10.1365,15.739,50,True,,,,,,,,,
1000000,parquet,groupby,pandas,5,22,9.932458,15.415,50,True,,,,,,,,,
1000000,parquet,groupby,pandas,5,23,9.851208,15.215,50,True,,,,,,,,,
1000000,parquet,groupby,pandas,5,24,10.276459,16.477,50,True,,,,,,,,,
1000000,parquet,groupby,pandas,5,25,9.758,15.161,50,True,,,,,,,,,
10000000,memory,clean_derive,pandas,5,21,26.949584,26.969,10000000,True,,,,,,,,,
10000000,memory,clean_derive,pandas,5,22,27.280875,27.291,10000000,True,,,,,,,,,
10000000,memory,clean_derive,pandas,5,23,27.036042,27.047,10000000,True,,,,,,,,,
10000000,memory,clean_derive,pandas,5,24,26.676209,26.688,10000000,True,,,,,,,,,
10000000,memory,clean_derive,pandas,5,25,28.619292,28.603,10000000,True,,,,,,,,,
10000000,memory,clean_derive,duckdb,5,21,35.801417,114.144,10000000,True,,,,,,,,,
10000000,memory,clean_derive,duckdb,5,22,35.271917,112.392,10000000,True,,,,,,,,,
10000000,memory,clean_derive,duckdb,5,23,35.357209,112.625,10000000,True,,,,,,,,,
10000000,memory,clean_derive,duckdb,5,24,35.220125,112.187,10000000,True,,,,,,,,,
10000000,memory,clean_derive,duckdb,5,25,35.170584,112.743,10000000,True,,,,,,,,,
1000000,memory,clean_derive,pandas,5,21,2.925917,2.936,1000000,True,,,,,,,,,
1000000,memory,clean_derive,pandas,5,22,2.84875,2.856,1000000,True,,,,,,,,,
1000000,memory,clean_derive,pandas,5,23,2.849541,2.858,1000000,True,,,,,,,,,
1000000,memory,clean_derive,pandas,5,24,2.831416,2.84,1000000,True,,,,,,,,,
1000000,memory,clean_derive,pandas,5,25,2.824708,2.832,1000000,True,,,,,,,,,
1000000,memory,clean_derive,duckdb,5,21,5.098709,14.093,1000000,True,,,,,,,,,
1000000,memory,clean_derive,duckdb,5,22,4.81275,13.422,1000000,True,,,,,,,,,
1000000,memory,clean_derive,duckdb,5,23,4.476541,12.792,1000000,True,,,,,,,,,
1000000,memory,clean_derive,duckdb,5,24,4.405625,11.662,1000000,True,,,,,,,,,
1000000,memory,clean_derive,duckdb,5,25,4.576042,12.121,1000000,True,,,,,,,,,
100000,memory,join_groupby,pandas,5,21,5.395084,5.404,200,True,,,,,,,,,
100000,memory,join_groupby,pandas,5,22,5.290208,5.296,200,True,,,,,,,,,
100000,memory,join_groupby,pandas,5,23,5.256416,5.263,200,True,,,,,,,,,
100000,memory,join_groupby,pandas,5,24,5.328333,5.334,200,True,,,,,,,,,
100000,memory,join_groupby,pandas,5,25,5.099083,5.104,200,True,,,,,,,,,
100000,memory,join_groupby,duckdb,5,21,3.589,3.734,200,True,,,,,,,,,
100000,memory,join_groupby,duckdb,5,22,3.627542,3.823,200,True,,,,,,,,,
100000,memory,join_groupby,duckdb,5,23,3.749208,3.936,200,True,,,,,,,,,
100000,memory,join_groupby,duckdb,5,24,3.665875,3.903,200,True,,,,,,,,,
100000,memory,join_groupby,duckdb,5,25,4.0735,4.223,200,True,,,,,,,,,
10000000,parquet,filter_project,pandas,5,21,57.582584,202.652,1980090,True,,,,,,,,,
10000000,parquet,filter_project,pandas,5,22,57.176833,201.268,1980090,True,,,,,,,,,
10000000,parquet,filter_project,pandas,5,23,56.798375,199.984,1980090,True,,,,,,,,,
10000000,parquet,filter_project,pandas,5,24,56.405167,198.794,1980090,True,,,,,,,,,
10000000,parquet,filter_project,pandas,5,25,58.081417,201.856,1980090,True,,,,,,,,,
10000000,parquet,filter_project,duckdb,5,21,46.317042,169.153,1980090,True,,,,,,,,,
10000000,parquet,filter_project,duckdb,5,22,45.6345,166.432,1980090,True,,,,,,,,,
10000000,parquet,filter_project,duckdb,5,23,46.166333,167.177,1980090,True,,,,,,,,,
10000000,parquet,filter_project,duckdb,5,24,44.934416,164.257,1980090,True,,,,,,,,,
10000000,parquet,filter_project,duckdb,5,25,46.5935,169.684,1980090,True,,,,,,,,,
10000000,parquet,join_groupby,duckdb,5,21,43.772958,162.317,200,True,,,,,,,,,
10000000,parquet,join_groupby,duckdb,5,22,42.978708,159.664,200,True,,,,,,,,,
10000000,parquet,join_groupby,duckdb,5,23,43.727125,161.107,200,True,,,,,,,,,
10000000,parquet,join_groupby,duckdb,5,24,43.102916,159.591,200,True,,,,,,,,,
10000000,parquet,join_groupby,duckdb,5,25,43.851458,162.945,200,True,,,,,,,,,
10000000,parquet,join_groupby,pandas,5,21,348.034,428.039,200,True,,,,,,,,,
10000000,parquet,join_groupby,pandas,5,22,353.131541,430.259,200,True,,,,,,,,,
10000000,parquet,join_groupby,pandas,5,23,349.411667,427.857,200,True,,,,,,,,,
10000000,parquet,join_groupby,pandas,5,24,346.8085,423.673,200,True,,,,,,,,,
10000000,parquet,join_groupby,pandas,5,25,343.328708,420.119,200,True,,,,,,,,,
10000000,warehouse,join_groupby,snowflake,5,21,191.030791,3.956,200,True,189.598291,1.4325,01c6f1d6-0001-fe0c-0001-9ade000afb9e,144.0,47.0,97.0,0.0,0.0,215970304.0
10000000,warehouse,join_groupby,snowflake,5,22,185.247875,6.509,200,True,182.960875,2.287,01c6f1d6-0001-fe0c-0001-9ade000afba2,143.0,44.0,99.0,0.0,0.0,226648576.0
10000000,warehouse,join_groupby,snowflake,5,23,855.611292,6.392,200,True,853.031459,2.579833,01c6f1d6-0001-fe0c-0001-9ade000afba6,134.0,45.0,89.0,0.0,0.0,215969792.0
10000000,warehouse,join_groupby,snowflake,5,24,555.405708,3.596,200,True,554.177458,1.22825,01c6f1d6-0001-fcf8-0001-9ade000aa632,505.0,48.0,457.0,0.0,0.0,226648576.0
10000000,warehouse,join_groupby,snowflake,5,25,214.671375,4.186,200,True,212.997166,1.674209,01c6f1d6-0001-fcf8-0001-9ade000aa636,173.0,54.0,119.0,0.0,0.0,215970304.0
10000000,warehouse,filter_project,snowflake,5,21,1472.979958,294.783,1980090,True,374.70025,1098.279708,01c6f1d6-0001-fe0c-0001-9ade000afbb2,264.0,34.0,230.0,0.0,0.0,215731200.0
10000000,warehouse,filter_project,snowflake,5,22,1488.488291,295.063,1980090,True,405.519041,1082.96925,01c6f1d7-0001-fcf8-0001-9ade000aa63a,304.0,41.0,263.0,0.0,0.0,205052928.0
10000000,warehouse,filter_project,snowflake,5,23,1489.480083,301.505,1980090,True,416.732583,1072.7475,01c6f1d7-0001-fe0c-0001-9ade000afbb6,291.0,34.0,257.0,0.0,0.0,226409984.0
10000000,warehouse,filter_project,snowflake,5,24,1526.4555,295.185,1980090,True,437.84925,1088.60625,01c6f1d7-0001-fe0c-0001-9ade000afbba,266.0,30.0,236.0,0.0,0.0,226409984.0
10000000,warehouse,filter_project,snowflake,5,25,1542.833792,358.453,1980090,True,334.775875,1208.057917,01c6f1d7-0001-fe0c-0001-9ade000afbbe,270.0,37.0,233.0,0.0,0.0,226409984.0
1000000,warehouse,filter_project,snowflake,5,21,436.191083,27.529,198279,True,322.626958,113.564125,01c6f1d7-0001-fcf8-0001-9ade000aa646,243.0,36.0,207.0,0.0,0.0,7627264.0
1000000,warehouse,filter_project,snowflake,5,22,496.651375,40.837,198279,True,371.798166,124.853209,01c6f1d7-0001-fcf8-0001-9ade000aa64a,276.0,38.0,238.0,0.0,0.0,7627264.0
1000000,warehouse,filter_project,snowflake,5,23,463.062417,40.74,198279,True,367.262708,95.799709,01c6f1d7-0001-fe0c-0001-9ade000afbc6,240.0,35.0,205.0,0.0,0.0,7627264.0
1000000,warehouse,filter_project,snowflake,5,24,535.250167,44.346,198279,True,437.244042,98.006125,01c6f1d7-0001-fcf8-0001-9ade000aa64e,275.0,37.0,238.0,0.0,0.0,7627264.0
1000000,warehouse,filter_project,snowflake,5,25,408.312208,46.552,198279,True,319.849292,88.462916,01c6f1d7-0001-fe0c-0001-9ade000afbca,254.0,37.0,217.0,0.0,0.0,7627264.0
10000000,memory,filter_project,pandas,5,21,14.597916,14.607,1980090,True,,,,,,,,,
10000000,memory,filter_project,pandas,5,22,14.355083,14.365,1980090,True,,,,,,,,,
10000000,memory,filter_project,pandas,5,23,14.342209,14.351,1980090,True,,,,,,,,,
10000000,memory,filter_project,pandas,5,24,14.346709,14.356,1980090,True,,,,,,,,,
10000000,memory,filter_project,pandas,5,25,14.315917,14.325,1980090,True,,,,,,,,,
10000000,memory,filter_project,duckdb,5,21,10.478375,31.641,1980090,True,,,,,,,,,
10000000,memory,filter_project,duckdb,5,22,10.565,32.001,1980090,True,,,,,,,,,
10000000,memory,filter_project,duckdb,5,23,10.840875,32.952,1980090,True,,,,,,,,,
10000000,memory,filter_project,duckdb,5,24,10.592708,32.1,1980090,True,,,,,,,,,
10000000,memory,filter_project,duckdb,5,25,10.347667,31.177,1980090,True,,,,,,,,,
100000,memory,clean_derive,duckdb,5,21,1.533666,1.567,100000,True,,,,,,,,,
100000,memory,clean_derive,duckdb,5,22,1.445541,1.476,100000,True,,,,,,,,,
100000,memory,clean_derive,duckdb,5,23,1.417041,1.448,100000,True,,,,,,,,,
100000,memory,clean_derive,duckdb,5,24,1.419458,1.453,100000,True,,,,,,,,,
100000,memory,clean_derive,duckdb,5,25,1.407208,1.44,100000,True,,,,,,,,,
100000,memory,clean_derive,pandas,5,21,0.526083,0.532,100000,True,,,,,,,,,
100000,memory,clean_derive,pandas,5,22,0.462834,0.467,100000,True,,,,,,,,,
100000,memory,clean_derive,pandas,5,23,0.442542,0.448,100000,True,,,,,,,,,
100000,memory,clean_derive,pandas,5,24,0.440292,0.444,100000,True,,,,,,,,,
100000,memory,clean_derive,pandas,5,25,0.434541,0.44,100000,True,,,,,,,,,
1000000,memory,filter_project,duckdb,5,21,1.704417,3.834,198279,True,,,,,,,,,
1000000,memory,filter_project,duckdb,5,22,1.555958,3.915,198279,True,,,,,,,,,
1000000,memory,filter_project,duckdb,5,23,1.472916,3.554,198279,True,,,,,,,,,
1000000,memory,filter_project,duckdb,5,24,1.527042,3.666,198279,True,,,,,,,,,
1000000,memory,filter_project,duckdb,5,25,1.571959,3.731,198279,True,,,,,,,,,
1000000,memory,filter_project,pandas,5,21,1.773583,1.782,198279,True,,,,,,,,,
1000000,memory,filter_project,pandas,5,22,1.823375,1.832,198279,True,,,,,,,,,
1000000,memory,filter_project,pandas,5,23,1.687833,1.698,198279,True,,,,,,,,,
1000000,memory,filter_project,pandas,5,24,1.613833,1.62,198279,True,,,,,,,,,
1000000,memory,filter_project,pandas,5,25,1.622458,1.628,198279,True,,,,,,,,,
10000000,memory,groupby,pandas,5,21,60.417042,60.417,50,True,,,,,,,,,
10000000,memory,groupby,pandas,5,22,59.875209,59.881,50,True,,,,,,,,,
10000000,memory,groupby,pandas,5,23,59.916875,59.912,50,True,,,,,,,,,
10000000,memory,groupby,pandas,5,24,60.119791,60.126,50,True,,,,,,,,,
10000000,memory,groupby,pandas,5,25,59.982834,59.99,50,True,,,,,,,,,
10000000,memory,groupby,duckdb,5,21,13.761708,52.31,50,True,,,,,,,,,
10000000,memory,groupby,duckdb,5,22,13.853334,53.285,50,True,,,,,,,,,
10000000,memory,groupby,duckdb,5,23,13.403666,51.269,50,True,,,,,,,,,
10000000,memory,groupby,duckdb,5,24,14.08075,54.397,50,True,,,,,,,,,
10000000,memory,groupby,duckdb,5,25,13.976959,53.734,50,True,,,,,,,,,
1000000,parquet,filter_project,duckdb,5,21,6.094625,19.732,198279,True,,,,,,,,,
1000000,parquet,filter_project,duckdb,5,22,6.068875,19.493,198279,True,,,,,,,,,
1000000,parquet,filter_project,duckdb,5,23,5.692917,17.277,198279,True,,,,,,,,,
1000000,parquet,filter_project,duckdb,5,24,5.836167,18.792,198279,True,,,,,,,,,
1000000,parquet,filter_project,duckdb,5,25,5.849333,17.627,198279,True,,,,,,,,,
1000000,parquet,filter_project,pandas,5,21,7.218333,20.799,198279,True,,,,,,,,,
1000000,parquet,filter_project,pandas,5,22,7.014459,20.782,198279,True,,,,,,,,,
1000000,parquet,filter_project,pandas,5,23,7.228916,20.969,198279,True,,,,,,,,,
1000000,parquet,filter_project,pandas,5,24,8.09075,22.857,198279,True,,,,,,,,,
1000000,parquet,filter_project,pandas,5,25,8.2185,23.005,198279,True,,,,,,,,,
100000,parquet,filter_project,pandas,5,21,2.535,3.3,19886,True,,,,,,,,,
100000,parquet,filter_project,pandas,5,22,2.23475,3.003,19886,True,,,,,,,,,
100000,parquet,filter_project,pandas,5,23,2.404875,3.141,19886,True,,,,,,,,,
100000,parquet,filter_project,pandas,5,24,2.426375,3.149,19886,True,,,,,,,,,
100000,parquet,filter_project,pandas,5,25,2.29125,3.018,19886,True,,,,,,,,,
100000,parquet,filter_project,duckdb,5,21,2.592084,2.63,19886,True,,,,,,,,,
100000,parquet,filter_project,duckdb,5,22,2.267708,2.318,19886,True,,,,,,,,,
100000,parquet,filter_project,duckdb,5,23,2.232833,2.28,19886,True,,,,,,,,,
100000,parquet,filter_project,duckdb,5,24,2.058,2.095,19886,True,,,,,,,,,
100000,parquet,filter_project,duckdb,5,25,2.112667,2.171,19886,True,,,,,,,,,
10000000,parquet,groupby,duckdb,5,21,27.298083,103.065,50,True,,,,,,,,,
10000000,parquet,groupby,duckdb,5,22,27.531791,104.232,50,True,,,,,,,,,
10000000,parquet,groupby,duckdb,5,23,27.975958,105.643,50,True,,,,,,,,,
10000000,parquet,groupby,duckdb,5,24,27.601375,104.269,50,True,,,,,,,,,
10000000,parquet,groupby,duckdb,5,25,27.607833,104.805,50,True,,,,,,,,,
10000000,parquet,groupby,pandas,5,21,85.826541,144.284,50,True,,,,,,,,,
10000000,parquet,groupby,pandas,5,22,80.790167,137.789,50,True,,,,,,,,,
10000000,parquet,groupby,pandas,5,23,83.902709,148.388,50,True,,,,,,,,,
10000000,parquet,groupby,pandas,5,24,81.189459,136.631,50,True,,,,,,,,,
10000000,parquet,groupby,pandas,5,25,79.729333,133.041,50,True,,,,,,,,,
1000000,warehouse,clean_derive,snowflake,5,21,740.191791,93.048,1000000,True,597.925583,142.266208,01c6f1d7-0001-fe0c-0001-9ade000afbce,418.0,34.0,384.0,0.0,0.0,7627264.0
1000000,warehouse,clean_derive,snowflake,5,22,711.610416,96.187,1000000,True,485.199166,226.41125,01c6f1d7-0001-fe0c-0001-9ade000afbd2,425.0,32.0,393.0,0.0,0.0,7627264.0
1000000,warehouse,clean_derive,snowflake,5,23,790.942375,80.142,1000000,True,651.106791,139.835584,01c6f1d7-0001-fcf8-0001-9ade000aa65a,451.0,54.0,397.0,0.0,0.0,7627264.0
1000000,warehouse,clean_derive,snowflake,5,24,627.887875,79.217,1000000,True,492.473,135.414875,01c6f1d7-0001-fe0c-0001-9ade000afbd6,432.0,33.0,399.0,0.0,0.0,7627264.0
1000000,warehouse,clean_derive,snowflake,5,25,631.309333,91.698,1000000,True,489.259666,142.049667,01c6f1d7-0001-fcf8-0001-9ade000aa65e,430.0,39.0,391.0,0.0,0.0,7627264.0
100000,warehouse,clean_derive,snowflake,5,21,309.650542,31.712,100000,True,259.675709,49.974833,01c6f1d7-0001-fe0c-0001-9ade000afbe2,197.0,33.0,164.0,0.0,0.0,973312.0
100000,warehouse,clean_derive,snowflake,5,22,370.953459,9.577,100000,True,330.416459,40.537,01c6f1d7-0001-fcf8-0001-9ade000aa662,211.0,38.0,173.0,0.0,0.0,973312.0
100000,warehouse,clean_derive,snowflake,5,23,333.322,29.351,100000,True,284.363625,48.958375,01c6f1d7-0001-fe0c-0001-9ade000afbe6,225.0,35.0,190.0,0.0,0.0,973312.0
100000,warehouse,clean_derive,snowflake,5,24,375.248875,27.657,100000,True,248.777208,126.471667,01c6f1d7-0001-fe0c-0001-9ade000afbea,191.0,30.0,161.0,0.0,0.0,973312.0
100000,warehouse,clean_derive,snowflake,5,25,474.847,27.134,100000,True,349.018833,125.828167,01c6f1d7-0001-fcf8-0001-9ade000aa666,199.0,35.0,164.0,0.0,0.0,973312.0
1000000,warehouse,groupby,snowflake,5,21,135.756292,6.043,50,True,133.404709,2.351583,01c6f1d7-0001-fe0c-0001-9ade000afbf2,63.0,31.0,32.0,0.0,0.0,7627264.0
1000000,warehouse,groupby,snowflake,5,22,90.587208,2.993,50,True,89.596167,0.991041,01c6f1d7-0001-fe0c-0001-9ade000afbf6,66.0,36.0,30.0,0.0,0.0,7627264.0
1000000,warehouse,groupby,snowflake,5,23,97.414583,3.076,50,True,96.448333,0.96625,01c6f1d7-0001-fcf8-0001-9ade000aa66e,67.0,35.0,32.0,0.0,0.0,7627264.0
1000000,warehouse,groupby,snowflake,5,24,94.803667,2.997,50,True,93.806875,0.996792,01c6f1d7-0001-fcf8-0001-9ade000aa672,66.0,35.0,31.0,0.0,0.0,7627264.0
1000000,warehouse,groupby,snowflake,5,25,135.674,11.619,50,True,134.884709,0.789291,01c6f1d7-0001-fe0c-0001-9ade000afbfa,72.0,33.0,39.0,0.0,0.0,7627264.0
100000,memory,filter_project,pandas,5,21,0.431667,0.44,19886,True,,,,,,,,,
100000,memory,filter_project,pandas,5,22,0.362333,0.367,19886,True,,,,,,,,,
100000,memory,filter_project,pandas,5,23,0.363375,0.368,19886,True,,,,,,,,,
100000,memory,filter_project,pandas,5,24,0.340834,0.346,19886,True,,,,,,,,,
100000,memory,filter_project,pandas,5,25,0.33375,0.338,19886,True,,,,,,,,,
100000,memory,filter_project,duckdb,5,21,0.89125,0.926,19886,True,,,,,,,,,
100000,memory,filter_project,duckdb,5,22,0.816541,0.85,19886,True,,,,,,,,,
100000,memory,filter_project,duckdb,5,23,0.876375,0.882,19886,True,,,,,,,,,
100000,memory,filter_project,duckdb,5,24,0.999625,1.319,19886,True,,,,,,,,,
100000,memory,filter_project,duckdb,5,25,0.901833,1.181,19886,True,,,,,,,,,
1000000,parquet,clean_derive,pandas,5,21,8.434542,19.284,1000000,True,,,,,,,,,
1000000,parquet,clean_derive,pandas,5,22,8.23975,18.681,1000000,True,,,,,,,,,
1000000,parquet,clean_derive,pandas,5,23,8.226375,18.683,1000000,True,,,,,,,,,
1000000,parquet,clean_derive,pandas,5,24,8.317375,18.745,1000000,True,,,,,,,,,
1000000,parquet,clean_derive,pandas,5,25,8.220667,18.69,1000000,True,,,,,,,,,
1000000,parquet,clean_derive,duckdb,5,21,7.971833,23.191,1000000,True,,,,,,,,,
1000000,parquet,clean_derive,duckdb,5,22,7.871166,24.991,1000000,True,,,,,,,,,
1000000,parquet,clean_derive,duckdb,5,23,8.259792,24.614,1000000,True,,,,,,,,,
1000000,parquet,clean_derive,duckdb,5,24,7.942542,22.964,1000000,True,,,,,,,,,
1000000,parquet,clean_derive,duckdb,5,25,7.978833,23.027,1000000,True,,,,,,,,,
100000,parquet,clean_derive,pandas,5,21,1.973791,2.931,100000,True,,,,,,,,,
100000,parquet,clean_derive,pandas,5,22,1.837375,2.714,100000,True,,,,,,,,,
100000,parquet,clean_derive,pandas,5,23,1.830125,2.743,100000,True,,,,,,,,,
100000,parquet,clean_derive,pandas,5,24,1.837417,2.746,100000,True,,,,,,,,,
100000,parquet,clean_derive,pandas,5,25,1.75425,2.626,100000,True,,,,,,,,,
100000,parquet,clean_derive,duckdb,5,21,2.981,3.016,100000,True,,,,,,,,,
100000,parquet,clean_derive,duckdb,5,22,3.015417,3.049,100000,True,,,,,,,,,
100000,parquet,clean_derive,duckdb,5,23,2.852542,2.885,100000,True,,,,,,,,,
100000,parquet,clean_derive,duckdb,5,24,2.803667,2.838,100000,True,,,,,,,,,
100000,parquet,clean_derive,duckdb,5,25,2.750417,2.787,100000,True,,,,,,,,,
100000,warehouse,join_groupby,snowflake,5,21,113.64675,3.492,200,True,112.536291,1.110459,01c6f1d7-0001-fe0c-0001-9ade000afc06,77.0,45.0,32.0,0.0,0.0,1211904.0
100000,warehouse,join_groupby,snowflake,5,22,134.052458,2.656,200,True,133.258333,0.794125,01c6f1d7-0001-fcf8-0001-9ade000aa676,79.0,46.0,33.0,0.0,0.0,1211904.0
100000,warehouse,join_groupby,snowflake,5,23,119.632541,2.363,200,True,118.964375,0.668166,01c6f1d7-0001-fe0c-0001-9ade000afc0a,84.0,53.0,31.0,0.0,0.0,1211904.0
100000,warehouse,join_groupby,snowflake,5,24,118.602375,2.401,200,True,117.995625,0.60675,01c6f1d7-0001-fcf8-0001-9ade000aa67a,84.0,52.0,32.0,0.0,0.0,1211904.0
100000,warehouse,join_groupby,snowflake,5,25,107.027333,2.902,200,True,106.079958,0.947375,01c6f1d7-0001-fe0c-0001-9ade000afc0e,68.0,38.0,30.0,0.0,0.0,1211904.0
10000000,warehouse,clean_derive,snowflake,5,21,2764.713,953.897,10000000,True,683.658125,2081.054875,01c6f1d7-0001-fe0c-0001-9ade000afc16,619.0,36.0,583.0,0.0,0.0,226409984.0
10000000,warehouse,clean_derive,snowflake,5,22,3720.1305,1143.682,10000000,True,654.607125,3065.523375,01c6f1d7-0001-fe0c-0001-9ade000afc1a,586.0,31.0,555.0,0.0,0.0,226409984.0
10000000,warehouse,clean_derive,snowflake,5,23,3599.364833,1179.816,10000000,True,653.956542,2945.408291,01c6f1d7-0001-fcf8-0001-9ade000aa682,583.0,43.0,540.0,0.0,0.0,226409984.0
10000000,warehouse,clean_derive,snowflake,5,24,3775.692542,1347.965,10000000,True,654.516167,3121.176375,01c6f1d7-0001-fcf8-0001-9ade000aa686,592.0,38.0,554.0,0.0,0.0,226409984.0
10000000,warehouse,clean_derive,snowflake,5,25,4061.174708,1362.902,10000000,True,727.572417,3333.602291,01c6f1d7-0001-fcf8-0001-9ade000aa68a,634.0,39.0,595.0,0.0,0.0,226409984.0
100000,parquet,groupby,pandas,5,21,3.120208,3.507,50,True,,,,,,,,,
100000,parquet,groupby,pandas,5,22,2.690333,3.058,50,True,,,,,,,,,
100000,parquet,groupby,pandas,5,23,2.665333,3.055,50,True,,,,,,,,,
100000,parquet,groupby,pandas,5,24,2.722,3.091,50,True,,,,,,,,,
100000,parquet,groupby,pandas,5,25,2.702167,3.08,50,True,,,,,,,,,
100000,parquet,groupby,duckdb,5,21,1.63925,1.701,50,True,,,,,,,,,
100000,parquet,groupby,duckdb,5,22,1.441209,1.502,50,True,,,,,,,,,
100000,parquet,groupby,duckdb,5,23,1.361625,1.418,50,True,,,,,,,,,
100000,parquet,groupby,duckdb,5,24,1.3855,1.444,50,True,,,,,,,,,
100000,parquet,groupby,duckdb,5,25,1.454875,2.534,50,True,,,,,,,,,
100000,parquet,join_groupby,duckdb,5,21,4.257166,6.301,200,True,,,,,,,,,
100000,parquet,join_groupby,duckdb,5,22,4.056416,5.751,200,True,,,,,,,,,
100000,parquet,join_groupby,duckdb,5,23,4.052292,4.568,200,True,,,,,,,,,
100000,parquet,join_groupby,duckdb,5,24,4.081208,6.068,200,True,,,,,,,,,
100000,parquet,join_groupby,duckdb,5,25,4.00225,4.504,200,True,,,,,,,,,
100000,parquet,join_groupby,pandas,5,21,7.44075,8.264,200,True,,,,,,,,,
100000,parquet,join_groupby,pandas,5,22,7.0985,7.836,200,True,,,,,,,,,
100000,parquet,join_groupby,pandas,5,23,6.768916,7.478,200,True,,,,,,,,,
100000,parquet,join_groupby,pandas,5,24,7.114125,7.82,200,True,,,,,,,,,
100000,parquet,join_groupby,pandas,5,25,6.907916,7.675,200,True,,,,,,,,,
100000,parquet,groupby,pandas,6,26,2.829083,3.237,50,True,,,,,,,,,
100000,parquet,groupby,pandas,6,27,2.634834,2.996,50,True,,,,,,,,,
100000,parquet,groupby,pandas,6,28,2.55975,2.906,50,True,,,,,,,,,
100000,parquet,groupby,pandas,6,29,2.607041,2.969,50,True,,,,,,,,,
100000,parquet,groupby,pandas,6,30,2.475208,2.835,50,True,,,,,,,,,
100000,parquet,groupby,duckdb,6,26,1.530292,1.593,50,True,,,,,,,,,
100000,parquet,groupby,duckdb,6,27,1.472458,1.551,50,True,,,,,,,,,
100000,parquet,groupby,duckdb,6,28,1.547917,1.612,50,True,,,,,,,,,
100000,parquet,groupby,duckdb,6,29,1.428042,1.485,50,True,,,,,,,,,
100000,parquet,groupby,duckdb,6,30,1.387791,1.475,50,True,,,,,,,,,
10000000,parquet,groupby,pandas,6,26,80.198458,136.974,50,True,,,,,,,,,
10000000,parquet,groupby,pandas,6,27,80.001125,135.083,50,True,,,,,,,,,
10000000,parquet,groupby,pandas,6,28,79.805125,136.162,50,True,,,,,,,,,
10000000,parquet,groupby,pandas,6,29,79.42475,134.67,50,True,,,,,,,,,
10000000,parquet,groupby,pandas,6,30,82.297958,136.149,50,True,,,,,,,,,
10000000,parquet,groupby,duckdb,6,26,27.498667,104.011,50,True,,,,,,,,,
10000000,parquet,groupby,duckdb,6,27,27.392958,103.569,50,True,,,,,,,,,
10000000,parquet,groupby,duckdb,6,28,29.794708,112.295,50,True,,,,,,,,,
10000000,parquet,groupby,duckdb,6,29,28.458208,107.202,50,True,,,,,,,,,
10000000,parquet,groupby,duckdb,6,30,28.171625,106.627,50,True,,,,,,,,,
1000000,warehouse,groupby,snowflake,6,26,113.923666,2.425,50,True,113.339333,0.584333,01c6f1d8-0001-fcf8-0001-9ade000aa68e,70.0,38.0,32.0,0.0,0.0,7627264.0
1000000,warehouse,groupby,snowflake,6,27,709.856375,5.829,50,True,707.51975,2.336625,01c6f1d8-0001-fcf8-0001-9ade000aa692,92.0,55.0,37.0,0.0,0.0,7627264.0
1000000,warehouse,groupby,snowflake,6,28,100.264833,2.397,50,True,99.681208,0.583625,01c6f1d8-0001-fcf8-0001-9ade000aa696,75.0,42.0,33.0,0.0,0.0,7627264.0
1000000,warehouse,groupby,snowflake,6,29,145.706042,3.41,50,True,144.509542,1.1965,01c6f1d8-0001-fe0c-0001-9ade000afc26,105.0,69.0,36.0,0.0,0.0,7627264.0
1000000,warehouse,groupby,snowflake,6,30,128.142166,5.873,50,True,125.765375,2.376791,01c6f1d8-0001-fe0c-0001-9ade000afc2a,93.0,65.0,28.0,0.0,0.0,7627264.0
10000000,memory,join_groupby,duckdb,6,26,37.061584,141.106,200,True,,,,,,,,,
10000000,memory,join_groupby,duckdb,6,27,36.876417,140.451,200,True,,,,,,,,,
10000000,memory,join_groupby,duckdb,6,28,36.888875,139.681,200,True,,,,,,,,,
10000000,memory,join_groupby,duckdb,6,29,36.984292,141.115,200,True,,,,,,,,,
10000000,memory,join_groupby,duckdb,6,30,36.834583,141.071,200,True,,,,,,,,,
10000000,memory,join_groupby,pandas,6,26,335.266875,335.111,200,True,,,,,,,,,
10000000,memory,join_groupby,pandas,6,27,331.114042,330.876,200,True,,,,,,,,,
10000000,memory,join_groupby,pandas,6,28,314.991917,314.95,200,True,,,,,,,,,
10000000,memory,join_groupby,pandas,6,29,319.126083,319.107,200,True,,,,,,,,,
10000000,memory,join_groupby,pandas,6,30,314.80025,314.783,200,True,,,,,,,,,
1000000,warehouse,clean_derive,snowflake,6,26,719.931208,96.177,1000000,True,558.603916,161.327292,01c6f1d8-0001-fe0c-0001-9ade000afc36,472.0,59.0,413.0,0.0,0.0,7627264.0
1000000,warehouse,clean_derive,snowflake,6,27,770.911834,81.456,1000000,True,522.799334,248.1125,01c6f1d8-0001-fe0c-0001-9ade000afc3a,452.0,51.0,401.0,0.0,0.0,7627264.0
1000000,warehouse,clean_derive,snowflake,6,28,707.191959,95.38,1000000,True,529.6055,177.586459,01c6f1d8-0001-fe0c-0001-9ade000afc3e,437.0,45.0,392.0,0.0,0.0,7627264.0
1000000,warehouse,clean_derive,snowflake,6,29,774.560542,105.824,1000000,True,487.729,286.831542,01c6f1d8-0001-fe0c-0001-9ade000afc42,424.0,33.0,391.0,0.0,0.0,7627264.0
1000000,warehouse,clean_derive,snowflake,6,30,767.288792,92.48,1000000,True,610.758584,156.530208,01c6f1d8-0001-fe0c-0001-9ade000afc46,452.0,44.0,408.0,0.0,0.0,7627264.0
100000,memory,groupby,duckdb,6,26,1.163958,2.083,50,True,,,,,,,,,
100000,memory,groupby,duckdb,6,27,1.019625,1.249,50,True,,,,,,,,,
100000,memory,groupby,duckdb,6,28,0.997375,1.198,50,True,,,,,,,,,
100000,memory,groupby,duckdb,6,29,1.06325,1.248,50,True,,,,,,,,,
100000,memory,groupby,duckdb,6,30,0.997959,1.22,50,True,,,,,,,,,
100000,memory,groupby,pandas,6,26,2.014833,2.023,50,True,,,,,,,,,
100000,memory,groupby,pandas,6,27,1.782041,1.788,50,True,,,,,,,,,
100000,memory,groupby,pandas,6,28,1.588167,1.594,50,True,,,,,,,,,
100000,memory,groupby,pandas,6,29,1.492708,1.499,50,True,,,,,,,,,
100000,memory,groupby,pandas,6,30,1.482,1.485,50,True,,,,,,,,,
10000000,warehouse,filter_project,snowflake,6,26,1552.623625,331.131,1980090,True,446.674625,1105.949,01c6f1d8-0001-fcf8-0001-9ade000aa69e,384.0,34.0,350.0,0.0,0.0,226409984.0
10000000,warehouse,filter_project,snowflake,6,27,1211.767625,285.908,1980090,True,451.019125,760.7485,01c6f1d8-0001-fcf8-0001-9ade000aa6a2,302.0,38.0,264.0,0.0,0.0,226409984.0
10000000,warehouse,filter_project,snowflake,6,28,1333.149375,294.037,1980090,True,459.375708,873.773667,01c6f1d8-0001-fe0c-0001-9ade000afc4e,310.0,38.0,272.0,0.0,0.0,215731712.0
10000000,warehouse,filter_project,snowflake,6,29,1513.048291,340.743,1980090,True,369.039666,1144.008625,01c6f1d8-0001-fcf8-0001-9ade000aa6a6,288.0,38.0,250.0,0.0,0.0,226409984.0
10000000,warehouse,filter_project,snowflake,6,30,1630.308583,357.253,1980090,True,365.247541,1265.061042,01c6f1d8-0001-fcf8-0001-9ade000aa6aa,305.0,36.0,269.0,0.0,0.0,226409984.0
100000,warehouse,groupby,snowflake,6,26,129.607958,6.26,50,True,127.229958,2.378,01c6f1d8-0001-fcf8-0001-9ade000aa6b6,48.0,31.0,17.0,0.0,0.0,973312.0
100000,warehouse,groupby,snowflake,6,27,103.549417,2.985,50,True,102.621833,0.927584,01c6f1d8-0001-fe0c-0001-9ade000afc52,56.0,38.0,18.0,0.0,0.0,973312.0
100000,warehouse,groupby,snowflake,6,28,84.89775,2.848,50,True,83.973917,0.923833,01c6f1d8-0001-fcf8-0001-9ade000aa6ba,54.0,36.0,18.0,0.0,0.0,973312.0
100000,warehouse,groupby,snowflake,6,29,84.688833,2.492,50,True,84.01375,0.675083,01c6f1d8-0001-fcf8-0001-9ade000aa6be,49.0,30.0,19.0,0.0,0.0,973312.0
100000,warehouse,groupby,snowflake,6,30,115.890333,2.081,50,True,115.368125,0.522208,01c6f1d8-0001-fcf8-0001-9ade000aa6c2,49.0,33.0,16.0,0.0,0.0,973312.0
10000000,warehouse,clean_derive,snowflake,6,26,5400.98825,1401.492,10000000,True,856.895833,4544.092417,01c6f1d8-0001-fcf8-0001-9ade000aa6c6,670.0,44.0,626.0,0.0,0.0,226409984.0
10000000,warehouse,clean_derive,snowflake,6,27,3779.569292,1226.289,10000000,True,729.254542,3050.31475,01c6f1d8-0001-fcf8-0001-9ade000aa6ca,663.0,45.0,618.0,0.0,0.0,226409984.0
10000000,warehouse,clean_derive,snowflake,6,28,3033.8995,1036.852,10000000,True,708.639792,2325.259708,01c6f1d8-0001-fe0c-0001-9ade000afc5e,624.0,41.0,583.0,0.0,0.0,226409984.0
10000000,warehouse,clean_derive,snowflake,6,29,4300.386708,1136.677,10000000,True,1527.643125,2772.743583,01c6f1d8-0001-fe0c-0001-9ade000afc62,1451.0,47.0,1404.0,0.0,0.0,226409984.0
10000000,warehouse,clean_derive,snowflake,6,30,6065.664,1575.847,10000000,True,722.429125,5343.234875,01c6f1d8-0001-fe0c-0001-9ade000afc66,610.0,44.0,566.0,0.0,0.0,226409984.0
10000000,memory,groupby,pandas,6,26,61.604333,61.615,50,True,,,,,,,,,
10000000,memory,groupby,pandas,6,27,60.013125,60.011,50,True,,,,,,,,,
10000000,memory,groupby,pandas,6,28,59.938334,59.945,50,True,,,,,,,,,
10000000,memory,groupby,pandas,6,29,59.138458,59.134,50,True,,,,,,,,,
10000000,memory,groupby,pandas,6,30,59.159666,59.165,50,True,,,,,,,,,
10000000,memory,groupby,duckdb,6,26,13.840041,53.039,50,True,,,,,,,,,
10000000,memory,groupby,duckdb,6,27,13.426667,51.182,50,True,,,,,,,,,
10000000,memory,groupby,duckdb,6,28,13.370541,51.655,50,True,,,,,,,,,
10000000,memory,groupby,duckdb,6,29,13.124875,50.445,50,True,,,,,,,,,
10000000,memory,groupby,duckdb,6,30,13.151333,50.588,50,True,,,,,,,,,
1000000,memory,clean_derive,duckdb,6,26,4.844959,13.684,1000000,True,,,,,,,,,
1000000,memory,clean_derive,duckdb,6,27,4.581792,12.437,1000000,True,,,,,,,,,
1000000,memory,clean_derive,duckdb,6,28,4.535541,11.982,1000000,True,,,,,,,,,
1000000,memory,clean_derive,duckdb,6,29,4.326333,11.438,1000000,True,,,,,,,,,
1000000,memory,clean_derive,duckdb,6,30,4.40225,11.667,1000000,True,,,,,,,,,
1000000,memory,clean_derive,pandas,6,26,2.867875,2.878,1000000,True,,,,,,,,,
1000000,memory,clean_derive,pandas,6,27,2.773166,2.781,1000000,True,,,,,,,,,
1000000,memory,clean_derive,pandas,6,28,2.774625,2.782,1000000,True,,,,,,,,,
1000000,memory,clean_derive,pandas,6,29,2.739084,2.746,1000000,True,,,,,,,,,
1000000,memory,clean_derive,pandas,6,30,2.754125,2.761,1000000,True,,,,,,,,,
1000000,parquet,join_groupby,pandas,6,26,30.552667,38.51,200,True,,,,,,,,,
1000000,parquet,join_groupby,pandas,6,27,30.000416,37.973,200,True,,,,,,,,,
1000000,parquet,join_groupby,pandas,6,28,29.63675,37.445,200,True,,,,,,,,,
1000000,parquet,join_groupby,pandas,6,29,30.039166,37.832,200,True,,,,,,,,,
1000000,parquet,join_groupby,pandas,6,30,30.252917,37.903,200,True,,,,,,,,,
1000000,parquet,join_groupby,duckdb,6,26,8.392583,22.579,200,True,,,,,,,,,
1000000,parquet,join_groupby,duckdb,6,27,8.171292,21.426,200,True,,,,,,,,,
1000000,parquet,join_groupby,duckdb,6,28,7.564208,19.032,200,True,,,,,,,,,
1000000,parquet,join_groupby,duckdb,6,29,7.511625,18.676,200,True,,,,,,,,,
1000000,parquet,join_groupby,duckdb,6,30,7.430875,18.658,200,True,,,,,,,,,
100000,memory,clean_derive,duckdb,6,26,1.508583,1.543,100000,True,,,,,,,,,
100000,memory,clean_derive,duckdb,6,27,1.387208,1.419,100000,True,,,,,,,,,
100000,memory,clean_derive,duckdb,6,28,1.3915,1.42,100000,True,,,,,,,,,
100000,memory,clean_derive,duckdb,6,29,1.430334,1.459,100000,True,,,,,,,,,
100000,memory,clean_derive,duckdb,6,30,1.407041,1.439,100000,True,,,,,,,,,
100000,memory,clean_derive,pandas,6,26,0.633125,0.642,100000,True,,,,,,,,,
100000,memory,clean_derive,pandas,6,27,0.519916,0.526,100000,True,,,,,,,,,
100000,memory,clean_derive,pandas,6,28,0.457833,0.465,100000,True,,,,,,,,,
100000,memory,clean_derive,pandas,6,29,0.53025,0.537,100000,True,,,,,,,,,
100000,memory,clean_derive,pandas,6,30,0.478792,0.484,100000,True,,,,,,,,,
1000000,parquet,clean_derive,duckdb,6,26,8.257625,25.676,1000000,True,,,,,,,,,
1000000,parquet,clean_derive,duckdb,6,27,8.136083,25.867,1000000,True,,,,,,,,,
1000000,parquet,clean_derive,duckdb,6,28,7.96725,23.145,1000000,True,,,,,,,,,
1000000,parquet,clean_derive,duckdb,6,29,8.427625,23.757,1000000,True,,,,,,,,,
1000000,parquet,clean_derive,duckdb,6,30,9.042208,26.192,1000000,True,,,,,,,,,
1000000,parquet,clean_derive,pandas,6,26,9.345042,20.531,1000000,True,,,,,,,,,
1000000,parquet,clean_derive,pandas,6,27,8.554833,19.509,1000000,True,,,,,,,,,
1000000,parquet,clean_derive,pandas,6,28,8.8885,20.504,1000000,True,,,,,,,,,
1000000,parquet,clean_derive,pandas,6,29,8.512458,19.147,1000000,True,,,,,,,,,
1000000,parquet,clean_derive,pandas,6,30,8.202542,18.64,1000000,True,,,,,,,,,
1000000,parquet,groupby,duckdb,6,26,3.782584,11.151,50,True,,,,,,,,,
1000000,parquet,groupby,duckdb,6,27,3.664125,10.952,50,True,,,,,,,,,
1000000,parquet,groupby,duckdb,6,28,3.636667,10.981,50,True,,,,,,,,,
1000000,parquet,groupby,duckdb,6,29,3.637417,10.946,50,True,,,,,,,,,
1000000,parquet,groupby,duckdb,6,30,3.659042,10.978,50,True,,,,,,,,,
1000000,parquet,groupby,pandas,6,26,10.061792,15.733,50,True,,,,,,,,,
1000000,parquet,groupby,pandas,6,27,10.255625,15.69,50,True,,,,,,,,,
1000000,parquet,groupby,pandas,6,28,10.317375,16.061,50,True,,,,,,,,,
1000000,parquet,groupby,pandas,6,29,10.571917,16.427,50,True,,,,,,,,,
1000000,parquet,groupby,pandas,6,30,9.91075,15.29,50,True,,,,,,,,,
10000000,parquet,filter_project,pandas,6,26,57.054333,200.784,1980090,True,,,,,,,,,
10000000,parquet,filter_project,pandas,6,27,56.3025,199.096,1980090,True,,,,,,,,,
10000000,parquet,filter_project,pandas,6,28,56.322667,199.601,1980090,True,,,,,,,,,
10000000,parquet,filter_project,pandas,6,29,56.127584,198.939,1980090,True,,,,,,,,,
10000000,parquet,filter_project,pandas,6,30,56.245333,198.696,1980090,True,,,,,,,,,
10000000,parquet,filter_project,duckdb,6,26,45.640375,164.935,1980090,True,,,,,,,,,
10000000,parquet,filter_project,duckdb,6,27,44.954583,165.296,1980090,True,,,,,,,,,
10000000,parquet,filter_project,duckdb,6,28,45.174375,164.518,1980090,True,,,,,,,,,
10000000,parquet,filter_project,duckdb,6,29,44.85775,163.694,1980090,True,,,,,,,,,
10000000,parquet,filter_project,duckdb,6,30,48.289208,175.748,1980090,True,,,,,,,,,
100000,parquet,clean_derive,pandas,6,26,1.982583,2.945,100000,True,,,,,,,,,
100000,parquet,clean_derive,pandas,6,27,1.862792,2.919,100000,True,,,,,,,,,
100000,parquet,clean_derive,pandas,6,28,1.773167,2.679,100000,True,,,,,,,,,
100000,parquet,clean_derive,pandas,6,29,1.748041,2.659,100000,True,,,,,,,,,
100000,parquet,clean_derive,pandas,6,30,1.727041,2.638,100000,True,,,,,,,,,
100000,parquet,clean_derive,duckdb,6,26,2.760084,2.8,100000,True,,,,,,,,,
100000,parquet,clean_derive,duckdb,6,27,2.65975,4.82,100000,True,,,,,,,,,
100000,parquet,clean_derive,duckdb,6,28,2.513083,2.547,100000,True,,,,,,,,,
100000,parquet,clean_derive,duckdb,6,29,2.498334,2.539,100000,True,,,,,,,,,
100000,parquet,clean_derive,duckdb,6,30,2.467084,2.501,100000,True,,,,,,,,,
100000,warehouse,clean_derive,snowflake,6,26,346.064875,11.889,100000,True,276.144542,69.920333,01c6f1d9-0001-fcf8-0001-9ade000aa6d2,201.0,32.0,169.0,0.0,0.0,973312.0
100000,warehouse,clean_derive,snowflake,6,27,721.251959,32.337,100000,True,291.673292,429.578667,01c6f1d9-0001-fe0c-0001-9ade000afc6e,209.0,35.0,174.0,0.0,0.0,973312.0
100000,warehouse,clean_derive,snowflake,6,28,464.939625,34.027,100000,True,294.692,170.247625,01c6f1d9-0001-fcf8-0001-9ade000aa6d6,227.0,38.0,189.0,0.0,0.0,973312.0
100000,warehouse,clean_derive,snowflake,6,29,338.652208,33.21,100000,True,265.466,73.186208,01c6f1d9-0001-fe0c-0001-9ade000afc72,200.0,35.0,165.0,0.0,0.0,973312.0
100000,warehouse,clean_derive,snowflake,6,30,401.228,29.484,100000,True,318.668042,82.559958,01c6f1d9-0001-fe0c-0001-9ade000afc76,184.0,32.0,152.0,0.0,0.0,973312.0
1000000,memory,join_groupby,pandas,6,26,25.676375,25.685,200,True,,,,,,,,,
1000000,memory,join_groupby,pandas,6,27,25.936875,25.944,200,True,,,,,,,,,
1000000,memory,join_groupby,pandas,6,28,26.0395,26.031,200,True,,,,,,,,,
1000000,memory,join_groupby,pandas,6,29,25.377666,25.384,200,True,,,,,,,,,
1000000,memory,join_groupby,pandas,6,30,26.05525,26.061,200,True,,,,,,,,,
1000000,memory,join_groupby,duckdb,6,26,6.503625,18.539,200,True,,,,,,,,,
1000000,memory,join_groupby,duckdb,6,27,6.387917,16.444,200,True,,,,,,,,,
1000000,memory,join_groupby,duckdb,6,28,6.502292,16.977,200,True,,,,,,,,,
1000000,memory,join_groupby,duckdb,6,29,6.558917,18.509,200,True,,,,,,,,,
1000000,memory,join_groupby,duckdb,6,30,6.483542,17.201,200,True,,,,,,,,,
10000000,warehouse,groupby,snowflake,6,26,314.155208,13.397,50,True,275.756208,38.399,01c6f1d9-0001-fcf8-0001-9ade000aa6de,190.0,77.0,113.0,0.0,0.0,226409984.0
10000000,warehouse,groupby,snowflake,6,27,156.730541,2.823,50,True,155.80375,0.926791,01c6f1d9-0001-fcf8-0001-9ade000aa6e2,125.0,59.0,66.0,0.0,0.0,226409984.0
10000000,warehouse,groupby,snowflake,6,28,140.090166,2.347,50,True,139.4235,0.666666,01c6f1d9-0001-fcf8-0001-9ade000aa6e6,107.0,55.0,52.0,0.0,0.0,226409984.0
10000000,warehouse,groupby,snowflake,6,29,104.665583,4.838,50,True,103.068291,1.597292,01c6f1d9-0001-fe0c-0001-9ade000afc7e,78.0,30.0,48.0,0.0,0.0,226409984.0
10000000,warehouse,groupby,snowflake,6,30,103.498167,3.064,50,True,102.426,1.072167,01c6f1d9-0001-fe0c-0001-9ade000afc82,76.0,29.0,47.0,0.0,0.0,226409984.0
100000,memory,join_groupby,pandas,6,26,5.169417,5.178,200,True,,,,,,,,,
100000,memory,join_groupby,pandas,6,27,5.049291,5.056,200,True,,,,,,,,,
100000,memory,join_groupby,pandas,6,28,5.17825,5.184,200,True,,,,,,,,,
100000,memory,join_groupby,pandas,6,29,5.085083,5.09,200,True,,,,,,,,,
100000,memory,join_groupby,pandas,6,30,5.123292,5.127,200,True,,,,,,,,,
100000,memory,join_groupby,duckdb,6,26,3.243041,3.538,200,True,,,,,,,,,
100000,memory,join_groupby,duckdb,6,27,3.142625,3.401,200,True,,,,,,,,,
100000,memory,join_groupby,duckdb,6,28,3.203833,4.193,200,True,,,,,,,,,
100000,memory,join_groupby,duckdb,6,29,3.221334,3.512,200,True,,,,,,,,,
100000,memory,join_groupby,duckdb,6,30,3.102791,3.37,200,True,,,,,,,,,
1000000,warehouse,filter_project,snowflake,6,26,393.402916,15.157,198279,True,337.730083,55.672833,01c6f1d9-0001-fcf8-0001-9ade000aa6ea,266.0,41.0,225.0,0.0,0.0,7627264.0
1000000,warehouse,filter_project,snowflake,6,27,441.920333,33.57,198279,True,381.522292,60.398041,01c6f1d9-0001-fcf8-0001-9ade000aa6ee,258.0,51.0,207.0,0.0,0.0,7627264.0
1000000,warehouse,filter_project,snowflake,6,28,781.196166,56.287,198279,True,301.594333,479.601833,01c6f1d9-0001-fe0c-0001-9ade000afc8e,241.0,28.0,213.0,0.0,0.0,7627264.0
1000000,warehouse,filter_project,snowflake,6,29,493.258333,47.608,198279,True,337.498958,155.759375,01c6f1d9-0001-fcf8-0001-9ade000aa6f2,263.0,36.0,227.0,0.0,0.0,7627264.0
1000000,warehouse,filter_project,snowflake,6,30,507.685584,31.88,198279,True,433.483042,74.202542,01c6f1d9-0001-fe0c-0001-9ade000afc92,301.0,82.0,219.0,0.0,0.0,7627264.0
100000,warehouse,filter_project,snowflake,6,26,268.301583,5.931,19886,True,225.940708,42.360875,01c6f1d9-0001-fe0c-0001-9ade000afc9a,151.0,46.0,105.0,0.0,0.0,973312.0
100000,warehouse,filter_project,snowflake,6,27,242.274375,14.539,19886,True,198.746542,43.527833,01c6f1d9-0001-fcf8-0001-9ade000aa6fa,134.0,39.0,95.0,0.0,0.0,973312.0
100000,warehouse,filter_project,snowflake,6,28,252.267625,13.671,19886,True,206.623583,45.644042,01c6f1d9-0001-fe0c-0001-9ade000afc9e,140.0,34.0,106.0,0.0,0.0,973312.0
100000,warehouse,filter_project,snowflake,6,29,307.65825,11.401,19886,True,261.36125,46.297,01c6f1d9-0001-fe0c-0001-9ade000afca2,135.0,35.0,100.0,0.0,0.0,973312.0
100000,warehouse,filter_project,snowflake,6,30,314.345,14.663,19886,True,270.000292,44.344708,01c6f1d9-0001-fe0c-0001-9ade000afca6,141.0,39.0,102.0,0.0,0.0,973312.0
100000,memory,filter_project,pandas,6,26,0.45775,0.466,19886,True,,,,,,,,,
100000,memory,filter_project,pandas,6,27,0.361709,0.368,19886,True,,,,,,,,,
100000,memory,filter_project,pandas,6,28,0.352042,0.358,19886,True,,,,,,,,,
100000,memory,filter_project,pandas,6,29,0.34675,0.352,19886,True,,,,,,,,,
100000,memory,filter_project,pandas,6,30,0.345625,0.352,19886,True,,,,,,,,,
100000,memory,filter_project,duckdb,6,26,0.785125,1.08,19886,True,,,,,,,,,
100000,memory,filter_project,duckdb,6,27,0.940459,0.988,19886,True,,,,,,,,,
100000,memory,filter_project,duckdb,6,28,0.770583,0.815,19886,True,,,,,,,,,
100000,memory,filter_project,duckdb,6,29,1.044459,1.363,19886,True,,,,,,,,,
100000,memory,filter_project,duckdb,6,30,0.856084,0.888,19886,True,,,,,,,,,
1000000,parquet,filter_project,pandas,6,26,7.444875,21.679,198279,True,,,,,,,,,
1000000,parquet,filter_project,pandas,6,27,7.253375,20.978,198279,True,,,,,,,,,
1000000,parquet,filter_project,pandas,6,28,8.533375,23.56,198279,True,,,,,,,,,
1000000,parquet,filter_project,pandas,6,29,7.719875,21.741,198279,True,,,,,,,,,
1000000,parquet,filter_project,pandas,6,30,7.798458,22.438,198279,True,,,,,,,,,
1000000,parquet,filter_project,duckdb,6,26,5.918667,19.105,198279,True,,,,,,,,,
1000000,parquet,filter_project,duckdb,6,27,5.708791,17.114,198279,True,,,,,,,,,
1000000,parquet,filter_project,duckdb,6,28,5.991417,19.728,198279,True,,,,,,,,,
1000000,parquet,filter_project,duckdb,6,29,5.751792,17.152,198279,True,,,,,,,,,
1000000,parquet,filter_project,duckdb,6,30,6.022666,18.233,198279,True,,,,,,,,,
10000000,warehouse,join_groupby,snowflake,6,26,182.995,3.297,200,True,181.925667,1.069333,01c6f1d9-0001-fcf8-0001-9ade000aa702,144.0,45.0,99.0,0.0,0.0,224404975.0
10000000,warehouse,join_groupby,snowflake,6,27,234.392375,3.4,200,True,233.139167,1.253208,01c6f1d9-0001-fcf8-0001-9ade000aa706,130.0,40.0,90.0,0.0,0.0,215970304.0
10000000,warehouse,join_groupby,snowflake,6,28,184.573958,5.503,200,True,182.348833,2.225125,01c6f1d9-0001-fcf8-0001-9ade000aa70a,141.0,46.0,95.0,0.0,0.0,226648576.0
10000000,warehouse,join_groupby,snowflake,6,29,265.078917,2.456,200,True,264.315375,0.763542,01c6f1d9-0001-fe0c-0001-9ade000afcb2,151.0,50.0,101.0,0.0,0.0,226648576.0
10000000,warehouse,join_groupby,snowflake,6,30,191.431375,5.228,200,True,189.223917,2.207458,01c6f1d9-0001-fcf8-0001-9ade000aa70e,144.0,47.0,97.0,0.0,0.0,226648576.0
1000000,memory,groupby,duckdb,6,26,2.435292,7.642,50,True,,,,,,,,,
1000000,memory,groupby,duckdb,6,27,2.220833,6.813,50,True,,,,,,,,,
1000000,memory,groupby,duckdb,6,28,2.173833,6.393,50,True,,,,,,,,,
1000000,memory,groupby,duckdb,6,29,2.12975,6.362,50,True,,,,,,,,,
1000000,memory,groupby,duckdb,6,30,2.150125,6.849,50,True,,,,,,,,,
1000000,memory,groupby,pandas,6,26,6.987333,6.996,50,True,,,,,,,,,
1000000,memory,groupby,pandas,6,27,6.824875,6.83,50,True,,,,,,,,,
1000000,memory,groupby,pandas,6,28,6.825083,6.83,50,True,,,,,,,,,
1000000,memory,groupby,pandas,6,29,6.734458,6.741,50,True,,,,,,,,,
1000000,memory,groupby,pandas,6,30,6.72575,6.73,50,True,,,,,,,,,
1000000,memory,filter_project,pandas,6,26,1.788916,1.799,198279,True,,,,,,,,,
1000000,memory,filter_project,pandas,6,27,1.648542,1.656,198279,True,,,,,,,,,
1000000,memory,filter_project,pandas,6,28,1.586167,1.591,198279,True,,,,,,,,,
1000000,memory,filter_project,pandas,6,29,1.605625,1.61,198279,True,,,,,,,,,
1000000,memory,filter_project,pandas,6,30,1.586458,1.592,198279,True,,,,,,,,,
1000000,memory,filter_project,duckdb,6,26,1.629042,3.897,198279,True,,,,,,,,,
1000000,memory,filter_project,duckdb,6,27,1.535667,3.688,198279,True,,,,,,,,,
1000000,memory,filter_project,duckdb,6,28,1.474667,3.668,198279,True,,,,,,,,,
1000000,memory,filter_project,duckdb,6,29,1.472,3.677,198279,True,,,,,,,,,
1000000,memory,filter_project,duckdb,6,30,1.4585,3.646,198279,True,,,,,,,,,
10000000,memory,clean_derive,pandas,6,26,28.761625,28.771,10000000,True,,,,,,,,,
10000000,memory,clean_derive,pandas,6,27,26.769291,26.772,10000000,True,,,,,,,,,
10000000,memory,clean_derive,pandas,6,28,26.570375,26.567,10000000,True,,,,,,,,,
10000000,memory,clean_derive,pandas,6,29,27.812833,27.823,10000000,True,,,,,,,,,
10000000,memory,clean_derive,pandas,6,30,26.800542,26.81,10000000,True,,,,,,,,,
10000000,memory,clean_derive,duckdb,6,26,35.540333,112.954,10000000,True,,,,,,,,,
10000000,memory,clean_derive,duckdb,6,27,35.106833,112.683,10000000,True,,,,,,,,,
10000000,memory,clean_derive,duckdb,6,28,35.692084,113.671,10000000,True,,,,,,,,,
10000000,memory,clean_derive,duckdb,6,29,35.392917,113.043,10000000,True,,,,,,,,,
10000000,memory,clean_derive,duckdb,6,30,35.4565,113.775,10000000,True,,,,,,,,,
100000,parquet,join_groupby,duckdb,6,26,4.213542,4.335,200,True,,,,,,,,,
100000,parquet,join_groupby,duckdb,6,27,4.029458,4.146,200,True,,,,,,,,,
100000,parquet,join_groupby,duckdb,6,28,4.042542,4.566,200,True,,,,,,,,,
100000,parquet,join_groupby,duckdb,6,29,4.099125,4.574,200,True,,,,,,,,,
100000,parquet,join_groupby,duckdb,6,30,4.2085,4.772,200,True,,,,,,,,,
100000,parquet,join_groupby,pandas,6,26,8.287167,9.197,200,True,,,,,,,,,
100000,parquet,join_groupby,pandas,6,27,7.143334,7.962,200,True,,,,,,,,,
100000,parquet,join_groupby,pandas,6,28,7.12975,7.904,200,True,,,,,,,,,
100000,parquet,join_groupby,pandas,6,29,7.321917,8.157,200,True,,,,,,,,,
100000,parquet,join_groupby,pandas,6,30,7.16125,7.932,200,True,,,,,,,,,
10000000,parquet,join_groupby,pandas,6,26,363.47,445.133,200,True,,,,,,,,,
10000000,parquet,join_groupby,pandas,6,27,342.350375,421.473,200,True,,,,,,,,,
10000000,parquet,join_groupby,pandas,6,28,342.456417,418.815,200,True,,,,,,,,,
10000000,parquet,join_groupby,pandas,6,29,341.421333,416.874,200,True,,,,,,,,,
10000000,parquet,join_groupby,pandas,6,30,341.466583,417.351,200,True,,,,,,,,,
10000000,parquet,join_groupby,duckdb,6,26,43.408958,160.873,200,True,,,,,,,,,
10000000,parquet,join_groupby,duckdb,6,27,42.8635,159.446,200,True,,,,,,,,,
10000000,parquet,join_groupby,duckdb,6,28,43.239042,159.991,200,True,,,,,,,,,
10000000,parquet,join_groupby,duckdb,6,29,42.855166,159.102,200,True,,,,,,,,,
10000000,parquet,join_groupby,duckdb,6,30,42.98275,160.046,200,True,,,,,,,,,
100000,warehouse,join_groupby,snowflake,6,26,167.349583,3.425,200,True,166.167125,1.182458,01c6f1d9-0001-fcf8-0001-9ade000aa712,76.0,43.0,33.0,0.0,0.0,1211904.0
100000,warehouse,join_groupby,snowflake,6,27,125.1415,3.423,200,True,123.985,1.1565,01c6f1d9-0001-fe0c-0001-9ade000afcbe,76.0,42.0,34.0,0.0,0.0,1211904.0
100000,warehouse,join_groupby,snowflake,6,28,120.415917,6.282,200,True,117.895042,2.520875,01c6f1d9-0001-fe0c-0001-9ade000afcc2,76.0,44.0,32.0,0.0,0.0,1211904.0
100000,warehouse,join_groupby,snowflake,6,29,200.7435,12.854,200,True,171.330417,29.413083,01c6f1d9-0001-fcf8-0001-9ade000aa716,76.0,43.0,33.0,0.0,0.0,1211904.0
100000,warehouse,join_groupby,snowflake,6,30,117.627125,3.289,200,True,116.47825,1.148875,01c6f1d9-0001-fcf8-0001-9ade000aa71a,78.0,46.0,32.0,0.0,0.0,1211904.0
10000000,memory,filter_project,duckdb,6,26,10.299042,30.964,1980090,True,,,,,,,,,
10000000,memory,filter_project,duckdb,6,27,10.243875,30.906,1980090,True,,,,,,,,,
10000000,memory,filter_project,duckdb,6,28,10.366917,31.292,1980090,True,,,,,,,,,
10000000,memory,filter_project,duckdb,6,29,10.414625,31.181,1980090,True,,,,,,,,,
10000000,memory,filter_project,duckdb,6,30,11.432625,34.785,1980090,True,,,,,,,,,
10000000,memory,filter_project,pandas,6,26,14.838333,14.848,1980090,True,,,,,,,,,
10000000,memory,filter_project,pandas,6,27,14.5585,14.569,1980090,True,,,,,,,,,
10000000,memory,filter_project,pandas,6,28,14.688958,14.698,1980090,True,,,,,,,,,
10000000,memory,filter_project,pandas,6,29,14.748875,14.76,1980090,True,,,,,,,,,
10000000,memory,filter_project,pandas,6,30,16.22975,16.238,1980090,True,,,,,,,,,
100000,parquet,filter_project,duckdb,6,26,2.03725,2.079,19886,True,,,,,,,,,
100000,parquet,filter_project,duckdb,6,27,2.074167,3.716,19886,True,,,,,,,,,
100000,parquet,filter_project,duckdb,6,28,1.952833,1.989,19886,True,,,,,,,,,
100000,parquet,filter_project,duckdb,6,29,1.950875,3.51,19886,True,,,,,,,,,
100000,parquet,filter_project,duckdb,6,30,1.85275,1.89,19886,True,,,,,,,,,
100000,parquet,filter_project,pandas,6,26,2.411459,3.146,19886,True,,,,,,,,,
100000,parquet,filter_project,pandas,6,27,2.278792,2.985,19886,True,,,,,,,,,
100000,parquet,filter_project,pandas,6,28,2.022875,2.716,19886,True,,,,,,,,,
100000,parquet,filter_project,pandas,6,29,2.003292,2.691,19886,True,,,,,,,,,
100000,parquet,filter_project,pandas,6,30,2.004708,2.666,19886,True,,,,,,,,,
1000000,warehouse,join_groupby,snowflake,6,26,162.415125,2.471,200,True,161.844375,0.57075,01c6f1d9-0001-fe0c-0001-9ade000afcca,120.0,51.0,69.0,0.0,0.0,7865856.0
1000000,warehouse,join_groupby,snowflake,6,27,147.370375,3.217,200,True,146.379709,0.990666,01c6f1d9-0001-fe0c-0001-9ade000afcce,110.0,42.0,68.0,0.0,0.0,7865856.0
1000000,warehouse,join_groupby,snowflake,6,28,155.551,6.003,200,True,153.083959,2.467041,01c6f1d9-0001-fcf8-0001-9ade000aa722,119.0,50.0,69.0,0.0,0.0,7865856.0
1000000,warehouse,join_groupby,snowflake,6,29,153.448,6.007,200,True,151.058,2.39,01c6f1d9-0001-fe0c-0001-9ade000afcd2,110.0,43.0,67.0,0.0,0.0,7865856.0
1000000,warehouse,join_groupby,snowflake,6,30,246.558334,5.27,200,True,244.454584,2.10375,01c6f1d9-0001-fe0c-0001-9ade000afcd6,134.0,65.0,69.0,0.0,0.0,7865856.0
10000000,parquet,clean_derive,pandas,6,26,73.085917,182.369,10000000,True,,,,,,,,,
10000000,parquet,clean_derive,pandas,6,27,72.722292,180.465,10000000,True,,,,,,,,,
10000000,parquet,clean_derive,pandas,6,28,75.060667,183.882,10000000,True,,,,,,,,,
10000000,parquet,clean_derive,pandas,6,29,74.917791,178.901,10000000,True,,,,,,,,,
10000000,parquet,clean_derive,pandas,6,30,74.08025,184.598,10000000,True,,,,,,,,,
10000000,parquet,clean_derive,duckdb,6,26,64.563958,224.866,10000000,True,,,,,,,,,
10000000,parquet,clean_derive,duckdb,6,27,64.051625,224.384,10000000,True,,,,,,,,,
10000000,parquet,clean_derive,duckdb,6,28,63.516917,222.462,10000000,True,,,,,,,,,
10000000,parquet,clean_derive,duckdb,6,29,64.0665,224.64,10000000,True,,,,,,,,,
10000000,parquet,clean_derive,duckdb,6,30,69.538583,238.753,10000000,True,,,,,,,,,
