query_id,client_execute_roundtrip_ms,output_rows,validation,server_total_ms,server_compilation_ms,server_execution_ms,server_provisioning_queue_ms,server_overload_queue_ms,server_bytes_scanned,elapsed_ms,path,rows,workload,block,run,metric_scope,cpu_ms,input_ms,output_bytes,output_batches,checksum,type,block_peak_rss_bytes
01c6f2db-0001-fcf8-0001-9ade000ba8c6,507.967291,100000,row-count; full checksum query before block,362.0,166.0,196.0,0.0,0.0,973312.0,362.0,snowflake_medium,100000,clean_derive,1,1,platform_query,,,,,,,
01c6f2db-0001-fcf9-0001-9ade000be026,519.865417,100000,row-count; full checksum query before block,389.0,192.0,197.0,0.0,0.0,973312.0,389.0,snowflake_medium,100000,clean_derive,1,2,platform_query,,,,,,,
01c6f2db-0001-fcf9-0001-9ade000be02a,276.195292,100000,row-count; full checksum query before block,216.0,37.0,179.0,0.0,0.0,973312.0,216.0,snowflake_medium,100000,clean_derive,1,3,platform_query,,,,,,,
01c6f2db-0001-fcf8-0001-9ade000ba8ca,266.710583,100000,row-count; full checksum query before block,207.0,34.0,173.0,0.0,0.0,973312.0,207.0,snowflake_medium,100000,clean_derive,1,4,platform_query,,,,,,,
01c6f2db-0001-fe0c-0001-9ade000b9fde,274.841416,100000,row-count; full checksum query before block,216.0,35.0,181.0,0.0,0.0,973312.0,216.0,snowflake_medium,100000,clean_derive,1,5,platform_query,,,,,,,
01c6f2db-0001-fcf8-0001-9ade000ba8d2,292.332125,50,row-count; full checksum query before block,177.0,136.0,41.0,0.0,0.0,7627264.0,177.0,snowflake_medium,1000000,groupby,1,1,platform_query,,,,,,,
01c6f2db-0001-fe0c-0001-9ade000b9fe6,93.74225,50,row-count; full checksum query before block,65.0,33.0,32.0,0.0,0.0,7627264.0,65.0,snowflake_medium,1000000,groupby,1,2,platform_query,,,,,,,
01c6f2db-0001-fcf9-0001-9ade000be032,107.302125,50,row-count; full checksum query before block,74.0,36.0,38.0,0.0,0.0,7627264.0,74.0,snowflake_medium,1000000,groupby,1,3,platform_query,,,,,,,
01c6f2db-0001-fe0c-0001-9ade000b9fea,96.456875,50,row-count; full checksum query before block,64.0,32.0,32.0,0.0,0.0,7627264.0,64.0,snowflake_medium,1000000,groupby,1,4,platform_query,,,,,,,
01c6f2db-0001-fe0c-0001-9ade000b9fee,100.242709,50,row-count; full checksum query before block,76.0,44.0,32.0,0.0,0.0,7627264.0,76.0,snowflake_medium,1000000,groupby,1,5,platform_query,,,,,,,
01c6f2db-0001-fe2b-0001-9ade000bd062,684.172208,200,row-count; full checksum query before block,632.0,385.0,247.0,0.0,0.0,3089901056.0,632.0,snowflake_medium,100000000,join_groupby,1,1,platform_query,,,,,,,
01c6f2db-0001-fe0c-0001-9ade000b9ffa,426.585333,200,row-count; full checksum query before block,266.0,54.0,212.0,0.0,0.0,3048942080.0,266.0,snowflake_medium,100000000,join_groupby,1,2,platform_query,,,,,,,
01c6f2db-0001-fe0c-0001-9ade000b9ffe,329.406209,200,row-count; full checksum query before block,294.0,54.0,240.0,0.0,0.0,3082569216.0,294.0,snowflake_medium,100000000,join_groupby,1,3,platform_query,,,,,,,
01c6f2db-0001-fcf8-0001-9ade000ba8da,701.924416,200,row-count; full checksum query before block,664.0,422.0,242.0,0.0,0.0,3036191232.0,664.0,snowflake_medium,100000000,join_groupby,1,4,platform_query,,,,,,,
01c6f2db-0001-fe0c-0001-9ade000ba002,652.062,200,row-count; full checksum query before block,355.0,117.0,238.0,0.0,0.0,2983332607.0,355.0,snowflake_medium,100000000,join_groupby,1,5,platform_query,,,,,,,
01c6f2db-0001-fcf8-0001-9ade000ba8de,267.329042,200,row-count; full checksum query before block,223.0,146.0,77.0,0.0,0.0,151830528.0,223.0,snowflake_medium,10000000,join_groupby,1,1,platform_query,,,,,,,
01c6f2db-0001-fe0c-0001-9ade000bf00a,201.407666,200,row-count; full checksum query before block,161.0,67.0,94.0,0.0,0.0,151830528.0,161.0,snowflake_medium,10000000,join_groupby,1,2,platform_query,,,,,,,
01c6f2db-0001-fcf8-0001-9ade000ba8e2,229.285125,200,row-count; full checksum query before block,129.0,54.0,75.0,0.0,0.0,151830528.0,129.0,snowflake_medium,10000000,join_groupby,1,3,platform_query,,,,,,,
01c6f2db-0001-fe2b-0001-9ade000bd066,252.32175,200,row-count; full checksum query before block,212.0,130.0,82.0,0.0,0.0,141876224.0,212.0,snowflake_medium,10000000,join_groupby,1,4,platform_query,,,,,,,
01c6f2db-0001-fcf8-0001-9ade000ba8e6,150.510417,200,row-count; full checksum query before block,116.0,38.0,78.0,0.0,0.0,151830528.0,116.0,snowflake_medium,10000000,join_groupby,1,5,platform_query,,,,,,,
01c6f2db-0001-fcf8-0001-9ade000ba8ea,664.538584,19798586,row-count; full checksum query before block,505.0,37.0,468.0,0.0,0.0,3083244032.0,505.0,snowflake_medium,100000000,filter_project,1,1,platform_query,,,,,,,
01c6f2db-0001-fe0c-0001-9ade000bf016,552.861292,19798586,row-count; full checksum query before block,464.0,48.0,416.0,0.0,0.0,3099619328.0,464.0,snowflake_medium,100000000,filter_project,1,2,platform_query,,,,,,,
01c6f2db-0001-fe2b-0001-9ade000bd06a,614.889,19798586,row-count; full checksum query before block,511.0,41.0,470.0,0.0,0.0,3083244032.0,511.0,snowflake_medium,100000000,filter_project,1,3,platform_query,,,,,,,
01c6f2db-0001-fcf8-0001-9ade000ba8ee,552.725333,19798586,row-count; full checksum query before block,475.0,33.0,442.0,0.0,0.0,3038748672.0,475.0,snowflake_medium,100000000,filter_project,1,4,platform_query,,,,,,,
01c6f2db-0001-fe2b-0001-9ade000bd06e,559.146042,19798586,row-count; full checksum query before block,478.0,52.0,426.0,0.0,0.0,3083249664.0,478.0,snowflake_medium,100000000,filter_project,1,5,platform_query,,,,,,,
01c6f2db-0001-fe2b-0001-9ade000bd072,126.136334,50,row-count; full checksum query before block,95.0,38.0,57.0,0.0,0.0,151591936.0,95.0,snowflake_medium,10000000,groupby,1,1,platform_query,,,,,,,
01c6f2db-0001-fcf9-0001-9ade000be046,110.253708,50,row-count; full checksum query before block,83.0,41.0,42.0,0.0,0.0,151591936.0,83.0,snowflake_medium,10000000,groupby,1,2,platform_query,,,,,,,
01c6f2db-0001-fcf9-0001-9ade000be04a,185.367375,50,row-count; full checksum query before block,88.0,37.0,51.0,0.0,0.0,151591936.0,88.0,snowflake_medium,10000000,groupby,1,3,platform_query,,,,,,,
01c6f2db-0001-fe2b-0001-9ade000bd076,122.663875,50,row-count; full checksum query before block,92.0,37.0,55.0,0.0,0.0,151591936.0,92.0,snowflake_medium,10000000,groupby,1,4,platform_query,,,,,,,
01c6f2db-0001-fe0c-0001-9ade000bf01a,156.710667,50,row-count; full checksum query before block,88.0,41.0,47.0,0.0,0.0,151591936.0,88.0,snowflake_medium,10000000,groupby,1,5,platform_query,,,,,,,
01c6f2db-0001-fcf8-0001-9ade000ba8fe,1621.089875,200,row-count; full checksum query before block,1583.0,70.0,1513.0,0.0,0.0,7635346944.0,1583.0,snowflake_medium,1000000000,join_groupby,1,1,platform_query,,,,,,,
01c6f2db-0001-fcf9-0001-9ade000be04e,1645.751667,200,row-count; full checksum query before block,1605.0,143.0,1462.0,0.0,0.0,7635346944.0,1605.0,snowflake_medium,1000000000,join_groupby,1,2,platform_query,,,,,,,
01c6f2db-0001-fe0c-0001-9ade000bf026,1604.582208,200,row-count; full checksum query before block,1565.0,60.0,1505.0,0.0,0.0,7635346944.0,1565.0,snowflake_medium,1000000000,join_groupby,1,3,platform_query,,,,,,,
01c6f2db-0001-fcf8-0001-9ade000ba902,1672.657958,200,row-count; full checksum query before block,1576.0,45.0,1531.0,0.0,0.0,7635346944.0,1576.0,snowflake_medium,1000000000,join_groupby,1,4,platform_query,,,,,,,
01c6f2db-0001-fe2b-0001-9ade000bd07a,1718.8245,200,row-count; full checksum query before block,1680.0,232.0,1448.0,0.0,0.0,7635346944.0,1680.0,snowflake_medium,1000000000,join_groupby,1,5,platform_query,,,,,,,
01c6f2dc-0001-fe2b-0001-9ade000bd082,10078.854958,1000000000,row-count; full checksum query before block,9960.0,50.0,9910.0,0.0,0.0,7635108352.0,9960.0,snowflake_medium,1000000000,clean_derive,1,1,platform_query,,,,,,,
01c6f2dc-0001-fcf8-0001-9ade000ba90a,10030.207291,1000000000,row-count; full checksum query before block,9919.0,46.0,9873.0,0.0,0.0,7635108352.0,9919.0,snowflake_medium,1000000000,clean_derive,1,2,platform_query,,,,,,,
01c6f2dc-0001-fe2b-0001-9ade000bd086,10041.474625,1000000000,row-count; full checksum query before block,9925.0,57.0,9868.0,0.0,0.0,7635108352.0,9925.0,snowflake_medium,1000000000,clean_derive,1,3,platform_query,,,,,,,
01c6f2dc-0001-fe2b-0001-9ade000bd08a,10118.453584,1000000000,row-count; full checksum query before block,9920.0,62.0,9858.0,0.0,0.0,7635108352.0,9920.0,snowflake_medium,1000000000,clean_derive,1,4,platform_query,,,,,,,
01c6f2dc-0001-fcf8-0001-9ade000ba90e,10100.503916,1000000000,row-count; full checksum query before block,9979.0,56.0,9923.0,0.0,0.0,7635108352.0,9979.0,snowflake_medium,1000000000,clean_derive,1,5,platform_query,,,,,,,
01c6f2dd-0001-fe0c-0001-9ade000bf03a,245.616417,19886,row-count; full checksum query before block,147.0,34.0,113.0,0.0,0.0,973312.0,147.0,snowflake_medium,100000,filter_project,1,1,platform_query,,,,,,,
01c6f2dd-0001-fe2b-0001-9ade000bd092,253.526375,19886,row-count; full checksum query before block,171.0,56.0,115.0,0.0,0.0,973312.0,171.0,snowflake_medium,100000,filter_project,1,2,platform_query,,,,,,,
01c6f2dd-0001-fcf9-0001-9ade000be052,395.675667,19886,row-count; full checksum query before block,149.0,45.0,104.0,0.0,0.0,973312.0,149.0,snowflake_medium,100000,filter_project,1,3,platform_query,,,,,,,
01c6f2dd-0001-fcf8-0001-9ade000ba916,199.813166,19886,row-count; full checksum query before block,141.0,32.0,109.0,0.0,0.0,973312.0,141.0,snowflake_medium,100000,filter_project,1,4,platform_query,,,,,,,
01c6f2dd-0001-fe2b-0001-9ade000bd096,234.110375,19886,row-count; full checksum query before block,156.0,48.0,108.0,0.0,0.0,973312.0,156.0,snowflake_medium,100000,filter_project,1,5,platform_query,,,,,,,
01c6f2dd-0001-fe0c-0001-9ade000bf046,1548.98775,100000000,row-count; full checksum query before block,1469.0,43.0,1426.0,0.0,0.0,3116867584.0,1469.0,snowflake_medium,100000000,clean_derive,1,1,platform_query,,,,,,,
01c6f2dd-0001-fe0c-0001-9ade000bf04a,1486.374166,100000000,row-count; full checksum query before block,1396.0,42.0,1354.0,0.0,0.0,3116867584.0,1396.0,snowflake_medium,100000000,clean_derive,1,2,platform_query,,,,,,,
01c6f2dd-0001-fe2b-0001-9ade000bd09a,2082.24075,100000000,row-count; full checksum query before block,1489.0,112.0,1377.0,0.0,0.0,3116867584.0,1489.0,snowflake_medium,100000000,clean_derive,1,3,platform_query,,,,,,,
01c6f2dd-0001-fe2b-0001-9ade000bd09e,1521.241042,100000000,row-count; full checksum query before block,1430.0,56.0,1374.0,0.0,0.0,3116867584.0,1430.0,snowflake_medium,100000000,clean_derive,1,4,platform_query,,,,,,,
01c6f2dd-0001-fe2b-0001-9ade000bd0a2,1577.448583,100000000,row-count; full checksum query before block,1474.0,35.0,1439.0,0.0,0.0,3116867584.0,1474.0,snowflake_medium,100000000,clean_derive,1,5,platform_query,,,,,,,
01c6f2dd-0001-fcf8-0001-9ade000ba91e,576.016167,10000000,row-count; full checksum query before block,484.0,38.0,446.0,0.0,0.0,151591936.0,484.0,snowflake_medium,10000000,clean_derive,1,1,platform_query,,,,,,,
01c6f2dd-0001-fcf9-0001-9ade000be05a,698.13025,10000000,row-count; full checksum query before block,550.0,60.0,490.0,0.0,0.0,151591936.0,550.0,snowflake_medium,10000000,clean_derive,1,2,platform_query,,,,,,,
01c6f2dd-0001-fcf8-0001-9ade000ba922,535.844833,10000000,row-count; full checksum query before block,471.0,40.0,431.0,0.0,0.0,151591936.0,471.0,snowflake_medium,10000000,clean_derive,1,3,platform_query,,,,,,,
01c6f2dd-0001-fe0c-0001-9ade000bf04e,603.044875,10000000,row-count; full checksum query before block,476.0,37.0,439.0,0.0,0.0,151591936.0,476.0,snowflake_medium,10000000,clean_derive,1,4,platform_query,,,,,,,
01c6f2dd-0001-fcf9-0001-9ade000be05e,501.819042,10000000,row-count; full checksum query before block,430.0,40.0,390.0,0.0,0.0,151591936.0,430.0,snowflake_medium,10000000,clean_derive,1,5,platform_query,,,,,,,
01c6f2dd-0001-fe2b-0001-9ade000bd0ae,446.807125,198279,row-count; full checksum query before block,386.0,154.0,232.0,0.0,0.0,7627264.0,386.0,snowflake_medium,1000000,filter_project,1,1,platform_query,,,,,,,
01c6f2dd-0001-fcf8-0001-9ade000ba92e,409.728791,198279,row-count; full checksum query before block,265.0,44.0,221.0,0.0,0.0,7627264.0,265.0,snowflake_medium,1000000,filter_project,1,2,platform_query,,,,,,,
01c6f2dd-0001-fe0c-0001-9ade000bf056,331.439708,198279,row-count; full checksum query before block,266.0,49.0,217.0,0.0,0.0,7627264.0,266.0,snowflake_medium,1000000,filter_project,1,3,platform_query,,,,,,,
01c6f2dd-0001-fcf8-0001-9ade000ba932,852.959583,198279,row-count; full checksum query before block,256.0,41.0,215.0,0.0,0.0,7627264.0,256.0,snowflake_medium,1000000,filter_project,1,4,platform_query,,,,,,,
01c6f2dd-0001-fcf9-0001-9ade000be062,387.234416,198279,row-count; full checksum query before block,265.0,41.0,224.0,0.0,0.0,7627264.0,265.0,snowflake_medium,1000000,filter_project,1,5,platform_query,,,,,,,
01c6f2dd-0001-fcf9-0001-9ade000be06a,776.140958,50,row-count; full checksum query before block,748.0,44.0,704.0,0.0,0.0,7635108352.0,748.0,snowflake_medium,1000000000,groupby,1,1,platform_query,,,,,,,
01c6f2dd-0001-fe2b-0001-9ade000bd0ba,805.910666,50,row-count; full checksum query before block,770.0,59.0,711.0,0.0,0.0,7635108352.0,770.0,snowflake_medium,1000000000,groupby,1,2,platform_query,,,,,,,
01c6f2dd-0001-fcf9-0001-9ade000be06e,848.847625,50,row-count; full checksum query before block,795.0,56.0,739.0,0.0,0.0,7635108352.0,795.0,snowflake_medium,1000000000,groupby,1,3,platform_query,,,,,,,
01c6f2dd-0001-fcf9-0001-9ade000be072,822.755667,50,row-count; full checksum query before block,786.0,47.0,739.0,0.0,0.0,7635108352.0,786.0,snowflake_medium,1000000000,groupby,1,4,platform_query,,,,,,,
01c6f2dd-0001-fcf8-0001-9ade000ba936,732.82425,50,row-count; full checksum query before block,702.0,47.0,655.0,0.0,0.0,7635108352.0,702.0,snowflake_medium,1000000000,groupby,1,5,platform_query,,,,,,,
01c6f2dd-0001-fcf8-0001-9ade000ba942,546.457583,1000000,row-count; full checksum query before block,484.0,61.0,423.0,0.0,0.0,7627264.0,484.0,snowflake_medium,1000000,clean_derive,1,1,platform_query,,,,,,,
01c6f2dd-0001-fe2b-0001-9ade000bd0be,513.465708,1000000,row-count; full checksum query before block,444.0,42.0,402.0,0.0,0.0,7627264.0,444.0,snowflake_medium,1000000,clean_derive,1,2,platform_query,,,,,,,
01c6f2dd-0001-fe2b-0001-9ade000bd0c2,501.001916,1000000,row-count; full checksum query before block,442.0,49.0,393.0,0.0,0.0,7627264.0,442.0,snowflake_medium,1000000,clean_derive,1,3,platform_query,,,,,,,
01c6f2dd-0001-fe2b-0001-9ade000bd0c6,485.443708,1000000,row-count; full checksum query before block,427.0,33.0,394.0,0.0,0.0,7627264.0,427.0,snowflake_medium,1000000,clean_derive,1,4,platform_query,,,,,,,
01c6f2dd-0001-fcf9-0001-9ade000be07e,532.846167,1000000,row-count; full checksum query before block,449.0,38.0,411.0,0.0,0.0,7627264.0,449.0,snowflake_medium,1000000,clean_derive,1,5,platform_query,,,,,,,
01c6f2dd-0001-fe0c-0001-9ade000bf05e,89.888,50,row-count; full checksum query before block,62.0,33.0,29.0,0.0,0.0,973312.0,62.0,snowflake_medium,100000,groupby,1,1,platform_query,,,,,,,
01c6f2dd-0001-fcf8-0001-9ade000ba946,111.757,50,row-count; full checksum query before block,82.0,61.0,21.0,0.0,0.0,973312.0,82.0,snowflake_medium,100000,groupby,1,2,platform_query,,,,,,,
01c6f2dd-0001-fe2b-0001-9ade000bd0ce,93.793125,50,row-count; full checksum query before block,58.0,37.0,21.0,0.0,0.0,973312.0,58.0,snowflake_medium,100000,groupby,1,3,platform_query,,,,,,,
01c6f2dd-0001-fe0c-0001-9ade000bf062,133.813833,50,row-count; full checksum query before block,56.0,37.0,19.0,0.0,0.0,973312.0,56.0,snowflake_medium,100000,groupby,1,4,platform_query,,,,,,,
01c6f2dd-0001-fcf9-0001-9ade000be086,87.43475,50,row-count; full checksum query before block,59.0,41.0,18.0,0.0,0.0,973312.0,59.0,snowflake_medium,100000,groupby,1,5,platform_query,,,,,,,
01c6f2dd-0001-fcf8-0001-9ade000ba94a,266.80075,200,row-count; full checksum query before block,144.0,53.0,91.0,0.0,0.0,7865856.0,144.0,snowflake_medium,1000000,join_groupby,1,1,platform_query,,,,,,,
01c6f2dd-0001-fe2b-0001-9ade000bd0da,181.31075,200,row-count; full checksum query before block,139.0,50.0,89.0,0.0,0.0,7865856.0,139.0,snowflake_medium,1000000,join_groupby,1,2,platform_query,,,,,,,
01c6f2dd-0001-fe0c-0001-9ade000bf066,184.182416,200,row-count; full checksum query before block,146.0,56.0,90.0,0.0,0.0,7865856.0,146.0,snowflake_medium,1000000,join_groupby,1,3,platform_query,,,,,,,
01c6f2dd-0001-fe2b-0001-9ade000bd0de,183.50625,200,row-count; full checksum query before block,137.0,46.0,91.0,0.0,0.0,7865856.0,137.0,snowflake_medium,1000000,join_groupby,1,4,platform_query,,,,,,,
01c6f2dd-0001-fcf8-0001-9ade000ba94e,192.552542,200,row-count; full checksum query before block,146.0,58.0,88.0,0.0,0.0,7865856.0,146.0,snowflake_medium,1000000,join_groupby,1,5,platform_query,,,,,,,
01c6f2dd-0001-fcf9-0001-9ade000be08e,140.999875,200,row-count; full checksum query before block,98.0,52.0,46.0,0.0,0.0,1211904.0,98.0,snowflake_medium,100000,join_groupby,1,1,platform_query,,,,,,,
01c6f2dd-0001-fe2b-0001-9ade000bd0e2,150.080666,200,row-count; full checksum query before block,103.0,52.0,51.0,0.0,0.0,1211904.0,103.0,snowflake_medium,100000,join_groupby,1,2,platform_query,,,,,,,
01c6f2dd-0001-fcf9-0001-9ade000be092,136.278167,200,row-count; full checksum query before block,93.0,44.0,49.0,0.0,0.0,1211904.0,93.0,snowflake_medium,100000,join_groupby,1,3,platform_query,,,,,,,
01c6f2dd-0001-fe2b-0001-9ade000bd0e6,149.456542,200,row-count; full checksum query before block,105.0,53.0,52.0,0.0,0.0,1211904.0,105.0,snowflake_medium,100000,join_groupby,1,4,platform_query,,,,,,,
01c6f2dd-0001-fcf9-0001-9ade000be096,208.411542,200,row-count; full checksum query before block,91.0,45.0,46.0,0.0,0.0,1211904.0,91.0,snowflake_medium,100000,join_groupby,1,5,platform_query,,,,,,,
01c6f2dd-0001-fe2b-0001-9ade000bd0f2,2395.448375,197996556,row-count; full checksum query before block,2077.0,62.0,2015.0,0.0,0.0,7635108352.0,2077.0,snowflake_medium,1000000000,filter_project,1,1,platform_query,,,,,,,
01c6f2dd-0001-fe0c-0001-9ade000bf072,2220.668583,197996556,row-count; full checksum query before block,2126.0,39.0,2087.0,0.0,0.0,7635108352.0,2126.0,snowflake_medium,1000000000,filter_project,1,2,platform_query,,,,,,,
01c6f2dd-0001-fe0c-0001-9ade000bf076,2185.243459,197996556,row-count; full checksum query before block,2102.0,50.0,2052.0,0.0,0.0,7635108352.0,2102.0,snowflake_medium,1000000000,filter_project,1,3,platform_query,,,,,,,
01c6f2dd-0001-fe0c-0001-9ade000bf07a,2146.86275,197996556,row-count; full checksum query before block,2057.0,47.0,2010.0,0.0,0.0,7635108352.0,2057.0,snowflake_medium,1000000000,filter_project,1,4,platform_query,,,,,,,
01c6f2dd-0001-fe2b-0001-9ade000bd0f6,2321.508084,197996556,row-count; full checksum query before block,2104.0,48.0,2056.0,0.0,0.0,7635108352.0,2104.0,snowflake_medium,1000000000,filter_project,1,5,platform_query,,,,,,,
01c6f2dd-0001-fcf8-0001-9ade000ba956,386.959875,1980090,row-count; full checksum query before block,312.0,42.0,270.0,0.0,0.0,146614272.0,312.0,snowflake_medium,10000000,filter_project,1,1,platform_query,,,,,,,
01c6f2dd-0001-fcf9-0001-9ade000be0a2,361.618209,1980090,row-count; full checksum query before block,284.0,42.0,242.0,0.0,0.0,151591936.0,284.0,snowflake_medium,10000000,filter_project,1,2,platform_query,,,,,,,
01c6f2dd-0001-fe2b-0001-9ade000bd0fe,363.611875,1980090,row-count; full checksum query before block,264.0,40.0,224.0,0.0,0.0,151591936.0,264.0,snowflake_medium,10000000,filter_project,1,3,platform_query,,,,,,,
01c6f2dd-0001-fe2b-0001-9ade000bd102,337.494417,1980090,row-count; full checksum query before block,274.0,37.0,237.0,0.0,0.0,141637120.0,274.0,snowflake_medium,10000000,filter_project,1,4,platform_query,,,,,,,
01c6f2dd-0001-fe2b-0001-9ade000bd106,333.874,1980090,row-count; full checksum query before block,251.0,44.0,207.0,0.0,0.0,136658944.0,251.0,snowflake_medium,10000000,filter_project,1,5,platform_query,,,,,,,
01c6f2de-0001-fe0c-0001-9ade000bf086,186.277833,50,row-count; full checksum query before block,157.0,50.0,107.0,0.0,0.0,3116867584.0,157.0,snowflake_medium,100000000,groupby,1,1,platform_query,,,,,,,
01c6f2de-0001-fcf9-0001-9ade000be0a6,178.15625,50,row-count; full checksum query before block,150.0,37.0,113.0,0.0,0.0,3116867584.0,150.0,snowflake_medium,100000000,groupby,1,2,platform_query,,,,,,,
01c6f2de-0001-fe2b-0001-9ade000bd10e,202.874541,50,row-count; full checksum query before block,172.0,39.0,133.0,0.0,0.0,3116867584.0,172.0,snowflake_medium,100000000,groupby,1,3,platform_query,,,,,,,
01c6f2de-0001-fcf8-0001-9ade000ba95e,182.765667,50,row-count; full checksum query before block,148.0,37.0,111.0,0.0,0.0,3116867584.0,148.0,snowflake_medium,100000000,groupby,1,4,platform_query,,,,,,,
01c6f2de-0001-fe0c-0001-9ade000bf08a,297.77475,50,row-count; full checksum query before block,195.0,54.0,141.0,0.0,0.0,3116867584.0,195.0,snowflake_medium,100000000,groupby,1,5,platform_query,,,,,,,
01c6f2de-0001-fcf8-0001-9ade000ba96e,6468.058083,197996556,row-count; full checksum query before block,6336.0,53.0,6283.0,0.0,0.0,7635108352.0,6336.0,snowflake_xsmall,1000000000,filter_project,1,1,platform_query,,,,,,,
01c6f2de-0001-fe0c-0001-9ade000bf092,6580.42825,197996556,row-count; full checksum query before block,6439.0,102.0,6337.0,0.0,0.0,7635108352.0,6439.0,snowflake_xsmall,1000000000,filter_project,1,2,platform_query,,,,,,,
01c6f2de-0001-fcf8-0001-9ade000ba972,6580.022333,197996556,row-count; full checksum query before block,6495.0,44.0,6451.0,0.0,0.0,7635108352.0,6495.0,snowflake_xsmall,1000000000,filter_project,1,3,platform_query,,,,,,,
01c6f2de-0001-fe0c-0001-9ade000bf096,6560.227583,197996556,row-count; full checksum query before block,6491.0,56.0,6435.0,0.0,0.0,7635108352.0,6491.0,snowflake_xsmall,1000000000,filter_project,1,4,platform_query,,,,,,,
01c6f2de-0001-fe2b-0001-9ade000bd11a,6629.586041,197996556,row-count; full checksum query before block,6557.0,54.0,6503.0,0.0,0.0,7635108352.0,6557.0,snowflake_xsmall,1000000000,filter_project,1,5,platform_query,,,,,,,
01c6f2de-0001-fcf8-0001-9ade000ba97a,160.14075,200,row-count; full checksum query before block,116.0,42.0,74.0,0.0,0.0,7865856.0,116.0,snowflake_xsmall,1000000,join_groupby,1,1,platform_query,,,,,,,
01c6f2de-0001-fe2b-0001-9ade000bd122,184.04975,200,row-count; full checksum query before block,121.0,48.0,73.0,0.0,0.0,7865856.0,121.0,snowflake_xsmall,1000000,join_groupby,1,2,platform_query,,,,,,,
01c6f2de-0001-fe2b-0001-9ade000bd126,160.681583,200,row-count; full checksum query before block,123.0,50.0,73.0,0.0,0.0,7865856.0,123.0,snowflake_xsmall,1000000,join_groupby,1,3,platform_query,,,,,,,
01c6f2de-0001-fcf8-0001-9ade000ba97e,164.092167,200,row-count; full checksum query before block,113.0,40.0,73.0,0.0,0.0,7865856.0,113.0,snowflake_xsmall,1000000,join_groupby,1,4,platform_query,,,,,,,
01c6f2de-0001-fcf9-0001-9ade000be0ae,257.27575,200,row-count; full checksum query before block,212.0,129.0,83.0,0.0,0.0,7865856.0,212.0,snowflake_xsmall,1000000,join_groupby,1,5,platform_query,,,,,,,
01c6f2de-0001-fe2b-0001-9ade000bd12e,138.451375,200,row-count; full checksum query before block,84.0,50.0,34.0,0.0,0.0,1211904.0,84.0,snowflake_xsmall,100000,join_groupby,1,1,platform_query,,,,,,,
01c6f2de-0001-fcf8-0001-9ade000ba982,153.460042,200,row-count; full checksum query before block,99.0,65.0,34.0,0.0,0.0,1211904.0,99.0,snowflake_xsmall,100000,join_groupby,1,2,platform_query,,,,,,,
01c6f2de-0001-fe2b-0001-9ade000bd132,115.980917,200,row-count; full checksum query before block,80.0,46.0,34.0,0.0,0.0,1211904.0,80.0,snowflake_xsmall,100000,join_groupby,1,3,platform_query,,,,,,,
01c6f2de-0001-fcf8-0001-9ade000ba986,116.685166,200,row-count; full checksum query before block,76.0,43.0,33.0,0.0,0.0,1211904.0,76.0,snowflake_xsmall,100000,join_groupby,1,4,platform_query,,,,,,,
01c6f2de-0001-fe0c-0001-9ade000bf0a2,113.498417,200,row-count; full checksum query before block,78.0,46.0,32.0,0.0,0.0,1211904.0,78.0,snowflake_xsmall,100000,join_groupby,1,5,platform_query,,,,,,,
01c6f2de-0001-fe2b-0001-9ade000bd136,703.382375,10000000,row-count; full checksum query before block,615.0,42.0,573.0,0.0,0.0,76683776.0,615.0,snowflake_xsmall,10000000,clean_derive,1,1,platform_query,,,,,,,
01c6f2de-0001-fe0c-0001-9ade000bf0aa,694.101292,10000000,row-count; full checksum query before block,627.0,36.0,591.0,0.0,0.0,76683776.0,627.0,snowflake_xsmall,10000000,clean_derive,1,2,platform_query,,,,,,,
01c6f2de-0001-fe2b-0001-9ade000bd13a,702.807958,10000000,row-count; full checksum query before block,612.0,33.0,579.0,0.0,0.0,76683776.0,612.0,snowflake_xsmall,10000000,clean_derive,1,3,platform_query,,,,,,,
01c6f2de-0001-fcf8-0001-9ade000ba992,703.540125,10000000,row-count; full checksum query before block,640.0,49.0,591.0,0.0,0.0,76683776.0,640.0,snowflake_xsmall,10000000,clean_derive,1,4,platform_query,,,,,,,
01c6f2de-0001-fcf8-0001-9ade000ba996,656.830542,10000000,row-count; full checksum query before block,594.0,32.0,562.0,0.0,0.0,76683776.0,594.0,snowflake_xsmall,10000000,clean_derive,1,5,platform_query,,,,,,,
01c6f2de-0001-fcf9-0001-9ade000be0b6,92.953417,50,row-count; full checksum query before block,54.0,35.0,19.0,0.0,0.0,973312.0,54.0,snowflake_xsmall,100000,groupby,1,1,platform_query,,,,,,,
01c6f2de-0001-fe2b-0001-9ade000bd13e,86.275875,50,row-count; full checksum query before block,60.0,41.0,19.0,0.0,0.0,973312.0,60.0,snowflake_xsmall,100000,groupby,1,2,platform_query,,,,,,,
01c6f2de-0001-fe0c-0001-9ade000bf0ba,83.720959,50,row-count; full checksum query before block,50.0,32.0,18.0,0.0,0.0,973312.0,50.0,snowflake_xsmall,100000,groupby,1,3,platform_query,,,,,,,
01c6f2de-0001-fcf9-0001-9ade000be0ba,191.283125,50,row-count; full checksum query before block,59.0,40.0,19.0,0.0,0.0,973312.0,59.0,snowflake_xsmall,100000,groupby,1,4,platform_query,,,,,,,
01c6f2de-0001-fe2b-0001-9ade000bd142,99.165167,50,row-count; full checksum query before block,72.0,53.0,19.0,0.0,0.0,973312.0,72.0,snowflake_xsmall,100000,groupby,1,5,platform_query,,,,,,,
01c6f2de-0001-fcf8-0001-9ade000ba9a2,758.553708,200,row-count; full checksum query before block,717.0,42.0,675.0,0.0,0.0,779455488.0,717.0,snowflake_xsmall,100000000,join_groupby,1,1,platform_query,,,,,,,
01c6f2df-0001-fe0c-0001-9ade000bf0be,797.709417,200,row-count; full checksum query before block,735.0,56.0,679.0,0.0,0.0,779455488.0,735.0,snowflake_xsmall,100000000,join_groupby,1,2,platform_query,,,,,,,
01c6f2df-0001-fe0c-0001-9ade000bf0c2,831.836541,200,row-count; full checksum query before block,789.0,65.0,724.0,0.0,0.0,779455488.0,789.0,snowflake_xsmall,100000000,join_groupby,1,3,platform_query,,,,,,,
01c6f2df-0001-fe0c-0001-9ade000bf0c6,790.718292,200,row-count; full checksum query before block,751.0,53.0,698.0,0.0,0.0,779455488.0,751.0,snowflake_xsmall,100000000,join_groupby,1,4,platform_query,,,,,,,
01c6f2df-0001-fe2b-0001-9ade000bd146,1054.368458,200,row-count; full checksum query before block,743.0,56.0,687.0,0.0,0.0,779455488.0,743.0,snowflake_xsmall,100000000,join_groupby,1,5,platform_query,,,,,,,
01c6f2df-0001-fe2b-0001-9ade000bd14e,34641.5635,1000000000,row-count; full checksum query before block,34469.0,48.0,34421.0,0.0,0.0,7635108352.0,34469.0,snowflake_xsmall,1000000000,clean_derive,1,1,platform_query,,,,,,,
01c6f2e0-0001-fcf8-0001-9ade000ba9b2,34832.323458,1000000000,row-count; full checksum query before block,34733.0,71.0,34662.0,0.0,0.0,7635108352.0,34733.0,snowflake_xsmall,1000000000,clean_derive,1,2,platform_query,,,,,,,
01c6f2e0-0001-fcf8-0001-9ade000ba9b6,34822.200291,1000000000,row-count; full checksum query before block,34681.0,75.0,34606.0,0.0,0.0,7635108352.0,34681.0,snowflake_xsmall,1000000000,clean_derive,1,3,platform_query,,,,,,,
01c6f2e1-0001-fcf9-0001-9ade000be0ca,34737.980875,1000000000,row-count; full checksum query before block,34639.0,74.0,34565.0,0.0,0.0,7635108352.0,34639.0,snowflake_xsmall,1000000000,clean_derive,1,4,platform_query,,,,,,,
01c6f2e2-0001-fe0c-0001-9ade000bf0ce,34497.327292,1000000000,row-count; full checksum query before block,34317.0,149.0,34168.0,0.0,0.0,7635108352.0,34317.0,snowflake_xsmall,1000000000,clean_derive,1,5,platform_query,,,,,,,
01c6f2e2-0001-fcf9-0001-9ade000be0ce,227.510416,19886,row-count; full checksum query before block,151.0,42.0,109.0,0.0,0.0,973312.0,151.0,snowflake_xsmall,100000,filter_project,1,1,platform_query,,,,,,,
01c6f2e2-0001-fcf8-0001-9ade000ba9be,228.458792,19886,row-count; full checksum query before block,147.0,41.0,106.0,0.0,0.0,973312.0,147.0,snowflake_xsmall,100000,filter_project,1,2,platform_query,,,,,,,
01c6f2e2-0001-fcf8-0001-9ade000ba9c2,219.736708,19886,row-count; full checksum query before block,155.0,50.0,105.0,0.0,0.0,973312.0,155.0,snowflake_xsmall,100000,filter_project,1,3,platform_query,,,,,,,
01c6f2e2-0001-fe0c-0001-9ade000bf0d6,266.943,19886,row-count; full checksum query before block,172.0,40.0,132.0,0.0,0.0,973312.0,172.0,snowflake_xsmall,100000,filter_project,1,4,platform_query,,,,,,,
01c6f2e2-0001-fcf8-0001-9ade000ba9c6,211.159458,19886,row-count; full checksum query before block,150.0,43.0,107.0,0.0,0.0,973312.0,150.0,snowflake_xsmall,100000,filter_project,1,5,platform_query,,,,,,,
01c6f2e2-0001-fcf9-0001-9ade000be0da,491.635667,1000000,row-count; full checksum query before block,436.0,35.0,401.0,0.0,0.0,7627264.0,436.0,snowflake_xsmall,1000000,clean_derive,1,1,platform_query,,,,,,,
01c6f2e2-0001-fe0c-0001-9ade000bf0da,567.037084,1000000,row-count; full checksum query before block,499.0,86.0,413.0,0.0,0.0,7627264.0,499.0,snowflake_xsmall,1000000,clean_derive,1,2,platform_query,,,,,,,
01c6f2e2-0001-fe0c-0001-9ade000bf0de,490.228375,1000000,row-count; full checksum query before block,430.0,32.0,398.0,0.0,0.0,7627264.0,430.0,snowflake_xsmall,1000000,clean_derive,1,3,platform_query,,,,,,,
01c6f2e2-0001-fcf9-0001-9ade000be0de,515.477083,1000000,row-count; full checksum query before block,450.0,54.0,396.0,0.0,0.0,7627264.0,450.0,snowflake_xsmall,1000000,clean_derive,1,4,platform_query,,,,,,,
01c6f2e2-0001-fe2b-0001-9ade000bd15a,495.241834,1000000,row-count; full checksum query before block,437.0,43.0,394.0,0.0,0.0,7627264.0,437.0,snowflake_xsmall,1000000,clean_derive,1,5,platform_query,,,,,,,
01c6f2e2-0001-fe0c-0001-9ade000bf0e2,299.068042,198279,row-count; full checksum query before block,239.0,34.0,205.0,0.0,0.0,7627264.0,239.0,snowflake_xsmall,1000000,filter_project,1,1,platform_query,,,,,,,
01c6f2e2-0001-fcf9-0001-9ade000be0e2,304.601375,198279,row-count; full checksum query before block,247.0,38.0,209.0,0.0,0.0,7627264.0,247.0,snowflake_xsmall,1000000,filter_project,1,2,platform_query,,,,,,,
01c6f2e2-0001-fcf8-0001-9ade000ba9ce,323.311083,198279,row-count; full checksum query before block,256.0,42.0,214.0,0.0,0.0,7627264.0,256.0,snowflake_xsmall,1000000,filter_project,1,3,platform_query,,,,,,,
01c6f2e2-0001-fe2b-0001-9ade000bd166,312.87525,198279,row-count; full checksum query before block,248.0,47.0,201.0,0.0,0.0,7627264.0,248.0,snowflake_xsmall,1000000,filter_project,1,4,platform_query,,,,,,,
01c6f2e2-0001-fcf9-0001-9ade000be0e6,342.206458,198279,row-count; full checksum query before block,278.0,51.0,227.0,0.0,0.0,7627264.0,278.0,snowflake_xsmall,1000000,filter_project,1,5,platform_query,,,,,,,
01c6f2e2-0001-fcf9-0001-9ade000be0ea,1093.007125,19798586,row-count; full checksum query before block,963.0,44.0,919.0,0.0,0.0,779216896.0,963.0,snowflake_xsmall,100000000,filter_project,1,1,platform_query,,,,,,,
01c6f2e2-0001-fcf8-0001-9ade000ba9d6,1037.219792,19798586,row-count; full checksum query before block,972.0,40.0,932.0,0.0,0.0,779216896.0,972.0,snowflake_xsmall,100000000,filter_project,1,2,platform_query,,,,,,,
01c6f2e2-0001-fe0c-0001-9ade000bf0e6,1201.184209,19798586,row-count; full checksum query before block,1053.0,79.0,974.0,0.0,0.0,779216896.0,1053.0,snowflake_xsmall,100000000,filter_project,1,3,platform_query,,,,,,,
01c6f2e2-0001-fe0c-0001-9ade000bf0ea,1061.429291,19798586,row-count; full checksum query before block,921.0,41.0,880.0,0.0,0.0,779216896.0,921.0,snowflake_xsmall,100000000,filter_project,1,4,platform_query,,,,,,,
01c6f2e3-0001-fcf8-0001-9ade000ba9da,1058.154834,19798586,row-count; full checksum query before block,968.0,33.0,935.0,0.0,0.0,779216896.0,968.0,snowflake_xsmall,100000000,filter_project,1,5,platform_query,,,,,,,
01c6f2e3-0001-fcf8-0001-9ade000ba9de,4388.266625,100000000,row-count; full checksum query before block,4310.0,37.0,4273.0,0.0,0.0,779216896.0,4310.0,snowflake_xsmall,100000000,clean_derive,1,1,platform_query,,,,,,,
01c6f2e3-0001-fe2b-0001-9ade000bd176,3851.424375,100000000,row-count; full checksum query before block,3778.0,47.0,3731.0,0.0,0.0,779216896.0,3778.0,snowflake_xsmall,100000000,clean_derive,1,2,platform_query,,,,,,,
01c6f2e3-0001-fcf8-0001-9ade000ba9e2,4415.444417,100000000,row-count; full checksum query before block,4335.0,34.0,4301.0,0.0,0.0,779216896.0,4335.0,snowflake_xsmall,100000000,clean_derive,1,3,platform_query,,,,,,,
01c6f2e3-0001-fe2b-0001-9ade000bd17a,4491.60125,100000000,row-count; full checksum query before block,4413.0,48.0,4365.0,0.0,0.0,779216896.0,4413.0,snowflake_xsmall,100000000,clean_derive,1,4,platform_query,,,,,,,
01c6f2e3-0001-fcf9-0001-9ade000be0ee,4378.049167,100000000,row-count; full checksum query before block,4306.0,39.0,4267.0,0.0,0.0,779216896.0,4306.0,snowflake_xsmall,100000000,clean_derive,1,5,platform_query,,,,,,,
01c6f2e3-0001-fe0c-0001-9ade000bf0fa,419.469625,1980090,row-count; full checksum query before block,278.0,37.0,241.0,0.0,0.0,76683776.0,278.0,snowflake_xsmall,10000000,filter_project,1,1,platform_query,,,,,,,
01c6f2e3-0001-fcf9-0001-9ade000be0f6,333.967083,1980090,row-count; full checksum query before block,273.0,34.0,239.0,0.0,0.0,76683776.0,273.0,snowflake_xsmall,10000000,filter_project,1,2,platform_query,,,,,,,
01c6f2e3-0001-fe2b-0001-9ade000bd182,434.98825,1980090,row-count; full checksum query before block,358.0,38.0,320.0,0.0,0.0,76683776.0,358.0,snowflake_xsmall,10000000,filter_project,1,3,platform_query,,,,,,,
01c6f2e3-0001-fcf9-0001-9ade000be0fa,353.9245,1980090,row-count; full checksum query before block,292.0,38.0,254.0,0.0,0.0,76683776.0,292.0,snowflake_xsmall,10000000,filter_project,1,4,platform_query,,,,,,,
01c6f2e3-0001-fe2b-0001-9ade000bd186,358.227584,1980090,row-count; full checksum query before block,298.0,34.0,264.0,0.0,0.0,76683776.0,298.0,snowflake_xsmall,10000000,filter_project,1,5,platform_query,,,,,,,
01c6f2e3-0001-fcf8-0001-9ade000ba9ea,90.696,50,row-count; full checksum query before block,65.0,33.0,32.0,0.0,0.0,7627264.0,65.0,snowflake_xsmall,1000000,groupby,1,1,platform_query,,,,,,,
01c6f2e3-0001-fe2b-0001-9ade000bd18a,100.221417,50,row-count; full checksum query before block,70.0,34.0,36.0,0.0,0.0,7627264.0,70.0,snowflake_xsmall,1000000,groupby,1,2,platform_query,,,,,,,
01c6f2e3-0001-fcf8-0001-9ade000ba9ee,94.629542,50,row-count; full checksum query before block,66.0,35.0,31.0,0.0,0.0,7627264.0,66.0,snowflake_xsmall,1000000,groupby,1,3,platform_query,,,,,,,
01c6f2e3-0001-fe0c-0001-9ade000bf106,91.900792,50,row-count; full checksum query before block,64.0,32.0,32.0,0.0,0.0,7627264.0,64.0,snowflake_xsmall,1000000,groupby,1,4,platform_query,,,,,,,
01c6f2e3-0001-fcf9-0001-9ade000be0fe,99.98075,50,row-count; full checksum query before block,66.0,32.0,34.0,0.0,0.0,7627264.0,66.0,snowflake_xsmall,1000000,groupby,1,5,platform_query,,,,,,,
01c6f2e3-0001-fcf9-0001-9ade000be106,5347.46675,200,row-count; full checksum query before block,5307.0,66.0,5241.0,0.0,0.0,7635346944.0,5307.0,snowflake_xsmall,1000000000,join_groupby,1,1,platform_query,,,,,,,
01c6f2e3-0001-fe2b-0001-9ade000bd18e,5347.07025,200,row-count; full checksum query before block,5294.0,102.0,5192.0,0.0,0.0,7635346944.0,5294.0,snowflake_xsmall,1000000000,join_groupby,1,2,platform_query,,,,,,,
01c6f2e3-0001-fe0c-0001-9ade000bf10a,5607.035959,200,row-count; full checksum query before block,5557.0,115.0,5442.0,0.0,0.0,7635346944.0,5557.0,snowflake_xsmall,1000000000,join_groupby,1,3,platform_query,,,,,,,
01c6f2e4-0001-fe0c-0001-9ade000bf10e,5293.609416,200,row-count; full checksum query before block,5253.0,62.0,5191.0,0.0,0.0,7635346944.0,5253.0,snowflake_xsmall,1000000000,join_groupby,1,4,platform_query,,,,,,,
01c6f2e4-0001-fcf8-0001-9ade000ba9fe,5359.467666,200,row-count; full checksum query before block,5314.0,75.0,5239.0,0.0,0.0,7635346944.0,5314.0,snowflake_xsmall,1000000000,join_groupby,1,5,platform_query,,,,,,,
01c6f2e4-0001-fcf8-0001-9ade000baa06,2205.1055,50,row-count; full checksum query before block,2182.0,37.0,2145.0,0.0,0.0,7635108352.0,2182.0,snowflake_xsmall,1000000000,groupby,1,1,platform_query,,,,,,,
01c6f2e4-0001-fcf8-0001-9ade000baa0a,2176.24275,50,row-count; full checksum query before block,2152.0,35.0,2117.0,0.0,0.0,7635108352.0,2152.0,snowflake_xsmall,1000000000,groupby,1,2,platform_query,,,,,,,
01c6f2e4-0001-fcf9-0001-9ade000be10a,2444.47175,50,row-count; full checksum query before block,2419.0,47.0,2372.0,0.0,0.0,7635108352.0,2419.0,snowflake_xsmall,1000000000,groupby,1,3,platform_query,,,,,,,
01c6f2e4-0001-fcf8-0001-9ade000baa0e,2154.223792,50,row-count; full checksum query before block,2122.0,35.0,2087.0,0.0,0.0,7635108352.0,2122.0,snowflake_xsmall,1000000000,groupby,1,4,platform_query,,,,,,,
01c6f2e4-0001-fe0c-0001-9ade000bf116,2107.653083,50,row-count; full checksum query before block,2081.0,38.0,2043.0,0.0,0.0,7635108352.0,2081.0,snowflake_xsmall,1000000000,groupby,1,5,platform_query,,,,,,,
01c6f2e4-0001-fcf9-0001-9ade000be112,202.178541,200,row-count; full checksum query before block,163.0,41.0,122.0,0.0,0.0,76922368.0,163.0,snowflake_xsmall,10000000,join_groupby,1,1,platform_query,,,,,,,
01c6f2e4-0001-fcf8-0001-9ade000baa12,193.2165,200,row-count; full checksum query before block,156.0,50.0,106.0,0.0,0.0,76922368.0,156.0,snowflake_xsmall,10000000,join_groupby,1,2,platform_query,,,,,,,
01c6f2e4-0001-fe0c-0001-9ade000bf11a,212.688833,200,row-count; full checksum query before block,139.0,47.0,92.0,0.0,0.0,76922368.0,139.0,snowflake_xsmall,10000000,join_groupby,1,3,platform_query,,,,,,,
01c6f2e4-0001-fe2b-0001-9ade000bd19e,252.743959,200,row-count; full checksum query before block,143.0,50.0,93.0,0.0,0.0,76922368.0,143.0,snowflake_xsmall,10000000,join_groupby,1,4,platform_query,,,,,,,
01c6f2e4-0001-fcf9-0001-9ade000be116,179.428917,200,row-count; full checksum query before block,143.0,49.0,94.0,0.0,0.0,76922368.0,143.0,snowflake_xsmall,10000000,join_groupby,1,5,platform_query,,,,,,,
01c6f2e4-0001-fcf8-0001-9ade000baa16,111.364459,50,row-count; full checksum query before block,87.0,33.0,54.0,0.0,0.0,76683776.0,87.0,snowflake_xsmall,10000000,groupby,1,1,platform_query,,,,,,,
01c6f2e4-0001-fcf8-0001-9ade000baa1a,175.176209,50,row-count; full checksum query before block,85.0,34.0,51.0,0.0,0.0,76683776.0,85.0,snowflake_xsmall,10000000,groupby,1,2,platform_query,,,,,,,
01c6f2e4-0001-fe0c-0001-9ade000bf122,114.492,50,row-count; full checksum query before block,90.0,40.0,50.0,0.0,0.0,76683776.0,90.0,snowflake_xsmall,10000000,groupby,1,3,platform_query,,,,,,,
01c6f2e4-0001-fcf8-0001-9ade000baa1e,108.596625,50,row-count; full checksum query before block,83.0,29.0,54.0,0.0,0.0,76683776.0,83.0,snowflake_xsmall,10000000,groupby,1,4,platform_query,,,,,,,
01c6f2e4-0001-fcf9-0001-9ade000be11e,118.304333,50,row-count; full checksum query before block,96.0,43.0,53.0,0.0,0.0,76683776.0,96.0,snowflake_xsmall,10000000,groupby,1,5,platform_query,,,,,,,
01c6f2e4-0001-fcf9-0001-9ade000be126,277.482792,100000,row-count; full checksum query before block,217.0,33.0,184.0,0.0,0.0,973312.0,217.0,snowflake_xsmall,100000,clean_derive,1,1,platform_query,,,,,,,
01c6f2e4-0001-fe2b-0001-9ade000bd1aa,274.27625,100000,row-count; full checksum query before block,212.0,34.0,178.0,0.0,0.0,973312.0,212.0,snowflake_xsmall,100000,clean_derive,1,2,platform_query,,,,,,,
01c6f2e4-0001-fcf8-0001-9ade000baa26,281.736375,100000,row-count; full checksum query before block,213.0,37.0,176.0,0.0,0.0,973312.0,213.0,snowflake_xsmall,100000,clean_derive,1,3,platform_query,,,,,,,
01c6f2e4-0001-fcf8-0001-9ade000baa2a,281.27725,100000,row-count; full checksum query before block,221.0,41.0,180.0,0.0,0.0,973312.0,221.0,snowflake_xsmall,100000,clean_derive,1,4,platform_query,,,,,,,
01c6f2e4-0001-fe0c-0001-9ade000bf126,459.915667,100000,row-count; full checksum query before block,234.0,40.0,194.0,0.0,0.0,973312.0,234.0,snowflake_xsmall,100000,clean_derive,1,5,platform_query,,,,,,,
01c6f2e4-0001-fcf9-0001-9ade000be12e,435.555583,50,row-count; full checksum query before block,326.0,36.0,290.0,0.0,0.0,779216896.0,326.0,snowflake_xsmall,100000000,groupby,1,1,platform_query,,,,,,,
01c6f2e4-0001-fe0c-0001-9ade000bf12e,539.714542,50,row-count; full checksum query before block,325.0,34.0,291.0,0.0,0.0,779216896.0,325.0,snowflake_xsmall,100000000,groupby,1,2,platform_query,,,,,,,
01c6f2e4-0001-fcf9-0001-9ade000be132,348.113709,50,row-count; full checksum query before block,317.0,34.0,283.0,0.0,0.0,779216896.0,317.0,snowflake_xsmall,100000000,groupby,1,3,platform_query,,,,,,,
01c6f2e4-0001-fe0c-0001-9ade000bf132,393.471333,50,row-count; full checksum query before block,367.0,34.0,333.0,0.0,0.0,779216896.0,367.0,snowflake_xsmall,100000000,groupby,1,4,platform_query,,,,,,,
01c6f2e4-0001-fe2b-0001-9ade000bd1ae,381.467708,50,row-count; full checksum query before block,324.0,34.0,290.0,0.0,0.0,779216896.0,324.0,snowflake_xsmall,100000000,groupby,1,5,platform_query,,,,,,,
,,200,row-count; full checksum in block warmup,,,,,,,64.944541,pandas,1000000,join_groupby,1,1,local_parquet_to_batches,74.541,5.207709,6400.0,1.0,,measurement,200245248.0
,,200,row-count; full checksum in block warmup,,,,,,,65.508209,pandas,1000000,join_groupby,1,2,local_parquet_to_batches,74.831,5.586125000000002,6400.0,1.0,,measurement,204652544.0
,,200,row-count; full checksum in block warmup,,,,,,,69.091208,pandas,1000000,join_groupby,1,3,local_parquet_to_batches,78.844,5.682291,6400.0,1.0,,measurement,212221952.0
,,200,row-count; full checksum in block warmup,,,,,,,63.6315,pandas,1000000,join_groupby,1,4,local_parquet_to_batches,73.38,5.058916999999999,6400.0,1.0,,measurement,218923008.0
,,200,row-count; full checksum in block warmup,,,,,,,62.345084,pandas,1000000,join_groupby,1,5,local_parquet_to_batches,71.821,5.055166000000001,6400.0,1.0,,measurement,218923008.0
,,100000000,row-count; full checksum in block warmup,,,,,,,1000.071792,pandas,100000000,clean_derive,1,1,local_parquet_to_batches,2375.362,338.74507299999965,1600000000.0,1000.0,,measurement,2819145728.0
,,100000000,row-count; full checksum in block warmup,,,,,,,998.793916,pandas,100000000,clean_derive,1,2,local_parquet_to_batches,2393.784,335.40853700000036,1600000000.0,1000.0,,measurement,3351986176.0
,,100000000,row-count; full checksum in block warmup,,,,,,,1001.66825,pandas,100000000,clean_derive,1,3,local_parquet_to_batches,2364.897,339.795241,1600000000.0,1000.0,,measurement,3375038464.0
,,100000000,row-count; full checksum in block warmup,,,,,,,997.63175,pandas,100000000,clean_derive,1,4,local_parquet_to_batches,2343.822,340.9913689999997,1600000000.0,1000.0,,measurement,3385606144.0
,,100000000,row-count; full checksum in block warmup,,,,,,,1002.45825,pandas,100000000,clean_derive,1,5,local_parquet_to_batches,2362.394,338.7222889999996,1600000000.0,1000.0,,measurement,3394371584.0
,,50,row-count; full checksum in block warmup,,,,,,,2052.260583,pandas,100000000,groupby,1,1,local_parquet_to_batches,2850.742,161.53420799999992,1600.0,1.0,,measurement,2311028736.0
,,50,row-count; full checksum in block warmup,,,,,,,2058.469083,pandas,100000000,groupby,1,2,local_parquet_to_batches,2812.367,162.853125,1600.0,1.0,,measurement,2581020672.0
,,50,row-count; full checksum in block warmup,,,,,,,2020.077042,pandas,100000000,groupby,1,3,local_parquet_to_batches,2768.349,152.95924699999986,1600.0,1.0,,measurement,2607104000.0
,,50,row-count; full checksum in block warmup,,,,,,,2070.282792,pandas,100000000,groupby,1,4,local_parquet_to_batches,2806.937,161.8154179999998,1600.0,1.0,,measurement,2643443712.0
,,50,row-count; full checksum in block warmup,,,,,,,2055.811084,pandas,100000000,groupby,1,5,local_parquet_to_batches,2805.117,158.723609,1600.0,1.0,,measurement,2679291904.0
,,200,row-count; full checksum in block warmup,,,,,,,63621.906833,pandas,1000000000,join_groupby,1,1,local_parquet_to_batches,74792.829,2599.0495600000063,6400.0,1.0,,measurement,12605227008.0
,,200,row-count; full checksum in block warmup,,,,,,,64281.469666,pandas,1000000000,join_groupby,1,2,local_parquet_to_batches,75335.279,2561.4130880000002,6400.0,1.0,,measurement,13411565568.0
,,200,row-count; full checksum in block warmup,,,,,,,64492.38375,pandas,1000000000,join_groupby,1,3,local_parquet_to_batches,75007.891,2542.115460000004,6400.0,1.0,,measurement,13539540992.0
,,200,row-count; full checksum in block warmup,,,,,,,64202.43675,pandas,1000000000,join_groupby,1,4,local_parquet_to_batches,74738.987,2389.568757,6400.0,1.0,,measurement,13731987456.0
,,200,row-count; full checksum in block warmup,,,,,,,63867.372,pandas,1000000000,join_groupby,1,5,local_parquet_to_batches,74297.612,2404.0756310000065,6400.0,1.0,,measurement,13760512000.0
,,19798586,row-count; full checksum in block warmup,,,,,,,741.701,pandas,100000000,filter_project,1,1,local_parquet_to_batches,2539.148,300.0617670000001,475166064.0,1000.0,,measurement,2130444288.0
,,19798586,row-count; full checksum in block warmup,,,,,,,723.831375,pandas,100000000,filter_project,1,2,local_parquet_to_batches,2487.489,301.4130119999998,475166064.0,1000.0,,measurement,2137309184.0
,,19798586,row-count; full checksum in block warmup,,,,,,,737.894875,pandas,100000000,filter_project,1,3,local_parquet_to_batches,2511.41,305.3242620000001,475166064.0,1000.0,,measurement,2140012544.0
,,19798586,row-count; full checksum in block warmup,,,,,,,743.518166,pandas,100000000,filter_project,1,4,local_parquet_to_batches,2527.43,298.93919699999947,475166064.0,1000.0,,measurement,2141831168.0
,,19798586,row-count; full checksum in block warmup,,,,,,,739.536083,pandas,100000000,filter_project,1,5,local_parquet_to_batches,2513.523,301.9579559999993,475166064.0,1000.0,,measurement,2160558080.0
,,50,row-count; full checksum in block warmup,,,,,,,3.747958,pandas,100000,groupby,1,1,local_parquet_to_batches,4.128,1.41979,1600.0,1.0,,measurement,139591680.0
,,50,row-count; full checksum in block warmup,,,,,,,3.406458,pandas,100000,groupby,1,2,local_parquet_to_batches,3.868,1.329625,1600.0,1.0,,measurement,141393920.0
,,50,row-count; full checksum in block warmup,,,,,,,3.493959,pandas,100000,groupby,1,3,local_parquet_to_batches,3.857,1.232875,1600.0,1.0,,measurement,141492224.0
,,50,row-count; full checksum in block warmup,,,,,,,3.854458,pandas,100000,groupby,1,4,local_parquet_to_batches,4.337,1.360626,1600.0,1.0,,measurement,143540224.0
,,50,row-count; full checksum in block warmup,,,,,,,3.572583,pandas,100000,groupby,1,5,local_parquet_to_batches,3.937,1.32075,1600.0,1.0,,measurement,143671296.0
,,197996556,row-count; full checksum in block warmup,,,,,,,8326.647459,pandas,1000000000,filter_project,1,1,local_parquet_to_batches,27367.982,3508.0501180000024,4751917344.0,10000.0,,measurement,15610904576.0
,,197996556,row-count; full checksum in block warmup,,,,,,,8054.761583,pandas,1000000000,filter_project,1,2,local_parquet_to_batches,26447.384,3446.230963000003,4751917344.0,10000.0,,measurement,16168501248.0
,,197996556,row-count; full checksum in block warmup,,,,,,,8018.510583,pandas,1000000000,filter_project,1,3,local_parquet_to_batches,26052.771,3521.9011440000018,4751917344.0,10000.0,,measurement,16168501248.0
,,197996556,row-count; full checksum in block warmup,,,,,,,8464.159,pandas,1000000000,filter_project,1,4,local_parquet_to_batches,27225.055,3545.6631519999914,4751917344.0,10000.0,,measurement,16168501248.0
,,197996556,row-count; full checksum in block warmup,,,,,,,8096.613375,pandas,1000000000,filter_project,1,5,local_parquet_to_batches,26086.019,3559.1566140000136,4751917344.0,10000.0,,measurement,16168501248.0
,,200,row-count; full checksum in block warmup,,,,,,,6416.017458,pandas,100000000,join_groupby,1,1,local_parquet_to_batches,7417.926,232.26564100000002,6400.0,1.0,,measurement,2481979392.0
,,200,row-count; full checksum in block warmup,,,,,,,6491.187,pandas,100000000,join_groupby,1,2,local_parquet_to_batches,7561.352,236.30970099999996,6400.0,1.0,,measurement,2642968576.0
,,200,row-count; full checksum in block warmup,,,,,,,6394.975209,pandas,100000000,join_groupby,1,3,local_parquet_to_batches,7388.719,220.08554099999975,6400.0,1.0,,measurement,2664775680.0
,,200,row-count; full checksum in block warmup,,,,,,,6364.551958,pandas,100000000,join_groupby,1,4,local_parquet_to_batches,7355.291,216.62368599999954,6400.0,1.0,,measurement,2687287296.0
,,200,row-count; full checksum in block warmup,,,,,,,6341.472292,pandas,100000000,join_groupby,1,5,local_parquet_to_batches,7329.951,216.90265600000004,6400.0,1.0,,measurement,2695577600.0
,,100000,row-count; full checksum in block warmup,,,,,,,2.49475,pandas,100000,clean_derive,1,1,local_parquet_to_batches,3.465,1.482917,1600000.0,1.0,,measurement,144588800.0
,,100000,row-count; full checksum in block warmup,,,,,,,2.428875,pandas,100000,clean_derive,1,2,local_parquet_to_batches,3.551,1.532749,1600000.0,1.0,,measurement,145211392.0
,,100000,row-count; full checksum in block warmup,,,,,,,2.246375,pandas,100000,clean_derive,1,3,local_parquet_to_batches,3.183,1.374459,1600000.0,1.0,,measurement,145227776.0
,,100000,row-count; full checksum in block warmup,,,,,,,2.395875,pandas,100000,clean_derive,1,4,local_parquet_to_batches,3.365,1.4598740000000001,1600000.0,1.0,,measurement,145227776.0
,,100000,row-count; full checksum in block warmup,,,,,,,2.432083,pandas,100000,clean_derive,1,5,local_parquet_to_batches,3.487,1.524041,1600000.0,1.0,,measurement,147341312.0
,,200,row-count; full checksum in block warmup,,,,,,,651.325917,pandas,10000000,join_groupby,1,1,local_parquet_to_batches,752.037,25.313915,6400.0,1.0,,measurement,562790400.0
,,200,row-count; full checksum in block warmup,,,,,,,709.800084,pandas,10000000,join_groupby,1,2,local_parquet_to_batches,813.302,30.281924000000004,6400.0,1.0,,measurement,660013056.0
,,200,row-count; full checksum in block warmup,,,,,,,680.846542,pandas,10000000,join_groupby,1,3,local_parquet_to_batches,773.246,26.963044000000007,6400.0,1.0,,measurement,665075712.0
,,200,row-count; full checksum in block warmup,,,,,,,635.777083,pandas,10000000,join_groupby,1,4,local_parquet_to_batches,735.329,23.399790000000007,6400.0,1.0,,measurement,667353088.0
,,200,row-count; full checksum in block warmup,,,,,,,641.697584,pandas,10000000,join_groupby,1,5,local_parquet_to_batches,740.889,25.14942100000001,6400.0,1.0,,measurement,669040640.0
,,200,row-count; full checksum in block warmup,,,,,,,8.845666,pandas,100000,join_groupby,1,1,local_parquet_to_batches,9.64,2.395917,6400.0,1.0,,measurement,157204480.0
,,200,row-count; full checksum in block warmup,,,,,,,8.518042,pandas,100000,join_groupby,1,2,local_parquet_to_batches,9.325,2.3625819999999997,6400.0,1.0,,measurement,158400512.0
,,200,row-count; full checksum in block warmup,,,,,,,8.507834,pandas,100000,join_groupby,1,3,local_parquet_to_batches,9.329,2.316417,6400.0,1.0,,measurement,158515200.0
,,200,row-count; full checksum in block warmup,,,,,,,8.435958,pandas,100000,join_groupby,1,4,local_parquet_to_batches,9.251,2.366875,6400.0,1.0,,measurement,158515200.0
,,200,row-count; full checksum in block warmup,,,,,,,8.499875,pandas,100000,join_groupby,1,5,local_parquet_to_batches,9.309,2.3664159999999996,6400.0,1.0,,measurement,158892032.0
,,1000000000,row-count; full checksum in block warmup,,,,,,,10860.556375,pandas,1000000000,clean_derive,1,1,local_parquet_to_batches,25504.258,3851.742741000015,16000000000.0,10000.0,,measurement,15817736192.0
,,1000000000,row-count; full checksum in block warmup,,,,,,,10070.04075,pandas,1000000000,clean_derive,1,2,local_parquet_to_batches,24390.91,3487.9091310000085,16000000000.0,10000.0,,measurement,15961194496.0
,,1000000000,row-count; full checksum in block warmup,,,,,,,9711.056959,pandas,1000000000,clean_derive,1,3,local_parquet_to_batches,23370.951,3448.6645690000073,16000000000.0,10000.0,,measurement,16230203392.0
,,1000000000,row-count; full checksum in block warmup,,,,,,,9729.386375,pandas,1000000000,clean_derive,1,4,local_parquet_to_batches,23224.146,3486.770218000031,16000000000.0,10000.0,,measurement,16448864256.0
,,1000000000,row-count; full checksum in block warmup,,,,,,,9542.347583,pandas,1000000000,clean_derive,1,5,local_parquet_to_batches,22996.546,3390.3736670000135,16000000000.0,10000.0,,measurement,16692953088.0
,,50,row-count; full checksum in block warmup,,,,,,,22.184708,pandas,1000000,groupby,1,1,local_parquet_to_batches,28.945,2.8748359999999993,1600.0,1.0,,measurement,176226304.0
,,50,row-count; full checksum in block warmup,,,,,,,20.8585,pandas,1000000,groupby,1,2,local_parquet_to_batches,27.326,2.620294000000001,1600.0,1.0,,measurement,177553408.0
,,50,row-count; full checksum in block warmup,,,,,,,21.405833,pandas,1000000,groupby,1,3,local_parquet_to_batches,28.076,2.557165,1600.0,1.0,,measurement,178012160.0
,,50,row-count; full checksum in block warmup,,,,,,,22.984416,pandas,1000000,groupby,1,4,local_parquet_to_batches,29.588,2.9654170000000004,1600.0,1.0,,measurement,180436992.0
,,50,row-count; full checksum in block warmup,,,,,,,26.413666,pandas,1000000,groupby,1,5,local_parquet_to_batches,33.314,3.479539,1600.0,1.0,,measurement,186548224.0
,,1980090,row-count; full checksum in block warmup,,,,,,,72.358584,pandas,10000000,filter_project,1,1,local_parquet_to_batches,242.465,31.61124400000001,47522160.0,100.0,,measurement,333758464.0
,,1980090,row-count; full checksum in block warmup,,,,,,,72.084791,pandas,10000000,filter_project,1,2,local_parquet_to_batches,241.559,31.376961,47522160.0,100.0,,measurement,337297408.0
,,1980090,row-count; full checksum in block warmup,,,,,,,71.86825,pandas,10000000,filter_project,1,3,local_parquet_to_batches,239.846,32.125459000000006,47522160.0,100.0,,measurement,337739776.0
,,1980090,row-count; full checksum in block warmup,,,,,,,72.886917,pandas,10000000,filter_project,1,4,local_parquet_to_batches,241.097,32.41795799999999,47522160.0,100.0,,measurement,337788928.0
,,1980090,row-count; full checksum in block warmup,,,,,,,76.236084,pandas,10000000,filter_project,1,5,local_parquet_to_batches,253.965,31.024039,47522160.0,100.0,,measurement,352321536.0
,,19886,row-count; full checksum in block warmup,,,,,,,2.627458,pandas,100000,filter_project,1,1,local_parquet_to_batches,3.375,1.938041,477264.0,1.0,,measurement,138641408.0
,,19886,row-count; full checksum in block warmup,,,,,,,2.553208,pandas,100000,filter_project,1,2,local_parquet_to_batches,3.283,1.93475,477264.0,1.0,,measurement,138657792.0
,,19886,row-count; full checksum in block warmup,,,,,,,2.438959,pandas,100000,filter_project,1,3,local_parquet_to_batches,3.154,1.8339580000000002,477264.0,1.0,,measurement,138657792.0
,,19886,row-count; full checksum in block warmup,,,,,,,2.41475,pandas,100000,filter_project,1,4,local_parquet_to_batches,3.144,1.85275,477264.0,1.0,,measurement,138657792.0
,,19886,row-count; full checksum in block warmup,,,,,,,2.23225,pandas,100000,filter_project,1,5,local_parquet_to_batches,2.943,1.7057909999999998,477264.0,1.0,,measurement,138657792.0
,,198279,row-count; full checksum in block warmup,,,,,,,9.663625,pandas,1000000,filter_project,1,1,local_parquet_to_batches,26.034,5.1040009999999985,4758696.0,10.0,,measurement,176242688.0
,,198279,row-count; full checksum in block warmup,,,,,,,8.804875,pandas,1000000,filter_project,1,2,local_parquet_to_batches,25.269,4.305871999999999,4758696.0,10.0,,measurement,177176576.0
,,198279,row-count; full checksum in block warmup,,,,,,,8.58175,pandas,1000000,filter_project,1,3,local_parquet_to_batches,25.137,4.0564599999999995,4758696.0,10.0,,measurement,177635328.0
,,198279,row-count; full checksum in block warmup,,,,,,,8.465417,pandas,1000000,filter_project,1,4,local_parquet_to_batches,24.816,4.164206999999999,4758696.0,10.0,,measurement,177651712.0
,,198279,row-count; full checksum in block warmup,,,,,,,9.005709,pandas,1000000,filter_project,1,5,local_parquet_to_batches,24.854,4.622250000000001,4758696.0,10.0,,measurement,177684480.0
,,10000000,row-count; full checksum in block warmup,,,,,,,94.980709,pandas,10000000,clean_derive,1,1,local_parquet_to_batches,222.985,32.884668999999974,160000000.0,100.0,,measurement,600768512.0
,,10000000,row-count; full checksum in block warmup,,,,,,,92.163125,pandas,10000000,clean_derive,1,2,local_parquet_to_batches,220.472,31.407089000000024,160000000.0,100.0,,measurement,604422144.0
,,10000000,row-count; full checksum in block warmup,,,,,,,93.742875,pandas,10000000,clean_derive,1,3,local_parquet_to_batches,220.145,33.19332599999997,160000000.0,100.0,,measurement,606650368.0
,,10000000,row-count; full checksum in block warmup,,,,,,,92.592541,pandas,10000000,clean_derive,1,4,local_parquet_to_batches,220.457,31.861075999999994,160000000.0,100.0,,measurement,610254848.0
,,10000000,row-count; full checksum in block warmup,,,,,,,92.6695,pandas,10000000,clean_derive,1,5,local_parquet_to_batches,219.262,32.48154600000001,160000000.0,100.0,,measurement,619806720.0
,,1000000,row-count; full checksum in block warmup,,,,,,,12.249542,pandas,1000000,clean_derive,1,1,local_parquet_to_batches,24.663,5.097,16000000.0,10.0,,measurement,204406784.0
,,1000000,row-count; full checksum in block warmup,,,,,,,11.249,pandas,1000000,clean_derive,1,2,local_parquet_to_batches,23.355,4.858581999999999,16000000.0,10.0,,measurement,205225984.0
,,1000000,row-count; full checksum in block warmup,,,,,,,10.80825,pandas,1000000,clean_derive,1,3,local_parquet_to_batches,22.944,4.462374,16000000.0,10.0,,measurement,206110720.0
,,1000000,row-count; full checksum in block warmup,,,,,,,11.032916,pandas,1000000,clean_derive,1,4,local_parquet_to_batches,23.213,4.618290000000001,16000000.0,10.0,,measurement,206356480.0
,,1000000,row-count; full checksum in block warmup,,,,,,,10.732667,pandas,1000000,clean_derive,1,5,local_parquet_to_batches,22.904,4.460331,16000000.0,10.0,,measurement,206454784.0
,,50,row-count; full checksum in block warmup,,,,,,,18622.886041,pandas,1000000000,groupby,1,1,local_parquet_to_batches,25886.579,1145.3156550000049,1600.0,1.0,,measurement,9399795712.0
,,50,row-count; full checksum in block warmup,,,,,,,18597.230167,pandas,1000000000,groupby,1,2,local_parquet_to_batches,25815.273,1163.8009699999948,1600.0,1.0,,measurement,9487384576.0
,,50,row-count; full checksum in block warmup,,,,,,,18721.312291,pandas,1000000000,groupby,1,3,local_parquet_to_batches,26035.363,1196.913524000001,1600.0,1.0,,measurement,9508700160.0
,,50,row-count; full checksum in block warmup,,,,,,,19637.020292,pandas,1000000000,groupby,1,4,local_parquet_to_batches,27065.653,1340.5451500000017,1600.0,1.0,,measurement,9568714752.0
,,50,row-count; full checksum in block warmup,,,,,,,19900.253917,pandas,1000000000,groupby,1,5,local_parquet_to_batches,27371.546,1413.8420250000001,1600.0,1.0,,measurement,9806151680.0
,,50,row-count; full checksum in block warmup,,,,,,,217.15,pandas,10000000,groupby,1,1,local_parquet_to_batches,290.04,18.130003000000002,1600.0,1.0,,measurement,481624064.0
,,50,row-count; full checksum in block warmup,,,,,,,226.408459,pandas,10000000,groupby,1,2,local_parquet_to_batches,297.493,19.697921,1600.0,1.0,,measurement,486539264.0
,,50,row-count; full checksum in block warmup,,,,,,,206.040834,pandas,10000000,groupby,1,3,local_parquet_to_batches,277.689,16.528163999999997,1600.0,1.0,,measurement,488701952.0
,,50,row-count; full checksum in block warmup,,,,,,,201.879667,pandas,10000000,groupby,1,4,local_parquet_to_batches,273.731,15.960291000000002,1600.0,1.0,,measurement,493125632.0
,,50,row-count; full checksum in block warmup,,,,,,,204.341542,pandas,10000000,groupby,1,5,local_parquet_to_batches,275.903,16.407335999999994,1600.0,1.0,,measurement,495452160.0
01c6f2f0-0001-fcf8-0001-9ade000baa3e,149.067917,50,row-count; full checksum query before block,126.0,100.0,26.0,0.0,0.0,973312.0,126.0,snowflake_small,100000,groupby,1,1,platform_query,,,,,,,
01c6f2f0-0001-fcf9-0001-9ade000be182,485.697375,50,row-count; full checksum query before block,81.0,56.0,25.0,0.0,0.0,973312.0,81.0,snowflake_small,100000,groupby,1,2,platform_query,,,,,,,
01c6f2f0-0001-fcf8-0001-9ade000baa42,103.957916,50,row-count; full checksum query before block,78.0,59.0,19.0,0.0,0.0,973312.0,78.0,snowflake_small,100000,groupby,1,3,platform_query,,,,,,,
01c6f2f0-0001-fcf8-0001-9ade000baa46,73.211583,50,row-count; full checksum query before block,51.0,32.0,19.0,0.0,0.0,973312.0,51.0,snowflake_small,100000,groupby,1,4,platform_query,,,,,,,
01c6f2f0-0001-fcf8-0001-9ade000baa4a,78.617125,50,row-count; full checksum query before block,52.0,34.0,18.0,0.0,0.0,973312.0,52.0,snowflake_small,100000,groupby,1,5,platform_query,,,,,,,
01c6f2f0-0001-fe0c-0001-9ade000bf142,3845.372875,197996556,row-count; full checksum query before block,3748.0,78.0,3670.0,0.0,0.0,7635108352.0,3748.0,snowflake_small,1000000000,filter_project,1,1,platform_query,,,,,,,
01c6f2f0-0001-fcf8-0001-9ade000baa56,3686.758625,197996556,row-count; full checksum query before block,3603.0,32.0,3571.0,0.0,0.0,7635108352.0,3603.0,snowflake_small,1000000000,filter_project,1,2,platform_query,,,,,,,
01c6f2f0-0001-fe0c-0001-9ade000bf146,3752.189917,197996556,row-count; full checksum query before block,3661.0,54.0,3607.0,0.0,0.0,7635108352.0,3661.0,snowflake_small,1000000000,filter_project,1,3,platform_query,,,,,,,
01c6f2f0-0001-fcf9-0001-9ade000be18a,4001.964209,197996556,row-count; full checksum query before block,3903.0,46.0,3857.0,0.0,0.0,7635108352.0,3903.0,snowflake_small,1000000000,filter_project,1,4,platform_query,,,,,,,
01c6f2f1-0001-fcf8-0001-9ade000baa5a,3701.227208,197996556,row-count; full checksum query before block,3602.0,45.0,3557.0,0.0,0.0,7635108352.0,3602.0,snowflake_small,1000000000,filter_project,1,5,platform_query,,,,,,,
01c6f2f1-0001-fcf8-0001-9ade000baa62,2904.37225,200,row-count; full checksum query before block,2659.0,51.0,2608.0,0.0,0.0,7635346944.0,2659.0,snowflake_small,1000000000,join_groupby,1,1,platform_query,,,,,,,
01c6f2f1-0001-fcf8-0001-9ade000baa66,2794.613,200,row-count; full checksum query before block,2758.0,61.0,2697.0,0.0,0.0,7635346944.0,2758.0,snowflake_small,1000000000,join_groupby,1,2,platform_query,,,,,,,
01c6f2f1-0001-fcf9-0001-9ade000be18e,2935.480667,200,row-count; full checksum query before block,2872.0,67.0,2805.0,0.0,0.0,7635346944.0,2872.0,snowflake_small,1000000000,join_groupby,1,3,platform_query,,,,,,,
01c6f2f1-0001-fe0c-0001-9ade000bf152,2792.136375,200,row-count; full checksum query before block,2754.0,70.0,2684.0,0.0,0.0,7635346944.0,2754.0,snowflake_small,1000000000,join_groupby,1,4,platform_query,,,,,,,
01c6f2f1-0001-fcf9-0001-9ade000be192,2865.053667,200,row-count; full checksum query before block,2695.0,58.0,2637.0,0.0,0.0,7635346944.0,2695.0,snowflake_small,1000000000,join_groupby,1,5,platform_query,,,,,,,
01c6f2f1-0001-fcf9-0001-9ade000be19e,1248.259958,50,row-count; full checksum query before block,1179.0,42.0,1137.0,0.0,0.0,7635108352.0,1179.0,snowflake_small,1000000000,groupby,1,1,platform_query,,,,,,,
01c6f2f1-0001-fcf9-0001-9ade000be1a2,1295.206042,50,row-count; full checksum query before block,1273.0,45.0,1228.0,0.0,0.0,7635108352.0,1273.0,snowflake_small,1000000000,groupby,1,2,platform_query,,,,,,,
01c6f2f1-0001-fcf9-0001-9ade000be1a6,1331.656209,50,row-count; full checksum query before block,1307.0,42.0,1265.0,0.0,0.0,7635108352.0,1307.0,snowflake_small,1000000000,groupby,1,3,platform_query,,,,,,,
01c6f2f1-0001-fcf8-0001-9ade000baa6e,1183.399541,50,row-count; full checksum query before block,1142.0,40.0,1102.0,0.0,0.0,7635108352.0,1142.0,snowflake_small,1000000000,groupby,1,4,platform_query,,,,,,,
01c6f2f1-0001-fe0c-0001-9ade000bf15a,1454.179166,50,row-count; full checksum query before block,1259.0,55.0,1204.0,0.0,0.0,7635108352.0,1259.0,snowflake_small,1000000000,groupby,1,5,platform_query,,,,,,,
01c6f2f1-0001-fcf9-0001-9ade000be1ae,636.94625,200,row-count; full checksum query before block,100.0,51.0,49.0,0.0,0.0,1211904.0,100.0,snowflake_small,100000,join_groupby,1,1,platform_query,,,,,,,
01c6f2f1-0001-fcf8-0001-9ade000baa76,126.056292,200,row-count; full checksum query before block,92.0,45.0,47.0,0.0,0.0,1211904.0,92.0,snowflake_small,100000,join_groupby,1,2,platform_query,,,,,,,
01c6f2f1-0001-fe0c-0001-9ade000bf162,283.989083,200,row-count; full checksum query before block,161.0,111.0,50.0,0.0,0.0,1211904.0,161.0,snowflake_small,100000,join_groupby,1,3,platform_query,,,,,,,
01c6f2f1-0001-fcf8-0001-9ade000baa7a,125.211875,200,row-count; full checksum query before block,91.0,43.0,48.0,0.0,0.0,1211904.0,91.0,snowflake_small,100000,join_groupby,1,4,platform_query,,,,,,,
01c6f2f1-0001-fcf9-0001-9ade000be1b2,138.160333,200,row-count; full checksum query before block,102.0,48.0,54.0,0.0,0.0,1211904.0,102.0,snowflake_small,100000,join_groupby,1,5,platform_query,,,,,,,
01c6f2f1-0001-fcf8-0001-9ade000baa8a,348.455208,1980090,row-count; full checksum query before block,282.0,38.0,244.0,0.0,0.0,146614784.0,282.0,snowflake_small,10000000,filter_project,1,1,platform_query,,,,,,,
01c6f2f1-0001-fcf8-0001-9ade000baa8e,330.256375,1980090,row-count; full checksum query before block,269.0,32.0,237.0,0.0,0.0,151591936.0,269.0,snowflake_small,10000000,filter_project,1,2,platform_query,,,,,,,
01c6f2f1-0001-fe0c-0001-9ade000bf166,346.987875,1980090,row-count; full checksum query before block,278.0,45.0,233.0,0.0,0.0,146614272.0,278.0,snowflake_small,10000000,filter_project,1,3,platform_query,,,,,,,
01c6f2f1-0001-fe0c-0001-9ade000bf16a,1176.290584,1980090,row-count; full checksum query before block,259.0,40.0,219.0,0.0,0.0,141636608.0,259.0,snowflake_small,10000000,filter_project,1,4,platform_query,,,,,,,
01c6f2f1-0001-fcf9-0001-9ade000be1b6,371.718458,1980090,row-count; full checksum query before block,288.0,52.0,236.0,0.0,0.0,146614272.0,288.0,snowflake_small,10000000,filter_project,1,5,platform_query,,,,,,,
01c6f2f1-0001-fcf9-0001-9ade000be1c2,330.857959,198279,row-count; full checksum query before block,239.0,34.0,205.0,0.0,0.0,7627264.0,239.0,snowflake_small,1000000,filter_project,1,1,platform_query,,,,,,,
01c6f2f1-0001-fcf8-0001-9ade000baa92,312.21925,198279,row-count; full checksum query before block,257.0,36.0,221.0,0.0,0.0,7627264.0,257.0,snowflake_small,1000000,filter_project,1,2,platform_query,,,,,,,
01c6f2f1-0001-fcf9-0001-9ade000be1c6,291.370791,198279,row-count; full checksum query before block,237.0,34.0,203.0,0.0,0.0,7627264.0,237.0,snowflake_small,1000000,filter_project,1,3,platform_query,,,,,,,
01c6f2f1-0001-fcf8-0001-9ade000baa96,337.170084,198279,row-count; full checksum query before block,279.0,36.0,243.0,0.0,0.0,7627264.0,279.0,snowflake_small,1000000,filter_project,1,4,platform_query,,,,,,,
01c6f2f1-0001-fcf9-0001-9ade000be1ca,313.419333,198279,row-count; full checksum query before block,258.0,38.0,220.0,0.0,0.0,7627264.0,258.0,snowflake_small,1000000,filter_project,1,5,platform_query,,,,,,,
01c6f2f1-0001-fcf8-0001-9ade000baa9e,257.857291,100000,row-count; full checksum query before block,202.0,32.0,170.0,0.0,0.0,973312.0,202.0,snowflake_small,100000,clean_derive,1,1,platform_query,,,,,,,
01c6f2f1-0001-fcf9-0001-9ade000be1d2,269.566125,100000,row-count; full checksum query before block,215.0,34.0,181.0,0.0,0.0,973312.0,215.0,snowflake_small,100000,clean_derive,1,2,platform_query,,,,,,,
01c6f2f1-0001-fe0c-0001-9ade000bf176,377.934542,100000,row-count; full checksum query before block,296.0,126.0,170.0,0.0,0.0,973312.0,296.0,snowflake_small,100000,clean_derive,1,3,platform_query,,,,,,,
01c6f2f1-0001-fcf9-0001-9ade000be1d6,261.720167,100000,row-count; full checksum query before block,204.0,34.0,170.0,0.0,0.0,973312.0,204.0,snowflake_small,100000,clean_derive,1,4,platform_query,,,,,,,
01c6f2f1-0001-fe0c-0001-9ade000bf17a,260.81925,100000,row-count; full checksum query before block,206.0,36.0,170.0,0.0,0.0,973312.0,206.0,snowflake_small,100000,clean_derive,1,5,platform_query,,,,,,,
01c6f2f1-0001-fcf8-0001-9ade000baaa6,574.667875,10000000,row-count; full checksum query before block,506.0,37.0,469.0,0.0,0.0,151591936.0,506.0,snowflake_small,10000000,clean_derive,1,1,platform_query,,,,,,,
01c6f2f1-0001-fe0c-0001-9ade000bf17e,610.314834,10000000,row-count; full checksum query before block,536.0,38.0,498.0,0.0,0.0,151591936.0,536.0,snowflake_small,10000000,clean_derive,1,2,platform_query,,,,,,,
01c6f2f1-0001-fe0c-0001-9ade000bf182,595.662375,10000000,row-count; full checksum query before block,528.0,39.0,489.0,0.0,0.0,151591936.0,528.0,snowflake_small,10000000,clean_derive,1,3,platform_query,,,,,,,
01c6f2f1-0001-fe0c-0001-9ade000bf186,547.542292,10000000,row-count; full checksum query before block,474.0,40.0,434.0,0.0,0.0,151591936.0,474.0,snowflake_small,10000000,clean_derive,1,4,platform_query,,,,,,,
01c6f2f1-0001-fcf9-0001-9ade000be1e6,562.328292,10000000,row-count; full checksum query before block,475.0,40.0,435.0,0.0,0.0,151591936.0,475.0,snowflake_small,10000000,clean_derive,1,5,platform_query,,,,,,,
01c6f2f1-0001-fcf9-0001-9ade000be1ee,195.794833,200,row-count; full checksum query before block,152.0,59.0,93.0,0.0,0.0,156048380.0,152.0,snowflake_small,10000000,join_groupby,1,1,platform_query,,,,,,,
01c6f2f1-0001-fe0c-0001-9ade000bf18e,604.271959,200,row-count; full checksum query before block,240.0,127.0,113.0,0.0,0.0,151830528.0,240.0,snowflake_small,10000000,join_groupby,1,2,platform_query,,,,,,,
01c6f2f1-0001-fe0c-0001-9ade000bf192,279.023708,200,row-count; full checksum query before block,157.0,52.0,105.0,0.0,0.0,146852864.0,157.0,snowflake_small,10000000,join_groupby,1,3,platform_query,,,,,,,
01c6f2f1-0001-fcf9-0001-9ade000be1f2,187.326458,200,row-count; full checksum query before block,146.0,51.0,95.0,0.0,0.0,156048813.0,146.0,snowflake_small,10000000,join_groupby,1,4,platform_query,,,,,,,
01c6f2f2-0001-fcf9-0001-9ade000be1f6,187.862667,200,row-count; full checksum query before block,150.0,51.0,99.0,0.0,0.0,151830528.0,150.0,snowflake_small,10000000,join_groupby,1,5,platform_query,,,,,,,
01c6f2f2-0001-fe0c-0001-9ade000bf196,876.29525,19798586,row-count; full checksum query before block,794.0,103.0,691.0,0.0,0.0,779216896.0,794.0,snowflake_small,100000000,filter_project,1,1,platform_query,,,,,,,
01c6f2f2-0001-fe0c-0001-9ade000bf19a,831.276625,19798586,row-count; full checksum query before block,716.0,38.0,678.0,0.0,0.0,779216896.0,716.0,snowflake_small,100000000,filter_project,1,2,platform_query,,,,,,,
01c6f2f2-0001-fcf8-0001-9ade000baab6,899.939334,19798586,row-count; full checksum query before block,749.0,35.0,714.0,0.0,0.0,779216896.0,749.0,snowflake_small,100000000,filter_project,1,3,platform_query,,,,,,,
01c6f2f2-0001-fcf8-0001-9ade000baaba,957.760916,19798586,row-count; full checksum query before block,872.0,40.0,832.0,0.0,0.0,779216896.0,872.0,snowflake_small,100000000,filter_project,1,4,platform_query,,,,,,,
01c6f2f2-0001-fcf9-0001-9ade000be1fe,864.96975,19798586,row-count; full checksum query before block,716.0,54.0,662.0,0.0,0.0,779216896.0,716.0,snowflake_small,100000000,filter_project,1,5,platform_query,,,,,,,
01c6f2f2-0001-fe0c-0001-9ade000bf19e,210.204041,19886,row-count; full checksum query before block,151.0,34.0,117.0,0.0,0.0,973312.0,151.0,snowflake_small,100000,filter_project,1,1,platform_query,,,,,,,
01c6f2f2-0001-fcf8-0001-9ade000baac2,224.710333,19886,row-count; full checksum query before block,163.0,47.0,116.0,0.0,0.0,973312.0,163.0,snowflake_small,100000,filter_project,1,2,platform_query,,,,,,,
01c6f2f2-0001-fe0c-0001-9ade000bf1a2,202.092792,19886,row-count; full checksum query before block,142.0,35.0,107.0,0.0,0.0,973312.0,142.0,snowflake_small,100000,filter_project,1,3,platform_query,,,,,,,
01c6f2f2-0001-fcf8-0001-9ade000baac6,220.672,19886,row-count; full checksum query before block,154.0,45.0,109.0,0.0,0.0,973312.0,154.0,snowflake_small,100000,filter_project,1,4,platform_query,,,,,,,
01c6f2f2-0001-fcf9-0001-9ade000be20a,250.900042,19886,row-count; full checksum query before block,184.0,63.0,121.0,0.0,0.0,973312.0,184.0,snowflake_small,100000,filter_project,1,5,platform_query,,,,,,,
01c6f2f2-0001-fcf9-0001-9ade000be212,97.453666,50,row-count; full checksum query before block,72.0,38.0,34.0,0.0,0.0,7627264.0,72.0,snowflake_small,1000000,groupby,1,1,platform_query,,,,,,,
01c6f2f2-0001-fe0c-0001-9ade000bf1aa,226.249125,50,row-count; full checksum query before block,73.0,41.0,32.0,0.0,0.0,7627264.0,73.0,snowflake_small,1000000,groupby,1,2,platform_query,,,,,,,
01c6f2f2-0001-fcf9-0001-9ade000be216,107.783084,50,row-count; full checksum query before block,79.0,45.0,34.0,0.0,0.0,7627264.0,79.0,snowflake_small,1000000,groupby,1,3,platform_query,,,,,,,
01c6f2f2-0001-fcf9-0001-9ade000be21a,94.062625,50,row-count; full checksum query before block,66.0,32.0,34.0,0.0,0.0,7627264.0,66.0,snowflake_small,1000000,groupby,1,4,platform_query,,,,,,,
01c6f2f2-0001-fcf9-0001-9ade000be21e,90.000125,50,row-count; full checksum query before block,68.0,37.0,31.0,0.0,0.0,7627264.0,68.0,snowflake_small,1000000,groupby,1,5,platform_query,,,,,,,
01c6f2f2-0001-fcf8-0001-9ade000baad6,2794.783083,100000000,row-count; full checksum query before block,2704.0,38.0,2666.0,0.0,0.0,779216896.0,2704.0,snowflake_small,100000000,clean_derive,1,1,platform_query,,,,,,,
01c6f2f2-0001-fcf9-0001-9ade000be226,2854.039,100000000,row-count; full checksum query before block,2779.0,51.0,2728.0,0.0,0.0,779216896.0,2779.0,snowflake_small,100000000,clean_derive,1,2,platform_query,,,,,,,
01c6f2f2-0001-fcf8-0001-9ade000baada,2834.391125,100000000,row-count; full checksum query before block,2680.0,40.0,2640.0,0.0,0.0,779216896.0,2680.0,snowflake_small,100000000,clean_derive,1,3,platform_query,,,,,,,
01c6f2f2-0001-fe0c-0001-9ade000bf1ae,3073.149208,100000000,row-count; full checksum query before block,2824.0,103.0,2721.0,0.0,0.0,779216896.0,2824.0,snowflake_small,100000000,clean_derive,1,4,platform_query,,,,,,,
01c6f2f2-0001-fcf8-0001-9ade000baade,2867.614083,100000000,row-count; full checksum query before block,2701.0,38.0,2663.0,0.0,0.0,779216896.0,2701.0,snowflake_small,100000000,clean_derive,1,5,platform_query,,,,,,,
01c6f2f2-0001-fcf9-0001-9ade000be22a,530.323917,200,row-count; full checksum query before block,489.0,64.0,425.0,0.0,0.0,779455488.0,489.0,snowflake_small,100000000,join_groupby,1,1,platform_query,,,,,,,
01c6f2f2-0001-fcf8-0001-9ade000baae2,515.800625,200,row-count; full checksum query before block,477.0,55.0,422.0,0.0,0.0,779455488.0,477.0,snowflake_small,100000000,join_groupby,1,2,platform_query,,,,,,,
01c6f2f2-0001-fcf8-0001-9ade000baae6,737.235167,200,row-count; full checksum query before block,694.0,49.0,645.0,0.0,0.0,779455488.0,694.0,snowflake_small,100000000,join_groupby,1,3,platform_query,,,,,,,
01c6f2f2-0001-fe0c-0001-9ade000bf1be,516.256333,200,row-count; full checksum query before block,478.0,57.0,421.0,0.0,0.0,779455488.0,478.0,snowflake_small,100000000,join_groupby,1,4,platform_query,,,,,,,
01c6f2f2-0001-fe0c-0001-9ade000bf1c2,529.771958,200,row-count; full checksum query before block,492.0,60.0,432.0,0.0,0.0,779455488.0,492.0,snowflake_small,100000000,join_groupby,1,5,platform_query,,,,,,,
01c6f2f2-0001-fcf8-0001-9ade000baaf2,173.982125,200,row-count; full checksum query before block,136.0,44.0,92.0,0.0,0.0,7865856.0,136.0,snowflake_small,1000000,join_groupby,1,1,platform_query,,,,,,,
01c6f2f2-0001-fcf9-0001-9ade000be232,183.172792,200,row-count; full checksum query before block,145.0,55.0,90.0,0.0,0.0,7865856.0,145.0,snowflake_small,1000000,join_groupby,1,2,platform_query,,,,,,,
01c6f2f2-0001-fe0c-0001-9ade000bf1c6,173.8735,200,row-count; full checksum query before block,141.0,49.0,92.0,0.0,0.0,7865856.0,141.0,snowflake_small,1000000,join_groupby,1,3,platform_query,,,,,,,
01c6f2f2-0001-fcf8-0001-9ade000baaf6,196.190083,200,row-count; full checksum query before block,129.0,37.0,92.0,0.0,0.0,7865856.0,129.0,snowflake_small,1000000,join_groupby,1,4,platform_query,,,,,,,
01c6f2f2-0001-fcf9-0001-9ade000be236,179.911333,200,row-count; full checksum query before block,142.0,49.0,93.0,0.0,0.0,7865856.0,142.0,snowflake_small,1000000,join_groupby,1,5,platform_query,,,,,,,
01c6f2f2-0001-fe0c-0001-9ade000bf1d2,545.062084,1000000,row-count; full checksum query before block,447.0,41.0,406.0,0.0,0.0,7627264.0,447.0,snowflake_small,1000000,clean_derive,1,1,platform_query,,,,,,,
01c6f2f2-0001-fcf9-0001-9ade000be23a,524.334541,1000000,row-count; full checksum query before block,455.0,45.0,410.0,0.0,0.0,7627264.0,455.0,snowflake_small,1000000,clean_derive,1,2,platform_query,,,,,,,
01c6f2f2-0001-fcf8-0001-9ade000baafe,602.755417,1000000,row-count; full checksum query before block,483.0,40.0,443.0,0.0,0.0,7627264.0,483.0,snowflake_small,1000000,clean_derive,1,3,platform_query,,,,,,,
01c6f2f2-0001-fcf8-0001-9ade000bab02,508.480041,1000000,row-count; full checksum query before block,443.0,37.0,406.0,0.0,0.0,7627264.0,443.0,snowflake_small,1000000,clean_derive,1,4,platform_query,,,,,,,
01c6f2f2-0001-fcf9-0001-9ade000be23e,502.574042,1000000,row-count; full checksum query before block,442.0,38.0,404.0,0.0,0.0,7627264.0,442.0,snowflake_small,1000000,clean_derive,1,5,platform_query,,,,,,,
01c6f2f2-0001-fcf9-0001-9ade000be242,261.026417,50,row-count; full checksum query before block,236.0,43.0,193.0,0.0,0.0,779216896.0,236.0,snowflake_small,100000000,groupby,1,1,platform_query,,,,,,,
01c6f2f2-0001-fe0c-0001-9ade000bf1de,269.2395,50,row-count; full checksum query before block,247.0,41.0,206.0,0.0,0.0,779216896.0,247.0,snowflake_small,100000000,groupby,1,2,platform_query,,,,,,,
01c6f2f2-0001-fcf8-0001-9ade000bab0a,263.602,50,row-count; full checksum query before block,235.0,40.0,195.0,0.0,0.0,779216896.0,235.0,snowflake_small,100000000,groupby,1,3,platform_query,,,,,,,
01c6f2f2-0001-fe0c-0001-9ade000bf1e2,334.191,50,row-count; full checksum query before block,237.0,40.0,197.0,0.0,0.0,779216896.0,237.0,snowflake_small,100000000,groupby,1,4,platform_query,,,,,,,
01c6f2f2-0001-fcf8-0001-9ade000bab0e,409.1675,50,row-count; full checksum query before block,267.0,37.0,230.0,0.0,0.0,779216896.0,267.0,snowflake_small,100000000,groupby,1,5,platform_query,,,,,,,
01c6f2f2-0001-fe0c-0001-9ade000bf1ea,167.252333,50,row-count; full checksum query before block,94.0,41.0,53.0,0.0,0.0,151591936.0,94.0,snowflake_small,10000000,groupby,1,1,platform_query,,,,,,,
01c6f2f2-0001-fcf8-0001-9ade000bab12,118.466708,50,row-count; full checksum query before block,93.0,39.0,54.0,0.0,0.0,151591936.0,93.0,snowflake_small,10000000,groupby,1,2,platform_query,,,,,,,
01c6f2f2-0001-fcf9-0001-9ade000be24e,128.310541,50,row-count; full checksum query before block,103.0,42.0,61.0,0.0,0.0,151591936.0,103.0,snowflake_small,10000000,groupby,1,3,platform_query,,,,,,,
01c6f2f2-0001-fcf9-0001-9ade000be252,120.837917,50,row-count; full checksum query before block,92.0,39.0,53.0,0.0,0.0,151591936.0,92.0,snowflake_small,10000000,groupby,1,4,platform_query,,,,,,,
01c6f2f2-0001-fe0c-0001-9ade000bf1ee,160.7575,50,row-count; full checksum query before block,114.0,48.0,66.0,0.0,0.0,151591936.0,114.0,snowflake_small,10000000,groupby,1,5,platform_query,,,,,,,
01c6f2f3-0001-fe0c-0001-9ade000bf1f6,18176.005791,1000000000,row-count; full checksum query before block,18061.0,49.0,18012.0,0.0,0.0,7635108352.0,18061.0,snowflake_small,1000000000,clean_derive,1,1,platform_query,,,,,,,
01c6f2f3-0001-fe0c-0001-9ade000bf1fa,18476.292583,1000000000,row-count; full checksum query before block,18339.0,51.0,18288.0,0.0,0.0,7635108352.0,18339.0,snowflake_small,1000000000,clean_derive,1,2,platform_query,,,,,,,
01c6f2f3-0001-fcf8-0001-9ade000bab1a,18673.86425,1000000000,row-count; full checksum query before block,18516.0,53.0,18463.0,0.0,0.0,7635108352.0,18516.0,snowflake_small,1000000000,clean_derive,1,3,platform_query,,,,,,,
01c6f2f4-0001-fe0c-0001-9ade000bf1fe,17933.893708,1000000000,row-count; full checksum query before block,17753.0,57.0,17696.0,0.0,0.0,7635108352.0,17753.0,snowflake_small,1000000000,clean_derive,1,4,platform_query,,,,,,,
01c6f2f4-0001-fe0c-0001-9ade000bf202,18339.139292,1000000000,row-count; full checksum query before block,18219.0,71.0,18148.0,0.0,0.0,7635108352.0,18219.0,snowflake_small,1000000000,clean_derive,1,5,platform_query,,,,,,,
01c6f2f4-0001-fcf8-0001-9ade000bab2e,351.611375,50,row-count; full checksum query before block,291.0,239.0,52.0,0.0,0.0,151591936.0,291.0,snowflake_large,10000000,groupby,1,1,platform_query,,,,,,,
01c6f2f4-0001-fcf8-0001-9ade000bab32,118.396084,50,row-count; full checksum query before block,93.0,52.0,41.0,0.0,0.0,151591936.0,93.0,snowflake_large,10000000,groupby,1,2,platform_query,,,,,,,
01c6f2f4-0001-fcf9-0001-9ade000be262,329.167416,50,row-count; full checksum query before block,303.0,251.0,52.0,0.0,0.0,151591936.0,303.0,snowflake_large,10000000,groupby,1,3,platform_query,,,,,,,
01c6f2f4-0001-fe0c-0001-9ade000bf20e,113.137625,50,row-count; full checksum query before block,87.0,42.0,45.0,0.0,0.0,151591936.0,87.0,snowflake_large,10000000,groupby,1,4,platform_query,,,,,,,
01c6f2f4-0001-fcf9-0001-9ade000be266,116.025208,50,row-count; full checksum query before block,85.0,42.0,43.0,0.0,0.0,151591936.0,85.0,snowflake_large,10000000,groupby,1,5,platform_query,,,,,,,
01c6f2f4-0001-fcf9-0001-9ade000be26e,236.530042,50,row-count; full checksum query before block,150.0,41.0,109.0,0.0,0.0,3116867584.0,150.0,snowflake_large,100000000,groupby,1,1,platform_query,,,,,,,
01c6f2f4-0001-fcf8-0001-9ade000bab3e,179.653375,50,row-count; full checksum query before block,152.0,41.0,111.0,0.0,0.0,3116867584.0,152.0,snowflake_large,100000000,groupby,1,2,platform_query,,,,,,,
01c6f2f4-0001-fcf9-0001-9ade000be272,344.361541,50,row-count; full checksum query before block,215.0,66.0,149.0,0.0,0.0,3116867584.0,215.0,snowflake_large,100000000,groupby,1,3,platform_query,,,,,,,
01c6f2f4-0001-fcf9-0001-9ade000be276,1050.658625,50,row-count; full checksum query before block,963.0,845.0,118.0,0.0,0.0,3116867584.0,963.0,snowflake_large,100000000,groupby,1,4,platform_query,,,,,,,
01c6f2f4-0001-fcf8-0001-9ade000bab42,175.857166,50,row-count; full checksum query before block,148.0,37.0,111.0,0.0,0.0,3116867584.0,148.0,snowflake_large,100000000,groupby,1,5,platform_query,,,,,,,
01c6f2f4-0001-fcf9-0001-9ade000be27e,6059.221,1000000000,row-count; full checksum query before block,5914.0,50.0,5864.0,0.0,0.0,7635108352.0,5914.0,snowflake_large,1000000000,clean_derive,1,1,platform_query,,,,,,,
01c6f2f5-0001-fcf9-0001-9ade000be282,5519.2705,1000000000,row-count; full checksum query before block,5384.0,58.0,5326.0,0.0,0.0,7635108352.0,5384.0,snowflake_large,1000000000,clean_derive,1,2,platform_query,,,,,,,
01c6f2f5-0001-fe0c-0001-9ade000bf21a,5609.838583,1000000000,row-count; full checksum query before block,5455.0,56.0,5399.0,0.0,0.0,7635108352.0,5455.0,snowflake_large,1000000000,clean_derive,1,3,platform_query,,,,,,,
01c6f2f5-0001-fcf8-0001-9ade000bab46,5573.749667,1000000000,row-count; full checksum query before block,5399.0,55.0,5344.0,0.0,0.0,7635108352.0,5399.0,snowflake_large,1000000000,clean_derive,1,4,platform_query,,,,,,,
01c6f2f5-0001-fcf8-0001-9ade000bab4a,5429.060708,1000000000,row-count; full checksum query before block,5293.0,49.0,5244.0,0.0,0.0,7635108352.0,5293.0,snowflake_large,1000000000,clean_derive,1,5,platform_query,,,,,,,
01c6f2f5-0001-fcf8-0001-9ade000bab56,696.570791,19798586,row-count; full checksum query before block,621.0,39.0,582.0,0.0,0.0,3002376704.0,621.0,snowflake_large,100000000,filter_project,1,1,platform_query,,,,,,,
01c6f2f5-0001-fcf8-0001-9ade000bab5a,746.148125,19798586,row-count; full checksum query before block,661.0,39.0,622.0,0.0,0.0,2976750719.0,661.0,snowflake_large,100000000,filter_project,1,2,platform_query,,,,,,,
01c6f2f5-0001-fe0c-0001-9ade000bf21e,790.643209,19798586,row-count; full checksum query before block,646.0,45.0,601.0,0.0,0.0,2820546048.0,646.0,snowflake_large,100000000,filter_project,1,3,platform_query,,,,,,,
01c6f2f5-0001-fcf8-0001-9ade000bab5e,733.513209,19798586,row-count; full checksum query before block,659.0,39.0,620.0,0.0,0.0,3015087104.0,659.0,snowflake_large,100000000,filter_project,1,4,platform_query,,,,,,,
01c6f2f5-0001-fcf8-0001-9ade000bab62,706.901916,19798586,row-count; full checksum query before block,613.0,41.0,572.0,0.0,0.0,3056019456.0,613.0,snowflake_large,100000000,filter_project,1,5,platform_query,,,,,,,
01c6f2f5-0001-fcf9-0001-9ade000be28e,538.258625,1000000,row-count; full checksum query before block,473.0,66.0,407.0,0.0,0.0,7627264.0,473.0,snowflake_large,1000000,clean_derive,1,1,platform_query,,,,,,,
01c6f2f5-0001-fe0c-0001-9ade000bf226,504.787625,1000000,row-count; full checksum query before block,444.0,39.0,405.0,0.0,0.0,7627264.0,444.0,snowflake_large,1000000,clean_derive,1,2,platform_query,,,,,,,
01c6f2f5-0001-fcf9-0001-9ade000be292,887.962417,1000000,row-count; full checksum query before block,784.0,71.0,713.0,0.0,0.0,7627264.0,784.0,snowflake_large,1000000,clean_derive,1,3,platform_query,,,,,,,
01c6f2f5-0001-fe0c-0001-9ade000bf22a,520.6245,1000000,row-count; full checksum query before block,450.0,41.0,409.0,0.0,0.0,7627264.0,450.0,snowflake_large,1000000,clean_derive,1,4,platform_query,,,,,,,
01c6f2f5-0001-fcf9-0001-9ade000be296,528.99075,1000000,row-count; full checksum query before block,455.0,47.0,408.0,0.0,0.0,7627264.0,455.0,snowflake_large,1000000,clean_derive,1,5,platform_query,,,,,,,
01c6f2f5-0001-fe0c-0001-9ade000bf232,156.105375,200,row-count; full checksum query before block,119.0,48.0,71.0,0.0,0.0,7865856.0,119.0,snowflake_large,1000000,join_groupby,1,1,platform_query,,,,,,,
01c6f2f5-0001-fcf8-0001-9ade000bab72,433.416834,200,row-count; full checksum query before block,398.0,39.0,359.0,0.0,0.0,7865856.0,398.0,snowflake_large,1000000,join_groupby,1,2,platform_query,,,,,,,
01c6f2f5-0001-fe0c-0001-9ade000bf236,210.345292,200,row-count; full checksum query before block,120.0,50.0,70.0,0.0,0.0,7865856.0,120.0,snowflake_large,1000000,join_groupby,1,3,platform_query,,,,,,,
01c6f2f5-0001-fcf9-0001-9ade000be29a,185.676667,200,row-count; full checksum query before block,141.0,70.0,71.0,0.0,0.0,7865856.0,141.0,snowflake_large,1000000,join_groupby,1,4,platform_query,,,,,,,
01c6f2f5-0001-fcf9-0001-9ade000be29e,181.298416,200,row-count; full checksum query before block,119.0,50.0,69.0,0.0,0.0,7865856.0,119.0,snowflake_large,1000000,join_groupby,1,5,platform_query,,,,,,,
01c6f2f5-0001-fcf8-0001-9ade000bab7a,154.27825,200,row-count; full checksum query before block,121.0,43.0,78.0,0.0,0.0,146852864.0,121.0,snowflake_large,10000000,join_groupby,1,1,platform_query,,,,,,,
01c6f2f5-0001-fcf8-0001-9ade000bab7e,161.889,200,row-count; full checksum query before block,126.0,49.0,77.0,0.0,0.0,146852864.0,126.0,snowflake_large,10000000,join_groupby,1,2,platform_query,,,,,,,
01c6f2f5-0001-fe0c-0001-9ade000bf242,186.262417,200,row-count; full checksum query before block,145.0,60.0,85.0,0.0,0.0,151830528.0,145.0,snowflake_large,10000000,join_groupby,1,3,platform_query,,,,,,,
01c6f2f5-0001-fcf8-0001-9ade000bab82,167.502333,200,row-count; full checksum query before block,138.0,59.0,79.0,0.0,0.0,151830528.0,138.0,snowflake_large,10000000,join_groupby,1,4,platform_query,,,,,,,
01c6f2f5-0001-fcf8-0001-9ade000bab86,157.331125,200,row-count; full checksum query before block,121.0,42.0,79.0,0.0,0.0,146852864.0,121.0,snowflake_large,10000000,join_groupby,1,5,platform_query,,,,,,,
01c6f2f5-0001-fcf9-0001-9ade000be2a2,291.071917,100000,row-count; full checksum query before block,225.0,41.0,184.0,0.0,0.0,973312.0,225.0,snowflake_large,100000,clean_derive,1,1,platform_query,,,,,,,
01c6f2f5-0001-fcf8-0001-9ade000bab8a,276.955708,100000,row-count; full checksum query before block,212.0,35.0,177.0,0.0,0.0,973312.0,212.0,snowflake_large,100000,clean_derive,1,2,platform_query,,,,,,,
01c6f2f5-0001-fe0c-0001-9ade000bf252,291.6125,100000,row-count; full checksum query before block,209.0,40.0,169.0,0.0,0.0,973312.0,209.0,snowflake_large,100000,clean_derive,1,3,platform_query,,,,,,,
01c6f2f5-0001-fe0c-0001-9ade000bf256,301.47125,100000,row-count; full checksum query before block,229.0,55.0,174.0,0.0,0.0,973312.0,229.0,snowflake_large,100000,clean_derive,1,4,platform_query,,,,,,,
01c6f2f5-0001-fe0c-0001-9ade000bf25a,271.397791,100000,row-count; full checksum query before block,209.0,34.0,175.0,0.0,0.0,973312.0,209.0,snowflake_large,100000,clean_derive,1,5,platform_query,,,,,,,
01c6f2f5-0001-fe0c-0001-9ade000bf25e,1388.082333,197996556,row-count; full checksum query before block,1269.0,42.0,1227.0,0.0,0.0,7635108352.0,1269.0,snowflake_large,1000000000,filter_project,1,1,platform_query,,,,,,,
01c6f2f5-0001-fe0c-0001-9ade000bf262,1399.667459,197996556,row-count; full checksum query before block,1275.0,43.0,1232.0,0.0,0.0,7635108352.0,1275.0,snowflake_large,1000000000,filter_project,1,2,platform_query,,,,,,,
01c6f2f5-0001-fcf8-0001-9ade000bab96,1389.64375,197996556,row-count; full checksum query before block,1216.0,35.0,1181.0,0.0,0.0,7635108352.0,1216.0,snowflake_large,1000000000,filter_project,1,3,platform_query,,,,,,,
01c6f2f5-0001-fcf8-0001-9ade000bab9a,1368.648292,197996556,row-count; full checksum query before block,1268.0,44.0,1224.0,0.0,0.0,7635108352.0,1268.0,snowflake_large,1000000000,filter_project,1,4,platform_query,,,,,,,
01c6f2f5-0001-fcf9-0001-9ade000be2aa,1370.774833,197996556,row-count; full checksum query before block,1241.0,39.0,1202.0,0.0,0.0,7635108352.0,1241.0,snowflake_large,1000000000,filter_project,1,5,platform_query,,,,,,,
01c6f2f5-0001-fcf8-0001-9ade000babaa,1020.936291,200,row-count; full checksum query before block,982.0,106.0,876.0,0.0,0.0,7635346944.0,982.0,snowflake_large,1000000000,join_groupby,1,1,platform_query,,,,,,,
01c6f2f5-0001-fcf8-0001-9ade000babae,966.054834,200,row-count; full checksum query before block,924.0,53.0,871.0,0.0,0.0,7635346944.0,924.0,snowflake_large,1000000000,join_groupby,1,2,platform_query,,,,,,,
01c6f2f6-0001-fcf8-0001-9ade000babb2,983.251292,200,row-count; full checksum query before block,929.0,52.0,877.0,0.0,0.0,7635346944.0,929.0,snowflake_large,1000000000,join_groupby,1,3,platform_query,,,,,,,
01c6f2f6-0001-fe0c-0001-9ade000bf266,1080.140375,200,row-count; full checksum query before block,1037.0,69.0,968.0,0.0,0.0,7635346944.0,1037.0,snowflake_large,1000000000,join_groupby,1,4,platform_query,,,,,,,
01c6f2f6-0001-fcf8-0001-9ade000babb6,1009.430958,200,row-count; full checksum query before block,920.0,51.0,869.0,0.0,0.0,7635346944.0,920.0,snowflake_large,1000000000,join_groupby,1,5,platform_query,,,,,,,
01c6f2f6-0001-fcf9-0001-9ade000be2ae,204.723458,50,row-count; full checksum query before block,80.0,48.0,32.0,0.0,0.0,7627264.0,80.0,snowflake_large,1000000,groupby,1,1,platform_query,,,,,,,
01c6f2f6-0001-fcf8-0001-9ade000babc2,95.454708,50,row-count; full checksum query before block,68.0,35.0,33.0,0.0,0.0,7627264.0,68.0,snowflake_large,1000000,groupby,1,2,platform_query,,,,,,,
01c6f2f6-0001-fcf9-0001-9ade000be2b2,406.452,50,row-count; full checksum query before block,82.0,51.0,31.0,0.0,0.0,7627264.0,82.0,snowflake_large,1000000,groupby,1,3,platform_query,,,,,,,
01c6f2f6-0001-fcf8-0001-9ade000babc6,90.957042,50,row-count; full checksum query before block,66.0,32.0,34.0,0.0,0.0,7627264.0,66.0,snowflake_large,1000000,groupby,1,4,platform_query,,,,,,,
01c6f2f6-0001-fcf9-0001-9ade000be2b6,102.559458,50,row-count; full checksum query before block,76.0,44.0,32.0,0.0,0.0,7627264.0,76.0,snowflake_large,1000000,groupby,1,5,platform_query,,,,,,,
01c6f2f6-0001-fcf9-0001-9ade000be2ba,644.022,10000000,row-count; full checksum query before block,507.0,40.0,467.0,0.0,0.0,151591936.0,507.0,snowflake_large,10000000,clean_derive,1,1,platform_query,,,,,,,
01c6f2f6-0001-fe0c-0001-9ade000bf26e,716.062792,10000000,row-count; full checksum query before block,529.0,42.0,487.0,0.0,0.0,151591936.0,529.0,snowflake_large,10000000,clean_derive,1,2,platform_query,,,,,,,
01c6f2f6-0001-fcf9-0001-9ade000be2be,567.604,10000000,row-count; full checksum query before block,494.0,43.0,451.0,0.0,0.0,151591936.0,494.0,snowflake_large,10000000,clean_derive,1,3,platform_query,,,,,,,
01c6f2f6-0001-fcf9-0001-9ade000be2c2,503.513667,10000000,row-count; full checksum query before block,434.0,39.0,395.0,0.0,0.0,151591936.0,434.0,snowflake_large,10000000,clean_derive,1,4,platform_query,,,,,,,
01c6f2f6-0001-fcf8-0001-9ade000babd6,547.979375,10000000,row-count; full checksum query before block,469.0,37.0,432.0,0.0,0.0,151591936.0,469.0,snowflake_large,10000000,clean_derive,1,5,platform_query,,,,,,,
01c6f2f6-0001-fe0c-0001-9ade000bf272,335.049791,1980090,row-count; full checksum query before block,266.0,46.0,220.0,0.0,0.0,151591936.0,266.0,snowflake_large,10000000,filter_project,1,1,platform_query,,,,,,,
01c6f2f6-0001-fe0c-0001-9ade000bf276,423.134625,1980090,row-count; full checksum query before block,267.0,41.0,226.0,0.0,0.0,151591936.0,267.0,snowflake_large,10000000,filter_project,1,2,platform_query,,,,,,,
01c6f2f6-0001-fcf8-0001-9ade000babe2,517.236375,1980090,row-count; full checksum query before block,258.0,37.0,221.0,0.0,0.0,151591936.0,258.0,snowflake_large,10000000,filter_project,1,3,platform_query,,,,,,,
01c6f2f6-0001-fcf8-0001-9ade000babe6,316.511875,1980090,row-count; full checksum query before block,255.0,37.0,218.0,0.0,0.0,151591936.0,255.0,snowflake_large,10000000,filter_project,1,4,platform_query,,,,,,,
01c6f2f6-0001-fcf9-0001-9ade000be2ca,356.63275,1980090,row-count; full checksum query before block,280.0,50.0,230.0,0.0,0.0,151591936.0,280.0,snowflake_large,10000000,filter_project,1,5,platform_query,,,,,,,
01c6f2f6-0001-fcf8-0001-9ade000babee,229.330708,19886,row-count; full checksum query before block,170.0,31.0,139.0,0.0,0.0,973312.0,170.0,snowflake_large,100000,filter_project,1,1,platform_query,,,,,,,
01c6f2f6-0001-fcf9-0001-9ade000be2ce,295.948583,19886,row-count; full checksum query before block,174.0,36.0,138.0,0.0,0.0,973312.0,174.0,snowflake_large,100000,filter_project,1,2,platform_query,,,,,,,
01c6f2f6-0001-fcf8-0001-9ade000babf2,241.446375,19886,row-count; full checksum query before block,185.0,38.0,147.0,0.0,0.0,973312.0,185.0,snowflake_large,100000,filter_project,1,3,platform_query,,,,,,,
01c6f2f6-0001-fcf8-0001-9ade000babf6,285.858959,19886,row-count; full checksum query before block,135.0,30.0,105.0,0.0,0.0,973312.0,135.0,snowflake_large,100000,filter_project,1,4,platform_query,,,,,,,
01c6f2f6-0001-fcf8-0001-9ade000babfa,279.434167,19886,row-count; full checksum query before block,154.0,33.0,121.0,0.0,0.0,973312.0,154.0,snowflake_large,100000,filter_project,1,5,platform_query,,,,,,,
01c6f2f6-0001-fcf8-0001-9ade000bac0a,1609.505458,100000000,row-count; full checksum query before block,1531.0,37.0,1494.0,0.0,0.0,3116867584.0,1531.0,snowflake_large,100000000,clean_derive,1,1,platform_query,,,,,,,
01c6f2f6-0001-fe0c-0001-9ade000bf286,1628.952416,100000000,row-count; full checksum query before block,1543.0,45.0,1498.0,0.0,0.0,3116867584.0,1543.0,snowflake_large,100000000,clean_derive,1,2,platform_query,,,,,,,
01c6f2f6-0001-fe0c-0001-9ade000bf28a,1557.779167,100000000,row-count; full checksum query before block,1485.0,39.0,1446.0,0.0,0.0,3116867584.0,1485.0,snowflake_large,100000000,clean_derive,1,3,platform_query,,,,,,,
01c6f2f6-0001-fcf8-0001-9ade000bac0e,1602.760167,100000000,row-count; full checksum query before block,1522.0,40.0,1482.0,0.0,0.0,3116867584.0,1522.0,snowflake_large,100000000,clean_derive,1,4,platform_query,,,,,,,
01c6f2f6-0001-fe0c-0001-9ade000bf28e,1635.622375,100000000,row-count; full checksum query before block,1514.0,39.0,1475.0,0.0,0.0,3116867584.0,1514.0,snowflake_large,100000000,clean_derive,1,5,platform_query,,,,,,,
01c6f2f6-0001-fcf8-0001-9ade000bac16,386.225208,198279,row-count; full checksum query before block,309.0,34.0,275.0,0.0,0.0,7627264.0,309.0,snowflake_large,1000000,filter_project,1,1,platform_query,,,,,,,
01c6f2f6-0001-fcf8-0001-9ade000bac1a,319.213375,198279,row-count; full checksum query before block,266.0,36.0,230.0,0.0,0.0,7627264.0,266.0,snowflake_large,1000000,filter_project,1,2,platform_query,,,,,,,
01c6f2f6-0001-fe0c-0001-9ade000bf292,323.938208,198279,row-count; full checksum query before block,261.0,40.0,221.0,0.0,0.0,7627264.0,261.0,snowflake_large,1000000,filter_project,1,3,platform_query,,,,,,,
01c6f2f6-0001-fcf9-0001-9ade000be2da,394.104875,198279,row-count; full checksum query before block,268.0,39.0,229.0,0.0,0.0,7627264.0,268.0,snowflake_large,1000000,filter_project,1,4,platform_query,,,,,,,
01c6f2f6-0001-fe0c-0001-9ade000bf296,332.308917,198279,row-count; full checksum query before block,268.0,37.0,231.0,0.0,0.0,7627264.0,268.0,snowflake_large,1000000,filter_project,1,5,platform_query,,,,,,,
01c6f2f6-0001-fcf9-0001-9ade000be2e6,130.666042,200,row-count; full checksum query before block,95.0,49.0,46.0,0.0,0.0,1211904.0,95.0,snowflake_large,100000,join_groupby,1,1,platform_query,,,,,,,
01c6f2f6-0001-fcf8-0001-9ade000bac22,125.020667,200,row-count; full checksum query before block,91.0,44.0,47.0,0.0,0.0,1211904.0,91.0,snowflake_large,100000,join_groupby,1,2,platform_query,,,,,,,
01c6f2f6-0001-fcf9-0001-9ade000be2ea,136.822959,200,row-count; full checksum query before block,90.0,45.0,45.0,0.0,0.0,1211904.0,90.0,snowflake_large,100000,join_groupby,1,3,platform_query,,,,,,,
01c6f2f6-0001-fcf8-0001-9ade000bac26,130.688291,200,row-count; full checksum query before block,93.0,45.0,48.0,0.0,0.0,1211904.0,93.0,snowflake_large,100000,join_groupby,1,4,platform_query,,,,,,,
01c6f2f6-0001-fcf8-0001-9ade000bac2a,132.776125,200,row-count; full checksum query before block,96.0,43.0,53.0,0.0,0.0,1211904.0,96.0,snowflake_large,100000,join_groupby,1,5,platform_query,,,,,,,
01c6f2f6-0001-fcf9-0001-9ade000be2ee,317.646625,200,row-count; full checksum query before block,279.0,60.0,219.0,0.0,0.0,2985367552.0,279.0,snowflake_large,100000000,join_groupby,1,1,platform_query,,,,,,,
01c6f2f6-0001-fe0c-0001-9ade000bf29a,330.978292,200,row-count; full checksum query before block,292.0,63.0,229.0,0.0,0.0,3002570240.0,292.0,snowflake_large,100000000,join_groupby,1,2,platform_query,,,,,,,
01c6f2f6-0001-fcf9-0001-9ade000be2f2,319.893125,200,row-count; full checksum query before block,278.0,52.0,226.0,0.0,0.0,3083481088.0,278.0,snowflake_large,100000000,join_groupby,1,3,platform_query,,,,,,,
01c6f2f6-0001-fcf9-0001-9ade000be2f6,312.649125,200,row-count; full checksum query before block,271.0,55.0,216.0,0.0,0.0,3052596224.0,271.0,snowflake_large,100000000,join_groupby,1,4,platform_query,,,,,,,
01c6f2f6-0001-fcf9-0001-9ade000be2fa,391.755333,200,row-count; full checksum query before block,278.0,50.0,228.0,0.0,0.0,3056215552.0,278.0,snowflake_large,100000000,join_groupby,1,5,platform_query,,,,,,,
01c6f2f6-0001-fcf8-0001-9ade000bac3a,479.892417,50,row-count; full checksum query before block,449.0,35.0,414.0,0.0,0.0,7635108352.0,449.0,snowflake_large,1000000000,groupby,1,1,platform_query,,,,,,,
01c6f2f6-0001-fcf8-0001-9ade000bac3e,475.660584,50,row-count; full checksum query before block,450.0,36.0,414.0,0.0,0.0,7635108352.0,450.0,snowflake_large,1000000000,groupby,1,2,platform_query,,,,,,,
01c6f2f6-0001-fe0c-0001-9ade000bf2a6,475.322459,50,row-count; full checksum query before block,448.0,37.0,411.0,0.0,0.0,7635108352.0,448.0,snowflake_large,1000000000,groupby,1,3,platform_query,,,,,,,
01c6f2f6-0001-fe0c-0001-9ade000bf2aa,486.961291,50,row-count; full checksum query before block,449.0,40.0,409.0,0.0,0.0,7635108352.0,449.0,snowflake_large,1000000000,groupby,1,4,platform_query,,,,,,,
01c6f2f6-0001-fcf9-0001-9ade000be302,465.600041,50,row-count; full checksum query before block,432.0,39.0,393.0,0.0,0.0,7635108352.0,432.0,snowflake_large,1000000000,groupby,1,5,platform_query,,,,,,,
01c6f2f6-0001-fcf8-0001-9ade000bac46,76.965709,50,row-count; full checksum query before block,50.0,30.0,20.0,0.0,0.0,973312.0,50.0,snowflake_large,100000,groupby,1,1,platform_query,,,,,,,
01c6f2f6-0001-fe0c-0001-9ade000bf2b2,78.027458,50,row-count; full checksum query before block,54.0,33.0,21.0,0.0,0.0,973312.0,54.0,snowflake_large,100000,groupby,1,2,platform_query,,,,,,,
01c6f2f6-0001-fcf9-0001-9ade000be30a,101.357083,50,row-count; full checksum query before block,52.0,37.0,15.0,0.0,0.0,973312.0,52.0,snowflake_large,100000,groupby,1,3,platform_query,,,,,,,
01c6f2f6-0001-fe0c-0001-9ade000bf2b6,79.190333,50,row-count; full checksum query before block,52.0,35.0,17.0,0.0,0.0,973312.0,52.0,snowflake_large,100000,groupby,1,4,platform_query,,,,,,,
01c6f2f6-0001-fcf9-0001-9ade000be30e,85.852583,50,row-count; full checksum query before block,59.0,41.0,18.0,0.0,0.0,973312.0,59.0,snowflake_large,100000,groupby,1,5,platform_query,,,,,,,
,,100000,row-count; full checksum in block warmup,,,,,,,3.515583,duckdb,100000,clean_derive,1,1,local_parquet_to_batches,3.588,,1600000.0,1.0,,measurement,141688832.0
,,100000,row-count; full checksum in block warmup,,,,,,,3.021417,duckdb,100000,clean_derive,1,2,local_parquet_to_batches,3.084,,1600000.0,1.0,,measurement,141754368.0
,,100000,row-count; full checksum in block warmup,,,,,,,3.096792,duckdb,100000,clean_derive,1,3,local_parquet_to_batches,3.158,,1600000.0,1.0,,measurement,142327808.0
,,100000,row-count; full checksum in block warmup,,,,,,,3.573042,duckdb,100000,clean_derive,1,4,local_parquet_to_batches,3.615,,1600000.0,1.0,,measurement,142753792.0
,,100000,row-count; full checksum in block warmup,,,,,,,3.944458,duckdb,100000,clean_derive,1,5,local_parquet_to_batches,3.892,,1600000.0,1.0,,measurement,144097280.0
,,200,row-count; full checksum in block warmup,,,,,,,419.021834,duckdb,100000000,join_groupby,1,1,local_parquet_to_batches,1623.814,,6400.0,1.0,,measurement,261881856.0
,,200,row-count; full checksum in block warmup,,,,,,,421.752333,duckdb,100000000,join_groupby,1,2,local_parquet_to_batches,1637.626,,6400.0,1.0,,measurement,261996544.0
,,200,row-count; full checksum in block warmup,,,,,,,418.445875,duckdb,100000000,join_groupby,1,3,local_parquet_to_batches,1622.585,,6400.0,1.0,,measurement,262078464.0
,,200,row-count; full checksum in block warmup,,,,,,,418.33725,duckdb,100000000,join_groupby,1,4,local_parquet_to_batches,1625.341,,6400.0,1.0,,measurement,262094848.0
,,200,row-count; full checksum in block warmup,,,,,,,419.385334,duckdb,100000000,join_groupby,1,5,local_parquet_to_batches,1626.107,,6400.0,1.0,,measurement,262094848.0
,,200,row-count; full checksum in block warmup,,,,,,,45.989916,duckdb,10000000,join_groupby,1,1,local_parquet_to_batches,169.937,,6400.0,1.0,,measurement,170917888.0
,,200,row-count; full checksum in block warmup,,,,,,,44.875,duckdb,10000000,join_groupby,1,2,local_parquet_to_batches,165.62,,6400.0,1.0,,measurement,175734784.0
,,200,row-count; full checksum in block warmup,,,,,,,45.01175,duckdb,10000000,join_groupby,1,3,local_parquet_to_batches,166.234,,6400.0,1.0,,measurement,175767552.0
,,200,row-count; full checksum in block warmup,,,,,,,44.897958,duckdb,10000000,join_groupby,1,4,local_parquet_to_batches,165.924,,6400.0,1.0,,measurement,175767552.0
,,200,row-count; full checksum in block warmup,,,,,,,45.463833,duckdb,10000000,join_groupby,1,5,local_parquet_to_batches,167.299,,6400.0,1.0,,measurement,175816704.0
,,50,row-count; full checksum in block warmup,,,,,,,2.160875,duckdb,100000,groupby,1,1,local_parquet_to_batches,2.228,,1600.0,1.0,,measurement,132612096.0
,,50,row-count; full checksum in block warmup,,,,,,,2.07575,duckdb,100000,groupby,1,2,local_parquet_to_batches,2.152,,1600.0,1.0,,measurement,132644864.0
,,50,row-count; full checksum in block warmup,,,,,,,2.032583,duckdb,100000,groupby,1,3,local_parquet_to_batches,2.115,,1600.0,1.0,,measurement,132644864.0
,,50,row-count; full checksum in block warmup,,,,,,,2.006042,duckdb,100000,groupby,1,4,local_parquet_to_batches,2.097,,1600.0,1.0,,measurement,132644864.0
,,50,row-count; full checksum in block warmup,,,,,,,2.129166,duckdb,100000,groupby,1,5,local_parquet_to_batches,2.197,,1600.0,1.0,,measurement,132644864.0
,,19798586,row-count; full checksum in block warmup,,,,,,,1522.160834,duckdb,100000000,filter_project,1,1,local_parquet_to_batches,2397.212,,475166064.0,80.0,,measurement,327925760.0
,,19798586,row-count; full checksum in block warmup,,,,,,,1491.967875,duckdb,100000000,filter_project,1,2,local_parquet_to_batches,2322.398,,475166064.0,80.0,,measurement,328089600.0
,,19798586,row-count; full checksum in block warmup,,,,,,,1499.811791,duckdb,100000000,filter_project,1,3,local_parquet_to_batches,2335.581,,475166064.0,80.0,,measurement,329940992.0
,,19798586,row-count; full checksum in block warmup,,,,,,,1466.674042,duckdb,100000000,filter_project,1,4,local_parquet_to_batches,2288.672,,475166064.0,80.0,,measurement,330006528.0
,,19798586,row-count; full checksum in block warmup,,,,,,,1492.850291,duckdb,100000000,filter_project,1,5,local_parquet_to_batches,2328.557,,475166064.0,80.0,,measurement,334249984.0
,,50,row-count; full checksum in block warmup,,,,,,,2893.988625,duckdb,1000000000,groupby,1,1,local_parquet_to_batches,11137.527,,1600.0,1.0,,measurement,1087242240.0
,,50,row-count; full checksum in block warmup,,,,,,,2882.086375,duckdb,1000000000,groupby,1,2,local_parquet_to_batches,11094.931,,1600.0,1.0,,measurement,1089552384.0
,,50,row-count; full checksum in block warmup,,,,,,,2865.353,duckdb,1000000000,groupby,1,3,local_parquet_to_batches,11044.173,,1600.0,1.0,,measurement,1089847296.0
,,50,row-count; full checksum in block warmup,,,,,,,2877.662125,duckdb,1000000000,groupby,1,4,local_parquet_to_batches,11083.933,,1600.0,1.0,,measurement,1092173824.0
,,50,row-count; full checksum in block warmup,,,,,,,2869.132167,duckdb,1000000000,groupby,1,5,local_parquet_to_batches,11049.625,,1600.0,1.0,,measurement,1092190208.0
,,200,row-count; full checksum in block warmup,,,,,,,5.149334,duckdb,100000,join_groupby,1,1,local_parquet_to_batches,7.35,,6400.0,1.0,,measurement,141541376.0
,,200,row-count; full checksum in block warmup,,,,,,,4.785084,duckdb,100000,join_groupby,1,2,local_parquet_to_batches,6.629,,6400.0,1.0,,measurement,141590528.0
,,200,row-count; full checksum in block warmup,,,,,,,4.851209,duckdb,100000,join_groupby,1,3,local_parquet_to_batches,6.693,,6400.0,1.0,,measurement,141754368.0
,,200,row-count; full checksum in block warmup,,,,,,,4.927875,duckdb,100000,join_groupby,1,4,local_parquet_to_batches,6.847,,6400.0,1.0,,measurement,141787136.0
,,200,row-count; full checksum in block warmup,,,,,,,4.996708,duckdb,100000,join_groupby,1,5,local_parquet_to_batches,8.928,,6400.0,1.0,,measurement,141787136.0
,,1980090,row-count; full checksum in block warmup,,,,,,,150.82275,duckdb,10000000,filter_project,1,1,local_parquet_to_batches,237.046,,47522160.0,8.0,,measurement,199966720.0
,,1980090,row-count; full checksum in block warmup,,,,,,,147.044,duckdb,10000000,filter_project,1,2,local_parquet_to_batches,233.604,,47522160.0,8.0,,measurement,203456512.0
,,1980090,row-count; full checksum in block warmup,,,,,,,148.595792,duckdb,10000000,filter_project,1,3,local_parquet_to_batches,235.324,,47522160.0,8.0,,measurement,203456512.0
,,1980090,row-count; full checksum in block warmup,,,,,,,155.34475,duckdb,10000000,filter_project,1,4,local_parquet_to_batches,242.077,,47522160.0,8.0,,measurement,207585280.0
,,1980090,row-count; full checksum in block warmup,,,,,,,153.596959,duckdb,10000000,filter_project,1,5,local_parquet_to_batches,237.691,,47522160.0,8.0,,measurement,208437248.0
,,1000000,row-count; full checksum in block warmup,,,,,,,21.545208,duckdb,1000000,clean_derive,1,1,local_parquet_to_batches,25.271,,16000000.0,4.0,,measurement,162086912.0
,,1000000,row-count; full checksum in block warmup,,,,,,,22.239917,duckdb,1000000,clean_derive,1,2,local_parquet_to_batches,26.176,,16000000.0,4.0,,measurement,165199872.0
,,1000000,row-count; full checksum in block warmup,,,,,,,22.100625,duckdb,1000000,clean_derive,1,3,local_parquet_to_batches,25.683,,16000000.0,4.0,,measurement,169099264.0
,,1000000,row-count; full checksum in block warmup,,,,,,,21.9565,duckdb,1000000,clean_derive,1,4,local_parquet_to_batches,25.583,,16000000.0,4.0,,measurement,174096384.0
,,1000000,row-count; full checksum in block warmup,,,,,,,21.787459,duckdb,1000000,clean_derive,1,5,local_parquet_to_batches,25.334,,16000000.0,4.0,,measurement,174096384.0
,,50,row-count; full checksum in block warmup,,,,,,,4.648292,duckdb,1000000,groupby,1,1,local_parquet_to_batches,12.728,,1600.0,1.0,,measurement,143720448.0
,,50,row-count; full checksum in block warmup,,,,,,,4.882375,duckdb,1000000,groupby,1,2,local_parquet_to_batches,13.466,,1600.0,1.0,,measurement,146341888.0
,,50,row-count; full checksum in block warmup,,,,,,,4.630083,duckdb,1000000,groupby,1,3,local_parquet_to_batches,12.866,,1600.0,1.0,,measurement,146374656.0
,,50,row-count; full checksum in block warmup,,,,,,,4.403,duckdb,1000000,groupby,1,4,local_parquet_to_batches,12.279,,1600.0,1.0,,measurement,146391040.0
,,50,row-count; full checksum in block warmup,,,,,,,4.470167,duckdb,1000000,groupby,1,5,local_parquet_to_batches,12.301,,1600.0,1.0,,measurement,146456576.0
,,200,row-count; full checksum in block warmup,,,,,,,8.629041,duckdb,1000000,join_groupby,1,1,local_parquet_to_batches,22.908,,6400.0,1.0,,measurement,153944064.0
,,200,row-count; full checksum in block warmup,,,,,,,8.441417,duckdb,1000000,join_groupby,1,2,local_parquet_to_batches,22.463,,6400.0,1.0,,measurement,154058752.0
,,200,row-count; full checksum in block warmup,,,,,,,8.306375,duckdb,1000000,join_groupby,1,3,local_parquet_to_batches,21.936,,6400.0,1.0,,measurement,156909568.0
,,200,row-count; full checksum in block warmup,,,,,,,8.512583,duckdb,1000000,join_groupby,1,4,local_parquet_to_batches,21.212,,6400.0,1.0,,measurement,157646848.0
,,200,row-count; full checksum in block warmup,,,,,,,8.425416,duckdb,1000000,join_groupby,1,5,local_parquet_to_batches,20.647,,6400.0,1.0,,measurement,157745152.0
,,1000000000,row-count; full checksum in block warmup,,,,,,,23957.232125,duckdb,1000000000,clean_derive,1,1,local_parquet_to_batches,24313.702,,16000000000.0,4000.0,,measurement,1418952704.0
,,1000000000,row-count; full checksum in block warmup,,,,,,,24885.951333,duckdb,1000000000,clean_derive,1,2,local_parquet_to_batches,25305.537,,16000000000.0,4000.0,,measurement,1418952704.0
,,1000000000,row-count; full checksum in block warmup,,,,,,,24334.678084,duckdb,1000000000,clean_derive,1,3,local_parquet_to_batches,24650.871,,16000000000.0,4000.0,,measurement,1418969088.0
,,1000000000,row-count; full checksum in block warmup,,,,,,,23853.004709,duckdb,1000000000,clean_derive,1,4,local_parquet_to_batches,24220.128,,16000000000.0,4000.0,,measurement,1419034624.0
,,1000000000,row-count; full checksum in block warmup,,,,,,,24006.0755,duckdb,1000000000,clean_derive,1,5,local_parquet_to_batches,24365.478,,16000000000.0,4000.0,,measurement,1419722752.0
,,50,row-count; full checksum in block warmup,,,,,,,298.615041,duckdb,100000000,groupby,1,1,local_parquet_to_batches,1140.924,,1600.0,1.0,,measurement,246087680.0
,,50,row-count; full checksum in block warmup,,,,,,,287.407458,duckdb,100000000,groupby,1,2,local_parquet_to_batches,1105.716,,1600.0,1.0,,measurement,246185984.0
,,50,row-count; full checksum in block warmup,,,,,,,286.783958,duckdb,100000000,groupby,1,3,local_parquet_to_batches,1104.184,,1600.0,1.0,,measurement,250413056.0
,,50,row-count; full checksum in block warmup,,,,,,,286.899625,duckdb,100000000,groupby,1,4,local_parquet_to_batches,1102.642,,1600.0,1.0,,measurement,250413056.0
,,50,row-count; full checksum in block warmup,,,,,,,285.862792,duckdb,100000000,groupby,1,5,local_parquet_to_batches,1099.527,,1600.0,1.0,,measurement,250413056.0
,,200,row-count; full checksum in block warmup,,,,,,,6535.296834,duckdb,1000000000,join_groupby,1,1,local_parquet_to_batches,17123.473,,6400.0,1.0,,measurement,1097154560.0
,,200,row-count; full checksum in block warmup,,,,,,,6548.645333,duckdb,1000000000,join_groupby,1,2,local_parquet_to_batches,17123.451,,6400.0,1.0,,measurement,1103724544.0
,,200,row-count; full checksum in block warmup,,,,,,,6529.4985,duckdb,1000000000,join_groupby,1,3,local_parquet_to_batches,17060.086,,6400.0,1.0,,measurement,1104019456.0
,,200,row-count; full checksum in block warmup,,,,,,,6521.912542,duckdb,1000000000,join_groupby,1,4,local_parquet_to_batches,17048.686,,6400.0,1.0,,measurement,1105100800.0
,,200,row-count; full checksum in block warmup,,,,,,,6519.402708,duckdb,1000000000,join_groupby,1,5,local_parquet_to_batches,17060.267,,6400.0,1.0,,measurement,1105100800.0
,,100000000,row-count; full checksum in block warmup,,,,,,,2425.958625,duckdb,100000000,clean_derive,1,1,local_parquet_to_batches,2471.071,,1600000000.0,400.0,,measurement,310919168.0
,,100000000,row-count; full checksum in block warmup,,,,,,,2388.488459,duckdb,100000000,clean_derive,1,2,local_parquet_to_batches,2430.098,,1600000000.0,400.0,,measurement,311132160.0
,,100000000,row-count; full checksum in block warmup,,,,,,,2387.88425,duckdb,100000000,clean_derive,1,3,local_parquet_to_batches,2427.571,,1600000000.0,400.0,,measurement,311197696.0
,,100000000,row-count; full checksum in block warmup,,,,,,,2365.809958,duckdb,100000000,clean_derive,1,4,local_parquet_to_batches,2404.596,,1600000000.0,400.0,,measurement,311230464.0
,,100000000,row-count; full checksum in block warmup,,,,,,,2390.708,duckdb,100000000,clean_derive,1,5,local_parquet_to_batches,2430.633,,1600000000.0,400.0,,measurement,311263232.0
,,10000000,row-count; full checksum in block warmup,,,,,,,250.601958,duckdb,10000000,clean_derive,1,1,local_parquet_to_batches,259.471,,160000000.0,40.0,,measurement,193937408.0
,,10000000,row-count; full checksum in block warmup,,,,,,,239.131167,duckdb,10000000,clean_derive,1,2,local_parquet_to_batches,246.324,,160000000.0,40.0,,measurement,196247552.0
,,10000000,row-count; full checksum in block warmup,,,,,,,235.118583,duckdb,10000000,clean_derive,1,3,local_parquet_to_batches,241.681,,160000000.0,40.0,,measurement,196313088.0
,,10000000,row-count; full checksum in block warmup,,,,,,,236.65375,duckdb,10000000,clean_derive,1,4,local_parquet_to_batches,243.377,,160000000.0,40.0,,measurement,196345856.0
,,10000000,row-count; full checksum in block warmup,,,,,,,233.809709,duckdb,10000000,clean_derive,1,5,local_parquet_to_batches,239.966,,160000000.0,40.0,,measurement,196427776.0
,,198279,row-count; full checksum in block warmup,,,,,,,13.650125,duckdb,1000000,filter_project,1,1,local_parquet_to_batches,21.543,,4758696.0,1.0,,measurement,169394176.0
,,198279,row-count; full checksum in block warmup,,,,,,,13.42325,duckdb,1000000,filter_project,1,2,local_parquet_to_batches,22.851,,4758696.0,1.0,,measurement,169672704.0
,,198279,row-count; full checksum in block warmup,,,,,,,13.211416,duckdb,1000000,filter_project,1,3,local_parquet_to_batches,22.579,,4758696.0,1.0,,measurement,169738240.0
,,198279,row-count; full checksum in block warmup,,,,,,,13.551167,duckdb,1000000,filter_project,1,4,local_parquet_to_batches,21.136,,4758696.0,1.0,,measurement,169820160.0
,,198279,row-count; full checksum in block warmup,,,,,,,13.573625,duckdb,1000000,filter_project,1,5,local_parquet_to_batches,21.95,,4758696.0,1.0,,measurement,170754048.0
,,50,row-count; full checksum in block warmup,,,,,,,30.300416,duckdb,10000000,groupby,1,1,local_parquet_to_batches,113.58,,1600.0,1.0,,measurement,156499968.0
,,50,row-count; full checksum in block warmup,,,,,,,29.648791,duckdb,10000000,groupby,1,2,local_parquet_to_batches,111.684,,1600.0,1.0,,measurement,158400512.0
,,50,row-count; full checksum in block warmup,,,,,,,30.076667,duckdb,10000000,groupby,1,3,local_parquet_to_batches,112.23,,1600.0,1.0,,measurement,158466048.0
,,50,row-count; full checksum in block warmup,,,,,,,30.12975,duckdb,10000000,groupby,1,4,local_parquet_to_batches,113.301,,1600.0,1.0,,measurement,159498240.0
,,50,row-count; full checksum in block warmup,,,,,,,31.092084,duckdb,10000000,groupby,1,5,local_parquet_to_batches,116.043,,1600.0,1.0,,measurement,159596544.0
,,19886,row-count; full checksum in block warmup,,,,,,,2.789667,duckdb,100000,filter_project,1,1,local_parquet_to_batches,2.842,,477264.0,1.0,,measurement,138018816.0
,,19886,row-count; full checksum in block warmup,,,,,,,2.846625,duckdb,100000,filter_project,1,2,local_parquet_to_batches,2.893,,477264.0,1.0,,measurement,138412032.0
,,19886,row-count; full checksum in block warmup,,,,,,,2.611834,duckdb,100000,filter_project,1,3,local_parquet_to_batches,2.663,,477264.0,1.0,,measurement,139149312.0
,,19886,row-count; full checksum in block warmup,,,,,,,2.524625,duckdb,100000,filter_project,1,4,local_parquet_to_batches,2.545,,477264.0,1.0,,measurement,139149312.0
,,19886,row-count; full checksum in block warmup,,,,,,,2.673375,duckdb,100000,filter_project,1,5,local_parquet_to_batches,2.738,,477264.0,1.0,,measurement,139149312.0
,,197996556,row-count; full checksum in block warmup,,,,,,,15452.894292,duckdb,1000000000,filter_project,1,1,local_parquet_to_batches,24061.923,,4751917344.0,792.0,,measurement,1432797184.0
,,197996556,row-count; full checksum in block warmup,,,,,,,15471.629375,duckdb,1000000000,filter_project,1,2,local_parquet_to_batches,23977.336,,4751917344.0,792.0,,measurement,1432928256.0
,,197996556,row-count; full checksum in block warmup,,,,,,,15397.276125,duckdb,1000000000,filter_project,1,3,local_parquet_to_batches,23792.939,,4751917344.0,792.0,,measurement,1433550848.0
,,197996556,row-count; full checksum in block warmup,,,,,,,15667.945375,duckdb,1000000000,filter_project,1,4,local_parquet_to_batches,24144.156,,4751917344.0,792.0,,measurement,1435533312.0
,,197996556,row-count; full checksum in block warmup,,,,,,,15656.639458,duckdb,1000000000,filter_project,1,5,local_parquet_to_batches,24305.964,,4751917344.0,792.0,,measurement,1436860416.0
01c6f2fc-0001-fe0c-0001-9ade000bf2d2,93.828042,50,row-count; full checksum query before block,69.0,46.0,23.0,0.0,0.0,973312.0,69.0,snowflake_large,100000,groupby,2,6,platform_query,,,,,,,
01c6f2fc-0001-fe0c-0001-9ade000bf2d6,84.807417,50,row-count; full checksum query before block,61.0,43.0,18.0,0.0,0.0,973312.0,61.0,snowflake_large,100000,groupby,2,7,platform_query,,,,,,,
01c6f2fc-0001-fcf8-0001-9ade000bac5e,80.718916,50,row-count; full checksum query before block,56.0,36.0,20.0,0.0,0.0,973312.0,56.0,snowflake_large,100000,groupby,2,8,platform_query,,,,,,,
01c6f2fc-0001-fcf8-0001-9ade000bac62,141.85275,50,row-count; full checksum query before block,53.0,34.0,19.0,0.0,0.0,973312.0,53.0,snowflake_large,100000,groupby,2,9,platform_query,,,,,,,
01c6f2fc-0001-fcf8-0001-9ade000bac66,81.273708,50,row-count; full checksum query before block,54.0,36.0,18.0,0.0,0.0,973312.0,54.0,snowflake_large,100000,groupby,2,10,platform_query,,,,,,,
01c6f2fc-0001-fcf8-0001-9ade000bac72,493.588375,1980090,row-count; full checksum query before block,380.0,62.0,318.0,0.0,0.0,151591936.0,380.0,snowflake_large,10000000,filter_project,2,6,platform_query,,,,,,,
01c6f2fc-0001-fcf8-0001-9ade000bac76,452.219333,1980090,row-count; full checksum query before block,357.0,84.0,273.0,0.0,0.0,151591936.0,357.0,snowflake_large,10000000,filter_project,2,7,platform_query,,,,,,,
01c6f2fc-0001-fe0c-0001-9ade000bf2de,418.8045,1980090,row-count; full checksum query before block,275.0,45.0,230.0,0.0,0.0,151591936.0,275.0,snowflake_large,10000000,filter_project,2,8,platform_query,,,,,,,
01c6f2fc-0001-fe0c-0001-9ade000bf2e2,325.888916,1980090,row-count; full checksum query before block,258.0,48.0,210.0,0.0,0.0,151591936.0,258.0,snowflake_large,10000000,filter_project,2,9,platform_query,,,,,,,
01c6f2fc-0001-fcf8-0001-9ade000bac7a,423.959458,1980090,row-count; full checksum query before block,334.0,73.0,261.0,0.0,0.0,151591936.0,334.0,snowflake_large,10000000,filter_project,2,10,platform_query,,,,,,,
01c6f2fc-0001-fcf8-0001-9ade000bac82,244.816167,19886,row-count; full checksum query before block,174.0,62.0,112.0,0.0,0.0,973312.0,174.0,snowflake_large,100000,filter_project,2,6,platform_query,,,,,,,
01c6f2fc-0001-fcf8-0001-9ade000bac86,244.583667,19886,row-count; full checksum query before block,163.0,56.0,107.0,0.0,0.0,973312.0,163.0,snowflake_large,100000,filter_project,2,7,platform_query,,,,,,,
01c6f2fc-0001-fcf8-0001-9ade000bac8a,270.429916,19886,row-count; full checksum query before block,207.0,86.0,121.0,0.0,0.0,973312.0,207.0,snowflake_large,100000,filter_project,2,8,platform_query,,,,,,,
01c6f2fc-0001-fcf8-0001-9ade000bac8e,259.827166,19886,row-count; full checksum query before block,184.0,77.0,107.0,0.0,0.0,973312.0,184.0,snowflake_large,100000,filter_project,2,9,platform_query,,,,,,,
01c6f2fc-0001-fcf8-0001-9ade000bac92,241.589834,19886,row-count; full checksum query before block,170.0,65.0,105.0,0.0,0.0,973312.0,170.0,snowflake_large,100000,filter_project,2,10,platform_query,,,,,,,
01c6f2fc-0001-fe0c-0001-9ade000bf2fa,170.197875,200,row-count; full checksum query before block,135.0,57.0,78.0,0.0,0.0,146853376.0,135.0,snowflake_large,10000000,join_groupby,2,6,platform_query,,,,,,,
01c6f2fc-0001-fe0c-0001-9ade000bf2fe,184.796042,200,row-count; full checksum query before block,138.0,51.0,87.0,0.0,0.0,151830528.0,138.0,snowflake_large,10000000,join_groupby,2,7,platform_query,,,,,,,
01c6f2fc-0001-fcf8-0001-9ade000bac96,219.814083,200,row-count; full checksum query before block,177.0,98.0,79.0,0.0,0.0,151830528.0,177.0,snowflake_large,10000000,join_groupby,2,8,platform_query,,,,,,,
01c6f2fc-0001-fcf8-0001-9ade000bac9a,286.730041,200,row-count; full checksum query before block,154.0,67.0,87.0,0.0,0.0,151830528.0,154.0,snowflake_large,10000000,join_groupby,2,9,platform_query,,,,,,,
01c6f2fc-0001-fcf8-0001-9ade000bac9e,206.050167,200,row-count; full checksum query before block,158.0,70.0,88.0,0.0,0.0,146853376.0,158.0,snowflake_large,10000000,join_groupby,2,10,platform_query,,,,,,,
01c6f2fc-0001-fcf8-0001-9ade000baca2,170.027916,200,row-count; full checksum query before block,126.0,71.0,55.0,0.0,0.0,1211904.0,126.0,snowflake_large,100000,join_groupby,2,6,platform_query,,,,,,,
01c6f2fc-0001-fe0c-0001-9ade000bf30e,215.248958,200,row-count; full checksum query before block,100.0,50.0,50.0,0.0,0.0,1211904.0,100.0,snowflake_large,100000,join_groupby,2,7,platform_query,,,,,,,
01c6f2fc-0001-fcf8-0001-9ade000baca6,161.838334,200,row-count; full checksum query before block,124.0,68.0,56.0,0.0,0.0,1211904.0,124.0,snowflake_large,100000,join_groupby,2,8,platform_query,,,,,,,
01c6f2fc-0001-fe0c-0001-9ade000bf312,184.106958,200,row-count; full checksum query before block,103.0,50.0,53.0,0.0,0.0,1211904.0,103.0,snowflake_large,100000,join_groupby,2,9,platform_query,,,,,,,
01c6f2fc-0001-fcf8-0001-9ade000bacaa,190.333208,200,row-count; full checksum query before block,151.0,82.0,69.0,0.0,0.0,1211904.0,151.0,snowflake_large,100000,join_groupby,2,10,platform_query,,,,,,,
01c6f2fd-0001-fcf8-0001-9ade000bacb6,5355.579291,1000000000,row-count; full checksum query before block,5209.0,52.0,5157.0,0.0,0.0,7635108352.0,5209.0,snowflake_large,1000000000,clean_derive,2,6,platform_query,,,,,,,
01c6f2fd-0001-fe0c-0001-9ade000bf31a,5521.806791,1000000000,row-count; full checksum query before block,5292.0,52.0,5240.0,0.0,0.0,7635108352.0,5292.0,snowflake_large,1000000000,clean_derive,2,7,platform_query,,,,,,,
01c6f2fd-0001-fcf8-0001-9ade000bacba,5351.86175,1000000000,row-count; full checksum query before block,5204.0,47.0,5157.0,0.0,0.0,7635108352.0,5204.0,snowflake_large,1000000000,clean_derive,2,8,platform_query,,,,,,,
01c6f2fd-0001-fcf8-0001-9ade000bacbe,5348.561417,1000000000,row-count; full checksum query before block,5212.0,46.0,5166.0,0.0,0.0,7635108352.0,5212.0,snowflake_large,1000000000,clean_derive,2,9,platform_query,,,,,,,
01c6f2fd-0001-fcf8-0001-9ade000bacc2,5417.069292,1000000000,row-count; full checksum query before block,5260.0,49.0,5211.0,0.0,0.0,7635108352.0,5260.0,snowflake_large,1000000000,clean_derive,2,10,platform_query,,,,,,,
01c6f2fd-0001-fcf8-0001-9ade000bacd2,326.740917,198279,row-count; full checksum query before block,263.0,41.0,222.0,0.0,0.0,7627264.0,263.0,snowflake_large,1000000,filter_project,2,6,platform_query,,,,,,,
01c6f2fd-0001-fcf8-0001-9ade000bacd6,360.539625,198279,row-count; full checksum query before block,278.0,37.0,241.0,0.0,0.0,7627264.0,278.0,snowflake_large,1000000,filter_project,2,7,platform_query,,,,,,,
01c6f2fd-0001-fe0c-0001-9ade000bf322,353.682125,198279,row-count; full checksum query before block,290.0,40.0,250.0,0.0,0.0,7627264.0,290.0,snowflake_large,1000000,filter_project,2,8,platform_query,,,,,,,
01c6f2fd-0001-fe0c-0001-9ade000bf326,314.108458,198279,row-count; full checksum query before block,257.0,39.0,218.0,0.0,0.0,7627264.0,257.0,snowflake_large,1000000,filter_project,2,9,platform_query,,,,,,,
01c6f2fd-0001-fe0c-0001-9ade000bf32a,372.019417,198279,row-count; full checksum query before block,257.0,46.0,211.0,0.0,0.0,7627264.0,257.0,snowflake_large,1000000,filter_project,2,10,platform_query,,,,,,,
01c6f2fd-0001-fcf8-0001-9ade000bacda,1566.308208,100000000,row-count; full checksum query before block,1402.0,43.0,1359.0,0.0,0.0,3116867584.0,1402.0,snowflake_large,100000000,clean_derive,2,6,platform_query,,,,,,,
01c6f2fd-0001-fcf8-0001-9ade000bacde,1584.979959,100000000,row-count; full checksum query before block,1450.0,40.0,1410.0,0.0,0.0,3116867584.0,1450.0,snowflake_large,100000000,clean_derive,2,7,platform_query,,,,,,,
01c6f2fd-0001-fcf8-0001-9ade000bace2,1525.080375,100000000,row-count; full checksum query before block,1361.0,43.0,1318.0,0.0,0.0,3116867584.0,1361.0,snowflake_large,100000000,clean_derive,2,8,platform_query,,,,,,,
01c6f2fd-0001-fcf8-0001-9ade000bace6,1427.893584,100000000,row-count; full checksum query before block,1341.0,38.0,1303.0,0.0,0.0,3116867584.0,1341.0,snowflake_large,100000000,clean_derive,2,9,platform_query,,,,,,,
01c6f2fd-0001-fe0c-0001-9ade000bf33a,1468.979459,100000000,row-count; full checksum query before block,1372.0,42.0,1330.0,0.0,0.0,3116867584.0,1372.0,snowflake_large,100000000,clean_derive,2,10,platform_query,,,,,,,
01c6f2fd-0001-fcf8-0001-9ade000bacee,112.305875,50,row-count; full checksum query before block,84.0,43.0,41.0,0.0,0.0,151591936.0,84.0,snowflake_large,10000000,groupby,2,6,platform_query,,,,,,,
01c6f2fd-0001-fe0c-0001-9ade000bf346,129.400792,50,row-count; full checksum query before block,82.0,40.0,42.0,0.0,0.0,151591936.0,82.0,snowflake_large,10000000,groupby,2,7,platform_query,,,,,,,
01c6f2fd-0001-fe0c-0001-9ade000bf34a,106.211292,50,row-count; full checksum query before block,78.0,35.0,43.0,0.0,0.0,151591936.0,78.0,snowflake_large,10000000,groupby,2,8,platform_query,,,,,,,
01c6f2fd-0001-fe0c-0001-9ade000bf34e,113.675541,50,row-count; full checksum query before block,91.0,45.0,46.0,0.0,0.0,151591936.0,91.0,snowflake_large,10000000,groupby,2,9,platform_query,,,,,,,
01c6f2fd-0001-fe0c-0001-9ade000bf352,108.19125,50,row-count; full checksum query before block,86.0,42.0,44.0,0.0,0.0,151591936.0,86.0,snowflake_large,10000000,groupby,2,10,platform_query,,,,,,,
01c6f2fd-0001-fe0c-0001-9ade000bf35e,101.5375,50,row-count; full checksum query before block,72.0,39.0,33.0,0.0,0.0,7627264.0,72.0,snowflake_large,1000000,groupby,2,6,platform_query,,,,,,,
01c6f2fd-0001-fcf8-0001-9ade000bacf6,117.314875,50,row-count; full checksum query before block,78.0,44.0,34.0,0.0,0.0,7627264.0,78.0,snowflake_large,1000000,groupby,2,7,platform_query,,,,,,,
01c6f2fd-0001-fcf8-0001-9ade000bacfa,102.30625,50,row-count; full checksum query before block,63.0,32.0,31.0,0.0,0.0,7627264.0,63.0,snowflake_large,1000000,groupby,2,8,platform_query,,,,,,,
01c6f2fd-0001-fe0c-0001-9ade000bf362,107.9115,50,row-count; full checksum query before block,78.0,45.0,33.0,0.0,0.0,7627264.0,78.0,snowflake_large,1000000,groupby,2,9,platform_query,,,,,,,
01c6f2fd-0001-fcf8-0001-9ade000bacfe,193.303792,50,row-count; full checksum query before block,75.0,43.0,32.0,0.0,0.0,7627264.0,75.0,snowflake_large,1000000,groupby,2,10,platform_query,,,,,,,
01c6f2fd-0001-fcf8-0001-9ade000bad0e,499.388917,1000000,row-count; full checksum query before block,439.0,33.0,406.0,0.0,0.0,7627264.0,439.0,snowflake_large,1000000,clean_derive,2,6,platform_query,,,,,,,
01c6f2fd-0001-fcf8-0001-9ade000bad12,527.396125,1000000,row-count; full checksum query before block,468.0,43.0,425.0,0.0,0.0,7627264.0,468.0,snowflake_large,1000000,clean_derive,2,7,platform_query,,,,,,,
01c6f2fd-0001-fcf8-0001-9ade000bad16,592.462584,1000000,row-count; full checksum query before block,445.0,38.0,407.0,0.0,0.0,7627264.0,445.0,snowflake_large,1000000,clean_derive,2,8,platform_query,,,,,,,
01c6f2fd-0001-fe0c-0001-9ade000bf366,514.171833,1000000,row-count; full checksum query before block,445.0,41.0,404.0,0.0,0.0,7627264.0,445.0,snowflake_large,1000000,clean_derive,2,9,platform_query,,,,,,,
01c6f2fd-0001-fcf8-0001-9ade000bad1a,508.403542,1000000,row-count; full checksum query before block,439.0,38.0,401.0,0.0,0.0,7627264.0,439.0,snowflake_large,1000000,clean_derive,2,10,platform_query,,,,,,,
01c6f2fd-0001-fe0c-0001-9ade000bf376,965.5925,200,row-count; full checksum query before block,925.0,59.0,866.0,0.0,0.0,7635346944.0,925.0,snowflake_large,1000000000,join_groupby,2,6,platform_query,,,,,,,
01c6f2fd-0001-fe0c-0001-9ade000bf37a,973.933,200,row-count; full checksum query before block,907.0,51.0,856.0,0.0,0.0,7635346944.0,907.0,snowflake_large,1000000000,join_groupby,2,7,platform_query,,,,,,,
01c6f2fd-0001-fe0c-0001-9ade000bf37e,971.067375,200,row-count; full checksum query before block,922.0,63.0,859.0,0.0,0.0,7635346944.0,922.0,snowflake_large,1000000000,join_groupby,2,8,platform_query,,,,,,,
01c6f2fe-0001-fcf8-0001-9ade000bad1e,1075.625292,200,row-count; full checksum query before block,1014.0,106.0,908.0,0.0,0.0,7635346944.0,1014.0,snowflake_large,1000000000,join_groupby,2,9,platform_query,,,,,,,
01c6f2fe-0001-fe0c-0001-9ade000bf382,1131.098875,200,row-count; full checksum query before block,1092.0,57.0,1035.0,0.0,0.0,7635346944.0,1092.0,snowflake_large,1000000000,join_groupby,2,10,platform_query,,,,,,,
01c6f2fe-0001-fe0c-0001-9ade000bf38a,610.884,19798586,row-count; full checksum query before block,492.0,39.0,453.0,0.0,0.0,2915016192.0,492.0,snowflake_large,100000000,filter_project,2,6,platform_query,,,,,,,
01c6f2fe-0001-fe0c-0001-9ade000bf38e,543.683792,19798586,row-count; full checksum query before block,466.0,36.0,430.0,0.0,0.0,2923446814.0,466.0,snowflake_large,100000000,filter_project,2,7,platform_query,,,,,,,
01c6f2fe-0001-fcf8-0001-9ade000bad2a,613.780666,19798586,row-count; full checksum query before block,503.0,40.0,463.0,0.0,0.0,2955162112.0,503.0,snowflake_large,100000000,filter_project,2,8,platform_query,,,,,,,
01c6f2fe-0001-fcf8-0001-9ade000bad2e,610.35,19798586,row-count; full checksum query before block,470.0,41.0,429.0,0.0,0.0,3056002560.0,470.0,snowflake_large,100000000,filter_project,2,9,platform_query,,,,,,,
01c6f2fe-0001-fe0c-0001-9ade000bf392,530.805709,19798586,row-count; full checksum query before block,455.0,52.0,403.0,0.0,0.0,2998642176.0,455.0,snowflake_large,100000000,filter_project,2,10,platform_query,,,,,,,
01c6f2fe-0001-fcf8-0001-9ade000bad36,937.961792,10000000,row-count; full checksum query before block,475.0,38.0,437.0,0.0,0.0,151591936.0,475.0,snowflake_large,10000000,clean_derive,2,6,platform_query,,,,,,,
01c6f2fe-0001-fe0c-0001-9ade000bf39e,605.991417,10000000,row-count; full checksum query before block,453.0,45.0,408.0,0.0,0.0,151591936.0,453.0,snowflake_large,10000000,clean_derive,2,7,platform_query,,,,,,,
01c6f2fe-0001-fe0c-0001-9ade000bf3a2,610.783583,10000000,row-count; full checksum query before block,492.0,45.0,447.0,0.0,0.0,151591936.0,492.0,snowflake_large,10000000,clean_derive,2,8,platform_query,,,,,,,
01c6f2fe-0001-fe0c-0001-9ade000bf3a6,615.339083,10000000,row-count; full checksum query before block,480.0,43.0,437.0,0.0,0.0,151591936.0,480.0,snowflake_large,10000000,clean_derive,2,9,platform_query,,,,,,,
01c6f2fe-0001-fcf8-0001-9ade000bad3a,563.541667,10000000,row-count; full checksum query before block,473.0,66.0,407.0,0.0,0.0,151591936.0,473.0,snowflake_large,10000000,clean_derive,2,10,platform_query,,,,,,,
01c6f2fe-0001-fe0c-0001-9ade000bf3b2,307.641041,200,row-count; full checksum query before block,261.0,57.0,204.0,0.0,0.0,3049862656.0,261.0,snowflake_large,100000000,join_groupby,2,6,platform_query,,,,,,,
01c6f2fe-0001-fe0c-0001-9ade000bf3b6,411.131375,200,row-count; full checksum query before block,269.0,54.0,215.0,0.0,0.0,3083485696.0,269.0,snowflake_large,100000000,join_groupby,2,7,platform_query,,,,,,,
01c6f2fe-0001-fcf8-0001-9ade000bad42,513.399416,200,row-count; full checksum query before block,320.0,72.0,248.0,0.0,0.0,3036233216.0,320.0,snowflake_large,100000000,join_groupby,2,8,platform_query,,,,,,,
01c6f2fe-0001-fcf8-0001-9ade000bad46,349.021917,200,row-count; full checksum query before block,301.0,87.0,214.0,0.0,0.0,3083482624.0,301.0,snowflake_large,100000000,join_groupby,2,9,platform_query,,,,,,,
01c6f2fe-0001-fe0c-0001-9ade000bf3ba,311.730875,200,row-count; full checksum query before block,264.0,61.0,203.0,0.0,0.0,3039034880.0,264.0,snowflake_large,100000000,join_groupby,2,10,platform_query,,,,,,,
01c6f2fe-0001-fcf8-0001-9ade000bad52,928.430292,200,row-count; full checksum query before block,198.0,94.0,104.0,0.0,0.0,7865856.0,198.0,snowflake_large,1000000,join_groupby,2,6,platform_query,,,,,,,
01c6f2fe-0001-fcf8-0001-9ade000bad5a,239.218459,200,row-count; full checksum query before block,154.0,57.0,97.0,0.0,0.0,7865856.0,154.0,snowflake_large,1000000,join_groupby,2,7,platform_query,,,,,,,
01c6f2fe-0001-fe0c-0001-9ade000bf3c2,183.849,200,row-count; full checksum query before block,141.0,50.0,91.0,0.0,0.0,7865856.0,141.0,snowflake_large,1000000,join_groupby,2,8,platform_query,,,,,,,
01c6f2fe-0001-fe0c-0001-9ade000bf3c6,223.335542,200,row-count; full checksum query before block,181.0,91.0,90.0,0.0,0.0,7865856.0,181.0,snowflake_large,1000000,join_groupby,2,9,platform_query,,,,,,,
01c6f2fe-0001-fcf8-0001-9ade000bad5e,207.176,200,row-count; full checksum query before block,160.0,68.0,92.0,0.0,0.0,7865856.0,160.0,snowflake_large,1000000,join_groupby,2,10,platform_query,,,,,,,
01c6f2fe-0001-fe0c-0001-9ade000bf3ce,449.627875,50,row-count; full checksum query before block,419.0,42.0,377.0,0.0,0.0,7635108352.0,419.0,snowflake_large,1000000000,groupby,2,6,platform_query,,,,,,,
01c6f2fe-0001-fe0c-0001-9ade000bf3d2,455.076792,50,row-count; full checksum query before block,415.0,38.0,377.0,0.0,0.0,7635108352.0,415.0,snowflake_large,1000000000,groupby,2,7,platform_query,,,,,,,
01c6f2fe-0001-fcf8-0001-9ade000bad6a,511.988334,50,row-count; full checksum query before block,468.0,67.0,401.0,0.0,0.0,7635108352.0,468.0,snowflake_large,1000000000,groupby,2,8,platform_query,,,,,,,
01c6f2fe-0001-fe0c-0001-9ade000bf3d6,457.735458,50,row-count; full checksum query before block,427.0,53.0,374.0,0.0,0.0,7635108352.0,427.0,snowflake_large,1000000000,groupby,2,9,platform_query,,,,,,,
01c6f2fe-0001-fe0c-0001-9ade000bf3da,485.62925,50,row-count; full checksum query before block,439.0,40.0,399.0,0.0,0.0,7635108352.0,439.0,snowflake_large,1000000000,groupby,2,10,platform_query,,,,,,,
01c6f2fe-0001-fe0c-0001-9ade000bf3e2,1375.521584,197996556,row-count; full checksum query before block,1260.0,50.0,1210.0,0.0,0.0,7635108352.0,1260.0,snowflake_large,1000000000,filter_project,2,6,platform_query,,,,,,,
01c6f2fe-0001-fcf8-0001-9ade000bad76,1802.998,197996556,row-count; full checksum query before block,1436.0,53.0,1383.0,0.0,0.0,7635108352.0,1436.0,snowflake_large,1000000000,filter_project,2,7,platform_query,,,,,,,
01c6f2fe-0001-fcf8-0001-9ade000bad7a,1465.200583,197996556,row-count; full checksum query before block,1343.0,51.0,1292.0,0.0,0.0,7635108352.0,1343.0,snowflake_large,1000000000,filter_project,2,8,platform_query,,,,,,,
01c6f2fe-0001-fcf8-0001-9ade000bad7e,1403.8395,197996556,row-count; full checksum query before block,1231.0,42.0,1189.0,0.0,0.0,7635108352.0,1231.0,snowflake_large,1000000000,filter_project,2,9,platform_query,,,,,,,
01c6f2fe-0001-fe0c-0001-9ade000bf3e6,1644.427833,197996556,row-count; full checksum query before block,1365.0,85.0,1280.0,0.0,0.0,7635108352.0,1365.0,snowflake_large,1000000000,filter_project,2,10,platform_query,,,,,,,
01c6f2fe-0001-fcf8-0001-9ade000bad82,206.507041,50,row-count; full checksum query before block,137.0,40.0,97.0,0.0,0.0,3116867584.0,137.0,snowflake_large,100000000,groupby,2,6,platform_query,,,,,,,
01c6f2fe-0001-fcf8-0001-9ade000bad86,185.174167,50,row-count; full checksum query before block,156.0,44.0,112.0,0.0,0.0,3116867584.0,156.0,snowflake_large,100000000,groupby,2,7,platform_query,,,,,,,
01c6f2fe-0001-fe0c-0001-9ade000bf3f6,313.801458,50,row-count; full checksum query before block,267.0,76.0,191.0,0.0,0.0,3116867584.0,267.0,snowflake_large,100000000,groupby,2,8,platform_query,,,,,,,
01c6f2fe-0001-fcf8-0001-9ade000bad8a,933.703792,50,row-count; full checksum query before block,749.0,54.0,695.0,0.0,0.0,3116867584.0,749.0,snowflake_large,100000000,groupby,2,9,platform_query,,,,,,,
01c6f2fe-0001-fe0c-0001-9ade000bf3fa,307.557792,50,row-count; full checksum query before block,199.0,75.0,124.0,0.0,0.0,3116867584.0,199.0,snowflake_large,100000000,groupby,2,10,platform_query,,,,,,,
01c6f2fe-0001-fe0c-0001-9ade000bf406,337.061167,100000,row-count; full checksum query before block,258.0,56.0,202.0,0.0,0.0,973312.0,258.0,snowflake_large,100000,clean_derive,2,6,platform_query,,,,,,,
01c6f2fe-0001-fcf8-0001-9ade000bad92,491.631334,100000,row-count; full checksum query before block,362.0,143.0,219.0,0.0,0.0,973312.0,362.0,snowflake_large,100000,clean_derive,2,7,platform_query,,,,,,,
01c6f2fe-0001-fe0c-0001-9ade000bf40a,274.490542,100000,row-count; full checksum query before block,215.0,37.0,178.0,0.0,0.0,973312.0,215.0,snowflake_large,100000,clean_derive,2,8,platform_query,,,,,,,
01c6f2fe-0001-fcf8-0001-9ade000bad96,583.358792,100000,row-count; full checksum query before block,448.0,250.0,198.0,0.0,0.0,973312.0,448.0,snowflake_large,100000,clean_derive,2,9,platform_query,,,,,,,
01c6f2fe-0001-fcf8-0001-9ade000bad9a,686.873334,100000,row-count; full checksum query before block,489.0,273.0,216.0,0.0,0.0,973312.0,489.0,snowflake_large,100000,clean_derive,2,10,platform_query,,,,,,,
,,10000000,row-count; full checksum in block warmup,,,,,,,88.628792,pandas,10000000,clean_derive,2,6,local_parquet_to_batches,216.136,31.007372999999998,160000000.0,100.0,,measurement,591577088.0
,,10000000,row-count; full checksum in block warmup,,,,,,,92.631917,pandas,10000000,clean_derive,2,7,local_parquet_to_batches,217.961,32.556207000000015,160000000.0,100.0,,measurement,608108544.0
,,10000000,row-count; full checksum in block warmup,,,,,,,88.049875,pandas,10000000,clean_derive,2,8,local_parquet_to_batches,214.034,31.216498999999995,160000000.0,100.0,,measurement,610123776.0
,,10000000,row-count; full checksum in block warmup,,,,,,,88.730958,pandas,10000000,clean_derive,2,9,local_parquet_to_batches,214.465,32.01816999999998,160000000.0,100.0,,measurement,611975168.0
,,10000000,row-count; full checksum in block warmup,,,,,,,86.939209,pandas,10000000,clean_derive,2,10,local_parquet_to_batches,213.342,30.462293,160000000.0,100.0,,measurement,614629376.0
,,50,row-count; full checksum in block warmup,,,,,,,3.056833,pandas,100000,groupby,2,6,local_parquet_to_batches,3.42,1.0810000000000002,1600.0,1.0,,measurement,139264000.0
,,50,row-count; full checksum in block warmup,,,,,,,2.844125,pandas,100000,groupby,2,7,local_parquet_to_batches,3.181,1.005124,1600.0,1.0,,measurement,139575296.0
,,50,row-count; full checksum in block warmup,,,,,,,2.62725,pandas,100000,groupby,2,8,local_parquet_to_batches,2.958,0.958667,1600.0,1.0,,measurement,139673600.0
,,50,row-count; full checksum in block warmup,,,,,,,2.550083,pandas,100000,groupby,2,9,local_parquet_to_batches,2.882,0.92775,1600.0,1.0,,measurement,139673600.0
,,50,row-count; full checksum in block warmup,,,,,,,2.606625,pandas,100000,groupby,2,10,local_parquet_to_batches,2.934,0.917875,1600.0,1.0,,measurement,139673600.0
,,200,row-count; full checksum in block warmup,,,,,,,7.67675,pandas,100000,join_groupby,2,6,local_parquet_to_batches,8.488,2.185334,6400.0,1.0,,measurement,152928256.0
,,200,row-count; full checksum in block warmup,,,,,,,7.210375,pandas,100000,join_groupby,2,7,local_parquet_to_batches,7.96,1.977916,6400.0,1.0,,measurement,152944640.0
,,200,row-count; full checksum in block warmup,,,,,,,7.170333,pandas,100000,join_groupby,2,8,local_parquet_to_batches,7.903,1.91075,6400.0,1.0,,measurement,152944640.0
,,200,row-count; full checksum in block warmup,,,,,,,6.911792,pandas,100000,join_groupby,2,9,local_parquet_to_batches,7.627,1.844291,6400.0,1.0,,measurement,152944640.0
,,200,row-count; full checksum in block warmup,,,,,,,6.966875,pandas,100000,join_groupby,2,10,local_parquet_to_batches,7.686,1.8634579999999998,6400.0,1.0,,measurement,152961024.0
,,19798586,row-count; full checksum in block warmup,,,,,,,688.808541,pandas,100000000,filter_project,2,6,local_parquet_to_batches,2385.845,296.61330399999963,475166064.0,1000.0,,measurement,1892073472.0
,,19798586,row-count; full checksum in block warmup,,,,,,,688.216083,pandas,100000000,filter_project,2,7,local_parquet_to_batches,2397.189,293.33173799999963,475166064.0,1000.0,,measurement,2541731840.0
,,19798586,row-count; full checksum in block warmup,,,,,,,683.865416,pandas,100000000,filter_project,2,8,local_parquet_to_batches,2363.034,294.0321260000004,475166064.0,1000.0,,measurement,2563768320.0
,,19798586,row-count; full checksum in block warmup,,,,,,,688.059416,pandas,100000000,filter_project,2,9,local_parquet_to_batches,2380.853,294.33578499999965,475166064.0,1000.0,,measurement,2599010304.0
,,19798586,row-count; full checksum in block warmup,,,,,,,685.235667,pandas,100000000,filter_project,2,10,local_parquet_to_batches,2365.996,296.3800800000005,475166064.0,1000.0,,measurement,2600681472.0
,,19886,row-count; full checksum in block warmup,,,,,,,2.389583,pandas,100000,filter_project,2,6,local_parquet_to_batches,3.105,1.807667,477264.0,1.0,,measurement,138690560.0
,,19886,row-count; full checksum in block warmup,,,,,,,2.24675,pandas,100000,filter_project,2,7,local_parquet_to_batches,2.951,1.734084,477264.0,1.0,,measurement,138821632.0
,,19886,row-count; full checksum in block warmup,,,,,,,2.3755,pandas,100000,filter_project,2,8,local_parquet_to_batches,3.057,1.779417,477264.0,1.0,,measurement,138821632.0
,,19886,row-count; full checksum in block warmup,,,,,,,2.264167,pandas,100000,filter_project,2,9,local_parquet_to_batches,2.946,1.760959,477264.0,1.0,,measurement,138821632.0
,,19886,row-count; full checksum in block warmup,,,,,,,2.091625,pandas,100000,filter_project,2,10,local_parquet_to_batches,2.772,1.529334,477264.0,1.0,,measurement,138821632.0
,,1000000000,row-count; full checksum in block warmup,,,,,,,9919.01075,pandas,1000000000,clean_derive,2,6,local_parquet_to_batches,24490.147,3407.240609999996,16000000000.0,10000.0,,measurement,15866396672.0
,,1000000000,row-count; full checksum in block warmup,,,,,,,9894.681,pandas,1000000000,clean_derive,2,7,local_parquet_to_batches,23900.75,3542.037362999974,16000000000.0,10000.0,,measurement,16194617344.0
,,1000000000,row-count; full checksum in block warmup,,,,,,,9551.378083,pandas,1000000000,clean_derive,2,8,local_parquet_to_batches,23033.369,3458.937239999995,16000000000.0,10000.0,,measurement,16637804544.0
,,1000000000,row-count; full checksum in block warmup,,,,,,,9426.3715,pandas,1000000000,clean_derive,2,9,local_parquet_to_batches,22809.42,3421.7684860000013,16000000000.0,10000.0,,measurement,16704356352.0
,,1000000000,row-count; full checksum in block warmup,,,,,,,9478.815167,pandas,1000000000,clean_derive,2,10,local_parquet_to_batches,22880.383,3431.571972999991,16000000000.0,10000.0,,measurement,16901357568.0
,,1980090,row-count; full checksum in block warmup,,,,,,,71.522792,pandas,10000000,filter_project,2,6,local_parquet_to_batches,241.199,31.293791,47522160.0,100.0,,measurement,338100224.0
,,1980090,row-count; full checksum in block warmup,,,,,,,72.340041,pandas,10000000,filter_project,2,7,local_parquet_to_batches,240.942,31.68229,47522160.0,100.0,,measurement,347979776.0
,,1980090,row-count; full checksum in block warmup,,,,,,,77.09775,pandas,10000000,filter_project,2,8,local_parquet_to_batches,248.071,33.133328999999996,47522160.0,100.0,,measurement,350322688.0
,,1980090,row-count; full checksum in block warmup,,,,,,,74.899208,pandas,10000000,filter_project,2,9,local_parquet_to_batches,246.982,32.171125,47522160.0,100.0,,measurement,364756992.0
,,1980090,row-count; full checksum in block warmup,,,,,,,75.933166,pandas,10000000,filter_project,2,10,local_parquet_to_batches,244.075,33.728542000000004,47522160.0,100.0,,measurement,364789760.0
,,200,row-count; full checksum in block warmup,,,,,,,5634.037833,pandas,100000000,join_groupby,2,6,local_parquet_to_batches,6650.813,149.41645999999986,6400.0,1.0,,measurement,2783870976.0
,,200,row-count; full checksum in block warmup,,,,,,,5595.521625,pandas,100000000,join_groupby,2,7,local_parquet_to_batches,6594.412,147.43771900000007,6400.0,1.0,,measurement,3403415552.0
,,200,row-count; full checksum in block warmup,,,,,,,5585.59825,pandas,100000000,join_groupby,2,8,local_parquet_to_batches,6567.532,148.5558300000001,6400.0,1.0,,measurement,3539288064.0
,,200,row-count; full checksum in block warmup,,,,,,,5574.329459,pandas,100000000,join_groupby,2,9,local_parquet_to_batches,6555.758,153.59129500000017,6400.0,1.0,,measurement,3643228160.0
,,200,row-count; full checksum in block warmup,,,,,,,5582.515375,pandas,100000000,join_groupby,2,10,local_parquet_to_batches,6571.068,148.4885780000001,6400.0,1.0,,measurement,3671261184.0
,,200,row-count; full checksum in block warmup,,,,,,,55261.342167,pandas,1000000000,join_groupby,2,6,local_parquet_to_batches,65814.778,1548.078601999991,6400.0,1.0,,measurement,13696663552.0
,,200,row-count; full checksum in block warmup,,,,,,,55289.872208,pandas,1000000000,join_groupby,2,7,local_parquet_to_batches,65461.589,1572.2261800000022,6400.0,1.0,,measurement,14061256704.0
,,200,row-count; full checksum in block warmup,,,,,,,55011.49525,pandas,1000000000,join_groupby,2,8,local_parquet_to_batches,65150.643,1536.8810619999977,6400.0,1.0,,measurement,14154842112.0
,,200,row-count; full checksum in block warmup,,,,,,,55326.560125,pandas,1000000000,join_groupby,2,9,local_parquet_to_batches,65440.604,1523.5975240000032,6400.0,1.0,,measurement,14479736832.0
,,200,row-count; full checksum in block warmup,,,,,,,55365.881041,pandas,1000000000,join_groupby,2,10,local_parquet_to_batches,65584.137,1527.6161290000011,6400.0,1.0,,measurement,14591672320.0
,,198279,row-count; full checksum in block warmup,,,,,,,8.530542,pandas,1000000,filter_project,2,6,local_parquet_to_batches,25.685,4.363125,4758696.0,10.0,,measurement,176783360.0
,,198279,row-count; full checksum in block warmup,,,,,,,8.635834,pandas,1000000,filter_project,2,7,local_parquet_to_batches,25.37,4.373375,4758696.0,10.0,,measurement,180436992.0
,,198279,row-count; full checksum in block warmup,,,,,,,8.349666,pandas,1000000,filter_project,2,8,local_parquet_to_batches,24.962,4.151624,4758696.0,10.0,,measurement,180469760.0
,,198279,row-count; full checksum in block warmup,,,,,,,8.724625,pandas,1000000,filter_project,2,9,local_parquet_to_batches,25.044,4.367623,4758696.0,10.0,,measurement,183156736.0
,,198279,row-count; full checksum in block warmup,,,,,,,8.842666,pandas,1000000,filter_project,2,10,local_parquet_to_batches,24.91,4.540789000000001,4758696.0,10.0,,measurement,184926208.0
,,100000,row-count; full checksum in block warmup,,,,,,,2.161791,pandas,100000,clean_derive,2,6,local_parquet_to_batches,3.152,1.2698340000000001,1600000.0,1.0,,measurement,143933440.0
,,100000,row-count; full checksum in block warmup,,,,,,,2.186667,pandas,100000,clean_derive,2,7,local_parquet_to_batches,3.122,1.369334,1600000.0,1.0,,measurement,144375808.0
,,100000,row-count; full checksum in block warmup,,,,,,,1.956,pandas,100000,clean_derive,2,8,local_parquet_to_batches,2.866,1.22325,1600000.0,1.0,,measurement,144424960.0
,,100000,row-count; full checksum in block warmup,,,,,,,1.975041,pandas,100000,clean_derive,2,9,local_parquet_to_batches,2.845,1.212125,1600000.0,1.0,,measurement,144424960.0
,,100000,row-count; full checksum in block warmup,,,,,,,1.964375,pandas,100000,clean_derive,2,10,local_parquet_to_batches,2.842,1.209333,1600000.0,1.0,,measurement,144424960.0
,,1000000,row-count; full checksum in block warmup,,,,,,,10.7075,pandas,1000000,clean_derive,2,6,local_parquet_to_batches,23.113,4.503876,16000000.0,10.0,,measurement,193757184.0
,,1000000,row-count; full checksum in block warmup,,,,,,,11.210792,pandas,1000000,clean_derive,2,7,local_parquet_to_batches,23.517,4.727834,16000000.0,10.0,,measurement,205848576.0
,,1000000,row-count; full checksum in block warmup,,,,,,,13.480708,pandas,1000000,clean_derive,2,8,local_parquet_to_batches,25.962,5.4813339999999995,16000000.0,10.0,,measurement,217759744.0
,,1000000,row-count; full checksum in block warmup,,,,,,,13.376417,pandas,1000000,clean_derive,2,9,local_parquet_to_batches,25.42,5.696376,16000000.0,10.0,,measurement,227278848.0
,,1000000,row-count; full checksum in block warmup,,,,,,,12.689417,pandas,1000000,clean_derive,2,10,local_parquet_to_batches,24.933,5.146040999999999,16000000.0,10.0,,measurement,227508224.0
,,50,row-count; full checksum in block warmup,,,,,,,183.075791,pandas,10000000,groupby,2,6,local_parquet_to_batches,253.539,12.608245999999998,1600.0,1.0,,measurement,479117312.0
,,50,row-count; full checksum in block warmup,,,,,,,196.241333,pandas,10000000,groupby,2,7,local_parquet_to_batches,264.83,14.857221000000001,1600.0,1.0,,measurement,493076480.0
,,50,row-count; full checksum in block warmup,,,,,,,192.791791,pandas,10000000,groupby,2,8,local_parquet_to_batches,263.715,14.153659999999997,1600.0,1.0,,measurement,497811456.0
,,50,row-count; full checksum in block warmup,,,,,,,180.408167,pandas,10000000,groupby,2,9,local_parquet_to_batches,249.998,12.725088000000005,1600.0,1.0,,measurement,506937344.0
,,50,row-count; full checksum in block warmup,,,,,,,180.417916,pandas,10000000,groupby,2,10,local_parquet_to_batches,249.362,12.350753,1600.0,1.0,,measurement,511754240.0
,,200,row-count; full checksum in block warmup,,,,,,,553.663417,pandas,10000000,join_groupby,2,6,local_parquet_to_batches,658.603,17.380830999999997,6400.0,1.0,,measurement,744538112.0
,,200,row-count; full checksum in block warmup,,,,,,,564.60075,pandas,10000000,join_groupby,2,7,local_parquet_to_batches,661.548,18.012045999999994,6400.0,1.0,,measurement,758251520.0
,,200,row-count; full checksum in block warmup,,,,,,,547.683167,pandas,10000000,join_groupby,2,8,local_parquet_to_batches,644.006,16.554666000000005,6400.0,1.0,,measurement,760610816.0
,,200,row-count; full checksum in block warmup,,,,,,,545.9155,pandas,10000000,join_groupby,2,9,local_parquet_to_batches,641.954,16.743290000000005,6400.0,1.0,,measurement,762789888.0
,,200,row-count; full checksum in block warmup,,,,,,,548.328125,pandas,10000000,join_groupby,2,10,local_parquet_to_batches,644.397,17.042118,6400.0,1.0,,measurement,765132800.0
,,50,row-count; full checksum in block warmup,,,,,,,1826.253292,pandas,100000000,groupby,2,6,local_parquet_to_batches,2575.011,113.88755000000013,1600.0,1.0,,measurement,2741911552.0
,,50,row-count; full checksum in block warmup,,,,,,,1814.376209,pandas,100000000,groupby,2,7,local_parquet_to_batches,2522.687,113.24607300000012,1600.0,1.0,,measurement,2826321920.0
,,50,row-count; full checksum in block warmup,,,,,,,1821.921417,pandas,100000000,groupby,2,8,local_parquet_to_batches,2549.799,113.76974700000012,1600.0,1.0,,measurement,3096805376.0
,,50,row-count; full checksum in block warmup,,,,,,,1808.856541,pandas,100000000,groupby,2,9,local_parquet_to_batches,2511.765,112.01613499999992,1600.0,1.0,,measurement,3162144768.0
,,50,row-count; full checksum in block warmup,,,,,,,1824.032792,pandas,100000000,groupby,2,10,local_parquet_to_batches,2525.115,114.04244899999978,1600.0,1.0,,measurement,3173203968.0
,,50,row-count; full checksum in block warmup,,,,,,,20564.820542,pandas,1000000000,groupby,2,6,local_parquet_to_batches,28065.56,1528.9764120000066,1600.0,1.0,,measurement,10141564928.0
,,50,row-count; full checksum in block warmup,,,,,,,18563.309833,pandas,1000000000,groupby,2,7,local_parquet_to_batches,25778.805,1189.2767660000054,1600.0,1.0,,measurement,10230104064.0
,,50,row-count; full checksum in block warmup,,,,,,,18458.971667,pandas,1000000000,groupby,2,8,local_parquet_to_batches,25666.232,1167.4377910000048,1600.0,1.0,,measurement,10261807104.0
,,50,row-count; full checksum in block warmup,,,,,,,18317.301125,pandas,1000000000,groupby,2,9,local_parquet_to_batches,25563.975,1168.1767640000005,1600.0,1.0,,measurement,10281648128.0
,,50,row-count; full checksum in block warmup,,,,,,,18341.174,pandas,1000000000,groupby,2,10,local_parquet_to_batches,25615.646,1154.337110999996,1600.0,1.0,,measurement,10291838976.0
,,50,row-count; full checksum in block warmup,,,,,,,19.995209,pandas,1000000,groupby,2,6,local_parquet_to_batches,27.182,2.338834,1600.0,1.0,,measurement,176062464.0
,,50,row-count; full checksum in block warmup,,,,,,,20.136917,pandas,1000000,groupby,2,7,local_parquet_to_batches,27.133,2.55225,1600.0,1.0,,measurement,179798016.0
,,50,row-count; full checksum in block warmup,,,,,,,19.336,pandas,1000000,groupby,2,8,local_parquet_to_batches,26.497,2.151958,1600.0,1.0,,measurement,182124544.0
,,50,row-count; full checksum in block warmup,,,,,,,20.09475,pandas,1000000,groupby,2,9,local_parquet_to_batches,27.228,2.451583,1600.0,1.0,,measurement,182403072.0
,,50,row-count; full checksum in block warmup,,,,,,,19.952958,pandas,1000000,groupby,2,10,local_parquet_to_batches,26.482,2.579959,1600.0,1.0,,measurement,182435840.0
,,197996556,row-count; full checksum in block warmup,,,,,,,7505.322042,pandas,1000000000,filter_project,2,6,local_parquet_to_batches,26005.751,3286.211790000003,4751917344.0,10000.0,,measurement,15432253440.0
,,197996556,row-count; full checksum in block warmup,,,,,,,7224.182542,pandas,1000000000,filter_project,2,7,local_parquet_to_batches,25108.281,3108.2496170000118,4751917344.0,10000.0,,measurement,15767666688.0
,,197996556,row-count; full checksum in block warmup,,,,,,,7095.114166,pandas,1000000000,filter_project,2,8,local_parquet_to_batches,24927.269,2950.8729359999884,4751917344.0,10000.0,,measurement,16201662464.0
,,197996556,row-count; full checksum in block warmup,,,,,,,7149.637834,pandas,1000000000,filter_project,2,9,local_parquet_to_batches,24931.665,3019.5212259999917,4751917344.0,10000.0,,measurement,16268476416.0
,,197996556,row-count; full checksum in block warmup,,,,,,,7332.053667,pandas,1000000000,filter_project,2,10,local_parquet_to_batches,24820.254,3201.3541020000016,4751917344.0,10000.0,,measurement,16268476416.0
,,200,row-count; full checksum in block warmup,,,,,,,59.908625,pandas,1000000,join_groupby,2,6,local_parquet_to_batches,69.204,4.3910849999999995,6400.0,1.0,,measurement,192643072.0
,,200,row-count; full checksum in block warmup,,,,,,,58.889375,pandas,1000000,join_groupby,2,7,local_parquet_to_batches,68.594,3.9817899999999997,6400.0,1.0,,measurement,192987136.0
,,200,row-count; full checksum in block warmup,,,,,,,59.215709,pandas,1000000,join_groupby,2,8,local_parquet_to_batches,68.983,3.8060430000000003,6400.0,1.0,,measurement,194281472.0
,,200,row-count; full checksum in block warmup,,,,,,,67.054667,pandas,1000000,join_groupby,2,9,local_parquet_to_batches,76.726,4.620915000000001,6400.0,1.0,,measurement,200294400.0
,,200,row-count; full checksum in block warmup,,,,,,,61.443916,pandas,1000000,join_groupby,2,10,local_parquet_to_batches,70.829,4.6487490000000005,6400.0,1.0,,measurement,205094912.0
,,100000000,row-count; full checksum in block warmup,,,,,,,921.014292,pandas,100000000,clean_derive,2,6,local_parquet_to_batches,2228.969,308.4126579999999,1600000000.0,1000.0,,measurement,3185000448.0
,,100000000,row-count; full checksum in block warmup,,,,,,,916.945416,pandas,100000000,clean_derive,2,7,local_parquet_to_batches,2204.276,309.76349500000055,1600000000.0,1000.0,,measurement,3202744320.0
,,100000000,row-count; full checksum in block warmup,,,,,,,914.159375,pandas,100000000,clean_derive,2,8,local_parquet_to_batches,2214.058,306.300550000001,1600000000.0,1000.0,,measurement,3546333184.0
,,100000000,row-count; full checksum in block warmup,,,,,,,920.175458,pandas,100000000,clean_derive,2,9,local_parquet_to_batches,2213.142,310.35051399999975,1600000000.0,1000.0,,measurement,3639672832.0
,,100000000,row-count; full checksum in block warmup,,,,,,,941.777458,pandas,100000000,clean_derive,2,10,local_parquet_to_batches,2246.73,317.01440199999956,1600000000.0,1000.0,,measurement,3645046784.0
01c6f309-0001-fcf8-0001-9ade000badba,438.399625,19886,row-count; full checksum query before block,213.0,98.0,115.0,0.0,0.0,973312.0,213.0,snowflake_small,100000,filter_project,2,6,platform_query,,,,,,,
01c6f309-0001-fcf8-0001-9ade000badbe,219.448291,19886,row-count; full checksum query before block,152.0,42.0,110.0,0.0,0.0,973312.0,152.0,snowflake_small,100000,filter_project,2,7,platform_query,,,,,,,
01c6f309-0001-fcf8-0001-9ade000badc2,215.247083,19886,row-count; full checksum query before block,150.0,47.0,103.0,0.0,0.0,973312.0,150.0,snowflake_small,100000,filter_project,2,8,platform_query,,,,,,,
01c6f309-0001-fcf8-0001-9ade000badc6,214.796,19886,row-count; full checksum query before block,160.0,50.0,110.0,0.0,0.0,973312.0,160.0,snowflake_small,100000,filter_project,2,9,platform_query,,,,,,,
01c6f309-0001-fe0c-0001-9ade000bf43a,664.807417,19886,row-count; full checksum query before block,222.0,105.0,117.0,0.0,0.0,973312.0,222.0,snowflake_small,100000,filter_project,2,10,platform_query,,,,,,,
01c6f309-0001-fcf8-0001-9ade000badd6,105.360459,50,row-count; full checksum query before block,75.0,42.0,33.0,0.0,0.0,7627264.0,75.0,snowflake_small,1000000,groupby,2,6,platform_query,,,,,,,
01c6f309-0001-fe0c-0001-9ade000bf43e,183.024791,50,row-count; full checksum query before block,144.0,101.0,43.0,0.0,0.0,7627264.0,144.0,snowflake_small,1000000,groupby,2,7,platform_query,,,,,,,
01c6f309-0001-fcf8-0001-9ade000badda,101.951916,50,row-count; full checksum query before block,73.0,42.0,31.0,0.0,0.0,7627264.0,73.0,snowflake_small,1000000,groupby,2,8,platform_query,,,,,,,
01c6f309-0001-fe0c-0001-9ade000bf442,125.818375,50,row-count; full checksum query before block,89.0,57.0,32.0,0.0,0.0,7627264.0,89.0,snowflake_small,1000000,groupby,2,9,platform_query,,,,,,,
01c6f309-0001-fcf9-0001-9ade000be316,221.941,50,row-count; full checksum query before block,144.0,109.0,35.0,0.0,0.0,7627264.0,144.0,snowflake_small,1000000,groupby,2,10,platform_query,,,,,,,
01c6f309-0001-fcf8-0001-9ade000bade2,3150.868916,200,row-count; full checksum query before block,2923.0,105.0,2818.0,0.0,0.0,7635346944.0,2923.0,snowflake_small,1000000000,join_groupby,2,6,platform_query,,,,,,,
01c6f309-0001-fcf8-0001-9ade000bade6,2732.483458,200,row-count; full checksum query before block,2688.0,58.0,2630.0,0.0,0.0,7635346944.0,2688.0,snowflake_small,1000000000,join_groupby,2,7,platform_query,,,,,,,
01c6f309-0001-fe0c-0001-9ade000bf44a,3016.266375,200,row-count; full checksum query before block,2775.0,78.0,2697.0,0.0,0.0,7635346944.0,2775.0,snowflake_small,1000000000,join_groupby,2,8,platform_query,,,,,,,
01c6f309-0001-fcf8-0001-9ade000badea,2795.006958,200,row-count; full checksum query before block,2755.0,86.0,2669.0,0.0,0.0,7635346944.0,2755.0,snowflake_small,1000000000,join_groupby,2,9,platform_query,,,,,,,
01c6f309-0001-fcf8-0001-9ade000badee,2896.006625,200,row-count; full checksum query before block,2769.0,73.0,2696.0,0.0,0.0,7635346944.0,2769.0,snowflake_small,1000000000,join_groupby,2,10,platform_query,,,,,,,
01c6f309-0001-fcf9-0001-9ade000be322,801.136834,19798586,row-count; full checksum query before block,714.0,39.0,675.0,0.0,0.0,779216896.0,714.0,snowflake_small,100000000,filter_project,2,6,platform_query,,,,,,,
01c6f309-0001-fcf9-0001-9ade000be326,758.938,19798586,row-count; full checksum query before block,681.0,36.0,645.0,0.0,0.0,779216896.0,681.0,snowflake_small,100000000,filter_project,2,7,platform_query,,,,,,,
01c6f309-0001-fcf8-0001-9ade000badf6,891.713041,19798586,row-count; full checksum query before block,737.0,49.0,688.0,0.0,0.0,779216896.0,737.0,snowflake_small,100000000,filter_project,2,8,platform_query,,,,,,,
01c6f309-0001-fcf9-0001-9ade000be32a,918.124708,19798586,row-count; full checksum query before block,698.0,39.0,659.0,0.0,0.0,779216896.0,698.0,snowflake_small,100000000,filter_project,2,9,platform_query,,,,,,,
01c6f309-0001-fcf9-0001-9ade000be32e,720.762125,19798586,row-count; full checksum query before block,648.0,34.0,614.0,0.0,0.0,779216896.0,648.0,snowflake_small,100000000,filter_project,2,10,platform_query,,,,,,,
01c6f309-0001-fcf8-0001-9ade000badfe,255.41175,100000,row-count; full checksum query before block,198.0,34.0,164.0,0.0,0.0,973312.0,198.0,snowflake_small,100000,clean_derive,2,6,platform_query,,,,,,,
01c6f30a-0001-fe0c-0001-9ade000bf452,282.485917,100000,row-count; full checksum query before block,210.0,36.0,174.0,0.0,0.0,973312.0,210.0,snowflake_small,100000,clean_derive,2,7,platform_query,,,,,,,
01c6f30a-0001-fcf9-0001-9ade000be33a,379.08375,100000,row-count; full checksum query before block,193.0,34.0,159.0,0.0,0.0,973312.0,193.0,snowflake_small,100000,clean_derive,2,8,platform_query,,,,,,,
01c6f30a-0001-fcf8-0001-9ade000bae02,256.534625,100000,row-count; full checksum query before block,197.0,30.0,167.0,0.0,0.0,973312.0,197.0,snowflake_small,100000,clean_derive,2,9,platform_query,,,,,,,
01c6f30a-0001-fe0c-0001-9ade000bf456,302.308041,100000,row-count; full checksum query before block,244.0,38.0,206.0,0.0,0.0,973312.0,244.0,snowflake_small,100000,clean_derive,2,10,platform_query,,,,,,,
01c6f30a-0001-fe0c-0001-9ade000bf45a,617.049125,10000000,row-count; full checksum query before block,522.0,44.0,478.0,0.0,0.0,151591936.0,522.0,snowflake_small,10000000,clean_derive,2,6,platform_query,,,,,,,
01c6f30a-0001-fcf9-0001-9ade000be342,617.681292,10000000,row-count; full checksum query before block,460.0,37.0,423.0,0.0,0.0,151591936.0,460.0,snowflake_small,10000000,clean_derive,2,7,platform_query,,,,,,,
01c6f30a-0001-fcf9-0001-9ade000be346,636.74875,10000000,row-count; full checksum query before block,540.0,38.0,502.0,0.0,0.0,151591936.0,540.0,snowflake_small,10000000,clean_derive,2,8,platform_query,,,,,,,
01c6f30a-0001-fcf8-0001-9ade000bae0e,525.7895,10000000,row-count; full checksum query before block,453.0,41.0,412.0,0.0,0.0,151591936.0,453.0,snowflake_small,10000000,clean_derive,2,9,platform_query,,,,,,,
01c6f30a-0001-fe0c-0001-9ade000bf45e,536.019459,10000000,row-count; full checksum query before block,465.0,38.0,427.0,0.0,0.0,151591936.0,465.0,snowflake_small,10000000,clean_derive,2,10,platform_query,,,,,,,
01c6f30a-0001-fcf9-0001-9ade000be352,18222.955834,1000000000,row-count; full checksum query before block,18085.0,52.0,18033.0,0.0,0.0,7635108352.0,18085.0,snowflake_small,1000000000,clean_derive,2,6,platform_query,,,,,,,
01c6f30a-0001-fe2b-0001-9ade000bd1c2,18332.535292,1000000000,row-count; full checksum query before block,18228.0,187.0,18041.0,0.0,0.0,7635108352.0,18228.0,snowflake_small,1000000000,clean_derive,2,7,platform_query,,,,,,,
01c6f30b-0001-fe0c-0001-9ade000bf462,18148.483542,1000000000,row-count; full checksum query before block,18032.0,59.0,17973.0,0.0,0.0,7635108352.0,18032.0,snowflake_small,1000000000,clean_derive,2,8,platform_query,,,,,,,
01c6f30b-0001-fcf8-0001-9ade000bae16,18068.299958,1000000000,row-count; full checksum query before block,17960.0,76.0,17884.0,0.0,0.0,7635108352.0,17960.0,snowflake_small,1000000000,clean_derive,2,9,platform_query,,,,,,,
01c6f30b-0001-fe0c-0001-9ade000bf466,17962.175791,1000000000,row-count; full checksum query before block,17853.0,56.0,17797.0,0.0,0.0,7635108352.0,17853.0,snowflake_small,1000000000,clean_derive,2,10,platform_query,,,,,,,
01c6f30c-0001-fcf8-0001-9ade000bae1a,511.168,200,row-count; full checksum query before block,470.0,68.0,402.0,0.0,0.0,779455488.0,470.0,snowflake_small,100000000,join_groupby,2,6,platform_query,,,,,,,
01c6f30c-0001-fcf8-0001-9ade000bae1e,512.749792,200,row-count; full checksum query before block,477.0,56.0,421.0,0.0,0.0,779455488.0,477.0,snowflake_small,100000000,join_groupby,2,7,platform_query,,,,,,,
01c6f30c-0001-fcf8-0001-9ade000bae22,505.826291,200,row-count; full checksum query before block,470.0,53.0,417.0,0.0,0.0,779455488.0,470.0,snowflake_small,100000000,join_groupby,2,8,platform_query,,,,,,,
01c6f30c-0001-fe2b-0001-9ade000bd1ca,516.064041,200,row-count; full checksum query before block,473.0,59.0,414.0,0.0,0.0,779455488.0,473.0,snowflake_small,100000000,join_groupby,2,9,platform_query,,,,,,,
01c6f30c-0001-fcf9-0001-9ade000be356,532.9145,200,row-count; full checksum query before block,492.0,96.0,396.0,0.0,0.0,779455488.0,492.0,snowflake_small,100000000,join_groupby,2,10,platform_query,,,,,,,
01c6f30c-0001-fe0c-0001-9ade000bf472,903.6865,50,row-count; full checksum query before block,818.0,798.0,20.0,0.0,0.0,973312.0,818.0,snowflake_small,100000,groupby,2,6,platform_query,,,,,,,
01c6f30c-0001-fcf8-0001-9ade000bae2a,146.584834,50,row-count; full checksum query before block,53.0,34.0,19.0,0.0,0.0,973312.0,53.0,snowflake_small,100000,groupby,2,7,platform_query,,,,,,,
01c6f30c-0001-fe2b-0001-9ade000bd1d6,82.256542,50,row-count; full checksum query before block,56.0,36.0,20.0,0.0,0.0,973312.0,56.0,snowflake_small,100000,groupby,2,8,platform_query,,,,,,,
01c6f30c-0001-fe0c-0001-9ade000bf476,86.493292,50,row-count; full checksum query before block,62.0,42.0,20.0,0.0,0.0,973312.0,62.0,snowflake_small,100000,groupby,2,9,platform_query,,,,,,,
01c6f30c-0001-fe0c-0001-9ade000bf47a,80.939833,50,row-count; full checksum query before block,54.0,36.0,18.0,0.0,0.0,973312.0,54.0,snowflake_small,100000,groupby,2,10,platform_query,,,,,,,
01c6f30c-0001-fcf9-0001-9ade000be35e,359.501083,50,row-count; full checksum query before block,253.0,46.0,207.0,0.0,0.0,779216896.0,253.0,snowflake_small,100000000,groupby,2,6,platform_query,,,,,,,
01c6f30c-0001-fcf8-0001-9ade000bae32,273.27875,50,row-count; full checksum query before block,250.0,43.0,207.0,0.0,0.0,779216896.0,250.0,snowflake_small,100000000,groupby,2,7,platform_query,,,,,,,
01c6f30c-0001-fe0c-0001-9ade000bf482,267.5275,50,row-count; full checksum query before block,239.0,46.0,193.0,0.0,0.0,779216896.0,239.0,snowflake_small,100000000,groupby,2,8,platform_query,,,,,,,
01c6f30c-0001-fcf9-0001-9ade000be362,291.1585,50,row-count; full checksum query before block,223.0,41.0,182.0,0.0,0.0,779216896.0,223.0,snowflake_small,100000000,groupby,2,9,platform_query,,,,,,,
01c6f30c-0001-fcf8-0001-9ade000bae36,274.790208,50,row-count; full checksum query before block,250.0,59.0,191.0,0.0,0.0,779216896.0,250.0,snowflake_small,100000000,groupby,2,10,platform_query,,,,,,,
01c6f30c-0001-fe0c-0001-9ade000bf48a,326.828959,1980090,row-count; full checksum query before block,260.0,39.0,221.0,0.0,0.0,141637120.0,260.0,snowflake_small,10000000,filter_project,2,6,platform_query,,,,,,,
01c6f30c-0001-fcf8-0001-9ade000bae3e,351.447458,1980090,row-count; full checksum query before block,292.0,43.0,249.0,0.0,0.0,151591936.0,292.0,snowflake_small,10000000,filter_project,2,7,platform_query,,,,,,,
01c6f30c-0001-fcf9-0001-9ade000be366,443.102208,1980090,row-count; full checksum query before block,279.0,37.0,242.0,0.0,0.0,151591936.0,279.0,snowflake_small,10000000,filter_project,2,8,platform_query,,,,,,,
01c6f30c-0001-fe0c-0001-9ade000bf48e,417.458666,1980090,row-count; full checksum query before block,278.0,38.0,240.0,0.0,0.0,151591936.0,278.0,snowflake_small,10000000,filter_project,2,9,platform_query,,,,,,,
01c6f30c-0001-fcf8-0001-9ade000bae42,316.053125,1980090,row-count; full checksum query before block,259.0,33.0,226.0,0.0,0.0,146614784.0,259.0,snowflake_small,10000000,filter_project,2,10,platform_query,,,,,,,
01c6f30c-0001-fcf8-0001-9ade000bae4a,127.015459,50,row-count; full checksum query before block,101.0,43.0,58.0,0.0,0.0,151591936.0,101.0,snowflake_small,10000000,groupby,2,6,platform_query,,,,,,,
01c6f30c-0001-fe0c-0001-9ade000bf496,156.538125,50,row-count; full checksum query before block,101.0,44.0,57.0,0.0,0.0,151591936.0,101.0,snowflake_small,10000000,groupby,2,7,platform_query,,,,,,,
01c6f30c-0001-fe2b-0001-9ade000bd1de,125.514792,50,row-count; full checksum query before block,95.0,43.0,52.0,0.0,0.0,151591936.0,95.0,snowflake_small,10000000,groupby,2,8,platform_query,,,,,,,
01c6f30c-0001-fcf9-0001-9ade000be36e,120.677875,50,row-count; full checksum query before block,94.0,36.0,58.0,0.0,0.0,151591936.0,94.0,snowflake_small,10000000,groupby,2,9,platform_query,,,,,,,
01c6f30c-0001-fcf8-0001-9ade000bae4e,110.207917,50,row-count; full checksum query before block,89.0,38.0,51.0,0.0,0.0,151591936.0,89.0,snowflake_small,10000000,groupby,2,10,platform_query,,,,,,,
01c6f30c-0001-fcf8-0001-9ade000bae52,112.570042,200,row-count; full checksum query before block,79.0,44.0,35.0,0.0,0.0,1211904.0,79.0,snowflake_small,100000,join_groupby,2,6,platform_query,,,,,,,
01c6f30c-0001-fe0c-0001-9ade000bf4a2,134.877167,200,row-count; full checksum query before block,84.0,51.0,33.0,0.0,0.0,1211904.0,84.0,snowflake_small,100000,join_groupby,2,7,platform_query,,,,,,,
01c6f30c-0001-fcf8-0001-9ade000bae56,151.02075,200,row-count; full checksum query before block,75.0,42.0,33.0,0.0,0.0,1211904.0,75.0,snowflake_small,100000,join_groupby,2,8,platform_query,,,,,,,
01c6f30c-0001-fe2b-0001-9ade000bd1e2,128.33575,200,row-count; full checksum query before block,89.0,56.0,33.0,0.0,0.0,1211904.0,89.0,snowflake_small,100000,join_groupby,2,9,platform_query,,,,,,,
01c6f30c-0001-fe0c-0001-9ade000bf4a6,120.670875,200,row-count; full checksum query before block,82.0,48.0,34.0,0.0,0.0,1211904.0,82.0,snowflake_small,100000,join_groupby,2,10,platform_query,,,,,,,
01c6f30c-0001-fe0c-0001-9ade000bf4aa,178.474416,200,row-count; full checksum query before block,139.0,52.0,87.0,0.0,0.0,7865856.0,139.0,snowflake_small,1000000,join_groupby,2,6,platform_query,,,,,,,
01c6f30c-0001-fcf9-0001-9ade000be376,174.484625,200,row-count; full checksum query before block,136.0,54.0,82.0,0.0,0.0,7865856.0,136.0,snowflake_small,1000000,join_groupby,2,7,platform_query,,,,,,,
01c6f30c-0001-fe0c-0001-9ade000bf4ae,166.480167,200,row-count; full checksum query before block,131.0,48.0,83.0,0.0,0.0,7865856.0,131.0,snowflake_small,1000000,join_groupby,2,8,platform_query,,,,,,,
01c6f30c-0001-fe2b-0001-9ade000bd1e6,187.286375,200,row-count; full checksum query before block,149.0,62.0,87.0,0.0,0.0,7865856.0,149.0,snowflake_small,1000000,join_groupby,2,9,platform_query,,,,,,,
01c6f30c-0001-fe2b-0001-9ade000bd1ea,177.471417,200,row-count; full checksum query before block,136.0,46.0,90.0,0.0,0.0,7865856.0,136.0,snowflake_small,1000000,join_groupby,2,10,platform_query,,,,,,,
01c6f30c-0001-fe2b-0001-9ade000bd1ee,2764.385458,100000000,row-count; full checksum query before block,2680.0,55.0,2625.0,0.0,0.0,779216896.0,2680.0,snowflake_small,100000000,clean_derive,2,6,platform_query,,,,,,,
01c6f30c-0001-fcf9-0001-9ade000be37a,2846.199583,100000000,row-count; full checksum query before block,2691.0,42.0,2649.0,0.0,0.0,779216896.0,2691.0,snowflake_small,100000000,clean_derive,2,7,platform_query,,,,,,,
01c6f30c-0001-fcf9-0001-9ade000be37e,2807.258041,100000000,row-count; full checksum query before block,2724.0,44.0,2680.0,0.0,0.0,779216896.0,2724.0,snowflake_small,100000000,clean_derive,2,8,platform_query,,,,,,,
01c6f30c-0001-fe2b-0001-9ade000bd1f2,2820.578,100000000,row-count; full checksum query before block,2706.0,43.0,2663.0,0.0,0.0,779216896.0,2706.0,snowflake_small,100000000,clean_derive,2,9,platform_query,,,,,,,
01c6f30c-0001-fe0c-0001-9ade000bf4ba,2791.271917,100000000,row-count; full checksum query before block,2694.0,48.0,2646.0,0.0,0.0,779216896.0,2694.0,snowflake_small,100000000,clean_derive,2,10,platform_query,,,,,,,
01c6f30c-0001-fcf8-0001-9ade000bae6e,481.694375,1000000,row-count; full checksum query before block,427.0,32.0,395.0,0.0,0.0,7627264.0,427.0,snowflake_small,1000000,clean_derive,2,6,platform_query,,,,,,,
01c6f30c-0001-fe0c-0001-9ade000bf4c2,489.435583,1000000,row-count; full checksum query before block,430.0,39.0,391.0,0.0,0.0,7627264.0,430.0,snowflake_small,1000000,clean_derive,2,7,platform_query,,,,,,,
01c6f30c-0001-fcf8-0001-9ade000bae72,504.332666,1000000,row-count; full checksum query before block,448.0,39.0,409.0,0.0,0.0,7627264.0,448.0,snowflake_small,1000000,clean_derive,2,8,platform_query,,,,,,,
01c6f30c-0001-fe2b-0001-9ade000bd1fa,554.662708,1000000,row-count; full checksum query before block,470.0,34.0,436.0,0.0,0.0,7627264.0,470.0,snowflake_small,1000000,clean_derive,2,9,platform_query,,,,,,,
01c6f30c-0001-fcf9-0001-9ade000be382,598.069583,1000000,row-count; full checksum query before block,439.0,44.0,395.0,0.0,0.0,7627264.0,439.0,snowflake_small,1000000,clean_derive,2,10,platform_query,,,,,,,
01c6f30c-0001-fcf8-0001-9ade000bae76,589.0085,198279,row-count; full checksum query before block,248.0,36.0,212.0,0.0,0.0,7627264.0,248.0,snowflake_small,1000000,filter_project,2,6,platform_query,,,,,,,
01c6f30c-0001-fcf9-0001-9ade000be386,386.114667,198279,row-count; full checksum query before block,255.0,34.0,221.0,0.0,0.0,7627264.0,255.0,snowflake_small,1000000,filter_project,2,7,platform_query,,,,,,,
01c6f30c-0001-fcf8-0001-9ade000bae7a,309.288708,198279,row-count; full checksum query before block,233.0,39.0,194.0,0.0,0.0,7627264.0,233.0,snowflake_small,1000000,filter_project,2,8,platform_query,,,,,,,
01c6f30c-0001-fe0c-0001-9ade000bf4ce,321.24125,198279,row-count; full checksum query before block,261.0,53.0,208.0,0.0,0.0,7627264.0,261.0,snowflake_small,1000000,filter_project,2,9,platform_query,,,,,,,
01c6f30c-0001-fcf9-0001-9ade000be38a,404.039083,198279,row-count; full checksum query before block,250.0,30.0,220.0,0.0,0.0,7627264.0,250.0,snowflake_small,1000000,filter_project,2,10,platform_query,,,,,,,
01c6f30c-0001-fe0c-0001-9ade000bf4d2,1272.658917,50,row-count; full checksum query before block,1218.0,39.0,1179.0,0.0,0.0,7635108352.0,1218.0,snowflake_small,1000000000,groupby,2,6,platform_query,,,,,,,
01c6f30c-0001-fcf8-0001-9ade000bae82,1358.141209,50,row-count; full checksum query before block,1251.0,44.0,1207.0,0.0,0.0,7635108352.0,1251.0,snowflake_small,1000000000,groupby,2,7,platform_query,,,,,,,
01c6f30c-0001-fcf8-0001-9ade000bae86,1416.370083,50,row-count; full checksum query before block,1280.0,49.0,1231.0,0.0,0.0,7635108352.0,1280.0,snowflake_small,1000000000,groupby,2,8,platform_query,,,,,,,
01c6f30c-0001-fe2b-0001-9ade000bd206,1526.480667,50,row-count; full checksum query before block,1309.0,40.0,1269.0,0.0,0.0,7635108352.0,1309.0,snowflake_small,1000000000,groupby,2,9,platform_query,,,,,,,
01c6f30c-0001-fe2b-0001-9ade000bd20a,1236.846958,50,row-count; full checksum query before block,1185.0,41.0,1144.0,0.0,0.0,7635108352.0,1185.0,snowflake_small,1000000000,groupby,2,10,platform_query,,,,,,,
01c6f30d-0001-fcf9-0001-9ade000be396,181.015583,200,row-count; full checksum query before block,137.0,48.0,89.0,0.0,0.0,141875712.0,137.0,snowflake_small,10000000,join_groupby,2,6,platform_query,,,,,,,
01c6f30d-0001-fcf9-0001-9ade000be39a,172.156167,200,row-count; full checksum query before block,132.0,47.0,85.0,0.0,0.0,146853376.0,132.0,snowflake_small,10000000,join_groupby,2,7,platform_query,,,,,,,
01c6f30d-0001-fcf9-0001-9ade000be39e,189.2375,200,row-count; full checksum query before block,133.0,48.0,85.0,0.0,0.0,146852864.0,133.0,snowflake_small,10000000,join_groupby,2,8,platform_query,,,,,,,
01c6f30d-0001-fcf8-0001-9ade000bae8e,189.545333,200,row-count; full checksum query before block,146.0,57.0,89.0,0.0,0.0,151830528.0,146.0,snowflake_small,10000000,join_groupby,2,9,platform_query,,,,,,,
01c6f30d-0001-fcf8-0001-9ade000bae92,264.974542,200,row-count; full checksum query before block,141.0,46.0,95.0,0.0,0.0,151830528.0,141.0,snowflake_small,10000000,join_groupby,2,10,platform_query,,,,,,,
01c6f30d-0001-fcf8-0001-9ade000bae9a,3690.171375,197996556,row-count; full checksum query before block,3569.0,52.0,3517.0,0.0,0.0,7635108352.0,3569.0,snowflake_small,1000000000,filter_project,2,6,platform_query,,,,,,,
01c6f30d-0001-fcf8-0001-9ade000bae9e,3592.417125,197996556,row-count; full checksum query before block,3464.0,41.0,3423.0,0.0,0.0,7635108352.0,3464.0,snowflake_small,1000000000,filter_project,2,7,platform_query,,,,,,,
01c6f30d-0001-fcf9-0001-9ade000be3a2,3734.098833,197996556,row-count; full checksum query before block,3631.0,43.0,3588.0,0.0,0.0,7635108352.0,3631.0,snowflake_small,1000000000,filter_project,2,8,platform_query,,,,,,,
01c6f30d-0001-fe2b-0001-9ade000bd21a,3682.854125,197996556,row-count; full checksum query before block,3583.0,45.0,3538.0,0.0,0.0,7635108352.0,3583.0,snowflake_small,1000000000,filter_project,2,9,platform_query,,,,,,,
01c6f30d-0001-fe2b-0001-9ade000bd21e,3598.219792,197996556,row-count; full checksum query before block,3504.0,46.0,3458.0,0.0,0.0,7635108352.0,3504.0,snowflake_small,1000000000,filter_project,2,10,platform_query,,,,,,,
01c6f30d-0001-fcf8-0001-9ade000baeaa,305.292125,19886,row-count; full checksum query before block,160.0,37.0,123.0,0.0,0.0,973312.0,160.0,snowflake_xsmall,100000,filter_project,2,6,platform_query,,,,,,,
01c6f30d-0001-fe0c-0001-9ade000bf4de,311.8685,19886,row-count; full checksum query before block,177.0,37.0,140.0,0.0,0.0,973312.0,177.0,snowflake_xsmall,100000,filter_project,2,7,platform_query,,,,,,,
01c6f30d-0001-fcf8-0001-9ade000baeae,211.9565,19886,row-count; full checksum query before block,148.0,33.0,115.0,0.0,0.0,973312.0,148.0,snowflake_xsmall,100000,filter_project,2,8,platform_query,,,,,,,
01c6f30d-0001-fcf8-0001-9ade000baeb2,204.248167,19886,row-count; full checksum query before block,143.0,31.0,112.0,0.0,0.0,973312.0,143.0,snowflake_xsmall,100000,filter_project,2,9,platform_query,,,,,,,
01c6f30d-0001-fcf9-0001-9ade000be3a6,269.37825,19886,row-count; full checksum query before block,199.0,73.0,126.0,0.0,0.0,973312.0,199.0,snowflake_xsmall,100000,filter_project,2,10,platform_query,,,,,,,
01c6f30e-0001-fe0c-0001-9ade000bf4e2,34159.975333,1000000000,row-count; full checksum query before block,34010.0,53.0,33957.0,0.0,0.0,7635108352.0,34010.0,snowflake_xsmall,1000000000,clean_derive,2,6,platform_query,,,,,,,
01c6f30e-0001-fcf8-0001-9ade000baeba,34500.057084,1000000000,row-count; full checksum query before block,34402.0,122.0,34280.0,0.0,0.0,7635108352.0,34402.0,snowflake_xsmall,1000000000,clean_derive,2,7,platform_query,,,,,,,
01c6f30f-0001-fcf8-0001-9ade000baebe,34307.598375,1000000000,row-count; full checksum query before block,34081.0,56.0,34025.0,0.0,0.0,7635108352.0,34081.0,snowflake_xsmall,1000000000,clean_derive,2,8,platform_query,,,,,,,
01c6f310-0001-fcf8-0001-9ade000baec2,34384.06075,1000000000,row-count; full checksum query before block,34212.0,58.0,34154.0,0.0,0.0,7635108352.0,34212.0,snowflake_xsmall,1000000000,clean_derive,2,9,platform_query,,,,,,,
01c6f310-0001-fcf9-0001-9ade000be3ae,34702.844416,1000000000,row-count; full checksum query before block,34594.0,99.0,34495.0,0.0,0.0,7635108352.0,34594.0,snowflake_xsmall,1000000000,clean_derive,2,10,platform_query,,,,,,,
01c6f311-0001-fcf9-0001-9ade000be3b2,4411.153167,100000000,row-count; full checksum query before block,4247.0,55.0,4192.0,0.0,0.0,779216896.0,4247.0,snowflake_xsmall,100000000,clean_derive,2,6,platform_query,,,,,,,
01c6f311-0001-fe0c-0001-9ade000bf4ee,4605.636625,100000000,row-count; full checksum query before block,4392.0,43.0,4349.0,0.0,0.0,779216896.0,4392.0,snowflake_xsmall,100000000,clean_derive,2,7,platform_query,,,,,,,
01c6f311-0001-fcf8-0001-9ade000baeca,4343.274583,100000000,row-count; full checksum query before block,4249.0,35.0,4214.0,0.0,0.0,779216896.0,4249.0,snowflake_xsmall,100000000,clean_derive,2,8,platform_query,,,,,,,
01c6f311-0001-fcf9-0001-9ade000be3b6,4466.84825,100000000,row-count; full checksum query before block,4383.0,44.0,4339.0,0.0,0.0,779216896.0,4383.0,snowflake_xsmall,100000000,clean_derive,2,9,platform_query,,,,,,,
01c6f311-0001-fcf8-0001-9ade000baece,4527.406209,100000000,row-count; full checksum query before block,4402.0,32.0,4370.0,0.0,0.0,779216896.0,4402.0,snowflake_xsmall,100000000,clean_derive,2,10,platform_query,,,,,,,
01c6f311-0001-fcf9-0001-9ade000be3ba,1057.158167,19798586,row-count; full checksum query before block,983.0,58.0,925.0,0.0,0.0,779216896.0,983.0,snowflake_xsmall,100000000,filter_project,2,6,platform_query,,,,,,,
01c6f311-0001-fe0c-0001-9ade000bf4f6,1088.388666,19798586,row-count; full checksum query before block,1017.0,42.0,975.0,0.0,0.0,779216896.0,1017.0,snowflake_xsmall,100000000,filter_project,2,7,platform_query,,,,,,,
01c6f311-0001-fe2b-0001-9ade000bd232,1137.066459,19798586,row-count; full checksum query before block,994.0,63.0,931.0,0.0,0.0,779216896.0,994.0,snowflake_xsmall,100000000,filter_project,2,8,platform_query,,,,,,,
01c6f311-0001-fe0c-0001-9ade000bf4fa,1026.387625,19798586,row-count; full checksum query before block,933.0,36.0,897.0,0.0,0.0,779216896.0,933.0,snowflake_xsmall,100000000,filter_project,2,9,platform_query,,,,,,,
01c6f311-0001-fe0c-0001-9ade000bf4fe,1103.787167,19798586,row-count; full checksum query before block,983.0,41.0,942.0,0.0,0.0,779216896.0,983.0,snowflake_xsmall,100000000,filter_project,2,10,platform_query,,,,,,,
01c6f311-0001-fe2b-0001-9ade000bd236,2157.176667,50,row-count; full checksum query before block,2128.0,46.0,2082.0,0.0,0.0,7635108352.0,2128.0,snowflake_xsmall,1000000000,groupby,2,6,platform_query,,,,,,,
01c6f311-0001-fcf9-0001-9ade000be3c2,2346.856333,50,row-count; full checksum query before block,2213.0,44.0,2169.0,0.0,0.0,7635108352.0,2213.0,snowflake_xsmall,1000000000,groupby,2,7,platform_query,,,,,,,
01c6f311-0001-fe0c-0001-9ade000bf506,2379.697417,50,row-count; full checksum query before block,2350.0,43.0,2307.0,0.0,0.0,7635108352.0,2350.0,snowflake_xsmall,1000000000,groupby,2,8,platform_query,,,,,,,
01c6f312-0001-fcf8-0001-9ade000baeda,2334.145958,50,row-count; full checksum query before block,2292.0,56.0,2236.0,0.0,0.0,7635108352.0,2292.0,snowflake_xsmall,1000000000,groupby,2,9,platform_query,,,,,,,
01c6f312-0001-fcf9-0001-9ade000be3c6,2232.291291,50,row-count; full checksum query before block,2204.0,46.0,2158.0,0.0,0.0,7635108352.0,2204.0,snowflake_xsmall,1000000000,groupby,2,10,platform_query,,,,,,,
01c6f312-0001-fcf9-0001-9ade000be3ce,92.433333,50,row-count; full checksum query before block,65.0,48.0,17.0,0.0,0.0,973312.0,65.0,snowflake_xsmall,100000,groupby,2,6,platform_query,,,,,,,
01c6f312-0001-fe0c-0001-9ade000bf50a,104.673042,50,row-count; full checksum query before block,77.0,58.0,19.0,0.0,0.0,973312.0,77.0,snowflake_xsmall,100000,groupby,2,7,platform_query,,,,,,,
01c6f312-0001-fcf8-0001-9ade000baee2,88.078041,50,row-count; full checksum query before block,61.0,35.0,26.0,0.0,0.0,973312.0,61.0,snowflake_xsmall,100000,groupby,2,8,platform_query,,,,,,,
01c6f312-0001-fcf8-0001-9ade000baee6,83.812667,50,row-count; full checksum query before block,56.0,37.0,19.0,0.0,0.0,973312.0,56.0,snowflake_xsmall,100000,groupby,2,9,platform_query,,,,,,,
01c6f312-0001-fe0c-0001-9ade000bf50e,155.991458,50,row-count; full checksum query before block,54.0,34.0,20.0,0.0,0.0,973312.0,54.0,snowflake_xsmall,100000,groupby,2,10,platform_query,,,,,,,
01c6f312-0001-fe0c-0001-9ade000bf516,325.420875,198279,row-count; full checksum query before block,257.0,37.0,220.0,0.0,0.0,7627264.0,257.0,snowflake_xsmall,1000000,filter_project,2,6,platform_query,,,,,,,
01c6f312-0001-fcf8-0001-9ade000baeee,314.86475,198279,row-count; full checksum query before block,257.0,38.0,219.0,0.0,0.0,7627264.0,257.0,snowflake_xsmall,1000000,filter_project,2,7,platform_query,,,,,,,
01c6f312-0001-fe2b-0001-9ade000bd23e,355.53475,198279,row-count; full checksum query before block,268.0,56.0,212.0,0.0,0.0,7627264.0,268.0,snowflake_xsmall,1000000,filter_project,2,8,platform_query,,,,,,,
01c6f312-0001-fcf9-0001-9ade000be3d6,343.014916,198279,row-count; full checksum query before block,269.0,59.0,210.0,0.0,0.0,7627264.0,269.0,snowflake_xsmall,1000000,filter_project,2,9,platform_query,,,,,,,
01c6f312-0001-fcf9-0001-9ade000be3da,525.237875,198279,row-count; full checksum query before block,262.0,37.0,225.0,0.0,0.0,7627264.0,262.0,snowflake_xsmall,1000000,filter_project,2,10,platform_query,,,,,,,
01c6f312-0001-fcf8-0001-9ade000baef2,5417.455459,200,row-count; full checksum query before block,5176.0,91.0,5085.0,0.0,0.0,7635346944.0,5176.0,snowflake_xsmall,1000000000,join_groupby,2,6,platform_query,,,,,,,
01c6f312-0001-fe0c-0001-9ade000bf51a,5325.916417,200,row-count; full checksum query before block,5203.0,102.0,5101.0,0.0,0.0,7635346944.0,5203.0,snowflake_xsmall,1000000000,join_groupby,2,7,platform_query,,,,,,,
01c6f312-0001-fcf8-0001-9ade000baef6,5227.662458,200,row-count; full checksum query before block,5165.0,55.0,5110.0,0.0,0.0,7635346944.0,5165.0,snowflake_xsmall,1000000000,join_groupby,2,8,platform_query,,,,,,,
01c6f312-0001-fcf8-0001-9ade000baefa,5229.459375,200,row-count; full checksum query before block,5098.0,64.0,5034.0,0.0,0.0,7635346944.0,5098.0,snowflake_xsmall,1000000000,join_groupby,2,9,platform_query,,,,,,,
01c6f312-0001-fe0c-0001-9ade000bf51e,5210.343209,200,row-count; full checksum query before block,5139.0,61.0,5078.0,0.0,0.0,7635346944.0,5139.0,snowflake_xsmall,1000000000,join_groupby,2,10,platform_query,,,,,,,
01c6f312-0001-fe0c-0001-9ade000bf526,362.310458,1980090,row-count; full checksum query before block,303.0,42.0,261.0,0.0,0.0,76683776.0,303.0,snowflake_xsmall,10000000,filter_project,2,6,platform_query,,,,,,,
01c6f312-0001-fcf8-0001-9ade000baf02,440.439666,1980090,row-count; full checksum query before block,303.0,52.0,251.0,0.0,0.0,76683776.0,303.0,snowflake_xsmall,10000000,filter_project,2,7,platform_query,,,,,,,
01c6f312-0001-fcf9-0001-9ade000be3e2,357.063541,1980090,row-count; full checksum query before block,279.0,58.0,221.0,0.0,0.0,76683776.0,279.0,snowflake_xsmall,10000000,filter_project,2,8,platform_query,,,,,,,
01c6f312-0001-fe0c-0001-9ade000bf52a,401.831667,1980090,row-count; full checksum query before block,296.0,38.0,258.0,0.0,0.0,76683776.0,296.0,snowflake_xsmall,10000000,filter_project,2,9,platform_query,,,,,,,
01c6f312-0001-fcf8-0001-9ade000baf06,340.041583,1980090,row-count; full checksum query before block,278.0,36.0,242.0,0.0,0.0,76683776.0,278.0,snowflake_xsmall,10000000,filter_project,2,10,platform_query,,,,,,,
01c6f312-0001-fcf9-0001-9ade000be3e6,743.962583,10000000,row-count; full checksum query before block,599.0,37.0,562.0,0.0,0.0,76683776.0,599.0,snowflake_xsmall,10000000,clean_derive,2,6,platform_query,,,,,,,
01c6f312-0001-fe2b-0001-9ade000bd24e,823.561666,10000000,row-count; full checksum query before block,628.0,51.0,577.0,0.0,0.0,76683776.0,628.0,snowflake_xsmall,10000000,clean_derive,2,7,platform_query,,,,,,,
01c6f312-0001-fe0c-0001-9ade000bf53a,727.412083,10000000,row-count; full checksum query before block,657.0,39.0,618.0,0.0,0.0,76683776.0,657.0,snowflake_xsmall,10000000,clean_derive,2,8,platform_query,,,,,,,
01c6f312-0001-fcf9-0001-9ade000be3ea,660.186083,10000000,row-count; full checksum query before block,589.0,36.0,553.0,0.0,0.0,76683776.0,589.0,snowflake_xsmall,10000000,clean_derive,2,9,platform_query,,,,,,,
01c6f313-0001-fe0c-0001-9ade000bf53e,691.5605,10000000,row-count; full checksum query before block,622.0,33.0,589.0,0.0,0.0,76683776.0,622.0,snowflake_xsmall,10000000,clean_derive,2,10,platform_query,,,,,,,
01c6f313-0001-fe2b-0001-9ade000bd252,140.834834,50,row-count; full checksum query before block,112.0,33.0,79.0,0.0,0.0,76683776.0,112.0,snowflake_xsmall,10000000,groupby,2,6,platform_query,,,,,,,
01c6f313-0001-fcf8-0001-9ade000baf0a,190.3825,50,row-count; full checksum query before block,102.0,37.0,65.0,0.0,0.0,76683776.0,102.0,snowflake_xsmall,10000000,groupby,2,7,platform_query,,,,,,,
01c6f313-0001-fe0c-0001-9ade000bf546,119.230459,50,row-count; full checksum query before block,93.0,39.0,54.0,0.0,0.0,76683776.0,93.0,snowflake_xsmall,10000000,groupby,2,8,platform_query,,,,,,,
01c6f313-0001-fe0c-0001-9ade000bf54a,161.873334,50,row-count; full checksum query before block,87.0,30.0,57.0,0.0,0.0,76683776.0,87.0,snowflake_xsmall,10000000,groupby,2,9,platform_query,,,,,,,
01c6f313-0001-fcf9-0001-9ade000be3f6,122.019708,50,row-count; full checksum query before block,98.0,48.0,50.0,0.0,0.0,76683776.0,98.0,snowflake_xsmall,10000000,groupby,2,10,platform_query,,,,,,,
01c6f313-0001-fcf8-0001-9ade000baf12,6643.110625,197996556,row-count; full checksum query before block,6483.0,43.0,6440.0,0.0,0.0,7635108352.0,6483.0,snowflake_xsmall,1000000000,filter_project,2,6,platform_query,,,,,,,
01c6f313-0001-fe2b-0001-9ade000bd256,6666.686875,197996556,row-count; full checksum query before block,6518.0,48.0,6470.0,0.0,0.0,7635108352.0,6518.0,snowflake_xsmall,1000000000,filter_project,2,7,platform_query,,,,,,,
01c6f313-0001-fe0c-0001-9ade000bf54e,6645.976042,197996556,row-count; full checksum query before block,6489.0,58.0,6431.0,0.0,0.0,7635108352.0,6489.0,snowflake_xsmall,1000000000,filter_project,2,8,platform_query,,,,,,,
01c6f313-0001-fcf9-0001-9ade000be402,6657.836625,197996556,row-count; full checksum query before block,6552.0,84.0,6468.0,0.0,0.0,7635108352.0,6552.0,snowflake_xsmall,1000000000,filter_project,2,9,platform_query,,,,,,,
01c6f313-0001-fe2b-0001-9ade000bd25a,6615.488667,197996556,row-count; full checksum query before block,6537.0,49.0,6488.0,0.0,0.0,7635108352.0,6537.0,snowflake_xsmall,1000000000,filter_project,2,10,platform_query,,,,,,,
01c6f313-0001-fe0c-0001-9ade000bf55a,331.731458,100000,row-count; full checksum query before block,228.0,48.0,180.0,0.0,0.0,973312.0,228.0,snowflake_xsmall,100000,clean_derive,2,6,platform_query,,,,,,,
01c6f313-0001-fe0c-0001-9ade000bf55e,349.468958,100000,row-count; full checksum query before block,211.0,38.0,173.0,0.0,0.0,973312.0,211.0,snowflake_xsmall,100000,clean_derive,2,7,platform_query,,,,,,,
01c6f313-0001-fcf8-0001-9ade000baf16,312.638625,100000,row-count; full checksum query before block,194.0,32.0,162.0,0.0,0.0,973312.0,194.0,snowflake_xsmall,100000,clean_derive,2,8,platform_query,,,,,,,
01c6f313-0001-fcf8-0001-9ade000baf1a,293.69125,100000,row-count; full checksum query before block,234.0,65.0,169.0,0.0,0.0,973312.0,234.0,snowflake_xsmall,100000,clean_derive,2,9,platform_query,,,,,,,
01c6f313-0001-fe0c-0001-9ade000bf562,308.286334,100000,row-count; full checksum query before block,248.0,37.0,211.0,0.0,0.0,973312.0,248.0,snowflake_xsmall,100000,clean_derive,2,10,platform_query,,,,,,,
01c6f313-0001-fe0c-0001-9ade000bf566,738.374583,200,row-count; full checksum query before block,699.0,59.0,640.0,0.0,0.0,779455488.0,699.0,snowflake_xsmall,100000000,join_groupby,2,6,platform_query,,,,,,,
01c6f313-0001-fcf8-0001-9ade000baf22,781.556833,200,row-count; full checksum query before block,714.0,42.0,672.0,0.0,0.0,779455488.0,714.0,snowflake_xsmall,100000000,join_groupby,2,7,platform_query,,,,,,,
01c6f313-0001-fe0c-0001-9ade000bf56a,723.058583,200,row-count; full checksum query before block,687.0,81.0,606.0,0.0,0.0,779455488.0,687.0,snowflake_xsmall,100000000,join_groupby,2,8,platform_query,,,,,,,
01c6f313-0001-fcf9-0001-9ade000be40e,839.677458,200,row-count; full checksum query before block,694.0,49.0,645.0,0.0,0.0,779455488.0,694.0,snowflake_xsmall,100000000,join_groupby,2,9,platform_query,,,,,,,
01c6f313-0001-fcf8-0001-9ade000baf26,713.565209,200,row-count; full checksum query before block,670.0,44.0,626.0,0.0,0.0,779455488.0,670.0,snowflake_xsmall,100000000,join_groupby,2,10,platform_query,,,,,,,
01c6f313-0001-fe2b-0001-9ade000bd262,126.325791,200,row-count; full checksum query before block,84.0,47.0,37.0,0.0,0.0,1211904.0,84.0,snowflake_xsmall,100000,join_groupby,2,6,platform_query,,,,,,,
01c6f313-0001-fcf9-0001-9ade000be41a,111.750042,200,row-count; full checksum query before block,72.0,41.0,31.0,0.0,0.0,1211904.0,72.0,snowflake_xsmall,100000,join_groupby,2,7,platform_query,,,,,,,
01c6f313-0001-fcf8-0001-9ade000baf2e,164.9495,200,row-count; full checksum query before block,75.0,41.0,34.0,0.0,0.0,1211904.0,75.0,snowflake_xsmall,100000,join_groupby,2,8,platform_query,,,,,,,
01c6f313-0001-fe0c-0001-9ade000bf56e,126.584125,200,row-count; full checksum query before block,87.0,51.0,36.0,0.0,0.0,1211904.0,87.0,snowflake_xsmall,100000,join_groupby,2,9,platform_query,,,,,,,
01c6f313-0001-fe2b-0001-9ade000bd266,157.079416,200,row-count; full checksum query before block,115.0,80.0,35.0,0.0,0.0,1211904.0,115.0,snowflake_xsmall,100000,join_groupby,2,10,platform_query,,,,,,,
01c6f314-0001-fcf8-0001-9ade000baf3a,510.247917,1000000,row-count; full checksum query before block,438.0,34.0,404.0,0.0,0.0,7627264.0,438.0,snowflake_xsmall,1000000,clean_derive,2,6,platform_query,,,,,,,
01c6f314-0001-fe0c-0001-9ade000bf572,528.192666,1000000,row-count; full checksum query before block,461.0,48.0,413.0,0.0,0.0,7627264.0,461.0,snowflake_xsmall,1000000,clean_derive,2,7,platform_query,,,,,,,
01c6f314-0001-fcf9-0001-9ade000be41e,611.690083,1000000,row-count; full checksum query before block,453.0,46.0,407.0,0.0,0.0,7627264.0,453.0,snowflake_xsmall,1000000,clean_derive,2,8,platform_query,,,,,,,
01c6f314-0001-fe2b-0001-9ade000bd26e,500.04175,1000000,row-count; full checksum query before block,432.0,33.0,399.0,0.0,0.0,7627264.0,432.0,snowflake_xsmall,1000000,clean_derive,2,9,platform_query,,,,,,,
01c6f314-0001-fe0c-0001-9ade000bf576,1136.198125,1000000,row-count; full checksum query before block,451.0,49.0,402.0,0.0,0.0,7627264.0,451.0,snowflake_xsmall,1000000,clean_derive,2,10,platform_query,,,,,,,
01c6f314-0001-fcf9-0001-9ade000be426,144.600125,50,row-count; full checksum query before block,108.0,76.0,32.0,0.0,0.0,7627264.0,108.0,snowflake_xsmall,1000000,groupby,2,6,platform_query,,,,,,,
01c6f314-0001-fe0c-0001-9ade000bf57e,102.738708,50,row-count; full checksum query before block,74.0,35.0,39.0,0.0,0.0,7627264.0,74.0,snowflake_xsmall,1000000,groupby,2,7,platform_query,,,,,,,
01c6f314-0001-fe0c-0001-9ade000bf582,183.061167,50,row-count; full checksum query before block,75.0,40.0,35.0,0.0,0.0,7627264.0,75.0,snowflake_xsmall,1000000,groupby,2,8,platform_query,,,,,,,
01c6f314-0001-fcf8-0001-9ade000baf3e,91.39975,50,row-count; full checksum query before block,65.0,33.0,32.0,0.0,0.0,7627264.0,65.0,snowflake_xsmall,1000000,groupby,2,9,platform_query,,,,,,,
01c6f314-0001-fcf9-0001-9ade000be42a,147.331917,50,row-count; full checksum query before block,86.0,55.0,31.0,0.0,0.0,7627264.0,86.0,snowflake_xsmall,1000000,groupby,2,10,platform_query,,,,,,,
01c6f314-0001-fcf9-0001-9ade000be432,746.657625,50,row-count; full checksum query before block,308.0,34.0,274.0,0.0,0.0,779216896.0,308.0,snowflake_xsmall,100000000,groupby,2,6,platform_query,,,,,,,
01c6f314-0001-fe0c-0001-9ade000bf58a,460.961792,50,row-count; full checksum query before block,375.0,46.0,329.0,0.0,0.0,779216896.0,375.0,snowflake_xsmall,100000000,groupby,2,7,platform_query,,,,,,,
01c6f314-0001-fe0c-0001-9ade000bf58e,581.299792,50,row-count; full checksum query before block,329.0,44.0,285.0,0.0,0.0,779216896.0,329.0,snowflake_xsmall,100000000,groupby,2,8,platform_query,,,,,,,
01c6f314-0001-fe0c-0001-9ade000bf592,527.828209,50,row-count; full checksum query before block,325.0,32.0,293.0,0.0,0.0,779216896.0,325.0,snowflake_xsmall,100000000,groupby,2,9,platform_query,,,,,,,
01c6f314-0001-fe0c-0001-9ade000bf596,563.97675,50,row-count; full checksum query before block,333.0,41.0,292.0,0.0,0.0,779216896.0,333.0,snowflake_xsmall,100000000,groupby,2,10,platform_query,,,,,,,
01c6f314-0001-fe0c-0001-9ade000bf59e,197.049375,200,row-count; full checksum query before block,158.0,63.0,95.0,0.0,0.0,76922368.0,158.0,snowflake_xsmall,10000000,join_groupby,2,6,platform_query,,,,,,,
01c6f314-0001-fe2b-0001-9ade000bd27e,192.608542,200,row-count; full checksum query before block,134.0,40.0,94.0,0.0,0.0,76922368.0,134.0,snowflake_xsmall,10000000,join_groupby,2,7,platform_query,,,,,,,
01c6f314-0001-fcf9-0001-9ade000be43a,213.056958,200,row-count; full checksum query before block,144.0,43.0,101.0,0.0,0.0,76922368.0,144.0,snowflake_xsmall,10000000,join_groupby,2,8,platform_query,,,,,,,
01c6f314-0001-fe0c-0001-9ade000bf5a2,179.129209,200,row-count; full checksum query before block,140.0,47.0,93.0,0.0,0.0,76922368.0,140.0,snowflake_xsmall,10000000,join_groupby,2,9,platform_query,,,,,,,
01c6f314-0001-fcf8-0001-9ade000baf42,257.664625,200,row-count; full checksum query before block,158.0,48.0,110.0,0.0,0.0,76922368.0,158.0,snowflake_xsmall,10000000,join_groupby,2,10,platform_query,,,,,,,
01c6f314-0001-fcf9-0001-9ade000be442,164.065875,200,row-count; full checksum query before block,120.0,48.0,72.0,0.0,0.0,7865856.0,120.0,snowflake_xsmall,1000000,join_groupby,2,6,platform_query,,,,,,,
01c6f314-0001-fcf8-0001-9ade000baf46,165.251459,200,row-count; full checksum query before block,120.0,46.0,74.0,0.0,0.0,7865856.0,120.0,snowflake_xsmall,1000000,join_groupby,2,7,platform_query,,,,,,,
01c6f314-0001-fcf9-0001-9ade000be446,195.145042,200,row-count; full checksum query before block,113.0,42.0,71.0,0.0,0.0,7865856.0,113.0,snowflake_xsmall,1000000,join_groupby,2,8,platform_query,,,,,,,
01c6f314-0001-fe0c-0001-9ade000bf5ae,165.11025,200,row-count; full checksum query before block,116.0,41.0,75.0,0.0,0.0,7865856.0,116.0,snowflake_xsmall,1000000,join_groupby,2,9,platform_query,,,,,,,
01c6f314-0001-fcf9-0001-9ade000be44a,175.19225,200,row-count; full checksum query before block,122.0,51.0,71.0,0.0,0.0,7865856.0,122.0,snowflake_xsmall,1000000,join_groupby,2,10,platform_query,,,,,,,
,,10000000,row-count; full checksum in block warmup,,,,,,,208.052417,duckdb,10000000,clean_derive,2,6,local_parquet_to_batches,214.28,,160000000.0,40.0,,measurement,175521792.0
,,10000000,row-count; full checksum in block warmup,,,,,,,209.141209,duckdb,10000000,clean_derive,2,7,local_parquet_to_batches,215.423,,160000000.0,40.0,,measurement,175767552.0
,,10000000,row-count; full checksum in block warmup,,,,,,,209.302792,duckdb,10000000,clean_derive,2,8,local_parquet_to_batches,215.469,,160000000.0,40.0,,measurement,175767552.0
,,10000000,row-count; full checksum in block warmup,,,,,,,216.120792,duckdb,10000000,clean_derive,2,9,local_parquet_to_batches,222.612,,160000000.0,40.0,,measurement,175783936.0
,,10000000,row-count; full checksum in block warmup,,,,,,,212.681916,duckdb,10000000,clean_derive,2,10,local_parquet_to_batches,219.267,,160000000.0,40.0,,measurement,195723264.0
,,100000,row-count; full checksum in block warmup,,,,,,,3.168917,duckdb,100000,clean_derive,2,6,local_parquet_to_batches,3.235,,1600000.0,1.0,,measurement,137576448.0
,,100000,row-count; full checksum in block warmup,,,,,,,3.003625,duckdb,100000,clean_derive,2,7,local_parquet_to_batches,3.073,,1600000.0,1.0,,measurement,137609216.0
,,100000,row-count; full checksum in block warmup,,,,,,,2.982667,duckdb,100000,clean_derive,2,8,local_parquet_to_batches,3.047,,1600000.0,1.0,,measurement,137609216.0
,,100000,row-count; full checksum in block warmup,,,,,,,2.852959,duckdb,100000,clean_derive,2,9,local_parquet_to_batches,2.917,,1600000.0,1.0,,measurement,137609216.0
,,100000,row-count; full checksum in block warmup,,,,,,,2.922417,duckdb,100000,clean_derive,2,10,local_parquet_to_batches,2.985,,1600000.0,1.0,,measurement,137609216.0
,,19886,row-count; full checksum in block warmup,,,,,,,2.495709,duckdb,100000,filter_project,2,6,local_parquet_to_batches,2.553,,477264.0,1.0,,measurement,137412608.0
,,19886,row-count; full checksum in block warmup,,,,,,,2.487875,duckdb,100000,filter_project,2,7,local_parquet_to_batches,2.543,,477264.0,1.0,,measurement,137445376.0
,,19886,row-count; full checksum in block warmup,,,,,,,2.535125,duckdb,100000,filter_project,2,8,local_parquet_to_batches,2.596,,477264.0,1.0,,measurement,137445376.0
,,19886,row-count; full checksum in block warmup,,,,,,,2.435291,duckdb,100000,filter_project,2,9,local_parquet_to_batches,2.492,,477264.0,1.0,,measurement,137461760.0
,,19886,row-count; full checksum in block warmup,,,,,,,2.460166,duckdb,100000,filter_project,2,10,local_parquet_to_batches,2.518,,477264.0,1.0,,measurement,137461760.0
,,1000000,row-count; full checksum in block warmup,,,,,,,19.554,duckdb,1000000,clean_derive,2,6,local_parquet_to_batches,23.046,,16000000.0,4.0,,measurement,163446784.0
,,1000000,row-count; full checksum in block warmup,,,,,,,20.479292,duckdb,1000000,clean_derive,2,7,local_parquet_to_batches,23.992,,16000000.0,4.0,,measurement,163643392.0
,,1000000,row-count; full checksum in block warmup,,,,,,,20.405958,duckdb,1000000,clean_derive,2,8,local_parquet_to_batches,24.048,,16000000.0,4.0,,measurement,163741696.0
,,1000000,row-count; full checksum in block warmup,,,,,,,19.629583,duckdb,1000000,clean_derive,2,9,local_parquet_to_batches,23.105,,16000000.0,4.0,,measurement,163741696.0
,,1000000,row-count; full checksum in block warmup,,,,,,,19.585042,duckdb,1000000,clean_derive,2,10,local_parquet_to_batches,23.282,,16000000.0,4.0,,measurement,165199872.0
,,50,row-count; full checksum in block warmup,,,,,,,282.834958,duckdb,100000000,groupby,2,6,local_parquet_to_batches,1087.968,,1600.0,1.0,,measurement,239239168.0
,,50,row-count; full checksum in block warmup,,,,,,,275.183,duckdb,100000000,groupby,2,7,local_parquet_to_batches,1060.417,,1600.0,1.0,,measurement,243777536.0
,,50,row-count; full checksum in block warmup,,,,,,,276.059583,duckdb,100000000,groupby,2,8,local_parquet_to_batches,1062.593,,1600.0,1.0,,measurement,250281984.0
,,50,row-count; full checksum in block warmup,,,,,,,278.95475,duckdb,100000000,groupby,2,9,local_parquet_to_batches,1073.116,,1600.0,1.0,,measurement,250281984.0
,,50,row-count; full checksum in block warmup,,,,,,,277.425917,duckdb,100000000,groupby,2,10,local_parquet_to_batches,1068.063,,1600.0,1.0,,measurement,250298368.0
,,1000000000,row-count; full checksum in block warmup,,,,,,,21914.124583,duckdb,1000000000,clean_derive,2,6,local_parquet_to_batches,22224.062,,16000000000.0,4000.0,,measurement,1404125184.0
,,1000000000,row-count; full checksum in block warmup,,,,,,,22055.425833,duckdb,1000000000,clean_derive,2,7,local_parquet_to_batches,22355.535,,16000000000.0,4000.0,,measurement,1412988928.0
,,1000000000,row-count; full checksum in block warmup,,,,,,,22101.572542,duckdb,1000000000,clean_derive,2,8,local_parquet_to_batches,22411.008,,16000000000.0,4000.0,,measurement,1413595136.0
,,1000000000,row-count; full checksum in block warmup,,,,,,,22112.672709,duckdb,1000000000,clean_derive,2,9,local_parquet_to_batches,22420.754,,16000000000.0,4000.0,,measurement,1415593984.0
,,1000000000,row-count; full checksum in block warmup,,,,,,,22169.1815,duckdb,1000000000,clean_derive,2,10,local_parquet_to_batches,22478.328,,16000000000.0,4000.0,,measurement,1415757824.0
,,1980090,row-count; full checksum in block warmup,,,,,,,136.886084,duckdb,10000000,filter_project,2,6,local_parquet_to_batches,217.006,,47522160.0,8.0,,measurement,191217664.0
,,1980090,row-count; full checksum in block warmup,,,,,,,145.692541,duckdb,10000000,filter_project,2,7,local_parquet_to_batches,225.293,,47522160.0,8.0,,measurement,194412544.0
,,1980090,row-count; full checksum in block warmup,,,,,,,141.504917,duckdb,10000000,filter_project,2,8,local_parquet_to_batches,222.081,,47522160.0,8.0,,measurement,194445312.0
,,1980090,row-count; full checksum in block warmup,,,,,,,155.429833,duckdb,10000000,filter_project,2,9,local_parquet_to_batches,237.532,,47522160.0,8.0,,measurement,204505088.0
,,1980090,row-count; full checksum in block warmup,,,,,,,141.610875,duckdb,10000000,filter_project,2,10,local_parquet_to_batches,215.198,,47522160.0,8.0,,measurement,204537856.0
,,200,row-count; full checksum in block warmup,,,,,,,4131.078833,duckdb,1000000000,join_groupby,2,6,local_parquet_to_batches,16112.534,,6400.0,1.0,,measurement,1102823424.0
,,200,row-count; full checksum in block warmup,,,,,,,4139.134708,duckdb,1000000000,join_groupby,2,7,local_parquet_to_batches,16139.861,,6400.0,1.0,,measurement,1105608704.0
,,200,row-count; full checksum in block warmup,,,,,,,4144.302334,duckdb,1000000000,join_groupby,2,8,local_parquet_to_batches,16171.519,,6400.0,1.0,,measurement,1105936384.0
,,200,row-count; full checksum in block warmup,,,,,,,4155.483583,duckdb,1000000000,join_groupby,2,9,local_parquet_to_batches,16207.225,,6400.0,1.0,,measurement,1106952192.0
,,200,row-count; full checksum in block warmup,,,,,,,4139.324542,duckdb,1000000000,join_groupby,2,10,local_parquet_to_batches,16150.499,,6400.0,1.0,,measurement,1106968576.0
,,200,row-count; full checksum in block warmup,,,,,,,4.983917,duckdb,100000,join_groupby,2,6,local_parquet_to_batches,5.147,,6400.0,1.0,,measurement,140083200.0
,,200,row-count; full checksum in block warmup,,,,,,,4.811125,duckdb,100000,join_groupby,2,7,local_parquet_to_batches,4.976,,6400.0,1.0,,measurement,140132352.0
,,200,row-count; full checksum in block warmup,,,,,,,4.921167,duckdb,100000,join_groupby,2,8,local_parquet_to_batches,5.078,,6400.0,1.0,,measurement,140132352.0
,,200,row-count; full checksum in block warmup,,,,,,,4.717291,duckdb,100000,join_groupby,2,9,local_parquet_to_batches,4.865,,6400.0,1.0,,measurement,140148736.0
,,200,row-count; full checksum in block warmup,,,,,,,4.7425,duckdb,100000,join_groupby,2,10,local_parquet_to_batches,6.59,,6400.0,1.0,,measurement,140148736.0
,,200,row-count; full checksum in block warmup,,,,,,,419.536083,duckdb,100000000,join_groupby,2,6,local_parquet_to_batches,1621.881,,6400.0,1.0,,measurement,253181952.0
,,200,row-count; full checksum in block warmup,,,,,,,412.328042,duckdb,100000000,join_groupby,2,7,local_parquet_to_batches,1599.749,,6400.0,1.0,,measurement,253362176.0
,,200,row-count; full checksum in block warmup,,,,,,,409.184291,duckdb,100000000,join_groupby,2,8,local_parquet_to_batches,1587.15,,6400.0,1.0,,measurement,257163264.0
,,200,row-count; full checksum in block warmup,,,,,,,413.856,duckdb,100000000,join_groupby,2,9,local_parquet_to_batches,1607.437,,6400.0,1.0,,measurement,263274496.0
,,200,row-count; full checksum in block warmup,,,,,,,412.503667,duckdb,100000000,join_groupby,2,10,local_parquet_to_batches,1600.22,,6400.0,1.0,,measurement,265371648.0
,,50,row-count; full checksum in block warmup,,,,,,,2799.564334,duckdb,1000000000,groupby,2,6,local_parquet_to_batches,10785.974,,1600.0,1.0,,measurement,1086455808.0
,,50,row-count; full checksum in block warmup,,,,,,,2811.003166,duckdb,1000000000,groupby,2,7,local_parquet_to_batches,10835.466,,1600.0,1.0,,measurement,1090781184.0
,,50,row-count; full checksum in block warmup,,,,,,,2875.163959,duckdb,1000000000,groupby,2,8,local_parquet_to_batches,11092.261,,1600.0,1.0,,measurement,1091125248.0
,,50,row-count; full checksum in block warmup,,,,,,,2806.298875,duckdb,1000000000,groupby,2,9,local_parquet_to_batches,10813.424,,1600.0,1.0,,measurement,1091141632.0
,,50,row-count; full checksum in block warmup,,,,,,,2806.195667,duckdb,1000000000,groupby,2,10,local_parquet_to_batches,10825.027,,1600.0,1.0,,measurement,1091141632.0
,,197996556,row-count; full checksum in block warmup,,,,,,,14766.023834,duckdb,1000000000,filter_project,2,6,local_parquet_to_batches,22862.029,,4751917344.0,792.0,,measurement,1431764992.0
,,197996556,row-count; full checksum in block warmup,,,,,,,15016.182042,duckdb,1000000000,filter_project,2,7,local_parquet_to_batches,23226.48,,4751917344.0,792.0,,measurement,1431764992.0
,,197996556,row-count; full checksum in block warmup,,,,,,,14541.54675,duckdb,1000000000,filter_project,2,8,local_parquet_to_batches,22398.289,,4751917344.0,792.0,,measurement,1431764992.0
,,197996556,row-count; full checksum in block warmup,,,,,,,14574.471292,duckdb,1000000000,filter_project,2,9,local_parquet_to_batches,22415.861,,4751917344.0,792.0,,measurement,1431764992.0
,,197996556,row-count; full checksum in block warmup,,,,,,,14480.067666,duckdb,1000000000,filter_project,2,10,local_parquet_to_batches,22483.422,,4751917344.0,792.0,,measurement,1431764992.0
,,200,row-count; full checksum in block warmup,,,,,,,8.018708,duckdb,1000000,join_groupby,2,6,local_parquet_to_batches,19.554,,6400.0,1.0,,measurement,149356544.0
,,200,row-count; full checksum in block warmup,,,,,,,7.916292,duckdb,1000000,join_groupby,2,7,local_parquet_to_batches,19.338,,6400.0,1.0,,measurement,149422080.0
,,200,row-count; full checksum in block warmup,,,,,,,8.026958,duckdb,1000000,join_groupby,2,8,local_parquet_to_batches,21.41,,6400.0,1.0,,measurement,149471232.0
,,200,row-count; full checksum in block warmup,,,,,,,7.986791,duckdb,1000000,join_groupby,2,9,local_parquet_to_batches,19.486,,6400.0,1.0,,measurement,151764992.0
,,200,row-count; full checksum in block warmup,,,,,,,8.007083,duckdb,1000000,join_groupby,2,10,local_parquet_to_batches,21.127,,6400.0,1.0,,measurement,151797760.0
,,198279,row-count; full checksum in block warmup,,,,,,,13.211875,duckdb,1000000,filter_project,2,6,local_parquet_to_batches,20.925,,4758696.0,1.0,,measurement,164872192.0
,,198279,row-count; full checksum in block warmup,,,,,,,12.734209,duckdb,1000000,filter_project,2,7,local_parquet_to_batches,22.007,,4758696.0,1.0,,measurement,165117952.0
,,198279,row-count; full checksum in block warmup,,,,,,,12.851917,duckdb,1000000,filter_project,2,8,local_parquet_to_batches,22.199,,4758696.0,1.0,,measurement,165199872.0
,,198279,row-count; full checksum in block warmup,,,,,,,12.698625,duckdb,1000000,filter_project,2,9,local_parquet_to_batches,20.189,,4758696.0,1.0,,measurement,165265408.0
,,198279,row-count; full checksum in block warmup,,,,,,,13.039084,duckdb,1000000,filter_project,2,10,local_parquet_to_batches,20.554,,4758696.0,1.0,,measurement,165265408.0
,,19798586,row-count; full checksum in block warmup,,,,,,,1436.585125,duckdb,100000000,filter_project,2,6,local_parquet_to_batches,2240.21,,475166064.0,80.0,,measurement,325369856.0
,,19798586,row-count; full checksum in block warmup,,,,,,,1435.048916,duckdb,100000000,filter_project,2,7,local_parquet_to_batches,2220.206,,475166064.0,80.0,,measurement,325632000.0
,,19798586,row-count; full checksum in block warmup,,,,,,,1427.231958,duckdb,100000000,filter_project,2,8,local_parquet_to_batches,2194.103,,475166064.0,80.0,,measurement,329875456.0
,,19798586,row-count; full checksum in block warmup,,,,,,,1422.382875,duckdb,100000000,filter_project,2,9,local_parquet_to_batches,2204.096,,475166064.0,80.0,,measurement,329908224.0
,,19798586,row-count; full checksum in block warmup,,,,,,,1428.868833,duckdb,100000000,filter_project,2,10,local_parquet_to_batches,2207.628,,475166064.0,80.0,,measurement,329924608.0
,,200,row-count; full checksum in block warmup,,,,,,,43.87075,duckdb,10000000,join_groupby,2,6,local_parquet_to_batches,161.944,,6400.0,1.0,,measurement,162349056.0
,,200,row-count; full checksum in block warmup,,,,,,,44.150208,duckdb,10000000,join_groupby,2,7,local_parquet_to_batches,163.292,,6400.0,1.0,,measurement,163446784.0
,,200,row-count; full checksum in block warmup,,,,,,,44.30175,duckdb,10000000,join_groupby,2,8,local_parquet_to_batches,165.326,,6400.0,1.0,,measurement,164216832.0
,,200,row-count; full checksum in block warmup,,,,,,,44.145917,duckdb,10000000,join_groupby,2,9,local_parquet_to_batches,164.806,,6400.0,1.0,,measurement,164216832.0
,,200,row-count; full checksum in block warmup,,,,,,,44.144791,duckdb,10000000,join_groupby,2,10,local_parquet_to_batches,165.055,,6400.0,1.0,,measurement,164233216.0
,,50,row-count; full checksum in block warmup,,,,,,,2.0715,duckdb,100000,groupby,2,6,local_parquet_to_batches,2.171,,1600.0,1.0,,measurement,133742592.0
,,50,row-count; full checksum in block warmup,,,,,,,1.906,duckdb,100000,groupby,2,7,local_parquet_to_batches,1.997,,1600.0,1.0,,measurement,134791168.0
,,50,row-count; full checksum in block warmup,,,,,,,1.826458,duckdb,100000,groupby,2,8,local_parquet_to_batches,1.907,,1600.0,1.0,,measurement,134791168.0
,,50,row-count; full checksum in block warmup,,,,,,,1.825334,duckdb,100000,groupby,2,9,local_parquet_to_batches,1.905,,1600.0,1.0,,measurement,134791168.0
,,50,row-count; full checksum in block warmup,,,,,,,1.873,duckdb,100000,groupby,2,10,local_parquet_to_batches,1.958,,1600.0,1.0,,measurement,134791168.0
,,50,row-count; full checksum in block warmup,,,,,,,4.348292,duckdb,1000000,groupby,2,6,local_parquet_to_batches,12.04,,1600.0,1.0,,measurement,139821056.0
,,50,row-count; full checksum in block warmup,,,,,,,4.258625,duckdb,1000000,groupby,2,7,local_parquet_to_batches,11.97,,1600.0,1.0,,measurement,139902976.0
,,50,row-count; full checksum in block warmup,,,,,,,4.180166,duckdb,1000000,groupby,2,8,local_parquet_to_batches,11.923,,1600.0,1.0,,measurement,139902976.0
,,50,row-count; full checksum in block warmup,,,,,,,4.284792,duckdb,1000000,groupby,2,9,local_parquet_to_batches,11.93,,1600.0,1.0,,measurement,139952128.0
,,50,row-count; full checksum in block warmup,,,,,,,4.269375,duckdb,1000000,groupby,2,10,local_parquet_to_batches,12.281,,1600.0,1.0,,measurement,140967936.0
,,100000000,row-count; full checksum in block warmup,,,,,,,2216.829167,duckdb,100000000,clean_derive,2,6,local_parquet_to_batches,2251.31,,1600000000.0,400.0,,measurement,304726016.0
,,100000000,row-count; full checksum in block warmup,,,,,,,2219.719708,duckdb,100000000,clean_derive,2,7,local_parquet_to_batches,2253.847,,1600000000.0,400.0,,measurement,305053696.0
,,100000000,row-count; full checksum in block warmup,,,,,,,2221.756583,duckdb,100000000,clean_derive,2,8,local_parquet_to_batches,2257.014,,1600000000.0,400.0,,measurement,305102848.0
,,100000000,row-count; full checksum in block warmup,,,,,,,2206.778792,duckdb,100000000,clean_derive,2,9,local_parquet_to_batches,2240.537,,1600000000.0,400.0,,measurement,305102848.0
,,100000000,row-count; full checksum in block warmup,,,,,,,2201.000167,duckdb,100000000,clean_derive,2,10,local_parquet_to_batches,2234.687,,1600000000.0,400.0,,measurement,305119232.0
,,50,row-count; full checksum in block warmup,,,,,,,28.777666,duckdb,10000000,groupby,2,6,local_parquet_to_batches,108.201,,1600.0,1.0,,measurement,150831104.0
,,50,row-count; full checksum in block warmup,,,,,,,28.71975,duckdb,10000000,groupby,2,7,local_parquet_to_batches,107.763,,1600.0,1.0,,measurement,150913024.0
,,50,row-count; full checksum in block warmup,,,,,,,29.162083,duckdb,10000000,groupby,2,8,local_parquet_to_batches,109.854,,1600.0,1.0,,measurement,152829952.0
,,50,row-count; full checksum in block warmup,,,,,,,29.281709,duckdb,10000000,groupby,2,9,local_parquet_to_batches,110.195,,1600.0,1.0,,measurement,152862720.0
,,50,row-count; full checksum in block warmup,,,,,,,28.35225,duckdb,10000000,groupby,2,10,local_parquet_to_batches,106.413,,1600.0,1.0,,measurement,152862720.0
01c6f319-0001-fcf9-0001-9ade000be456,446.420292,198279,row-count; full checksum query before block,306.0,87.0,219.0,0.0,0.0,7627264.0,306.0,snowflake_medium,1000000,filter_project,2,6,platform_query,,,,,,,
01c6f319-0001-fcf8-0001-9ade000baf4e,323.980625,198279,row-count; full checksum query before block,253.0,40.0,213.0,0.0,0.0,7627264.0,253.0,snowflake_medium,1000000,filter_project,2,7,platform_query,,,,,,,
01c6f319-0001-fe0c-0001-9ade000bf5ba,322.802584,198279,row-count; full checksum query before block,267.0,49.0,218.0,0.0,0.0,7627264.0,267.0,snowflake_medium,1000000,filter_project,2,8,platform_query,,,,,,,
01c6f319-0001-fe2b-0001-9ade000bd286,442.251542,198279,row-count; full checksum query before block,337.0,119.0,218.0,0.0,0.0,7627264.0,337.0,snowflake_medium,1000000,filter_project,2,9,platform_query,,,,,,,
01c6f319-0001-fe2b-0001-9ade000bd28a,314.446292,198279,row-count; full checksum query before block,249.0,37.0,212.0,0.0,0.0,7627264.0,249.0,snowflake_medium,1000000,filter_project,2,10,platform_query,,,,,,,
01c6f319-0001-fe0c-0001-9ade000bf5c2,97.466833,50,row-count; full checksum query before block,74.0,34.0,40.0,0.0,0.0,7627264.0,74.0,snowflake_medium,1000000,groupby,2,6,platform_query,,,,,,,
01c6f319-0001-fcf9-0001-9ade000be45e,109.278291,50,row-count; full checksum query before block,66.0,34.0,32.0,0.0,0.0,7627264.0,66.0,snowflake_medium,1000000,groupby,2,7,platform_query,,,,,,,
01c6f319-0001-fcf9-0001-9ade000be462,220.714667,50,row-count; full checksum query before block,126.0,92.0,34.0,0.0,0.0,7627264.0,126.0,snowflake_medium,1000000,groupby,2,8,platform_query,,,,,,,
01c6f319-0001-fcf8-0001-9ade000baf52,90.086,50,row-count; full checksum query before block,68.0,35.0,33.0,0.0,0.0,7627264.0,68.0,snowflake_medium,1000000,groupby,2,9,platform_query,,,,,,,
01c6f319-0001-fcf8-0001-9ade000baf56,85.798,50,row-count; full checksum query before block,66.0,34.0,32.0,0.0,0.0,7627264.0,66.0,snowflake_medium,1000000,groupby,2,10,platform_query,,,,,,,
01c6f319-0001-fe0c-0001-9ade000bf5ca,448.601083,200,row-count; full checksum query before block,332.0,239.0,93.0,0.0,0.0,141875712.0,332.0,snowflake_medium,10000000,join_groupby,2,6,platform_query,,,,,,,
01c6f319-0001-fe2b-0001-9ade000bd292,400.791916,200,row-count; full checksum query before block,334.0,234.0,100.0,0.0,0.0,151830528.0,334.0,snowflake_medium,10000000,join_groupby,2,7,platform_query,,,,,,,
01c6f319-0001-fcf9-0001-9ade000be46a,204.004042,200,row-count; full checksum query before block,126.0,51.0,75.0,0.0,0.0,146853376.0,126.0,snowflake_medium,10000000,join_groupby,2,8,platform_query,,,,,,,
01c6f319-0001-fcf8-0001-9ade000baf5e,179.940625,200,row-count; full checksum query before block,121.0,45.0,76.0,0.0,0.0,151830528.0,121.0,snowflake_medium,10000000,join_groupby,2,9,platform_query,,,,,,,
01c6f319-0001-fcf9-0001-9ade000be46e,161.297709,200,row-count; full checksum query before block,121.0,46.0,75.0,0.0,0.0,141875200.0,121.0,snowflake_medium,10000000,join_groupby,2,10,platform_query,,,,,,,
01c6f319-0001-fe2b-0001-9ade000bd29a,1575.30725,100000000,row-count; full checksum query before block,1460.0,38.0,1422.0,0.0,0.0,3116867584.0,1460.0,snowflake_medium,100000000,clean_derive,2,6,platform_query,,,,,,,
01c6f319-0001-fe2b-0001-9ade000bd29e,1577.970084,100000000,row-count; full checksum query before block,1494.0,47.0,1447.0,0.0,0.0,3116867584.0,1494.0,snowflake_medium,100000000,clean_derive,2,7,platform_query,,,,,,,
01c6f319-0001-fe2b-0001-9ade000bd2a2,1565.117667,100000000,row-count; full checksum query before block,1405.0,45.0,1360.0,0.0,0.0,3116867584.0,1405.0,snowflake_medium,100000000,clean_derive,2,8,platform_query,,,,,,,
01c6f319-0001-fe0c-0001-9ade000bf5d2,1645.618416,100000000,row-count; full checksum query before block,1411.0,43.0,1368.0,0.0,0.0,3116867584.0,1411.0,snowflake_medium,100000000,clean_derive,2,9,platform_query,,,,,,,
01c6f31a-0001-fe2b-0001-9ade000bd2a6,1597.879083,100000000,row-count; full checksum query before block,1509.0,39.0,1470.0,0.0,0.0,3116867584.0,1509.0,snowflake_medium,100000000,clean_derive,2,10,platform_query,,,,,,,
01c6f31a-0001-fe2b-0001-9ade000bd2ae,567.659708,10000000,row-count; full checksum query before block,479.0,39.0,440.0,0.0,0.0,151591936.0,479.0,snowflake_medium,10000000,clean_derive,2,6,platform_query,,,,,,,
01c6f31a-0001-fe0c-0001-9ade000bf5d6,552.898375,10000000,row-count; full checksum query before block,471.0,42.0,429.0,0.0,0.0,151591936.0,471.0,snowflake_medium,10000000,clean_derive,2,7,platform_query,,,,,,,
01c6f31a-0001-fe2b-0001-9ade000bd2b2,558.388792,10000000,row-count; full checksum query before block,491.0,39.0,452.0,0.0,0.0,151591936.0,491.0,snowflake_medium,10000000,clean_derive,2,8,platform_query,,,,,,,
01c6f31a-0001-fe0c-0001-9ade000bf5da,525.898292,10000000,row-count; full checksum query before block,446.0,49.0,397.0,0.0,0.0,151591936.0,446.0,snowflake_medium,10000000,clean_derive,2,9,platform_query,,,,,,,
01c6f31a-0001-fe2b-0001-9ade000bd2b6,512.06775,10000000,row-count; full checksum query before block,431.0,38.0,393.0,0.0,0.0,151591936.0,431.0,snowflake_medium,10000000,clean_derive,2,10,platform_query,,,,,,,
01c6f31a-0001-fcf8-0001-9ade000baf6e,182.744625,200,row-count; full checksum query before block,144.0,56.0,88.0,0.0,0.0,7865856.0,144.0,snowflake_medium,1000000,join_groupby,2,6,platform_query,,,,,,,
01c6f31a-0001-fcf8-0001-9ade000baf72,173.212792,200,row-count; full checksum query before block,135.0,48.0,87.0,0.0,0.0,7865856.0,135.0,snowflake_medium,1000000,join_groupby,2,7,platform_query,,,,,,,
01c6f31a-0001-fe2b-0001-9ade000bd2be,198.824375,200,row-count; full checksum query before block,155.0,63.0,92.0,0.0,0.0,7865856.0,155.0,snowflake_medium,1000000,join_groupby,2,8,platform_query,,,,,,,
01c6f31a-0001-fe2b-0001-9ade000bd2c2,182.448083,200,row-count; full checksum query before block,143.0,52.0,91.0,0.0,0.0,7865856.0,143.0,snowflake_medium,1000000,join_groupby,2,9,platform_query,,,,,,,
01c6f31a-0001-fe2b-0001-9ade000bd2c6,175.967083,200,row-count; full checksum query before block,138.0,51.0,87.0,0.0,0.0,7865856.0,138.0,snowflake_medium,1000000,join_groupby,2,10,platform_query,,,,,,,
01c6f31a-0001-fe2b-0001-9ade000bd2ca,154.781791,200,row-count; full checksum query before block,107.0,55.0,52.0,0.0,0.0,1211904.0,107.0,snowflake_medium,100000,join_groupby,2,6,platform_query,,,,,,,
01c6f31a-0001-fe0c-0001-9ade000bf5e6,174.971708,200,row-count; full checksum query before block,108.0,59.0,49.0,0.0,0.0,1211904.0,108.0,snowflake_medium,100000,join_groupby,2,7,platform_query,,,,,,,
01c6f31a-0001-fcf9-0001-9ade000be47a,155.649459,200,row-count; full checksum query before block,93.0,46.0,47.0,0.0,0.0,1211904.0,93.0,snowflake_medium,100000,join_groupby,2,8,platform_query,,,,,,,
01c6f31a-0001-fe2b-0001-9ade000bd2ce,168.489292,200,row-count; full checksum query before block,108.0,56.0,52.0,0.0,0.0,1211904.0,108.0,snowflake_medium,100000,join_groupby,2,9,platform_query,,,,,,,
01c6f31a-0001-fe0c-0001-9ade000bf5ea,197.938709,200,row-count; full checksum query before block,95.0,45.0,50.0,0.0,0.0,1211904.0,95.0,snowflake_medium,100000,join_groupby,2,10,platform_query,,,,,,,
01c6f31a-0001-fe2b-0001-9ade000bd2d2,2250.760417,197996556,row-count; full checksum query before block,2132.0,62.0,2070.0,0.0,0.0,7635108352.0,2132.0,snowflake_medium,1000000000,filter_project,2,6,platform_query,,,,,,,
01c6f31a-0001-fe2b-0001-9ade000bd2d6,2299.348292,197996556,row-count; full checksum query before block,2138.0,72.0,2066.0,0.0,0.0,7635108352.0,2138.0,snowflake_medium,1000000000,filter_project,2,7,platform_query,,,,,,,
01c6f31a-0001-fcf8-0001-9ade000baf7e,2153.406042,197996556,row-count; full checksum query before block,2061.0,36.0,2025.0,0.0,0.0,7635108352.0,2061.0,snowflake_medium,1000000000,filter_project,2,8,platform_query,,,,,,,
01c6f31a-0001-fe2b-0001-9ade000bd2da,2147.625208,197996556,row-count; full checksum query before block,2050.0,57.0,1993.0,0.0,0.0,7635108352.0,2050.0,snowflake_medium,1000000000,filter_project,2,9,platform_query,,,,,,,
01c6f31a-0001-fe0c-0001-9ade000bf5ee,2344.86975,197996556,row-count; full checksum query before block,2236.0,49.0,2187.0,0.0,0.0,7635108352.0,2236.0,snowflake_medium,1000000000,filter_project,2,10,platform_query,,,,,,,
01c6f31a-0001-fcf9-0001-9ade000be48a,105.912375,50,row-count; full checksum query before block,79.0,35.0,44.0,0.0,0.0,151591936.0,79.0,snowflake_medium,10000000,groupby,2,6,platform_query,,,,,,,
01c6f31a-0001-fe0c-0001-9ade000bf5f6,118.427541,50,row-count; full checksum query before block,89.0,44.0,45.0,0.0,0.0,151591936.0,89.0,snowflake_medium,10000000,groupby,2,7,platform_query,,,,,,,
01c6f31a-0001-fcf8-0001-9ade000baf86,104.199292,50,row-count; full checksum query before block,79.0,35.0,44.0,0.0,0.0,151591936.0,79.0,snowflake_medium,10000000,groupby,2,8,platform_query,,,,,,,
01c6f31a-0001-fe2b-0001-9ade000bd2de,167.210709,50,row-count; full checksum query before block,86.0,38.0,48.0,0.0,0.0,151591936.0,86.0,snowflake_medium,10000000,groupby,2,9,platform_query,,,,,,,
01c6f31a-0001-fcf9-0001-9ade000be48e,107.036416,50,row-count; full checksum query before block,82.0,41.0,41.0,0.0,0.0,151591936.0,82.0,snowflake_medium,10000000,groupby,2,10,platform_query,,,,,,,
01c6f31a-0001-fe2b-0001-9ade000bd2e2,461.889375,1980090,row-count; full checksum query before block,305.0,42.0,263.0,0.0,0.0,151591936.0,305.0,snowflake_medium,10000000,filter_project,2,6,platform_query,,,,,,,
01c6f31a-0001-fe0c-0001-9ade000bf5fe,346.518792,1980090,row-count; full checksum query before block,271.0,33.0,238.0,0.0,0.0,151591936.0,271.0,snowflake_medium,10000000,filter_project,2,7,platform_query,,,,,,,
01c6f31a-0001-fe2b-0001-9ade000bd2e6,364.967625,1980090,row-count; full checksum query before block,299.0,52.0,247.0,0.0,0.0,146614272.0,299.0,snowflake_medium,10000000,filter_project,2,8,platform_query,,,,,,,
01c6f31a-0001-fcf8-0001-9ade000baf92,370.693875,1980090,row-count; full checksum query before block,304.0,47.0,257.0,0.0,0.0,151591936.0,304.0,snowflake_medium,10000000,filter_project,2,9,platform_query,,,,,,,
01c6f31a-0001-fcf9-0001-9ade000be492,491.327541,1980090,row-count; full checksum query before block,320.0,66.0,254.0,0.0,0.0,151591936.0,320.0,snowflake_medium,10000000,filter_project,2,10,platform_query,,,,,,,
01c6f31a-0001-fe2b-0001-9ade000bd2ea,220.275166,50,row-count; full checksum query before block,170.0,44.0,126.0,0.0,0.0,3116867584.0,170.0,snowflake_medium,100000000,groupby,2,6,platform_query,,,,,,,
01c6f31a-0001-fe2b-0001-9ade000bd2ee,256.152625,50,row-count; full checksum query before block,178.0,42.0,136.0,0.0,0.0,3116867584.0,178.0,snowflake_medium,100000000,groupby,2,7,platform_query,,,,,,,
01c6f31a-0001-fcf9-0001-9ade000be49a,269.518375,50,row-count; full checksum query before block,171.0,50.0,121.0,0.0,0.0,3116867584.0,171.0,snowflake_medium,100000000,groupby,2,8,platform_query,,,,,,,
01c6f31a-0001-fe0c-0001-9ade000bf602,183.806291,50,row-count; full checksum query before block,155.0,42.0,113.0,0.0,0.0,3116867584.0,155.0,snowflake_medium,100000000,groupby,2,9,platform_query,,,,,,,
01c6f31a-0001-fcf8-0001-9ade000baf9e,180.267167,50,row-count; full checksum query before block,156.0,33.0,123.0,0.0,0.0,3116867584.0,156.0,snowflake_medium,100000000,groupby,2,10,platform_query,,,,,,,
01c6f31a-0001-fe0c-0001-9ade000bf60a,717.55075,50,row-count; full checksum query before block,671.0,40.0,631.0,0.0,0.0,7635108352.0,671.0,snowflake_medium,1000000000,groupby,2,6,platform_query,,,,,,,
01c6f31a-0001-fe0c-0001-9ade000bf60e,818.0585,50,row-count; full checksum query before block,769.0,41.0,728.0,0.0,0.0,7635108352.0,769.0,snowflake_medium,1000000000,groupby,2,7,platform_query,,,,,,,
01c6f31a-0001-fcf9-0001-9ade000be4a2,821.399084,50,row-count; full checksum query before block,740.0,44.0,696.0,0.0,0.0,7635108352.0,740.0,snowflake_medium,1000000000,groupby,2,8,platform_query,,,,,,,
01c6f31a-0001-fe2b-0001-9ade000bd2f6,922.592292,50,row-count; full checksum query before block,720.0,44.0,676.0,0.0,0.0,7635108352.0,720.0,snowflake_medium,1000000000,groupby,2,9,platform_query,,,,,,,
01c6f31a-0001-fe0c-0001-9ade000bf612,727.673333,50,row-count; full checksum query before block,703.0,40.0,663.0,0.0,0.0,7635108352.0,703.0,snowflake_medium,1000000000,groupby,2,10,platform_query,,,,,,,
01c6f31a-0001-fcf8-0001-9ade000bafa2,272.977291,100000,row-count; full checksum query before block,205.0,30.0,175.0,0.0,0.0,973312.0,205.0,snowflake_medium,100000,clean_derive,2,6,platform_query,,,,,,,
01c6f31a-0001-fcf8-0001-9ade000bafa6,244.821083,100000,row-count; full checksum query before block,192.0,30.0,162.0,0.0,0.0,973312.0,192.0,snowflake_medium,100000,clean_derive,2,7,platform_query,,,,,,,
01c6f31a-0001-fcf8-0001-9ade000bafaa,281.377083,100000,row-count; full checksum query before block,199.0,32.0,167.0,0.0,0.0,973312.0,199.0,snowflake_medium,100000,clean_derive,2,8,platform_query,,,,,,,
01c6f31a-0001-fe2b-0001-9ade000bd2fa,254.850125,100000,row-count; full checksum query before block,191.0,39.0,152.0,0.0,0.0,973312.0,191.0,snowflake_medium,100000,clean_derive,2,9,platform_query,,,,,,,
01c6f31a-0001-fcf9-0001-9ade000be4ae,338.706,100000,row-count; full checksum query before block,281.0,35.0,246.0,0.0,0.0,973312.0,281.0,snowflake_medium,100000,clean_derive,2,10,platform_query,,,,,,,
01c6f31a-0001-fcf9-0001-9ade000be4b2,1599.515375,200,row-count; full checksum query before block,1555.0,70.0,1485.0,0.0,0.0,7635346944.0,1555.0,snowflake_medium,1000000000,join_groupby,2,6,platform_query,,,,,,,
01c6f31a-0001-fe0c-0001-9ade000bf61e,1531.872917,200,row-count; full checksum query before block,1491.0,75.0,1416.0,0.0,0.0,7635346944.0,1491.0,snowflake_medium,1000000000,join_groupby,2,7,platform_query,,,,,,,
01c6f31a-0001-fe2b-0001-9ade000bd302,1637.235333,200,row-count; full checksum query before block,1587.0,90.0,1497.0,0.0,0.0,7635346944.0,1587.0,snowflake_medium,1000000000,join_groupby,2,8,platform_query,,,,,,,
01c6f31a-0001-fe0c-0001-9ade000bf622,1650.17,200,row-count; full checksum query before block,1566.0,56.0,1510.0,0.0,0.0,7635346944.0,1566.0,snowflake_medium,1000000000,join_groupby,2,9,platform_query,,,,,,,
01c6f31a-0001-fe2b-0001-9ade000bd306,1749.879,200,row-count; full checksum query before block,1702.0,58.0,1644.0,0.0,0.0,7635346944.0,1702.0,snowflake_medium,1000000000,join_groupby,2,10,platform_query,,,,,,,
01c6f31b-0001-fcf8-0001-9ade000bafb2,551.463708,200,row-count; full checksum query before block,283.0,63.0,220.0,0.0,0.0,2923581952.0,283.0,snowflake_medium,100000000,join_groupby,2,6,platform_query,,,,,,,
01c6f31b-0001-fcf9-0001-9ade000be4ba,471.200125,200,row-count; full checksum query before block,318.0,80.0,238.0,0.0,0.0,3117106176.0,318.0,snowflake_medium,100000000,join_groupby,2,7,platform_query,,,,,,,
01c6f31b-0001-fcf9-0001-9ade000be4be,341.219292,200,row-count; full checksum query before block,281.0,69.0,212.0,0.0,0.0,2921780736.0,281.0,snowflake_medium,100000000,join_groupby,2,8,platform_query,,,,,,,
01c6f31b-0001-fe2b-0001-9ade000bd30e,330.761792,200,row-count; full checksum query before block,284.0,59.0,225.0,0.0,0.0,2996972159.0,284.0,snowflake_medium,100000000,join_groupby,2,9,platform_query,,,,,,,
01c6f31b-0001-fcf9-0001-9ade000be4c2,360.63275,200,row-count; full checksum query before block,272.0,52.0,220.0,0.0,0.0,2931608576.0,272.0,snowflake_medium,100000000,join_groupby,2,10,platform_query,,,,,,,
01c6f31b-0001-fcf9-0001-9ade000be4ca,277.1775,19886,row-count; full checksum query before block,131.0,31.0,100.0,0.0,0.0,973312.0,131.0,snowflake_medium,100000,filter_project,2,6,platform_query,,,,,,,
01c6f31b-0001-fe0c-0001-9ade000bf62e,350.214291,19886,row-count; full checksum query before block,214.0,100.0,114.0,0.0,0.0,973312.0,214.0,snowflake_medium,100000,filter_project,2,7,platform_query,,,,,,,
01c6f31b-0001-fe2b-0001-9ade000bd312,223.609833,19886,row-count; full checksum query before block,149.0,36.0,113.0,0.0,0.0,973312.0,149.0,snowflake_medium,100000,filter_project,2,8,platform_query,,,,,,,
01c6f31b-0001-fe0c-0001-9ade000bf632,290.896625,19886,row-count; full checksum query before block,181.0,44.0,137.0,0.0,0.0,973312.0,181.0,snowflake_medium,100000,filter_project,2,9,platform_query,,,,,,,
01c6f31b-0001-fe0c-0001-9ade000bf636,204.843667,19886,row-count; full checksum query before block,139.0,41.0,98.0,0.0,0.0,973312.0,139.0,snowflake_medium,100000,filter_project,2,10,platform_query,,,,,,,
01c6f31b-0001-fe0c-0001-9ade000bf63e,93.22575,50,row-count; full checksum query before block,65.0,45.0,20.0,0.0,0.0,973312.0,65.0,snowflake_medium,100000,groupby,2,6,platform_query,,,,,,,
01c6f31b-0001-fe2b-0001-9ade000bd31a,123.35825,50,row-count; full checksum query before block,62.0,43.0,19.0,0.0,0.0,973312.0,62.0,snowflake_medium,100000,groupby,2,7,platform_query,,,,,,,
01c6f31b-0001-fcf8-0001-9ade000bafba,98.573458,50,row-count; full checksum query before block,66.0,45.0,21.0,0.0,0.0,973312.0,66.0,snowflake_medium,100000,groupby,2,8,platform_query,,,,,,,
01c6f31b-0001-fe2b-0001-9ade000bd31e,85.105166,50,row-count; full checksum query before block,59.0,40.0,19.0,0.0,0.0,973312.0,59.0,snowflake_medium,100000,groupby,2,9,platform_query,,,,,,,
01c6f31b-0001-fe0c-0001-9ade000bf642,110.704167,50,row-count; full checksum query before block,68.0,49.0,19.0,0.0,0.0,973312.0,68.0,snowflake_medium,100000,groupby,2,10,platform_query,,,,,,,
01c6f31b-0001-fe0c-0001-9ade000bf64e,661.963959,19798586,row-count; full checksum query before block,524.0,47.0,477.0,0.0,0.0,3032292352.0,524.0,snowflake_medium,100000000,filter_project,2,6,platform_query,,,,,,,
01c6f31b-0001-fcf9-0001-9ade000be4d6,609.972,19798586,row-count; full checksum query before block,478.0,36.0,442.0,0.0,0.0,2985091584.0,478.0,snowflake_medium,100000000,filter_project,2,7,platform_query,,,,,,,
01c6f31b-0001-fcf8-0001-9ade000bafbe,925.932542,19798586,row-count; full checksum query before block,544.0,55.0,489.0,0.0,0.0,3035948544.0,544.0,snowflake_medium,100000000,filter_project,2,8,platform_query,,,,,,,
01c6f31b-0001-fe0c-0001-9ade000bf652,972.748083,19798586,row-count; full checksum query before block,478.0,48.0,430.0,0.0,0.0,3082384384.0,478.0,snowflake_medium,100000000,filter_project,2,9,platform_query,,,,,,,
01c6f31b-0001-fe0c-0001-9ade000bf656,689.2485,19798586,row-count; full checksum query before block,530.0,41.0,489.0,0.0,0.0,3015962112.0,530.0,snowflake_medium,100000000,filter_project,2,10,platform_query,,,,,,,
01c6f31b-0001-fcf8-0001-9ade000bafc6,583.066833,1000000,row-count; full checksum query before block,468.0,36.0,432.0,0.0,0.0,7627264.0,468.0,snowflake_medium,1000000,clean_derive,2,6,platform_query,,,,,,,
01c6f31b-0001-fe2b-0001-9ade000bd326,532.960875,1000000,row-count; full checksum query before block,448.0,48.0,400.0,0.0,0.0,7627264.0,448.0,snowflake_medium,1000000,clean_derive,2,7,platform_query,,,,,,,
01c6f31b-0001-fe0c-0001-9ade000bf65a,542.884083,1000000,row-count; full checksum query before block,436.0,43.0,393.0,0.0,0.0,7627264.0,436.0,snowflake_medium,1000000,clean_derive,2,8,platform_query,,,,,,,
01c6f31b-0001-fcf8-0001-9ade000bafca,488.03375,1000000,row-count; full checksum query before block,429.0,34.0,395.0,0.0,0.0,7627264.0,429.0,snowflake_medium,1000000,clean_derive,2,9,platform_query,,,,,,,
01c6f31b-0001-fcf8-0001-9ade000bafce,512.9785,1000000,row-count; full checksum query before block,423.0,31.0,392.0,0.0,0.0,7627264.0,423.0,snowflake_medium,1000000,clean_derive,2,10,platform_query,,,,,,,
01c6f31b-0001-fe2b-0001-9ade000bd32e,10083.332917,1000000000,row-count; full checksum query before block,9911.0,53.0,9858.0,0.0,0.0,7635108352.0,9911.0,snowflake_medium,1000000000,clean_derive,2,6,platform_query,,,,,,,
01c6f31b-0001-fe2b-0001-9ade000bd332,10094.013417,1000000000,row-count; full checksum query before block,9871.0,49.0,9822.0,0.0,0.0,7635108352.0,9871.0,snowflake_medium,1000000000,clean_derive,2,7,platform_query,,,,,,,
01c6f31b-0001-fcf8-0001-9ade000bafd6,10255.519,1000000000,row-count; full checksum query before block,10080.0,60.0,10020.0,0.0,0.0,7635108352.0,10080.0,snowflake_medium,1000000000,clean_derive,2,8,platform_query,,,,,,,
01c6f31c-0001-fcf8-0001-9ade000bafda,10201.237791,1000000000,row-count; full checksum query before block,10088.0,55.0,10033.0,0.0,0.0,7635108352.0,10088.0,snowflake_medium,1000000000,clean_derive,2,9,platform_query,,,,,,,
01c6f31c-0001-fe0c-0001-9ade000bf65e,10167.908708,1000000000,row-count; full checksum query before block,10022.0,70.0,9952.0,0.0,0.0,7635108352.0,10022.0,snowflake_medium,1000000000,clean_derive,2,10,platform_query,,,,,,,
,,200,row-count; full checksum in block warmup,,,,,,,411.785166,duckdb,100000000,join_groupby,3,11,local_parquet_to_batches,1597.357,,6400.0,1.0,,measurement,251478016.0
,,200,row-count; full checksum in block warmup,,,,,,,407.1605,duckdb,100000000,join_groupby,3,12,local_parquet_to_batches,1579.15,,6400.0,1.0,,measurement,252706816.0
,,200,row-count; full checksum in block warmup,,,,,,,403.122875,duckdb,100000000,join_groupby,3,13,local_parquet_to_batches,1566.928,,6400.0,1.0,,measurement,265207808.0
,,200,row-count; full checksum in block warmup,,,,,,,400.086125,duckdb,100000000,join_groupby,3,14,local_parquet_to_batches,1555.06,,6400.0,1.0,,measurement,265224192.0
,,200,row-count; full checksum in block warmup,,,,,,,407.740333,duckdb,100000000,join_groupby,3,15,local_parquet_to_batches,1585.85,,6400.0,1.0,,measurement,265240576.0
,,19798586,row-count; full checksum in block warmup,,,,,,,1386.941875,duckdb,100000000,filter_project,3,11,local_parquet_to_batches,2133.853,,475166064.0,80.0,,measurement,316325888.0
,,19798586,row-count; full checksum in block warmup,,,,,,,1368.3885,duckdb,100000000,filter_project,3,12,local_parquet_to_batches,2131.759,,475166064.0,80.0,,measurement,329695232.0
,,19798586,row-count; full checksum in block warmup,,,,,,,1364.016583,duckdb,100000000,filter_project,3,13,local_parquet_to_batches,2125.976,,475166064.0,80.0,,measurement,329908224.0
,,19798586,row-count; full checksum in block warmup,,,,,,,1490.979416,duckdb,100000000,filter_project,3,14,local_parquet_to_batches,2328.127,,475166064.0,80.0,,measurement,331055104.0
,,19798586,row-count; full checksum in block warmup,,,,,,,1363.805959,duckdb,100000000,filter_project,3,15,local_parquet_to_batches,2163.075,,475166064.0,80.0,,measurement,331087872.0
,,200,row-count; full checksum in block warmup,,,,,,,8.090458,duckdb,1000000,join_groupby,3,11,local_parquet_to_batches,20.265,,6400.0,1.0,,measurement,152223744.0
,,200,row-count; full checksum in block warmup,,,,,,,7.803291,duckdb,1000000,join_groupby,3,12,local_parquet_to_batches,20.757,,6400.0,1.0,,measurement,152584192.0
,,200,row-count; full checksum in block warmup,,,,,,,7.658791,duckdb,1000000,join_groupby,3,13,local_parquet_to_batches,20.475,,6400.0,1.0,,measurement,152584192.0
,,200,row-count; full checksum in block warmup,,,,,,,7.568958,duckdb,1000000,join_groupby,3,14,local_parquet_to_batches,18.839,,6400.0,1.0,,measurement,152584192.0
,,200,row-count; full checksum in block warmup,,,,,,,7.657291,duckdb,1000000,join_groupby,3,15,local_parquet_to_batches,19.034,,6400.0,1.0,,measurement,153108480.0
,,198279,row-count; full checksum in block warmup,,,,,,,12.460917,duckdb,1000000,filter_project,3,11,local_parquet_to_batches,20.195,,4758696.0,1.0,,measurement,164380672.0
,,198279,row-count; full checksum in block warmup,,,,,,,12.383541,duckdb,1000000,filter_project,3,12,local_parquet_to_batches,19.866,,4758696.0,1.0,,measurement,164429824.0
,,198279,row-count; full checksum in block warmup,,,,,,,12.402416,duckdb,1000000,filter_project,3,13,local_parquet_to_batches,19.899,,4758696.0,1.0,,measurement,165003264.0
,,198279,row-count; full checksum in block warmup,,,,,,,12.5675,duckdb,1000000,filter_project,3,14,local_parquet_to_batches,21.803,,4758696.0,1.0,,measurement,167641088.0
,,198279,row-count; full checksum in block warmup,,,,,,,12.436042,duckdb,1000000,filter_project,3,15,local_parquet_to_batches,21.385,,4758696.0,1.0,,measurement,167690240.0
,,100000000,row-count; full checksum in block warmup,,,,,,,2161.046084,duckdb,100000000,clean_derive,3,11,local_parquet_to_batches,2194.608,,1600000000.0,400.0,,measurement,304742400.0
,,100000000,row-count; full checksum in block warmup,,,,,,,2137.513125,duckdb,100000000,clean_derive,3,12,local_parquet_to_batches,2170.842,,1600000000.0,400.0,,measurement,305004544.0
,,100000000,row-count; full checksum in block warmup,,,,,,,2158.518708,duckdb,100000000,clean_derive,3,13,local_parquet_to_batches,2193.439,,1600000000.0,400.0,,measurement,305348608.0
,,100000000,row-count; full checksum in block warmup,,,,,,,2214.58975,duckdb,100000000,clean_derive,3,14,local_parquet_to_batches,2248.478,,1600000000.0,400.0,,measurement,305709056.0
,,100000000,row-count; full checksum in block warmup,,,,,,,2242.907416,duckdb,100000000,clean_derive,3,15,local_parquet_to_batches,2276.745,,1600000000.0,400.0,,measurement,305758208.0
,,200,row-count; full checksum in block warmup,,,,,,,4095.378083,duckdb,1000000000,join_groupby,3,11,local_parquet_to_batches,15971.456,,6400.0,1.0,,measurement,1098121216.0
,,200,row-count; full checksum in block warmup,,,,,,,4093.140167,duckdb,1000000000,join_groupby,3,12,local_parquet_to_batches,15967.338,,6400.0,1.0,,measurement,1098563584.0
,,200,row-count; full checksum in block warmup,,,,,,,4092.662833,duckdb,1000000000,join_groupby,3,13,local_parquet_to_batches,15968.269,,6400.0,1.0,,measurement,1106477056.0
,,200,row-count; full checksum in block warmup,,,,,,,4122.2015,duckdb,1000000000,join_groupby,3,14,local_parquet_to_batches,16052.071,,6400.0,1.0,,measurement,1109360640.0
,,200,row-count; full checksum in block warmup,,,,,,,4112.768042,duckdb,1000000000,join_groupby,3,15,local_parquet_to_batches,16056.229,,6400.0,1.0,,measurement,1109360640.0
,,1000000,row-count; full checksum in block warmup,,,,,,,20.770875,duckdb,1000000,clean_derive,3,11,local_parquet_to_batches,24.285,,16000000.0,4.0,,measurement,163807232.0
,,1000000,row-count; full checksum in block warmup,,,,,,,20.648916,duckdb,1000000,clean_derive,3,12,local_parquet_to_batches,24.096,,16000000.0,4.0,,measurement,163921920.0
,,1000000,row-count; full checksum in block warmup,,,,,,,20.775541,duckdb,1000000,clean_derive,3,13,local_parquet_to_batches,24.211,,16000000.0,4.0,,measurement,164036608.0
,,1000000,row-count; full checksum in block warmup,,,,,,,21.124541,duckdb,1000000,clean_derive,3,14,local_parquet_to_batches,24.638,,16000000.0,4.0,,measurement,164102144.0
,,1000000,row-count; full checksum in block warmup,,,,,,,20.5035,duckdb,1000000,clean_derive,3,15,local_parquet_to_batches,23.913,,16000000.0,4.0,,measurement,164102144.0
,,1980090,row-count; full checksum in block warmup,,,,,,,140.743083,duckdb,10000000,filter_project,3,11,local_parquet_to_batches,224.881,,47522160.0,8.0,,measurement,187056128.0
,,1980090,row-count; full checksum in block warmup,,,,,,,142.320125,duckdb,10000000,filter_project,3,12,local_parquet_to_batches,217.852,,47522160.0,8.0,,measurement,187170816.0
,,1980090,row-count; full checksum in block warmup,,,,,,,141.836,duckdb,10000000,filter_project,3,13,local_parquet_to_batches,220.744,,47522160.0,8.0,,measurement,187301888.0
,,1980090,row-count; full checksum in block warmup,,,,,,,150.631916,duckdb,10000000,filter_project,3,14,local_parquet_to_batches,230.464,,47522160.0,8.0,,measurement,198033408.0
,,1980090,row-count; full checksum in block warmup,,,,,,,149.972375,duckdb,10000000,filter_project,3,15,local_parquet_to_batches,226.56,,47522160.0,8.0,,measurement,200982528.0
,,50,row-count; full checksum in block warmup,,,,,,,4.657792,duckdb,1000000,groupby,3,11,local_parquet_to_batches,13.772,,1600.0,1.0,,measurement,140591104.0
,,50,row-count; full checksum in block warmup,,,,,,,4.433,duckdb,1000000,groupby,3,12,local_parquet_to_batches,12.407,,1600.0,1.0,,measurement,140820480.0
,,50,row-count; full checksum in block warmup,,,,,,,4.535625,duckdb,1000000,groupby,3,13,local_parquet_to_batches,13.066,,1600.0,1.0,,measurement,142327808.0
,,50,row-count; full checksum in block warmup,,,,,,,4.474541,duckdb,1000000,groupby,3,14,local_parquet_to_batches,12.332,,1600.0,1.0,,measurement,142491648.0
,,50,row-count; full checksum in block warmup,,,,,,,4.32575,duckdb,1000000,groupby,3,15,local_parquet_to_batches,12.076,,1600.0,1.0,,measurement,142540800.0
,,10000000,row-count; full checksum in block warmup,,,,,,,223.786292,duckdb,10000000,clean_derive,3,11,local_parquet_to_batches,230.209,,160000000.0,40.0,,measurement,174587904.0
,,10000000,row-count; full checksum in block warmup,,,,,,,225.605875,duckdb,10000000,clean_derive,3,12,local_parquet_to_batches,231.644,,160000000.0,40.0,,measurement,178814976.0
,,10000000,row-count; full checksum in block warmup,,,,,,,233.727875,duckdb,10000000,clean_derive,3,13,local_parquet_to_batches,240.946,,160000000.0,40.0,,measurement,187269120.0
,,10000000,row-count; full checksum in block warmup,,,,,,,222.261708,duckdb,10000000,clean_derive,3,14,local_parquet_to_batches,228.534,,160000000.0,40.0,,measurement,187269120.0
,,10000000,row-count; full checksum in block warmup,,,,,,,219.754208,duckdb,10000000,clean_derive,3,15,local_parquet_to_batches,225.989,,160000000.0,40.0,,measurement,187269120.0
,,200,row-count; full checksum in block warmup,,,,,,,4.866625,duckdb,100000,join_groupby,3,11,local_parquet_to_batches,5.464,,6400.0,1.0,,measurement,140722176.0
,,200,row-count; full checksum in block warmup,,,,,,,4.740166,duckdb,100000,join_groupby,3,12,local_parquet_to_batches,4.908,,6400.0,1.0,,measurement,140771328.0
,,200,row-count; full checksum in block warmup,,,,,,,4.563667,duckdb,100000,join_groupby,3,13,local_parquet_to_batches,4.712,,6400.0,1.0,,measurement,140771328.0
,,200,row-count; full checksum in block warmup,,,,,,,4.432125,duckdb,100000,join_groupby,3,14,local_parquet_to_batches,6.225,,6400.0,1.0,,measurement,140771328.0
,,200,row-count; full checksum in block warmup,,,,,,,4.533917,duckdb,100000,join_groupby,3,15,local_parquet_to_batches,4.674,,6400.0,1.0,,measurement,140771328.0
,,200,row-count; full checksum in block warmup,,,,,,,45.861375,duckdb,10000000,join_groupby,3,11,local_parquet_to_batches,168.7,,6400.0,1.0,,measurement,165576704.0
,,200,row-count; full checksum in block warmup,,,,,,,45.331709,duckdb,10000000,join_groupby,3,12,local_parquet_to_batches,167.325,,6400.0,1.0,,measurement,170852352.0
,,200,row-count; full checksum in block warmup,,,,,,,46.058125,duckdb,10000000,join_groupby,3,13,local_parquet_to_batches,169.972,,6400.0,1.0,,measurement,170885120.0
,,200,row-count; full checksum in block warmup,,,,,,,46.242208,duckdb,10000000,join_groupby,3,14,local_parquet_to_batches,169.777,,6400.0,1.0,,measurement,170901504.0
,,200,row-count; full checksum in block warmup,,,,,,,44.351459,duckdb,10000000,join_groupby,3,15,local_parquet_to_batches,165.646,,6400.0,1.0,,measurement,170917888.0
,,19886,row-count; full checksum in block warmup,,,,,,,2.524291,duckdb,100000,filter_project,3,11,local_parquet_to_batches,2.579,,477264.0,1.0,,measurement,137330688.0
,,19886,row-count; full checksum in block warmup,,,,,,,2.429416,duckdb,100000,filter_project,3,12,local_parquet_to_batches,2.486,,477264.0,1.0,,measurement,137363456.0
,,19886,row-count; full checksum in block warmup,,,,,,,2.474458,duckdb,100000,filter_project,3,13,local_parquet_to_batches,2.53,,477264.0,1.0,,measurement,137379840.0
,,19886,row-count; full checksum in block warmup,,,,,,,2.497583,duckdb,100000,filter_project,3,14,local_parquet_to_batches,2.557,,477264.0,1.0,,measurement,137379840.0
,,19886,row-count; full checksum in block warmup,,,,,,,2.40275,duckdb,100000,filter_project,3,15,local_parquet_to_batches,2.461,,477264.0,1.0,,measurement,137379840.0
,,50,row-count; full checksum in block warmup,,,,,,,28.413208,duckdb,10000000,groupby,3,11,local_parquet_to_batches,106.184,,1600.0,1.0,,measurement,149798912.0
,,50,row-count; full checksum in block warmup,,,,,,,31.157416,duckdb,10000000,groupby,3,12,local_parquet_to_batches,116.659,,1600.0,1.0,,measurement,153010176.0
,,50,row-count; full checksum in block warmup,,,,,,,30.816375,duckdb,10000000,groupby,3,13,local_parquet_to_batches,115.251,,1600.0,1.0,,measurement,153124864.0
,,50,row-count; full checksum in block warmup,,,,,,,29.233667,duckdb,10000000,groupby,3,14,local_parquet_to_batches,110.019,,1600.0,1.0,,measurement,153157632.0
,,50,row-count; full checksum in block warmup,,,,,,,28.938083,duckdb,10000000,groupby,3,15,local_parquet_to_batches,108.501,,1600.0,1.0,,measurement,153174016.0
,,100000,row-count; full checksum in block warmup,,,,,,,3.084833,duckdb,100000,clean_derive,3,11,local_parquet_to_batches,3.148,,1600000.0,1.0,,measurement,137527296.0
,,100000,row-count; full checksum in block warmup,,,,,,,3.04325,duckdb,100000,clean_derive,3,12,local_parquet_to_batches,3.106,,1600000.0,1.0,,measurement,137560064.0
,,100000,row-count; full checksum in block warmup,,,,,,,3.00975,duckdb,100000,clean_derive,3,13,local_parquet_to_batches,3.067,,1600000.0,1.0,,measurement,137560064.0
,,100000,row-count; full checksum in block warmup,,,,,,,2.969083,duckdb,100000,clean_derive,3,14,local_parquet_to_batches,3.037,,1600000.0,1.0,,measurement,137560064.0
,,100000,row-count; full checksum in block warmup,,,,,,,2.905833,duckdb,100000,clean_derive,3,15,local_parquet_to_batches,2.97,,1600000.0,1.0,,measurement,137560064.0
,,50,row-count; full checksum in block warmup,,,,,,,1.897875,duckdb,100000,groupby,3,11,local_parquet_to_batches,1.985,,1600.0,1.0,,measurement,132562944.0
,,50,row-count; full checksum in block warmup,,,,,,,1.873792,duckdb,100000,groupby,3,12,local_parquet_to_batches,1.962,,1600.0,1.0,,measurement,132595712.0
,,50,row-count; full checksum in block warmup,,,,,,,1.915541,duckdb,100000,groupby,3,13,local_parquet_to_batches,2.007,,1600.0,1.0,,measurement,132595712.0
,,50,row-count; full checksum in block warmup,,,,,,,1.761375,duckdb,100000,groupby,3,14,local_parquet_to_batches,1.846,,1600.0,1.0,,measurement,132595712.0
,,50,row-count; full checksum in block warmup,,,,,,,1.72275,duckdb,100000,groupby,3,15,local_parquet_to_batches,1.807,,1600.0,1.0,,measurement,132595712.0
,,50,row-count; full checksum in block warmup,,,,,,,273.008167,duckdb,100000000,groupby,3,11,local_parquet_to_batches,1050.68,,1600.0,1.0,,measurement,240156672.0
,,50,row-count; full checksum in block warmup,,,,,,,273.356084,duckdb,100000000,groupby,3,12,local_parquet_to_batches,1051.97,,1600.0,1.0,,measurement,243941376.0
,,50,row-count; full checksum in block warmup,,,,,,,271.809083,duckdb,100000000,groupby,3,13,local_parquet_to_batches,1046.465,,1600.0,1.0,,measurement,250511360.0
,,50,row-count; full checksum in block warmup,,,,,,,273.289125,duckdb,100000000,groupby,3,14,local_parquet_to_batches,1051.913,,1600.0,1.0,,measurement,250658816.0
,,50,row-count; full checksum in block warmup,,,,,,,271.29775,duckdb,100000000,groupby,3,15,local_parquet_to_batches,1044.752,,1600.0,1.0,,measurement,250675200.0
,,1000000000,row-count; full checksum in block warmup,,,,,,,22534.14775,duckdb,1000000000,clean_derive,3,11,local_parquet_to_batches,22856.651,,16000000000.0,4000.0,,measurement,1406386176.0
,,1000000000,row-count; full checksum in block warmup,,,,,,,22591.455459,duckdb,1000000000,clean_derive,3,12,local_parquet_to_batches,22903.451,,16000000000.0,4000.0,,measurement,1406386176.0
,,1000000000,row-count; full checksum in block warmup,,,,,,,22559.793833,duckdb,1000000000,clean_derive,3,13,local_parquet_to_batches,22876.705,,16000000000.0,4000.0,,measurement,1407025152.0
,,1000000000,row-count; full checksum in block warmup,,,,,,,22437.537875,duckdb,1000000000,clean_derive,3,14,local_parquet_to_batches,22750.305,,16000000000.0,4000.0,,measurement,1409024000.0
,,1000000000,row-count; full checksum in block warmup,,,,,,,22586.402291,duckdb,1000000000,clean_derive,3,15,local_parquet_to_batches,22905.565,,16000000000.0,4000.0,,measurement,1409204224.0
,,197996556,row-count; full checksum in block warmup,,,,,,,14462.011958,duckdb,1000000000,filter_project,3,11,local_parquet_to_batches,22395.908,,4751917344.0,792.0,,measurement,1426096128.0
,,197996556,row-count; full checksum in block warmup,,,,,,,14585.707375,duckdb,1000000000,filter_project,3,12,local_parquet_to_batches,22592.396,,4751917344.0,792.0,,measurement,1426882560.0
,,197996556,row-count; full checksum in block warmup,,,,,,,14587.330333,duckdb,1000000000,filter_project,3,13,local_parquet_to_batches,22598.915,,4751917344.0,792.0,,measurement,1428373504.0
,,197996556,row-count; full checksum in block warmup,,,,,,,14629.571291,duckdb,1000000000,filter_project,3,14,local_parquet_to_batches,22630.525,,4751917344.0,792.0,,measurement,1428455424.0
,,197996556,row-count; full checksum in block warmup,,,,,,,14466.976916,duckdb,1000000000,filter_project,3,15,local_parquet_to_batches,22439.999,,4751917344.0,792.0,,measurement,1428537344.0
,,50,row-count; full checksum in block warmup,,,,,,,2809.5345,duckdb,1000000000,groupby,3,11,local_parquet_to_batches,10813.778,,1600.0,1.0,,measurement,1086308352.0
,,50,row-count; full checksum in block warmup,,,,,,,2796.479709,duckdb,1000000000,groupby,3,12,local_parquet_to_batches,10761.777,,1600.0,1.0,,measurement,1087700992.0
,,50,row-count; full checksum in block warmup,,,,,,,2797.337959,duckdb,1000000000,groupby,3,13,local_parquet_to_batches,10793.174,,1600.0,1.0,,measurement,1090355200.0
,,50,row-count; full checksum in block warmup,,,,,,,2773.875959,duckdb,1000000000,groupby,3,14,local_parquet_to_batches,10691.343,,1600.0,1.0,,measurement,1090404352.0
,,50,row-count; full checksum in block warmup,,,,,,,2809.146417,duckdb,1000000000,groupby,3,15,local_parquet_to_batches,10808.717,,1600.0,1.0,,measurement,1091469312.0
01c6f321-0001-fcf8-0001-9ade000bafe6,203.263791,200,row-count; full checksum query before block,159.0,110.0,49.0,0.0,0.0,1211904.0,159.0,snowflake_medium,100000,join_groupby,3,11,platform_query,,,,,,,
01c6f321-0001-fcf9-0001-9ade000be4ee,200.882416,200,row-count; full checksum query before block,158.0,112.0,46.0,0.0,0.0,1211904.0,158.0,snowflake_medium,100000,join_groupby,3,12,platform_query,,,,,,,
01c6f321-0001-fe0c-0001-9ade000bf67a,137.742375,200,row-count; full checksum query before block,97.0,48.0,49.0,0.0,0.0,1211904.0,97.0,snowflake_medium,100000,join_groupby,3,13,platform_query,,,,,,,
01c6f321-0001-fcf8-0001-9ade000bafea,135.287458,200,row-count; full checksum query before block,101.0,51.0,50.0,0.0,0.0,1211904.0,101.0,snowflake_medium,100000,join_groupby,3,14,platform_query,,,,,,,
01c6f321-0001-fcf8-0001-9ade000bafee,146.089083,200,row-count; full checksum query before block,93.0,44.0,49.0,0.0,0.0,1211904.0,93.0,snowflake_medium,100000,join_groupby,3,15,platform_query,,,,,,,
01c6f321-0001-fe0c-0001-9ade000bf682,787.384834,10000000,row-count; full checksum query before block,702.0,240.0,462.0,0.0,0.0,151591936.0,702.0,snowflake_medium,10000000,clean_derive,3,11,platform_query,,,,,,,
01c6f321-0001-fcf9-0001-9ade000be4f6,562.253416,10000000,row-count; full checksum query before block,482.0,36.0,446.0,0.0,0.0,151591936.0,482.0,snowflake_medium,10000000,clean_derive,3,12,platform_query,,,,,,,
01c6f321-0001-fe0c-0001-9ade000bf686,520.357084,10000000,row-count; full checksum query before block,450.0,38.0,412.0,0.0,0.0,151591936.0,450.0,snowflake_medium,10000000,clean_derive,3,13,platform_query,,,,,,,
01c6f321-0001-fcf9-0001-9ade000be4fa,519.883833,10000000,row-count; full checksum query before block,450.0,38.0,412.0,0.0,0.0,151591936.0,450.0,snowflake_medium,10000000,clean_derive,3,14,platform_query,,,,,,,
01c6f321-0001-fcf8-0001-9ade000baff6,538.847375,10000000,row-count; full checksum query before block,466.0,35.0,431.0,0.0,0.0,151591936.0,466.0,snowflake_medium,10000000,clean_derive,3,15,platform_query,,,,,,,
01c6f321-0001-fe0c-0001-9ade000bf68a,140.294542,50,row-count; full checksum query before block,75.0,54.0,21.0,0.0,0.0,973312.0,75.0,snowflake_medium,100000,groupby,3,11,platform_query,,,,,,,
01c6f321-0001-fcf8-0001-9ade000baffa,85.228541,50,row-count; full checksum query before block,54.0,35.0,19.0,0.0,0.0,973312.0,54.0,snowflake_medium,100000,groupby,3,12,platform_query,,,,,,,
01c6f321-0001-fcf9-0001-9ade000be506,81.733208,50,row-count; full checksum query before block,51.0,34.0,17.0,0.0,0.0,973312.0,51.0,snowflake_medium,100000,groupby,3,13,platform_query,,,,,,,
01c6f321-0001-fcf8-0001-9ade000baffe,83.311583,50,row-count; full checksum query before block,50.0,33.0,17.0,0.0,0.0,973312.0,50.0,snowflake_medium,100000,groupby,3,14,platform_query,,,,,,,
01c6f321-0001-fcf8-0001-9ade000bb002,81.688667,50,row-count; full checksum query before block,55.0,38.0,17.0,0.0,0.0,973312.0,55.0,snowflake_medium,100000,groupby,3,15,platform_query,,,,,,,
01c6f321-0001-fe0c-0001-9ade000bf692,541.288625,1000000,row-count; full checksum query before block,485.0,36.0,449.0,0.0,0.0,7627264.0,485.0,snowflake_medium,1000000,clean_derive,3,11,platform_query,,,,,,,
01c6f321-0001-fe2b-0001-9ade000bd34e,891.897708,1000000,row-count; full checksum query before block,444.0,44.0,400.0,0.0,0.0,7627264.0,444.0,snowflake_medium,1000000,clean_derive,3,12,platform_query,,,,,,,
01c6f321-0001-fe2b-0001-9ade000bd352,565.494125,1000000,row-count; full checksum query before block,454.0,53.0,401.0,0.0,0.0,7627264.0,454.0,snowflake_medium,1000000,clean_derive,3,13,platform_query,,,,,,,
01c6f321-0001-fe2b-0001-9ade000bd356,508.264209,1000000,row-count; full checksum query before block,445.0,37.0,408.0,0.0,0.0,7627264.0,445.0,snowflake_medium,1000000,clean_derive,3,14,platform_query,,,,,,,
01c6f321-0001-fe2b-0001-9ade000bd35a,500.495041,1000000,row-count; full checksum query before block,438.0,40.0,398.0,0.0,0.0,7627264.0,438.0,snowflake_medium,1000000,clean_derive,3,15,platform_query,,,,,,,
01c6f322-0001-fcf8-0001-9ade000c0006,2273.305542,197996556,row-count; full checksum query before block,2098.0,53.0,2045.0,0.0,0.0,7635108352.0,2098.0,snowflake_medium,1000000000,filter_project,3,11,platform_query,,,,,,,
01c6f322-0001-fcf9-0001-9ade000be512,2223.077542,197996556,row-count; full checksum query before block,2120.0,41.0,2079.0,0.0,0.0,7635108352.0,2120.0,snowflake_medium,1000000000,filter_project,3,12,platform_query,,,,,,,
01c6f322-0001-fcf8-0001-9ade000c000a,2233.6365,197996556,row-count; full checksum query before block,2126.0,75.0,2051.0,0.0,0.0,7635108352.0,2126.0,snowflake_medium,1000000000,filter_project,3,13,platform_query,,,,,,,
01c6f322-0001-fe2b-0001-9ade000bd366,2231.35675,197996556,row-count; full checksum query before block,2138.0,48.0,2090.0,0.0,0.0,7635108352.0,2138.0,snowflake_medium,1000000000,filter_project,3,14,platform_query,,,,,,,
01c6f322-0001-fcf9-0001-9ade000be516,2223.316916,197996556,row-count; full checksum query before block,2061.0,36.0,2025.0,0.0,0.0,7635108352.0,2061.0,snowflake_medium,1000000000,filter_project,3,15,platform_query,,,,,,,
01c6f322-0001-fe2b-0001-9ade000bd36a,364.933625,200,row-count; full checksum query before block,302.0,67.0,235.0,0.0,0.0,3103471104.0,302.0,snowflake_medium,100000000,join_groupby,3,11,platform_query,,,,,,,
01c6f322-0001-fe0c-0001-9ade000bf69a,340.509417,200,row-count; full checksum query before block,299.0,66.0,233.0,0.0,0.0,3072651776.0,299.0,snowflake_medium,100000000,join_groupby,3,12,platform_query,,,,,,,
01c6f322-0001-fe2b-0001-9ade000bd36e,349.843708,200,row-count; full checksum query before block,297.0,50.0,247.0,0.0,0.0,3115237888.0,297.0,snowflake_medium,100000000,join_groupby,3,13,platform_query,,,,,,,
01c6f322-0001-fe0c-0001-9ade000bf69e,320.727167,200,row-count; full checksum query before block,274.0,57.0,217.0,0.0,0.0,3005301760.0,274.0,snowflake_medium,100000000,join_groupby,3,14,platform_query,,,,,,,
01c6f322-0001-fcf9-0001-9ade000be51a,327.691458,200,row-count; full checksum query before block,276.0,58.0,218.0,0.0,0.0,2858808063.0,276.0,snowflake_medium,100000000,join_groupby,3,15,platform_query,,,,,,,
01c6f322-0001-fe0c-0001-9ade000bf6a6,394.821083,100000,row-count; full checksum query before block,287.0,40.0,247.0,0.0,0.0,973312.0,287.0,snowflake_medium,100000,clean_derive,3,11,platform_query,,,,,,,
01c6f322-0001-fe2b-0001-9ade000bd376,391.786666,100000,row-count; full checksum query before block,275.0,33.0,242.0,0.0,0.0,973312.0,275.0,snowflake_medium,100000,clean_derive,3,12,platform_query,,,,,,,
01c6f322-0001-fe0c-0001-9ade000bf6aa,428.829459,100000,row-count; full checksum query before block,276.0,31.0,245.0,0.0,0.0,973312.0,276.0,snowflake_medium,100000,clean_derive,3,13,platform_query,,,,,,,
01c6f322-0001-fe0c-0001-9ade000bf6ae,408.836042,100000,row-count; full checksum query before block,274.0,31.0,243.0,0.0,0.0,973312.0,274.0,snowflake_medium,100000,clean_derive,3,14,platform_query,,,,,,,
01c6f322-0001-fe0c-0001-9ade000bf6b2,406.849542,100000,row-count; full checksum query before block,312.0,31.0,281.0,0.0,0.0,973312.0,312.0,snowflake_medium,100000,clean_derive,3,15,platform_query,,,,,,,
01c6f322-0001-fcf9-0001-9ade000be522,255.992459,200,row-count; full checksum query before block,123.0,47.0,76.0,0.0,0.0,146853376.0,123.0,snowflake_medium,10000000,join_groupby,3,11,platform_query,,,,,,,
01c6f322-0001-fe2b-0001-9ade000bd37e,205.702209,200,row-count; full checksum query before block,166.0,66.0,100.0,0.0,0.0,151830528.0,166.0,snowflake_medium,10000000,join_groupby,3,12,platform_query,,,,,,,
01c6f322-0001-fe0c-0001-9ade000bf6b6,187.275,200,row-count; full checksum query before block,151.0,58.0,93.0,0.0,0.0,146852864.0,151.0,snowflake_medium,10000000,join_groupby,3,13,platform_query,,,,,,,
01c6f322-0001-fcf8-0001-9ade000c001e,255.419458,200,row-count; full checksum query before block,129.0,47.0,82.0,0.0,0.0,146852864.0,129.0,snowflake_medium,10000000,join_groupby,3,14,platform_query,,,,,,,
01c6f322-0001-fcf8-0001-9ade000c0022,170.359708,200,row-count; full checksum query before block,131.0,45.0,86.0,0.0,0.0,151830528.0,131.0,snowflake_medium,10000000,join_groupby,3,15,platform_query,,,,,,,
01c6f322-0001-fe0c-0001-9ade000bf6ba,265.438458,200,row-count; full checksum query before block,146.0,54.0,92.0,0.0,0.0,7865856.0,146.0,snowflake_medium,1000000,join_groupby,3,11,platform_query,,,,,,,
01c6f322-0001-fcf8-0001-9ade000c002a,182.173666,200,row-count; full checksum query before block,145.0,55.0,90.0,0.0,0.0,7865856.0,145.0,snowflake_medium,1000000,join_groupby,3,12,platform_query,,,,,,,
01c6f322-0001-fe2b-0001-9ade000bd38a,178.557708,200,row-count; full checksum query before block,141.0,46.0,95.0,0.0,0.0,7865856.0,141.0,snowflake_medium,1000000,join_groupby,3,13,platform_query,,,,,,,
01c6f322-0001-fcf9-0001-9ade000be526,183.575791,200,row-count; full checksum query before block,136.0,50.0,86.0,0.0,0.0,7865856.0,136.0,snowflake_medium,1000000,join_groupby,3,14,platform_query,,,,,,,
01c6f322-0001-fcf8-0001-9ade000c002e,175.557333,200,row-count; full checksum query before block,136.0,46.0,90.0,0.0,0.0,7865856.0,136.0,snowflake_medium,1000000,join_groupby,3,15,platform_query,,,,,,,
01c6f322-0001-fcf9-0001-9ade000be52e,9981.634667,1000000000,row-count; full checksum query before block,9866.0,61.0,9805.0,0.0,0.0,7635108352.0,9866.0,snowflake_medium,1000000000,clean_derive,3,11,platform_query,,,,,,,
01c6f322-0001-fcf8-0001-9ade000c0036,10277.6105,1000000000,row-count; full checksum query before block,10144.0,59.0,10085.0,0.0,0.0,7635108352.0,10144.0,snowflake_medium,1000000000,clean_derive,3,12,platform_query,,,,,,,
01c6f323-0001-fcf9-0001-9ade000be536,10503.161625,1000000000,row-count; full checksum query before block,10357.0,55.0,10302.0,0.0,0.0,7635108352.0,10357.0,snowflake_medium,1000000000,clean_derive,3,13,platform_query,,,,,,,
01c6f323-0001-fcf8-0001-9ade000c003a,10116.443959,1000000000,row-count; full checksum query before block,9898.0,65.0,9833.0,0.0,0.0,7635108352.0,9898.0,snowflake_medium,1000000000,clean_derive,3,14,platform_query,,,,,,,
01c6f323-0001-fe0c-0001-9ade000bf6c6,10016.563708,1000000000,row-count; full checksum query before block,9875.0,62.0,9813.0,0.0,0.0,7635108352.0,9875.0,snowflake_medium,1000000000,clean_derive,3,15,platform_query,,,,,,,
01c6f323-0001-fe0c-0001-9ade000bf6ce,211.8275,19886,row-count; full checksum query before block,145.0,42.0,103.0,0.0,0.0,973312.0,145.0,snowflake_medium,100000,filter_project,3,11,platform_query,,,,,,,
01c6f323-0001-fcf8-0001-9ade000c0046,645.762125,19886,row-count; full checksum query before block,155.0,49.0,106.0,0.0,0.0,973312.0,155.0,snowflake_medium,100000,filter_project,3,12,platform_query,,,,,,,
01c6f323-0001-fe0c-0001-9ade000bf6d2,227.103417,19886,row-count; full checksum query before block,162.0,40.0,122.0,0.0,0.0,973312.0,162.0,snowflake_medium,100000,filter_project,3,13,platform_query,,,,,,,
01c6f323-0001-fcf8-0001-9ade000c004a,222.617417,19886,row-count; full checksum query before block,143.0,37.0,106.0,0.0,0.0,973312.0,143.0,snowflake_medium,100000,filter_project,3,14,platform_query,,,,,,,
01c6f323-0001-fe2b-0001-9ade000bd38e,278.992834,19886,row-count; full checksum query before block,161.0,51.0,110.0,0.0,0.0,973312.0,161.0,snowflake_medium,100000,filter_project,3,15,platform_query,,,,,,,
01c6f323-0001-fcf8-0001-9ade000c0052,725.305625,50,row-count; full checksum query before block,690.0,43.0,647.0,0.0,0.0,7635108352.0,690.0,snowflake_medium,1000000000,groupby,3,11,platform_query,,,,,,,
01c6f323-0001-fe0c-0001-9ade000bf6da,719.689042,50,row-count; full checksum query before block,687.0,53.0,634.0,0.0,0.0,7635108352.0,687.0,snowflake_medium,1000000000,groupby,3,12,platform_query,,,,,,,
01c6f323-0001-fcf9-0001-9ade000be542,741.073667,50,row-count; full checksum query before block,709.0,44.0,665.0,0.0,0.0,7635108352.0,709.0,snowflake_medium,1000000000,groupby,3,13,platform_query,,,,,,,
01c6f323-0001-fcf9-0001-9ade000be546,786.33125,50,row-count; full checksum query before block,752.0,49.0,703.0,0.0,0.0,7635108352.0,752.0,snowflake_medium,1000000000,groupby,3,14,platform_query,,,,,,,
01c6f323-0001-fe2b-0001-9ade000bd396,766.044917,50,row-count; full checksum query before block,727.0,44.0,683.0,0.0,0.0,7635108352.0,727.0,snowflake_medium,1000000000,groupby,3,15,platform_query,,,,,,,
01c6f323-0001-fcf9-0001-9ade000be54e,304.261166,50,row-count; full checksum query before block,80.0,37.0,43.0,0.0,0.0,151591936.0,80.0,snowflake_medium,10000000,groupby,3,11,platform_query,,,,,,,
01c6f323-0001-fe2b-0001-9ade000bd39a,213.51125,50,row-count; full checksum query before block,105.0,45.0,60.0,0.0,0.0,151591936.0,105.0,snowflake_medium,10000000,groupby,3,12,platform_query,,,,,,,
01c6f323-0001-fcf8-0001-9ade000c005a,215.297834,50,row-count; full checksum query before block,110.0,48.0,62.0,0.0,0.0,151591936.0,110.0,snowflake_medium,10000000,groupby,3,13,platform_query,,,,,,,
01c6f323-0001-fcf9-0001-9ade000be552,228.661625,50,row-count; full checksum query before block,98.0,44.0,54.0,0.0,0.0,151591936.0,98.0,snowflake_medium,10000000,groupby,3,14,platform_query,,,,,,,
01c6f323-0001-fe2b-0001-9ade000bd39e,125.766208,50,row-count; full checksum query before block,87.0,38.0,49.0,0.0,0.0,151591936.0,87.0,snowflake_medium,10000000,groupby,3,15,platform_query,,,,,,,
01c6f323-0001-fe2b-0001-9ade000bd3a6,218.728791,50,row-count; full checksum query before block,160.0,53.0,107.0,0.0,0.0,3116867584.0,160.0,snowflake_medium,100000000,groupby,3,11,platform_query,,,,,,,
01c6f323-0001-fe0c-0001-9ade000bf6e2,228.022875,50,row-count; full checksum query before block,186.0,45.0,141.0,0.0,0.0,3116867584.0,186.0,snowflake_medium,100000000,groupby,3,12,platform_query,,,,,,,
01c6f323-0001-fcf8-0001-9ade000c0062,189.114542,50,row-count; full checksum query before block,164.0,42.0,122.0,0.0,0.0,3116867584.0,164.0,snowflake_medium,100000000,groupby,3,13,platform_query,,,,,,,
01c6f323-0001-fe0c-0001-9ade000bf6e6,271.619458,50,row-count; full checksum query before block,160.0,43.0,117.0,0.0,0.0,3116867584.0,160.0,snowflake_medium,100000000,groupby,3,14,platform_query,,,,,,,
01c6f323-0001-fe0c-0001-9ade000bf6ea,201.49475,50,row-count; full checksum query before block,168.0,41.0,127.0,0.0,0.0,3116867584.0,168.0,snowflake_medium,100000000,groupby,3,15,platform_query,,,,,,,
01c6f323-0001-fcf9-0001-9ade000be562,1470.509708,100000000,row-count; full checksum query before block,1389.0,37.0,1352.0,0.0,0.0,3116867584.0,1389.0,snowflake_medium,100000000,clean_derive,3,11,platform_query,,,,,,,
01c6f323-0001-fe2b-0001-9ade000bd3aa,1603.618166,100000000,row-count; full checksum query before block,1488.0,53.0,1435.0,0.0,0.0,3116867584.0,1488.0,snowflake_medium,100000000,clean_derive,3,12,platform_query,,,,,,,
01c6f323-0001-fcf9-0001-9ade000be566,1616.166291,100000000,row-count; full checksum query before block,1374.0,37.0,1337.0,0.0,0.0,3116867584.0,1374.0,snowflake_medium,100000000,clean_derive,3,13,platform_query,,,,,,,
01c6f323-0001-fcf9-0001-9ade000be56a,1524.06775,100000000,row-count; full checksum query before block,1378.0,39.0,1339.0,0.0,0.0,3116867584.0,1378.0,snowflake_medium,100000000,clean_derive,3,14,platform_query,,,,,,,
01c6f323-0001-fe0c-0001-9ade000bf6ee,1552.566833,100000000,row-count; full checksum query before block,1456.0,41.0,1415.0,0.0,0.0,3116867584.0,1456.0,snowflake_medium,100000000,clean_derive,3,15,platform_query,,,,,,,
01c6f324-0001-fe2b-0001-9ade000bd3ae,496.981333,1980090,row-count; full checksum query before block,317.0,49.0,268.0,0.0,0.0,151591936.0,317.0,snowflake_medium,10000000,filter_project,3,11,platform_query,,,,,,,
01c6f324-0001-fcf9-0001-9ade000be572,344.740959,1980090,row-count; full checksum query before block,274.0,45.0,229.0,0.0,0.0,151591936.0,274.0,snowflake_medium,10000000,filter_project,3,12,platform_query,,,,,,,
01c6f324-0001-fe0c-0001-9ade000bf6f2,359.278792,1980090,row-count; full checksum query before block,286.0,36.0,250.0,0.0,0.0,146614272.0,286.0,snowflake_medium,10000000,filter_project,3,13,platform_query,,,,,,,
01c6f324-0001-fcf9-0001-9ade000be576,351.133917,1980090,row-count; full checksum query before block,282.0,52.0,230.0,0.0,0.0,141637120.0,282.0,snowflake_medium,10000000,filter_project,3,14,platform_query,,,,,,,
01c6f324-0001-fe2b-0001-9ade000bd3b2,383.275167,1980090,row-count; full checksum query before block,312.0,51.0,261.0,0.0,0.0,151591936.0,312.0,snowflake_medium,10000000,filter_project,3,15,platform_query,,,,,,,
01c6f324-0001-fe0c-0001-9ade000bf6fa,94.257208,50,row-count; full checksum query before block,66.0,34.0,32.0,0.0,0.0,7627264.0,66.0,snowflake_medium,1000000,groupby,3,11,platform_query,,,,,,,
01c6f324-0001-fe2b-0001-9ade000bd3b6,113.164458,50,row-count; full checksum query before block,84.0,51.0,33.0,0.0,0.0,7627264.0,84.0,snowflake_medium,1000000,groupby,3,12,platform_query,,,,,,,
01c6f324-0001-fe0c-0001-9ade000bf6fe,109.959625,50,row-count; full checksum query before block,83.0,44.0,39.0,0.0,0.0,7627264.0,83.0,snowflake_medium,1000000,groupby,3,13,platform_query,,,,,,,
01c6f324-0001-fcf9-0001-9ade000be57e,92.828875,50,row-count; full checksum query before block,63.0,33.0,30.0,0.0,0.0,7627264.0,63.0,snowflake_medium,1000000,groupby,3,14,platform_query,,,,,,,
01c6f324-0001-fcf8-0001-9ade000c007a,111.464917,50,row-count; full checksum query before block,80.0,43.0,37.0,0.0,0.0,7627264.0,80.0,snowflake_medium,1000000,groupby,3,15,platform_query,,,,,,,
01c6f324-0001-fcf8-0001-9ade000c0082,495.90575,198279,row-count; full checksum query before block,293.0,45.0,248.0,0.0,0.0,7627264.0,293.0,snowflake_medium,1000000,filter_project,3,11,platform_query,,,,,,,
01c6f324-0001-fcf9-0001-9ade000be58a,320.91475,198279,row-count; full checksum query before block,248.0,32.0,216.0,0.0,0.0,7627264.0,248.0,snowflake_medium,1000000,filter_project,3,12,platform_query,,,,,,,
01c6f324-0001-fe0c-0001-9ade000bf702,324.464958,198279,row-count; full checksum query before block,252.0,32.0,220.0,0.0,0.0,7627264.0,252.0,snowflake_medium,1000000,filter_project,3,13,platform_query,,,,,,,
01c6f324-0001-fcf9-0001-9ade000be58e,496.122792,198279,row-count; full checksum query before block,274.0,47.0,227.0,0.0,0.0,7627264.0,274.0,snowflake_medium,1000000,filter_project,3,14,platform_query,,,,,,,
01c6f324-0001-fcf8-0001-9ade000c0086,424.408916,198279,row-count; full checksum query before block,272.0,50.0,222.0,0.0,0.0,7627264.0,272.0,snowflake_medium,1000000,filter_project,3,15,platform_query,,,,,,,
01c6f324-0001-fe2b-0001-9ade000bd3be,596.543,19798586,row-count; full checksum query before block,499.0,46.0,453.0,0.0,0.0,3083212800.0,499.0,snowflake_medium,100000000,filter_project,3,11,platform_query,,,,,,,
01c6f324-0001-fe2b-0001-9ade000bd3c2,653.854042,19798586,row-count; full checksum query before block,453.0,38.0,415.0,0.0,0.0,3018674688.0,453.0,snowflake_medium,100000000,filter_project,3,12,platform_query,,,,,,,
01c6f324-0001-fcf8-0001-9ade000c008a,574.124125,19798586,row-count; full checksum query before block,494.0,46.0,448.0,0.0,0.0,3052819455.0,494.0,snowflake_medium,100000000,filter_project,3,13,platform_query,,,,,,,
01c6f324-0001-fe2b-0001-9ade000bd3c6,651.508208,19798586,row-count; full checksum query before block,515.0,39.0,476.0,0.0,0.0,3049594880.0,515.0,snowflake_medium,100000000,filter_project,3,14,platform_query,,,,,,,
01c6f324-0001-fcf8-0001-9ade000c008e,614.3795,19798586,row-count; full checksum query before block,531.0,38.0,493.0,0.0,0.0,3102850048.0,531.0,snowflake_medium,100000000,filter_project,3,15,platform_query,,,,,,,
01c6f324-0001-fcf9-0001-9ade000be596,1586.866417,200,row-count; full checksum query before block,1533.0,52.0,1481.0,0.0,0.0,7635346944.0,1533.0,snowflake_medium,1000000000,join_groupby,3,11,platform_query,,,,,,,
01c6f324-0001-fe2b-0001-9ade000bd3d2,1596.763208,200,row-count; full checksum query before block,1505.0,56.0,1449.0,0.0,0.0,7635346944.0,1505.0,snowflake_medium,1000000000,join_groupby,3,12,platform_query,,,,,,,
01c6f324-0001-fcf8-0001-9ade000c0092,1573.977166,200,row-count; full checksum query before block,1534.0,57.0,1477.0,0.0,0.0,7635346944.0,1534.0,snowflake_medium,1000000000,join_groupby,3,13,platform_query,,,,,,,
01c6f324-0001-fe0c-0001-9ade000bf70e,1566.659208,200,row-count; full checksum query before block,1527.0,60.0,1467.0,0.0,0.0,7635346944.0,1527.0,snowflake_medium,1000000000,join_groupby,3,14,platform_query,,,,,,,
01c6f324-0001-fcf8-0001-9ade000c0096,1536.561583,200,row-count; full checksum query before block,1498.0,47.0,1451.0,0.0,0.0,7635346944.0,1498.0,snowflake_medium,1000000000,join_groupby,3,15,platform_query,,,,,,,
01c6f324-0001-fe0c-0001-9ade000bf716,776.389625,200,row-count; full checksum query before block,739.0,83.0,656.0,0.0,0.0,779455488.0,739.0,snowflake_xsmall,100000000,join_groupby,3,11,platform_query,,,,,,,
01c6f324-0001-fe0c-0001-9ade000bf71a,758.308084,200,row-count; full checksum query before block,679.0,52.0,627.0,0.0,0.0,779455488.0,679.0,snowflake_xsmall,100000000,join_groupby,3,12,platform_query,,,,,,,
01c6f324-0001-fcf9-0001-9ade000be5a2,864.317292,200,row-count; full checksum query before block,709.0,49.0,660.0,0.0,0.0,779455488.0,709.0,snowflake_xsmall,100000000,join_groupby,3,13,platform_query,,,,,,,
01c6f324-0001-fe0c-0001-9ade000bf71e,764.497417,200,row-count; full checksum query before block,722.0,52.0,670.0,0.0,0.0,779455488.0,722.0,snowflake_xsmall,100000000,join_groupby,3,14,platform_query,,,,,,,
01c6f324-0001-fcf9-0001-9ade000be5a6,777.684833,200,row-count; full checksum query before block,725.0,48.0,677.0,0.0,0.0,779455488.0,725.0,snowflake_xsmall,100000000,join_groupby,3,15,platform_query,,,,,,,
01c6f324-0001-fcf9-0001-9ade000be5aa,6591.438875,197996556,row-count; full checksum query before block,6495.0,52.0,6443.0,0.0,0.0,7635108352.0,6495.0,snowflake_xsmall,1000000000,filter_project,3,11,platform_query,,,,,,,
01c6f324-0001-fe0c-0001-9ade000bf72a,6820.024167,197996556,row-count; full checksum query before block,6581.0,54.0,6527.0,0.0,0.0,7635108352.0,6581.0,snowflake_xsmall,1000000000,filter_project,3,12,platform_query,,,,,,,
01c6f325-0001-fcf8-0001-9ade000c00a6,6622.673792,197996556,row-count; full checksum query before block,6536.0,64.0,6472.0,0.0,0.0,7635108352.0,6536.0,snowflake_xsmall,1000000000,filter_project,3,13,platform_query,,,,,,,
01c6f325-0001-fe2b-0001-9ade000bd3de,6691.000958,197996556,row-count; full checksum query before block,6516.0,50.0,6466.0,0.0,0.0,7635108352.0,6516.0,snowflake_xsmall,1000000000,filter_project,3,14,platform_query,,,,,,,
01c6f325-0001-fe2b-0001-9ade000bd3e2,6861.224125,197996556,row-count; full checksum query before block,6583.0,45.0,6538.0,0.0,0.0,7635108352.0,6583.0,snowflake_xsmall,1000000000,filter_project,3,15,platform_query,,,,,,,
01c6f325-0001-fcf9-0001-9ade000be5b6,93.556916,50,row-count; full checksum query before block,65.0,45.0,20.0,0.0,0.0,973312.0,65.0,snowflake_xsmall,100000,groupby,3,11,platform_query,,,,,,,
01c6f325-0001-fcf8-0001-9ade000c00ae,89.129625,50,row-count; full checksum query before block,66.0,46.0,20.0,0.0,0.0,973312.0,66.0,snowflake_xsmall,100000,groupby,3,12,platform_query,,,,,,,
01c6f325-0001-fe2b-0001-9ade000bd3e6,241.553458,50,row-count; full checksum query before block,70.0,51.0,19.0,0.0,0.0,973312.0,70.0,snowflake_xsmall,100000,groupby,3,13,platform_query,,,,,,,
01c6f325-0001-fcf9-0001-9ade000be5ba,80.636541,50,row-count; full checksum query before block,54.0,34.0,20.0,0.0,0.0,973312.0,54.0,snowflake_xsmall,100000,groupby,3,14,platform_query,,,,,,,
01c6f325-0001-fcf9-0001-9ade000be5be,109.632708,50,row-count; full checksum query before block,67.0,48.0,19.0,0.0,0.0,973312.0,67.0,snowflake_xsmall,100000,groupby,3,15,platform_query,,,,,,,
01c6f325-0001-fe0c-0001-9ade000bf732,5314.64075,200,row-count; full checksum query before block,5278.0,77.0,5201.0,0.0,0.0,7635346944.0,5278.0,snowflake_xsmall,1000000000,join_groupby,3,11,platform_query,,,,,,,
01c6f325-0001-fcf8-0001-9ade000c00ba,5131.334209,200,row-count; full checksum query before block,5094.0,58.0,5036.0,0.0,0.0,7635346944.0,5094.0,snowflake_xsmall,1000000000,join_groupby,3,12,platform_query,,,,,,,
01c6f325-0001-fe0c-0001-9ade000bf736,5308.158084,200,row-count; full checksum query before block,5211.0,73.0,5138.0,0.0,0.0,7635346944.0,5211.0,snowflake_xsmall,1000000000,join_groupby,3,13,platform_query,,,,,,,
01c6f325-0001-fcf9-0001-9ade000be5c6,5126.149709,200,row-count; full checksum query before block,5081.0,59.0,5022.0,0.0,0.0,7635346944.0,5081.0,snowflake_xsmall,1000000000,join_groupby,3,14,platform_query,,,,,,,
01c6f325-0001-fcf8-0001-9ade000c00be,5483.602833,200,row-count; full checksum query before block,5390.0,85.0,5305.0,0.0,0.0,7635346944.0,5390.0,snowflake_xsmall,1000000000,join_groupby,3,15,platform_query,,,,,,,
01c6f326-0001-fcf8-0001-9ade000c00c6,5048.443917,100000000,row-count; full checksum query before block,4281.0,83.0,4198.0,0.0,0.0,779216896.0,4281.0,snowflake_xsmall,100000000,clean_derive,3,11,platform_query,,,,,,,
01c6f326-0001-fe0c-0001-9ade000bf73a,4333.643625,100000000,row-count; full checksum query before block,4198.0,51.0,4147.0,0.0,0.0,779216896.0,4198.0,snowflake_xsmall,100000000,clean_derive,3,12,platform_query,,,,,,,
01c6f326-0001-fcf8-0001-9ade000c00ca,4465.966917,100000000,row-count; full checksum query before block,4207.0,82.0,4125.0,0.0,0.0,779216896.0,4207.0,snowflake_xsmall,100000000,clean_derive,3,13,platform_query,,,,,,,
01c6f326-0001-fcf8-0001-9ade000c00ce,4662.561375,100000000,row-count; full checksum query before block,4546.0,43.0,4503.0,0.0,0.0,779216896.0,4546.0,snowflake_xsmall,100000000,clean_derive,3,14,platform_query,,,,,,,
01c6f326-0001-fcf9-0001-9ade000be5d6,4624.213625,100000000,row-count; full checksum query before block,4524.0,48.0,4476.0,0.0,0.0,779216896.0,4524.0,snowflake_xsmall,100000000,clean_derive,3,15,platform_query,,,,,,,
01c6f326-0001-fe0c-0001-9ade000bf742,401.174417,1980090,row-count; full checksum query before block,309.0,62.0,247.0,0.0,0.0,76683776.0,309.0,snowflake_xsmall,10000000,filter_project,3,11,platform_query,,,,,,,
01c6f326-0001-fcf8-0001-9ade000c00de,396.33775,1980090,row-count; full checksum query before block,283.0,29.0,254.0,0.0,0.0,76683776.0,283.0,snowflake_xsmall,10000000,filter_project,3,12,platform_query,,,,,,,
01c6f326-0001-fcf8-0001-9ade000c00e2,436.946083,1980090,row-count; full checksum query before block,346.0,36.0,310.0,0.0,0.0,76683776.0,346.0,snowflake_xsmall,10000000,filter_project,3,13,platform_query,,,,,,,
01c6f326-0001-fcf8-0001-9ade000c00e6,349.003792,1980090,row-count; full checksum query before block,283.0,35.0,248.0,0.0,0.0,76683776.0,283.0,snowflake_xsmall,10000000,filter_project,3,14,platform_query,,,,,,,
01c6f326-0001-fe0c-0001-9ade000bf746,1012.765209,1980090,row-count; full checksum query before block,923.0,45.0,878.0,0.0,0.0,76683776.0,923.0,snowflake_xsmall,10000000,filter_project,3,15,platform_query,,,,,,,
01c6f326-0001-fcf9-0001-9ade000be5de,471.811916,198279,row-count; full checksum query before block,249.0,37.0,212.0,0.0,0.0,7627264.0,249.0,snowflake_xsmall,1000000,filter_project,3,11,platform_query,,,,,,,
01c6f326-0001-fe0c-0001-9ade000bf74a,503.547375,198279,row-count; full checksum query before block,280.0,44.0,236.0,0.0,0.0,7627264.0,280.0,snowflake_xsmall,1000000,filter_project,3,12,platform_query,,,,,,,
01c6f326-0001-fcf9-0001-9ade000be5e2,370.02625,198279,row-count; full checksum query before block,275.0,43.0,232.0,0.0,0.0,7627264.0,275.0,snowflake_xsmall,1000000,filter_project,3,13,platform_query,,,,,,,
01c6f326-0001-fcf8-0001-9ade000c00f2,319.286042,198279,row-count; full checksum query before block,263.0,38.0,225.0,0.0,0.0,7627264.0,263.0,snowflake_xsmall,1000000,filter_project,3,14,platform_query,,,,,,,
01c6f326-0001-fcf8-0001-9ade000c00f6,317.624958,198279,row-count; full checksum query before block,255.0,36.0,219.0,0.0,0.0,7627264.0,255.0,snowflake_xsmall,1000000,filter_project,3,15,platform_query,,,,,,,
01c6f326-0001-fcf9-0001-9ade000be5e6,306.947292,100000,row-count; full checksum query before block,247.0,64.0,183.0,0.0,0.0,973312.0,247.0,snowflake_xsmall,100000,clean_derive,3,11,platform_query,,,,,,,
01c6f326-0001-fe0c-0001-9ade000bf74e,282.064833,100000,row-count; full checksum query before block,219.0,43.0,176.0,0.0,0.0,973312.0,219.0,snowflake_xsmall,100000,clean_derive,3,12,platform_query,,,,,,,
01c6f326-0001-fcf8-0001-9ade000c0106,680.963541,100000,row-count; full checksum query before block,574.0,35.0,539.0,0.0,0.0,973312.0,574.0,snowflake_xsmall,100000,clean_derive,3,13,platform_query,,,,,,,
01c6f326-0001-fcf9-0001-9ade000be5ea,284.87425,100000,row-count; full checksum query before block,220.0,37.0,183.0,0.0,0.0,973312.0,220.0,snowflake_xsmall,100000,clean_derive,3,14,platform_query,,,,,,,
01c6f326-0001-fcf8-0001-9ade000c010a,277.346416,100000,row-count; full checksum query before block,222.0,40.0,182.0,0.0,0.0,973312.0,222.0,snowflake_xsmall,100000,clean_derive,3,15,platform_query,,,,,,,
01c6f326-0001-fcf9-0001-9ade000be5ee,1099.233084,19798586,row-count; full checksum query before block,1020.0,43.0,977.0,0.0,0.0,779216896.0,1020.0,snowflake_xsmall,100000000,filter_project,3,11,platform_query,,,,,,,
01c6f326-0001-fcf9-0001-9ade000be5f2,1099.526917,19798586,row-count; full checksum query before block,1003.0,38.0,965.0,0.0,0.0,779216896.0,1003.0,snowflake_xsmall,100000000,filter_project,3,12,platform_query,,,,,,,
01c6f326-0001-fe0c-0001-9ade000bf756,1113.974834,19798586,row-count; full checksum query before block,1035.0,37.0,998.0,0.0,0.0,779216896.0,1035.0,snowflake_xsmall,100000000,filter_project,3,13,platform_query,,,,,,,
01c6f326-0001-fcf8-0001-9ade000c0116,1138.0325,19798586,row-count; full checksum query before block,992.0,38.0,954.0,0.0,0.0,779216896.0,992.0,snowflake_xsmall,100000000,filter_project,3,14,platform_query,,,,,,,
01c6f326-0001-fcf9-0001-9ade000be5f6,1037.641208,19798586,row-count; full checksum query before block,972.0,40.0,932.0,0.0,0.0,779216896.0,972.0,snowflake_xsmall,100000000,filter_project,3,15,platform_query,,,,,,,
01c6f327-0001-fcf8-0001-9ade000c011e,2435.968417,50,row-count; full checksum query before block,2333.0,49.0,2284.0,0.0,0.0,7635108352.0,2333.0,snowflake_xsmall,1000000000,groupby,3,11,platform_query,,,,,,,
01c6f327-0001-fcf9-0001-9ade000be5fe,2452.733709,50,row-count; full checksum query before block,2414.0,50.0,2364.0,0.0,0.0,7635108352.0,2414.0,snowflake_xsmall,1000000000,groupby,3,12,platform_query,,,,,,,
01c6f327-0001-fe0c-0001-9ade000bf75e,2409.815834,50,row-count; full checksum query before block,2345.0,53.0,2292.0,0.0,0.0,7635108352.0,2345.0,snowflake_xsmall,1000000000,groupby,3,13,platform_query,,,,,,,
01c6f327-0001-fe0c-0001-9ade000bf762,2316.9545,50,row-count; full checksum query before block,2273.0,56.0,2217.0,0.0,0.0,7635108352.0,2273.0,snowflake_xsmall,1000000000,groupby,3,14,platform_query,,,,,,,
01c6f327-0001-fe0c-0001-9ade000bf766,2336.28575,50,row-count; full checksum query before block,2307.0,39.0,2268.0,0.0,0.0,7635108352.0,2307.0,snowflake_xsmall,1000000000,groupby,3,15,platform_query,,,,,,,
01c6f327-0001-fe0c-0001-9ade000bf76a,34571.399208,1000000000,row-count; full checksum query before block,34465.0,63.0,34402.0,0.0,0.0,7635108352.0,34465.0,snowflake_xsmall,1000000000,clean_derive,3,11,platform_query,,,,,,,
01c6f328-0001-fcf9-0001-9ade000be60e,34893.962875,1000000000,row-count; full checksum query before block,34705.0,86.0,34619.0,0.0,0.0,7635108352.0,34705.0,snowflake_xsmall,1000000000,clean_derive,3,12,platform_query,,,,,,,
01c6f329-0001-fcf9-0001-9ade000be612,34386.096667,1000000000,row-count; full checksum query before block,34280.0,107.0,34173.0,0.0,0.0,7635108352.0,34280.0,snowflake_xsmall,1000000000,clean_derive,3,13,platform_query,,,,,,,
01c6f329-0001-fcf9-0001-9ade000be61a,34563.722041,1000000000,row-count; full checksum query before block,34455.0,56.0,34399.0,0.0,0.0,7635108352.0,34455.0,snowflake_xsmall,1000000000,clean_derive,3,14,platform_query,,,,,,,
01c6f32a-0001-fcf9-0001-9ade000be61e,34212.086,1000000000,row-count; full checksum query before block,34088.0,46.0,34042.0,0.0,0.0,7635108352.0,34088.0,snowflake_xsmall,1000000000,clean_derive,3,15,platform_query,,,,,,,
01c6f32a-0001-fcf9-0001-9ade000be62a,243.397042,200,row-count; full checksum query before block,148.0,47.0,101.0,0.0,0.0,76922368.0,148.0,snowflake_xsmall,10000000,join_groupby,3,11,platform_query,,,,,,,
01c6f32a-0001-fcf9-0001-9ade000be62e,186.505042,200,row-count; full checksum query before block,146.0,49.0,97.0,0.0,0.0,76922368.0,146.0,snowflake_xsmall,10000000,join_groupby,3,12,platform_query,,,,,,,
01c6f32a-0001-fcf8-0001-9ade000c013a,203.900875,200,row-count; full checksum query before block,163.0,67.0,96.0,0.0,0.0,76922368.0,163.0,snowflake_xsmall,10000000,join_groupby,3,13,platform_query,,,,,,,
01c6f32a-0001-fcf9-0001-9ade000be632,235.65625,200,row-count; full checksum query before block,162.0,45.0,117.0,0.0,0.0,76922368.0,162.0,snowflake_xsmall,10000000,join_groupby,3,14,platform_query,,,,,,,
01c6f32a-0001-fcf9-0001-9ade000be636,187.465875,200,row-count; full checksum query before block,149.0,51.0,98.0,0.0,0.0,76922368.0,149.0,snowflake_xsmall,10000000,join_groupby,3,15,platform_query,,,,,,,
01c6f32a-0001-fe0c-0001-9ade000bf776,125.432291,50,row-count; full checksum query before block,95.0,41.0,54.0,0.0,0.0,76683776.0,95.0,snowflake_xsmall,10000000,groupby,3,11,platform_query,,,,,,,
01c6f32a-0001-fe0c-0001-9ade000bf77a,113.155041,50,row-count; full checksum query before block,87.0,38.0,49.0,0.0,0.0,76683776.0,87.0,snowflake_xsmall,10000000,groupby,3,12,platform_query,,,,,,,
01c6f32a-0001-fe0c-0001-9ade000bf77e,180.674541,50,row-count; full checksum query before block,86.0,36.0,50.0,0.0,0.0,76683776.0,86.0,snowflake_xsmall,10000000,groupby,3,13,platform_query,,,,,,,
01c6f32a-0001-fcf9-0001-9ade000be642,111.557542,50,row-count; full checksum query before block,84.0,34.0,50.0,0.0,0.0,76683776.0,84.0,snowflake_xsmall,10000000,groupby,3,14,platform_query,,,,,,,
01c6f32a-0001-fcf8-0001-9ade000c013e,170.884458,50,row-count; full checksum query before block,109.0,58.0,51.0,0.0,0.0,76683776.0,109.0,snowflake_xsmall,10000000,groupby,3,15,platform_query,,,,,,,
01c6f32a-0001-fe0c-0001-9ade000bf786,692.254333,10000000,row-count; full checksum query before block,612.0,39.0,573.0,0.0,0.0,76683776.0,612.0,snowflake_xsmall,10000000,clean_derive,3,11,platform_query,,,,,,,
01c6f32a-0001-fcf8-0001-9ade000c0146,670.688417,10000000,row-count; full checksum query before block,596.0,34.0,562.0,0.0,0.0,76683776.0,596.0,snowflake_xsmall,10000000,clean_derive,3,12,platform_query,,,,,,,
01c6f32a-0001-fcf9-0001-9ade000be64a,664.0765,10000000,row-count; full checksum query before block,594.0,34.0,560.0,0.0,0.0,76683776.0,594.0,snowflake_xsmall,10000000,clean_derive,3,13,platform_query,,,,,,,
01c6f32b-0001-fe0c-0001-9ade000bf78a,738.040458,10000000,row-count; full checksum query before block,613.0,36.0,577.0,0.0,0.0,76683776.0,613.0,snowflake_xsmall,10000000,clean_derive,3,14,platform_query,,,,,,,
01c6f32b-0001-fe0c-0001-9ade000bf78e,856.175209,10000000,row-count; full checksum query before block,792.0,50.0,742.0,0.0,0.0,76683776.0,792.0,snowflake_xsmall,10000000,clean_derive,3,15,platform_query,,,,,,,
01c6f32b-0001-fe0c-0001-9ade000bf796,426.569292,50,row-count; full checksum query before block,372.0,55.0,317.0,0.0,0.0,779216896.0,372.0,snowflake_xsmall,100000000,groupby,3,11,platform_query,,,,,,,
01c6f32b-0001-fcf8-0001-9ade000c014a,350.153125,50,row-count; full checksum query before block,324.0,38.0,286.0,0.0,0.0,779216896.0,324.0,snowflake_xsmall,100000000,groupby,3,12,platform_query,,,,,,,
01c6f32b-0001-fcf9-0001-9ade000be656,379.590709,50,row-count; full checksum query before block,352.0,34.0,318.0,0.0,0.0,779216896.0,352.0,snowflake_xsmall,100000000,groupby,3,13,platform_query,,,,,,,
01c6f32b-0001-fcf8-0001-9ade000c014e,399.215917,50,row-count; full checksum query before block,363.0,40.0,323.0,0.0,0.0,779216896.0,363.0,snowflake_xsmall,100000000,groupby,3,14,platform_query,,,,,,,
01c6f32b-0001-fcf8-0001-9ade000c0152,345.242209,50,row-count; full checksum query before block,318.0,35.0,283.0,0.0,0.0,779216896.0,318.0,snowflake_xsmall,100000000,groupby,3,15,platform_query,,,,,,,
01c6f32b-0001-fcf8-0001-9ade000c015a,103.778375,50,row-count; full checksum query before block,75.0,41.0,34.0,0.0,0.0,7627264.0,75.0,snowflake_xsmall,1000000,groupby,3,11,platform_query,,,,,,,
01c6f32b-0001-fcf9-0001-9ade000be65e,109.788458,50,row-count; full checksum query before block,83.0,42.0,41.0,0.0,0.0,7627264.0,83.0,snowflake_xsmall,1000000,groupby,3,12,platform_query,,,,,,,
01c6f32b-0001-fcf8-0001-9ade000c015e,87.176542,50,row-count; full checksum query before block,62.0,31.0,31.0,0.0,0.0,7627264.0,62.0,snowflake_xsmall,1000000,groupby,3,13,platform_query,,,,,,,
01c6f32b-0001-fe0c-0001-9ade000bf79e,111.519708,50,row-count; full checksum query before block,80.0,47.0,33.0,0.0,0.0,7627264.0,80.0,snowflake_xsmall,1000000,groupby,3,14,platform_query,,,,,,,
01c6f32b-0001-fe0c-0001-9ade000bf7a2,92.624334,50,row-count; full checksum query before block,65.0,33.0,32.0,0.0,0.0,7627264.0,65.0,snowflake_xsmall,1000000,groupby,3,15,platform_query,,,,,,,
01c6f32b-0001-fcf8-0001-9ade000c0166,151.49,200,row-count; full checksum query before block,112.0,41.0,71.0,0.0,0.0,7865856.0,112.0,snowflake_xsmall,1000000,join_groupby,3,11,platform_query,,,,,,,
01c6f32b-0001-fcf9-0001-9ade000be66a,149.392333,200,row-count; full checksum query before block,111.0,38.0,73.0,0.0,0.0,7865856.0,111.0,snowflake_xsmall,1000000,join_groupby,3,12,platform_query,,,,,,,
01c6f32b-0001-fcf8-0001-9ade000c016a,157.586541,200,row-count; full checksum query before block,111.0,41.0,70.0,0.0,0.0,7865856.0,111.0,snowflake_xsmall,1000000,join_groupby,3,13,platform_query,,,,,,,
01c6f32b-0001-fe0c-0001-9ade000bf7a6,216.530041,200,row-count; full checksum query before block,125.0,55.0,70.0,0.0,0.0,7865856.0,125.0,snowflake_xsmall,1000000,join_groupby,3,14,platform_query,,,,,,,
01c6f32b-0001-fe0c-0001-9ade000bf7aa,162.979,200,row-count; full checksum query before block,125.0,53.0,72.0,0.0,0.0,7865856.0,125.0,snowflake_xsmall,1000000,join_groupby,3,15,platform_query,,,,,,,
01c6f32b-0001-fe0c-0001-9ade000bf7ae,211.837041,19886,row-count; full checksum query before block,154.0,41.0,113.0,0.0,0.0,973312.0,154.0,snowflake_xsmall,100000,filter_project,3,11,platform_query,,,,,,,
01c6f32b-0001-fe0c-0001-9ade000bf7b2,298.515584,19886,row-count; full checksum query before block,154.0,42.0,112.0,0.0,0.0,973312.0,154.0,snowflake_xsmall,100000,filter_project,3,12,platform_query,,,,,,,
01c6f32b-0001-fcf9-0001-9ade000be672,221.651042,19886,row-count; full checksum query before block,148.0,32.0,116.0,0.0,0.0,973312.0,148.0,snowflake_xsmall,100000,filter_project,3,13,platform_query,,,,,,,
01c6f32b-0001-fcf9-0001-9ade000be676,201.63225,19886,row-count; full checksum query before block,139.0,32.0,107.0,0.0,0.0,973312.0,139.0,snowflake_xsmall,100000,filter_project,3,14,platform_query,,,,,,,
01c6f32b-0001-fe0c-0001-9ade000bf7b6,197.432708,19886,row-count; full checksum query before block,140.0,33.0,107.0,0.0,0.0,973312.0,140.0,snowflake_xsmall,100000,filter_project,3,15,platform_query,,,,,,,
01c6f32b-0001-fe0c-0001-9ade000bf7ba,141.583792,200,row-count; full checksum query before block,100.0,68.0,32.0,0.0,0.0,1211904.0,100.0,snowflake_xsmall,100000,join_groupby,3,11,platform_query,,,,,,,
01c6f32b-0001-fcf9-0001-9ade000be686,118.771625,200,row-count; full checksum query before block,77.0,44.0,33.0,0.0,0.0,1211904.0,77.0,snowflake_xsmall,100000,join_groupby,3,12,platform_query,,,,,,,
01c6f32b-0001-fcf9-0001-9ade000be68a,147.415084,200,row-count; full checksum query before block,76.0,42.0,34.0,0.0,0.0,1211904.0,76.0,snowflake_xsmall,100000,join_groupby,3,13,platform_query,,,,,,,
01c6f32b-0001-fcf9-0001-9ade000be68e,117.3585,200,row-count; full checksum query before block,78.0,45.0,33.0,0.0,0.0,1211904.0,78.0,snowflake_xsmall,100000,join_groupby,3,14,platform_query,,,,,,,
01c6f32b-0001-fe0c-0001-9ade000bf7be,166.455917,200,row-count; full checksum query before block,112.0,81.0,31.0,0.0,0.0,1211904.0,112.0,snowflake_xsmall,100000,join_groupby,3,15,platform_query,,,,,,,
01c6f32b-0001-fe0c-0001-9ade000bf7ca,535.189583,1000000,row-count; full checksum query before block,475.0,54.0,421.0,0.0,0.0,7627264.0,475.0,snowflake_xsmall,1000000,clean_derive,3,11,platform_query,,,,,,,
01c6f32b-0001-fcf9-0001-9ade000be696,510.324833,1000000,row-count; full checksum query before block,443.0,35.0,408.0,0.0,0.0,7627264.0,443.0,snowflake_xsmall,1000000,clean_derive,3,12,platform_query,,,,,,,
01c6f32b-0001-fe0c-0001-9ade000bf7ce,523.505083,1000000,row-count; full checksum query before block,464.0,50.0,414.0,0.0,0.0,7627264.0,464.0,snowflake_xsmall,1000000,clean_derive,3,13,platform_query,,,,,,,
01c6f32b-0001-fe0c-0001-9ade000bf7d2,552.996,1000000,row-count; full checksum query before block,444.0,44.0,400.0,0.0,0.0,7627264.0,444.0,snowflake_xsmall,1000000,clean_derive,3,14,platform_query,,,,,,,
01c6f32b-0001-fcf9-0001-9ade000be69a,526.502,1000000,row-count; full checksum query before block,471.0,32.0,439.0,0.0,0.0,7627264.0,471.0,snowflake_xsmall,1000000,clean_derive,3,15,platform_query,,,,,,,
,,50,row-count; full checksum in block warmup,,,,,,,1724.774667,pandas,100000000,groupby,3,11,local_parquet_to_batches,2464.211,111.47962600000021,1600.0,1.0,,measurement,2038939648.0
,,50,row-count; full checksum in block warmup,,,,,,,1735.512667,pandas,100000000,groupby,3,12,local_parquet_to_batches,2460.288,111.48629800000012,1600.0,1.0,,measurement,2659057664.0
,,50,row-count; full checksum in block warmup,,,,,,,1759.202459,pandas,100000000,groupby,3,13,local_parquet_to_batches,2477.305,113.81286599999984,1600.0,1.0,,measurement,3084828672.0
,,50,row-count; full checksum in block warmup,,,,,,,1735.616834,pandas,100000000,groupby,3,14,local_parquet_to_batches,2435.394,111.64125300000008,1600.0,1.0,,measurement,3140108288.0
,,50,row-count; full checksum in block warmup,,,,,,,1751.944,pandas,100000000,groupby,3,15,local_parquet_to_batches,2453.307,114.69915399999988,1600.0,1.0,,measurement,3162488832.0
,,200,row-count; full checksum in block warmup,,,,,,,54.833167,pandas,1000000,join_groupby,3,11,local_parquet_to_batches,64.461,3.8345000000000002,6400.0,1.0,,measurement,195379200.0
,,200,row-count; full checksum in block warmup,,,,,,,55.61375,pandas,1000000,join_groupby,3,12,local_parquet_to_batches,65.387,3.6875410000000004,6400.0,1.0,,measurement,199229440.0
,,200,row-count; full checksum in block warmup,,,,,,,54.503333,pandas,1000000,join_groupby,3,13,local_parquet_to_batches,64.045,3.6515009999999997,6400.0,1.0,,measurement,199294976.0
,,200,row-count; full checksum in block warmup,,,,,,,54.938875,pandas,1000000,join_groupby,3,14,local_parquet_to_batches,64.486,3.7092519999999998,6400.0,1.0,,measurement,199393280.0
,,200,row-count; full checksum in block warmup,,,,,,,54.581334,pandas,1000000,join_groupby,3,15,local_parquet_to_batches,64.063,3.7936249999999996,6400.0,1.0,,measurement,199540736.0
,,19798586,row-count; full checksum in block warmup,,,,,,,680.047417,pandas,100000000,filter_project,3,11,local_parquet_to_batches,2356.374,301.0926380000007,475166064.0,1000.0,,measurement,1910816768.0
,,19798586,row-count; full checksum in block warmup,,,,,,,689.630625,pandas,100000000,filter_project,3,12,local_parquet_to_batches,2387.125,301.75484100000006,475166064.0,1000.0,,measurement,2283175936.0
,,19798586,row-count; full checksum in block warmup,,,,,,,680.833667,pandas,100000000,filter_project,3,13,local_parquet_to_batches,2358.732,302.92129799999924,475166064.0,1000.0,,measurement,2287468544.0
,,19798586,row-count; full checksum in block warmup,,,,,,,684.791458,pandas,100000000,filter_project,3,14,local_parquet_to_batches,2367.942,297.9739620000002,475166064.0,1000.0,,measurement,2329362432.0
,,19798586,row-count; full checksum in block warmup,,,,,,,691.589542,pandas,100000000,filter_project,3,15,local_parquet_to_batches,2365.742,307.0468059999998,475166064.0,1000.0,,measurement,2330656768.0
,,1000000000,row-count; full checksum in block warmup,,,,,,,10303.746584,pandas,1000000000,clean_derive,3,11,local_parquet_to_batches,25058.268,3898.080811000003,16000000000.0,10000.0,,measurement,15956672512.0
,,1000000000,row-count; full checksum in block warmup,,,,,,,9457.962,pandas,1000000000,clean_derive,3,12,local_parquet_to_batches,22890.127,3516.9051760000016,16000000000.0,10000.0,,measurement,16225583104.0
,,1000000000,row-count; full checksum in block warmup,,,,,,,9455.408458,pandas,1000000000,clean_derive,3,13,local_parquet_to_batches,22896.762,3472.76613099999,16000000000.0,10000.0,,measurement,17095933952.0
,,1000000000,row-count; full checksum in block warmup,,,,,,,9482.355,pandas,1000000000,clean_derive,3,14,local_parquet_to_batches,22752.199,3489.796560000011,16000000000.0,10000.0,,measurement,17160093696.0
,,1000000000,row-count; full checksum in block warmup,,,,,,,9526.292917,pandas,1000000000,clean_derive,3,15,local_parquet_to_batches,22884.502,3487.6187170000035,16000000000.0,10000.0,,measurement,17597284352.0
,,200,row-count; full checksum in block warmup,,,,,,,598.147375,pandas,10000000,join_groupby,3,11,local_parquet_to_batches,698.028,18.779584,6400.0,1.0,,measurement,558071808.0
,,200,row-count; full checksum in block warmup,,,,,,,576.154542,pandas,10000000,join_groupby,3,12,local_parquet_to_batches,675.383,16.675289000000006,6400.0,1.0,,measurement,618708992.0
,,200,row-count; full checksum in block warmup,,,,,,,565.394625,pandas,10000000,join_groupby,3,13,local_parquet_to_batches,662.429,16.489660000000004,6400.0,1.0,,measurement,622919680.0
,,200,row-count; full checksum in block warmup,,,,,,,573.53775,pandas,10000000,join_groupby,3,14,local_parquet_to_batches,670.81,16.717500999999995,6400.0,1.0,,measurement,638205952.0
,,200,row-count; full checksum in block warmup,,,,,,,571.351583,pandas,10000000,join_groupby,3,15,local_parquet_to_batches,668.559,16.59434,6400.0,1.0,,measurement,640712704.0
,,1980090,row-count; full checksum in block warmup,,,,,,,71.200625,pandas,10000000,filter_project,3,11,local_parquet_to_batches,238.426,31.947580999999992,47522160.0,100.0,,measurement,338526208.0
,,1980090,row-count; full checksum in block warmup,,,,,,,71.48375,pandas,10000000,filter_project,3,12,local_parquet_to_batches,239.614,32.312336,47522160.0,100.0,,measurement,371458048.0
,,1980090,row-count; full checksum in block warmup,,,,,,,71.967958,pandas,10000000,filter_project,3,13,local_parquet_to_batches,238.717,32.75903999999999,47522160.0,100.0,,measurement,372948992.0
,,1980090,row-count; full checksum in block warmup,,,,,,,74.754084,pandas,10000000,filter_project,3,14,local_parquet_to_batches,243.213,33.265049000000005,47522160.0,100.0,,measurement,406470656.0
,,1980090,row-count; full checksum in block warmup,,,,,,,71.342,pandas,10000000,filter_project,3,15,local_parquet_to_batches,239.327,31.807834000000007,47522160.0,100.0,,measurement,406896640.0
,,19886,row-count; full checksum in block warmup,,,,,,,2.503834,pandas,100000,filter_project,3,11,local_parquet_to_batches,3.245,1.883708,477264.0,1.0,,measurement,138035200.0
,,19886,row-count; full checksum in block warmup,,,,,,,2.298417,pandas,100000,filter_project,3,12,local_parquet_to_batches,2.986,1.781417,477264.0,1.0,,measurement,138035200.0
,,19886,row-count; full checksum in block warmup,,,,,,,2.304875,pandas,100000,filter_project,3,13,local_parquet_to_batches,2.985,1.731834,477264.0,1.0,,measurement,138035200.0
,,19886,row-count; full checksum in block warmup,,,,,,,2.276292,pandas,100000,filter_project,3,14,local_parquet_to_batches,2.969,1.693459,477264.0,1.0,,measurement,138035200.0
,,19886,row-count; full checksum in block warmup,,,,,,,2.292625,pandas,100000,filter_project,3,15,local_parquet_to_batches,2.985,1.6986670000000001,477264.0,1.0,,measurement,138035200.0
,,100000000,row-count; full checksum in block warmup,,,,,,,892.406,pandas,100000000,clean_derive,3,11,local_parquet_to_batches,2182.924,299.3123290000001,1600000000.0,1000.0,,measurement,2847145984.0
,,100000000,row-count; full checksum in block warmup,,,,,,,905.312875,pandas,100000000,clean_derive,3,12,local_parquet_to_batches,2204.22,303.0970120000004,1600000000.0,1000.0,,measurement,3484254208.0
,,100000000,row-count; full checksum in block warmup,,,,,,,899.401125,pandas,100000000,clean_derive,3,13,local_parquet_to_batches,2184.777,302.7892170000003,1600000000.0,1000.0,,measurement,3540467712.0
,,100000000,row-count; full checksum in block warmup,,,,,,,898.373459,pandas,100000000,clean_derive,3,14,local_parquet_to_batches,2179.279,304.69279899999987,1600000000.0,1000.0,,measurement,3573366784.0
,,100000000,row-count; full checksum in block warmup,,,,,,,894.174875,pandas,100000000,clean_derive,3,15,local_parquet_to_batches,2177.117,301.5379079999999,1600000000.0,1000.0,,measurement,3578265600.0
,,200,row-count; full checksum in block warmup,,,,,,,5632.810958,pandas,100000000,join_groupby,3,11,local_parquet_to_batches,6655.702,145.0992019999999,6400.0,1.0,,measurement,3336323072.0
,,200,row-count; full checksum in block warmup,,,,,,,5604.692833,pandas,100000000,join_groupby,3,12,local_parquet_to_batches,6587.321,144.32149600000005,6400.0,1.0,,measurement,3404742656.0
,,200,row-count; full checksum in block warmup,,,,,,,5608.255458,pandas,100000000,join_groupby,3,13,local_parquet_to_batches,6579.25,145.43226100000004,6400.0,1.0,,measurement,3447799808.0
,,200,row-count; full checksum in block warmup,,,,,,,5601.277083,pandas,100000000,join_groupby,3,14,local_parquet_to_batches,6582.62,144.0209750000001,6400.0,1.0,,measurement,3464560640.0
,,200,row-count; full checksum in block warmup,,,,,,,5563.635667,pandas,100000000,join_groupby,3,15,local_parquet_to_batches,6544.58,142.6972210000001,6400.0,1.0,,measurement,3480322048.0
,,50,row-count; full checksum in block warmup,,,,,,,184.452875,pandas,10000000,groupby,3,11,local_parquet_to_batches,255.047,12.634123999999991,1600.0,1.0,,measurement,470515712.0
,,50,row-count; full checksum in block warmup,,,,,,,183.65475,pandas,10000000,groupby,3,12,local_parquet_to_batches,253.683,12.557045999999994,1600.0,1.0,,measurement,476692480.0
,,50,row-count; full checksum in block warmup,,,,,,,184.172792,pandas,10000000,groupby,3,13,local_parquet_to_batches,254.46,12.768328999999998,1600.0,1.0,,measurement,478117888.0
,,50,row-count; full checksum in block warmup,,,,,,,184.395667,pandas,10000000,groupby,3,14,local_parquet_to_batches,254.702,13.067832999999998,1600.0,1.0,,measurement,479838208.0
,,50,row-count; full checksum in block warmup,,,,,,,181.610375,pandas,10000000,groupby,3,15,local_parquet_to_batches,251.963,12.433495999999995,1600.0,1.0,,measurement,483524608.0
,,50,row-count; full checksum in block warmup,,,,,,,18339.632208,pandas,1000000000,groupby,3,11,local_parquet_to_batches,25569.966,1115.831940000003,1600.0,1.0,,measurement,9849307136.0
,,50,row-count; full checksum in block warmup,,,,,,,18241.212584,pandas,1000000000,groupby,3,12,local_parquet_to_batches,25417.61,1116.6028450000026,1600.0,1.0,,measurement,9902211072.0
,,50,row-count; full checksum in block warmup,,,,,,,18337.23425,pandas,1000000000,groupby,3,13,local_parquet_to_batches,25599.978,1146.1676309999984,1600.0,1.0,,measurement,9934061568.0
,,50,row-count; full checksum in block warmup,,,,,,,18359.68975,pandas,1000000000,groupby,3,14,local_parquet_to_batches,25646.215,1134.0826549999972,1600.0,1.0,,measurement,9938419712.0
,,50,row-count; full checksum in block warmup,,,,,,,18380.723667,pandas,1000000000,groupby,3,15,local_parquet_to_batches,25640.778,1139.9026939999944,1600.0,1.0,,measurement,9955573760.0
,,50,row-count; full checksum in block warmup,,,,,,,2.910334,pandas,100000,groupby,3,11,local_parquet_to_batches,3.334,1.059166,1600.0,1.0,,measurement,140525568.0
,,50,row-count; full checksum in block warmup,,,,,,,2.691416,pandas,100000,groupby,3,12,local_parquet_to_batches,3.032,0.9253750000000001,1600.0,1.0,,measurement,140541952.0
,,50,row-count; full checksum in block warmup,,,,,,,2.842708,pandas,100000,groupby,3,13,local_parquet_to_batches,3.183,0.9482079999999999,1600.0,1.0,,measurement,140787712.0
,,50,row-count; full checksum in block warmup,,,,,,,2.810417,pandas,100000,groupby,3,14,local_parquet_to_batches,3.131,1.001876,1600.0,1.0,,measurement,140787712.0
,,50,row-count; full checksum in block warmup,,,,,,,2.838875,pandas,100000,groupby,3,15,local_parquet_to_batches,3.174,0.972749,1600.0,1.0,,measurement,140787712.0
,,100000,row-count; full checksum in block warmup,,,,,,,2.118584,pandas,100000,clean_derive,3,11,local_parquet_to_batches,3.104,1.262917,1600000.0,1.0,,measurement,143638528.0
,,100000,row-count; full checksum in block warmup,,,,,,,1.907375,pandas,100000,clean_derive,3,12,local_parquet_to_batches,2.818,1.201832,1600000.0,1.0,,measurement,143638528.0
,,100000,row-count; full checksum in block warmup,,,,,,,1.985458,pandas,100000,clean_derive,3,13,local_parquet_to_batches,2.89,1.190542,1600000.0,1.0,,measurement,144244736.0
,,100000,row-count; full checksum in block warmup,,,,,,,1.934834,pandas,100000,clean_derive,3,14,local_parquet_to_batches,2.834,1.1800009999999999,1600000.0,1.0,,measurement,144424960.0
,,100000,row-count; full checksum in block warmup,,,,,,,1.891125,pandas,100000,clean_derive,3,15,local_parquet_to_batches,2.763,1.177499,1600000.0,1.0,,measurement,144424960.0
,,200,row-count; full checksum in block warmup,,,,,,,57494.604792,pandas,1000000000,join_groupby,3,11,local_parquet_to_batches,68067.216,1589.78662,6400.0,1.0,,measurement,13125730304.0
,,200,row-count; full checksum in block warmup,,,,,,,58015.444417,pandas,1000000000,join_groupby,3,12,local_parquet_to_batches,68361.104,1664.0911770000016,6400.0,1.0,,measurement,13391052800.0
,,200,row-count; full checksum in block warmup,,,,,,,56307.802166,pandas,1000000000,join_groupby,3,13,local_parquet_to_batches,66558.627,1565.8887450000038,6400.0,1.0,,measurement,14547697664.0
,,200,row-count; full checksum in block warmup,,,,,,,56745.568209,pandas,1000000000,join_groupby,3,14,local_parquet_to_batches,67107.234,1605.2650690000046,6400.0,1.0,,measurement,14790033408.0
,,200,row-count; full checksum in block warmup,,,,,,,56226.210625,pandas,1000000000,join_groupby,3,15,local_parquet_to_batches,66444.835,1567.4762440000063,6400.0,1.0,,measurement,14913863680.0
,,197996556,row-count; full checksum in block warmup,,,,,,,7736.508791,pandas,1000000000,filter_project,3,11,local_parquet_to_batches,26817.789,3426.034459999998,4751917344.0,10000.0,,measurement,15318761472.0
,,197996556,row-count; full checksum in block warmup,,,,,,,7602.457125,pandas,1000000000,filter_project,3,12,local_parquet_to_batches,25293.968,3454.156071999997,4751917344.0,10000.0,,measurement,16194093056.0
,,197996556,row-count; full checksum in block warmup,,,,,,,7720.302458,pandas,1000000000,filter_project,3,13,local_parquet_to_batches,25361.5,3424.362383999996,4751917344.0,10000.0,,measurement,16221126656.0
,,197996556,row-count; full checksum in block warmup,,,,,,,7678.169667,pandas,1000000000,filter_project,3,14,local_parquet_to_batches,25080.886,3541.01781199999,4751917344.0,10000.0,,measurement,16221126656.0
,,197996556,row-count; full checksum in block warmup,,,,,,,7581.193541,pandas,1000000000,filter_project,3,15,local_parquet_to_batches,24894.255,3466.616201999999,4751917344.0,10000.0,,measurement,16270180352.0
,,1000000,row-count; full checksum in block warmup,,,,,,,11.020209,pandas,1000000,clean_derive,3,11,local_parquet_to_batches,23.7,4.632959,16000000.0,10.0,,measurement,201113600.0
,,1000000,row-count; full checksum in block warmup,,,,,,,11.223125,pandas,1000000,clean_derive,3,12,local_parquet_to_batches,23.261,4.761418000000001,16000000.0,10.0,,measurement,203014144.0
,,1000000,row-count; full checksum in block warmup,,,,,,,10.783333,pandas,1000000,clean_derive,3,13,local_parquet_to_batches,23.808,4.259501,16000000.0,10.0,,measurement,204865536.0
,,1000000,row-count; full checksum in block warmup,,,,,,,10.3225,pandas,1000000,clean_derive,3,14,local_parquet_to_batches,23.712,4.157415,16000000.0,10.0,,measurement,207290368.0
,,1000000,row-count; full checksum in block warmup,,,,,,,10.8095,pandas,1000000,clean_derive,3,15,local_parquet_to_batches,22.785,4.639417000000001,16000000.0,10.0,,measurement,207863808.0
,,198279,row-count; full checksum in block warmup,,,,,,,8.892917,pandas,1000000,filter_project,3,11,local_parquet_to_batches,25.431,4.445001,4758696.0,10.0,,measurement,178307072.0
,,198279,row-count; full checksum in block warmup,,,,,,,8.527166,pandas,1000000,filter_project,3,12,local_parquet_to_batches,25.025,4.169002000000001,4758696.0,10.0,,measurement,180961280.0
,,198279,row-count; full checksum in block warmup,,,,,,,9.085584,pandas,1000000,filter_project,3,13,local_parquet_to_batches,25.465,4.354667,4758696.0,10.0,,measurement,181338112.0
,,198279,row-count; full checksum in block warmup,,,,,,,8.532833,pandas,1000000,filter_project,3,14,local_parquet_to_batches,24.968,4.2016230000000006,4758696.0,10.0,,measurement,182386688.0
,,198279,row-count; full checksum in block warmup,,,,,,,8.463333,pandas,1000000,filter_project,3,15,local_parquet_to_batches,24.487,4.231209,4758696.0,10.0,,measurement,182419456.0
,,10000000,row-count; full checksum in block warmup,,,,,,,94.060416,pandas,10000000,clean_derive,3,11,local_parquet_to_batches,227.148,31.770550000000004,160000000.0,100.0,,measurement,603389952.0
,,10000000,row-count; full checksum in block warmup,,,,,,,91.258166,pandas,10000000,clean_derive,3,12,local_parquet_to_batches,219.083,31.265000999999994,160000000.0,100.0,,measurement,607420416.0
,,10000000,row-count; full checksum in block warmup,,,,,,,89.994334,pandas,10000000,clean_derive,3,13,local_parquet_to_batches,217.439,30.958376,160000000.0,100.0,,measurement,609091584.0
,,10000000,row-count; full checksum in block warmup,,,,,,,90.517041,pandas,10000000,clean_derive,3,14,local_parquet_to_batches,217.51,31.487837,160000000.0,100.0,,measurement,611270656.0
,,10000000,row-count; full checksum in block warmup,,,,,,,91.148416,pandas,10000000,clean_derive,3,15,local_parquet_to_batches,217.584,31.774913,160000000.0,100.0,,measurement,615038976.0
,,50,row-count; full checksum in block warmup,,,,,,,20.866334,pandas,1000000,groupby,3,11,local_parquet_to_batches,28.037,2.7482500000000005,1600.0,1.0,,measurement,177356800.0
,,50,row-count; full checksum in block warmup,,,,,,,19.833708,pandas,1000000,groupby,3,12,local_parquet_to_batches,26.776,2.3087910000000003,1600.0,1.0,,measurement,179077120.0
,,50,row-count; full checksum in block warmup,,,,,,,19.679875,pandas,1000000,groupby,3,13,local_parquet_to_batches,26.422,2.3300430000000003,1600.0,1.0,,measurement,179372032.0
,,50,row-count; full checksum in block warmup,,,,,,,19.906875,pandas,1000000,groupby,3,14,local_parquet_to_batches,26.487,2.5697050000000004,1600.0,1.0,,measurement,182435840.0
,,50,row-count; full checksum in block warmup,,,,,,,20.02325,pandas,1000000,groupby,3,15,local_parquet_to_batches,26.481,2.522877,1600.0,1.0,,measurement,182878208.0
,,200,row-count; full checksum in block warmup,,,,,,,7.533833,pandas,100000,join_groupby,3,11,local_parquet_to_batches,8.252,1.967458,6400.0,1.0,,measurement,151093248.0
,,200,row-count; full checksum in block warmup,,,,,,,7.245125,pandas,100000,join_groupby,3,12,local_parquet_to_batches,7.984,1.8541249999999998,6400.0,1.0,,measurement,151257088.0
,,200,row-count; full checksum in block warmup,,,,,,,7.504583,pandas,100000,join_groupby,3,13,local_parquet_to_batches,8.278,1.935667,6400.0,1.0,,measurement,151257088.0
,,200,row-count; full checksum in block warmup,,,,,,,7.142292,pandas,100000,join_groupby,3,14,local_parquet_to_batches,7.876,1.81725,6400.0,1.0,,measurement,151273472.0
,,200,row-count; full checksum in block warmup,,,,,,,7.169833,pandas,100000,join_groupby,3,15,local_parquet_to_batches,7.875,1.756749,6400.0,1.0,,measurement,151289856.0
01c6f336-0001-fcf9-0001-9ade000be6c2,115.51275,50,row-count; full checksum query before block,84.0,54.0,30.0,0.0,0.0,7627264.0,84.0,snowflake_small,1000000,groupby,3,11,platform_query,,,,,,,
01c6f336-0001-fcf9-0001-9ade000be6c6,114.028583,50,row-count; full checksum query before block,83.0,42.0,41.0,0.0,0.0,7627264.0,83.0,snowflake_small,1000000,groupby,3,12,platform_query,,,,,,,
01c6f336-0001-fe0c-0001-9ade000bf7fa,102.800834,50,row-count; full checksum query before block,73.0,39.0,34.0,0.0,0.0,7627264.0,73.0,snowflake_small,1000000,groupby,3,13,platform_query,,,,,,,
01c6f336-0001-fe0c-0001-9ade000bf7fe,125.439875,50,row-count; full checksum query before block,77.0,44.0,33.0,0.0,0.0,7627264.0,77.0,snowflake_small,1000000,groupby,3,14,platform_query,,,,,,,
01c6f336-0001-fe0c-0001-9ade000bf802,99.666208,50,row-count; full checksum query before block,72.0,37.0,35.0,0.0,0.0,7627264.0,72.0,snowflake_small,1000000,groupby,3,15,platform_query,,,,,,,
01c6f336-0001-fcf9-0001-9ade000be6ce,789.4115,19798586,row-count; full checksum query before block,697.0,51.0,646.0,0.0,0.0,779216896.0,697.0,snowflake_small,100000000,filter_project,3,11,platform_query,,,,,,,
01c6f336-0001-fcf9-0001-9ade000be6d2,780.094333,19798586,row-count; full checksum query before block,703.0,46.0,657.0,0.0,0.0,779216896.0,703.0,snowflake_small,100000000,filter_project,3,12,platform_query,,,,,,,
01c6f336-0001-fcf9-0001-9ade000be6d6,874.15925,19798586,row-count; full checksum query before block,789.0,42.0,747.0,0.0,0.0,779216896.0,789.0,snowflake_small,100000000,filter_project,3,13,platform_query,,,,,,,
01c6f336-0001-fe0c-0001-9ade000bf80e,796.162459,19798586,row-count; full checksum query before block,707.0,53.0,654.0,0.0,0.0,779216896.0,707.0,snowflake_small,100000000,filter_project,3,14,platform_query,,,,,,,
01c6f336-0001-fcf9-0001-9ade000be6da,955.491583,19798586,row-count; full checksum query before block,758.0,50.0,708.0,0.0,0.0,779216896.0,758.0,snowflake_small,100000000,filter_project,3,15,platform_query,,,,,,,
01c6f336-0001-fcf9-0001-9ade000be6e2,2969.734208,200,row-count; full checksum query before block,2924.0,69.0,2855.0,0.0,0.0,7635346944.0,2924.0,snowflake_small,1000000000,join_groupby,3,11,platform_query,,,,,,,
01c6f336-0001-fcf9-0001-9ade000be6e6,3128.124833,200,row-count; full checksum query before block,2944.0,68.0,2876.0,0.0,0.0,7635346944.0,2944.0,snowflake_small,1000000000,join_groupby,3,12,platform_query,,,,,,,
01c6f336-0001-fcf9-0001-9ade000be6ea,2912.859875,200,row-count; full checksum query before block,2801.0,69.0,2732.0,0.0,0.0,7635346944.0,2801.0,snowflake_small,1000000000,join_groupby,3,13,platform_query,,,,,,,
01c6f336-0001-fe0c-0001-9ade000bf81a,2981.253,200,row-count; full checksum query before block,2934.0,134.0,2800.0,0.0,0.0,7635346944.0,2934.0,snowflake_small,1000000000,join_groupby,3,14,platform_query,,,,,,,
01c6f336-0001-fe0c-0001-9ade000bf81e,2980.362208,200,row-count; full checksum query before block,2924.0,114.0,2810.0,0.0,0.0,7635346944.0,2924.0,snowflake_small,1000000000,join_groupby,3,15,platform_query,,,,,,,
01c6f336-0001-fcf9-0001-9ade000be6f2,91.468958,50,row-count; full checksum query before block,62.0,43.0,19.0,0.0,0.0,973312.0,62.0,snowflake_small,100000,groupby,3,11,platform_query,,,,,,,
01c6f336-0001-fcf9-0001-9ade000be6f6,84.902666,50,row-count; full checksum query before block,56.0,38.0,18.0,0.0,0.0,973312.0,56.0,snowflake_small,100000,groupby,3,12,platform_query,,,,,,,
01c6f336-0001-fcf9-0001-9ade000be6fa,83.138,50,row-count; full checksum query before block,54.0,36.0,18.0,0.0,0.0,973312.0,54.0,snowflake_small,100000,groupby,3,13,platform_query,,,,,,,
01c6f336-0001-fe0c-0001-9ade000bf82a,82.288333,50,row-count; full checksum query before block,54.0,34.0,20.0,0.0,0.0,973312.0,54.0,snowflake_small,100000,groupby,3,14,platform_query,,,,,,,
01c6f336-0001-fcf9-0001-9ade000be6fe,82.031541,50,row-count; full checksum query before block,56.0,37.0,19.0,0.0,0.0,973312.0,56.0,snowflake_small,100000,groupby,3,15,platform_query,,,,,,,
01c6f336-0001-fe0c-0001-9ade000bf832,318.868625,198279,row-count; full checksum query before block,260.0,32.0,228.0,0.0,0.0,7627264.0,260.0,snowflake_small,1000000,filter_project,3,11,platform_query,,,,,,,
01c6f336-0001-fcf9-0001-9ade000be70a,336.642625,198279,row-count; full checksum query before block,261.0,36.0,225.0,0.0,0.0,7627264.0,261.0,snowflake_small,1000000,filter_project,3,12,platform_query,,,,,,,
01c6f336-0001-fe0c-0001-9ade000bf836,436.8905,198279,row-count; full checksum query before block,268.0,31.0,237.0,0.0,0.0,7627264.0,268.0,snowflake_small,1000000,filter_project,3,13,platform_query,,,,,,,
01c6f336-0001-fe0c-0001-9ade000bf83a,503.409209,198279,row-count; full checksum query before block,294.0,32.0,262.0,0.0,0.0,7627264.0,294.0,snowflake_small,1000000,filter_project,3,14,platform_query,,,,,,,
01c6f336-0001-fe0c-0001-9ade000bf83e,512.802667,198279,row-count; full checksum query before block,280.0,31.0,249.0,0.0,0.0,7627264.0,280.0,snowflake_small,1000000,filter_project,3,15,platform_query,,,,,,,
01c6f336-0001-fcf9-0001-9ade000be712,202.386291,200,row-count; full checksum query before block,88.0,55.0,33.0,0.0,0.0,1211904.0,88.0,snowflake_small,100000,join_groupby,3,11,platform_query,,,,,,,
01c6f336-0001-fe0c-0001-9ade000bf84a,117.1995,200,row-count; full checksum query before block,77.0,42.0,35.0,0.0,0.0,1211904.0,77.0,snowflake_small,100000,join_groupby,3,12,platform_query,,,,,,,
01c6f336-0001-fe0c-0001-9ade000bf84e,112.697875,200,row-count; full checksum query before block,75.0,42.0,33.0,0.0,0.0,1211904.0,75.0,snowflake_small,100000,join_groupby,3,13,platform_query,,,,,,,
01c6f336-0001-fe0c-0001-9ade000bf852,113.192,200,row-count; full checksum query before block,78.0,45.0,33.0,0.0,0.0,1211904.0,78.0,snowflake_small,100000,join_groupby,3,14,platform_query,,,,,,,
01c6f336-0001-fcf9-0001-9ade000be716,182.058208,200,row-count; full checksum query before block,79.0,46.0,33.0,0.0,0.0,1211904.0,79.0,snowflake_small,100000,join_groupby,3,15,platform_query,,,,,,,
01c6f336-0001-fe0c-0001-9ade000bf85a,2863.270833,100000000,row-count; full checksum query before block,2730.0,46.0,2684.0,0.0,0.0,779216896.0,2730.0,snowflake_small,100000000,clean_derive,3,11,platform_query,,,,,,,
01c6f336-0001-fcf9-0001-9ade000be722,2906.1755,100000000,row-count; full checksum query before block,2688.0,46.0,2642.0,0.0,0.0,779216896.0,2688.0,snowflake_small,100000000,clean_derive,3,12,platform_query,,,,,,,
01c6f336-0001-fcf9-0001-9ade000be726,3130.501,100000000,row-count; full checksum query before block,2744.0,36.0,2708.0,0.0,0.0,779216896.0,2744.0,snowflake_small,100000000,clean_derive,3,13,platform_query,,,,,,,
01c6f336-0001-fe0c-0001-9ade000bf85e,2828.282542,100000000,row-count; full checksum query before block,2733.0,51.0,2682.0,0.0,0.0,779216896.0,2733.0,snowflake_small,100000000,clean_derive,3,14,platform_query,,,,,,,
01c6f337-0001-fcf9-0001-9ade000be72a,2965.488042,100000000,row-count; full checksum query before block,2817.0,49.0,2768.0,0.0,0.0,779216896.0,2817.0,snowflake_small,100000000,clean_derive,3,15,platform_query,,,,,,,
01c6f337-0001-fe0c-0001-9ade000bf86a,206.441916,19886,row-count; full checksum query before block,144.0,38.0,106.0,0.0,0.0,973312.0,144.0,snowflake_small,100000,filter_project,3,11,platform_query,,,,,,,
01c6f337-0001-fcf9-0001-9ade000be732,305.087458,19886,row-count; full checksum query before block,170.0,50.0,120.0,0.0,0.0,973312.0,170.0,snowflake_small,100000,filter_project,3,12,platform_query,,,,,,,
01c6f337-0001-fe0c-0001-9ade000bf86e,210.993583,19886,row-count; full checksum query before block,148.0,38.0,110.0,0.0,0.0,973312.0,148.0,snowflake_small,100000,filter_project,3,13,platform_query,,,,,,,
01c6f337-0001-fcf9-0001-9ade000be736,308.014292,19886,row-count; full checksum query before block,162.0,55.0,107.0,0.0,0.0,973312.0,162.0,snowflake_small,100000,filter_project,3,14,platform_query,,,,,,,
01c6f337-0001-fe0c-0001-9ade000bf872,250.908084,19886,row-count; full checksum query before block,192.0,40.0,152.0,0.0,0.0,973312.0,192.0,snowflake_small,100000,filter_project,3,15,platform_query,,,,,,,
01c6f337-0001-fcf9-0001-9ade000be742,18230.7225,1000000000,row-count; full checksum query before block,18113.0,54.0,18059.0,0.0,0.0,7635108352.0,18113.0,snowflake_small,1000000000,clean_derive,3,11,platform_query,,,,,,,
01c6f337-0001-fe0c-0001-9ade000bf87a,18184.455584,1000000000,row-count; full checksum query before block,18079.0,84.0,17995.0,0.0,0.0,7635108352.0,18079.0,snowflake_small,1000000000,clean_derive,3,12,platform_query,,,,,,,
01c6f338-0001-fcf9-0001-9ade000be746,18137.762709,1000000000,row-count; full checksum query before block,18021.0,60.0,17961.0,0.0,0.0,7635108352.0,18021.0,snowflake_small,1000000000,clean_derive,3,13,platform_query,,,,,,,
01c6f338-0001-fcf9-0001-9ade000be74a,18217.323708,1000000000,row-count; full checksum query before block,18073.0,62.0,18011.0,0.0,0.0,7635108352.0,18073.0,snowflake_small,1000000000,clean_derive,3,14,platform_query,,,,,,,
01c6f338-0001-fcf9-0001-9ade000be74e,18142.614917,1000000000,row-count; full checksum query before block,17986.0,64.0,17922.0,0.0,0.0,7635108352.0,17986.0,snowflake_small,1000000000,clean_derive,3,15,platform_query,,,,,,,
01c6f339-0001-fcf9-0001-9ade000be762,3685.459083,197996556,row-count; full checksum query before block,3601.0,38.0,3563.0,0.0,0.0,7635108352.0,3601.0,snowflake_small,1000000000,filter_project,3,11,platform_query,,,,,,,
01c6f339-0001-fcf9-0001-9ade000be766,3677.079292,197996556,row-count; full checksum query before block,3592.0,50.0,3542.0,0.0,0.0,7635108352.0,3592.0,snowflake_small,1000000000,filter_project,3,12,platform_query,,,,,,,
01c6f339-0001-fcf9-0001-9ade000be76a,3693.300291,197996556,row-count; full checksum query before block,3611.0,36.0,3575.0,0.0,0.0,7635108352.0,3611.0,snowflake_small,1000000000,filter_project,3,13,platform_query,,,,,,,
01c6f339-0001-fcf9-0001-9ade000be76e,3801.538583,197996556,row-count; full checksum query before block,3708.0,48.0,3660.0,0.0,0.0,7635108352.0,3708.0,snowflake_small,1000000000,filter_project,3,14,platform_query,,,,,,,
01c6f339-0001-fcf9-0001-9ade000be772,3797.428458,197996556,row-count; full checksum query before block,3596.0,44.0,3552.0,0.0,0.0,7635108352.0,3596.0,snowflake_small,1000000000,filter_project,3,15,platform_query,,,,,,,
01c6f339-0001-fcf9-0001-9ade000be77a,556.478041,200,row-count; full checksum query before block,510.0,78.0,432.0,0.0,0.0,779455488.0,510.0,snowflake_small,100000000,join_groupby,3,11,platform_query,,,,,,,
01c6f339-0001-fcf9-0001-9ade000be77e,516.277458,200,row-count; full checksum query before block,476.0,55.0,421.0,0.0,0.0,779455488.0,476.0,snowflake_small,100000000,join_groupby,3,12,platform_query,,,,,,,
01c6f339-0001-fcf9-0001-9ade000be782,502.445083,200,row-count; full checksum query before block,461.0,54.0,407.0,0.0,0.0,779455488.0,461.0,snowflake_small,100000000,join_groupby,3,13,platform_query,,,,,,,
01c6f339-0001-fcf9-0001-9ade000be786,589.397541,200,row-count; full checksum query before block,469.0,51.0,418.0,0.0,0.0,779455488.0,469.0,snowflake_small,100000000,join_groupby,3,14,platform_query,,,,,,,
01c6f339-0001-fe0c-0001-9ade000bf88e,494.252875,200,row-count; full checksum query before block,453.0,55.0,398.0,0.0,0.0,779455488.0,453.0,snowflake_small,100000000,join_groupby,3,15,platform_query,,,,,,,
01c6f339-0001-fe0c-0001-9ade000bf896,195.3815,200,row-count; full checksum query before block,154.0,64.0,90.0,0.0,0.0,7865856.0,154.0,snowflake_small,1000000,join_groupby,3,11,platform_query,,,,,,,
01c6f339-0001-fe0c-0001-9ade000bf89a,176.593875,200,row-count; full checksum query before block,139.0,50.0,89.0,0.0,0.0,7865856.0,139.0,snowflake_small,1000000,join_groupby,3,12,platform_query,,,,,,,
01c6f339-0001-fcf9-0001-9ade000be792,196.364542,200,row-count; full checksum query before block,133.0,48.0,85.0,0.0,0.0,7865856.0,133.0,snowflake_small,1000000,join_groupby,3,13,platform_query,,,,,,,
01c6f339-0001-fcf9-0001-9ade000be796,173.536,200,row-count; full checksum query before block,127.0,42.0,85.0,0.0,0.0,7865856.0,127.0,snowflake_small,1000000,join_groupby,3,14,platform_query,,,,,,,
01c6f339-0001-fcf9-0001-9ade000be79a,177.221709,200,row-count; full checksum query before block,133.0,48.0,85.0,0.0,0.0,7865856.0,133.0,snowflake_small,1000000,join_groupby,3,15,platform_query,,,,,,,
01c6f339-0001-fe0c-0001-9ade000bf89e,1264.589459,50,row-count; full checksum query before block,1183.0,45.0,1138.0,0.0,0.0,7635108352.0,1183.0,snowflake_small,1000000000,groupby,3,11,platform_query,,,,,,,
01c6f339-0001-fe0c-0001-9ade000bf8a2,1328.145583,50,row-count; full checksum query before block,1288.0,36.0,1252.0,0.0,0.0,7635108352.0,1288.0,snowflake_small,1000000000,groupby,3,12,platform_query,,,,,,,
01c6f339-0001-fcf9-0001-9ade000be7aa,1257.756292,50,row-count; full checksum query before block,1227.0,44.0,1183.0,0.0,0.0,7635108352.0,1227.0,snowflake_small,1000000000,groupby,3,13,platform_query,,,,,,,
01c6f339-0001-fe0c-0001-9ade000bf8a6,1410.422209,50,row-count; full checksum query before block,1173.0,40.0,1133.0,0.0,0.0,7635108352.0,1173.0,snowflake_small,1000000000,groupby,3,14,platform_query,,,,,,,
01c6f339-0001-fcf9-0001-9ade000be7ae,1232.85375,50,row-count; full checksum query before block,1158.0,45.0,1113.0,0.0,0.0,7635108352.0,1158.0,snowflake_small,1000000000,groupby,3,15,platform_query,,,,,,,
01c6f339-0001-fcf9-0001-9ade000be7ba,494.115,1980090,row-count; full checksum query before block,293.0,39.0,254.0,0.0,0.0,150832557.0,293.0,snowflake_small,10000000,filter_project,3,11,platform_query,,,,,,,
01c6f339-0001-fe0c-0001-9ade000bf8ae,410.967459,1980090,row-count; full checksum query before block,271.0,33.0,238.0,0.0,0.0,141636608.0,271.0,snowflake_small,10000000,filter_project,3,12,platform_query,,,,,,,
01c6f339-0001-fcf9-0001-9ade000be7be,385.910042,1980090,row-count; full checksum query before block,286.0,43.0,243.0,0.0,0.0,146614272.0,286.0,snowflake_small,10000000,filter_project,3,13,platform_query,,,,,,,
01c6f339-0001-fcf9-0001-9ade000be7c2,384.028875,1980090,row-count; full checksum query before block,286.0,37.0,249.0,0.0,0.0,151591936.0,286.0,snowflake_small,10000000,filter_project,3,14,platform_query,,,,,,,
01c6f339-0001-fe0c-0001-9ade000bf8b2,371.231416,1980090,row-count; full checksum query before block,305.0,35.0,270.0,0.0,0.0,146614784.0,305.0,snowflake_small,10000000,filter_project,3,15,platform_query,,,,,,,
01c6f339-0001-fcf9-0001-9ade000be7ce,204.19525,200,row-count; full checksum query before block,147.0,52.0,95.0,0.0,0.0,146853376.0,147.0,snowflake_small,10000000,join_groupby,3,11,platform_query,,,,,,,
01c6f339-0001-fe0c-0001-9ade000bf8ba,210.219291,200,row-count; full checksum query before block,151.0,57.0,94.0,0.0,0.0,146852864.0,151.0,snowflake_small,10000000,join_groupby,3,12,platform_query,,,,,,,
01c6f339-0001-fcf9-0001-9ade000be7d2,186.996542,200,row-count; full checksum query before block,147.0,48.0,99.0,0.0,0.0,156048380.0,147.0,snowflake_small,10000000,join_groupby,3,13,platform_query,,,,,,,
01c6f339-0001-fe0c-0001-9ade000bf8be,200.45625,200,row-count; full checksum query before block,157.0,54.0,103.0,0.0,0.0,146853376.0,157.0,snowflake_small,10000000,join_groupby,3,14,platform_query,,,,,,,
01c6f339-0001-fe0c-0001-9ade000bf8c2,188.562167,200,row-count; full checksum query before block,151.0,47.0,104.0,0.0,0.0,141875712.0,151.0,snowflake_small,10000000,join_groupby,3,15,platform_query,,,,,,,
01c6f339-0001-fe0c-0001-9ade000bf8ca,510.320042,1000000,row-count; full checksum query before block,448.0,48.0,400.0,0.0,0.0,7627264.0,448.0,snowflake_small,1000000,clean_derive,3,11,platform_query,,,,,,,
01c6f339-0001-fcf9-0001-9ade000be7de,561.640292,1000000,row-count; full checksum query before block,456.0,37.0,419.0,0.0,0.0,7627264.0,456.0,snowflake_small,1000000,clean_derive,3,12,platform_query,,,,,,,
01c6f339-0001-fcf9-0001-9ade000be7e2,520.550666,1000000,row-count; full checksum query before block,458.0,41.0,417.0,0.0,0.0,7627264.0,458.0,snowflake_small,1000000,clean_derive,3,13,platform_query,,,,,,,
01c6f339-0001-fe0c-0001-9ade000bf8ce,490.939875,1000000,row-count; full checksum query before block,433.0,35.0,398.0,0.0,0.0,7627264.0,433.0,snowflake_small,1000000,clean_derive,3,14,platform_query,,,,,,,
01c6f339-0001-fe0c-0001-9ade000bf8d2,483.384625,1000000,row-count; full checksum query before block,429.0,34.0,395.0,0.0,0.0,7627264.0,429.0,snowflake_small,1000000,clean_derive,3,15,platform_query,,,,,,,
01c6f33a-0001-fcf9-0001-9ade000be7ea,530.161083,10000000,row-count; full checksum query before block,462.0,46.0,416.0,0.0,0.0,151591936.0,462.0,snowflake_small,10000000,clean_derive,3,11,platform_query,,,,,,,
01c6f33a-0001-fcf9-0001-9ade000be7ee,526.17875,10000000,row-count; full checksum query before block,453.0,41.0,412.0,0.0,0.0,151591936.0,453.0,snowflake_small,10000000,clean_derive,3,12,platform_query,,,,,,,
01c6f33a-0001-fe0c-0001-9ade000bf8de,571.773959,10000000,row-count; full checksum query before block,501.0,36.0,465.0,0.0,0.0,151591936.0,501.0,snowflake_small,10000000,clean_derive,3,13,platform_query,,,,,,,
01c6f33a-0001-fcf9-0001-9ade000be7f2,608.460666,10000000,row-count; full checksum query before block,486.0,37.0,449.0,0.0,0.0,151591936.0,486.0,snowflake_small,10000000,clean_derive,3,14,platform_query,,,,,,,
01c6f33a-0001-fcf9-0001-9ade000be7f6,612.373292,10000000,row-count; full checksum query before block,476.0,38.0,438.0,0.0,0.0,151591936.0,476.0,snowflake_small,10000000,clean_derive,3,15,platform_query,,,,,,,
01c6f33a-0001-fe0c-0001-9ade000bf8ee,144.823541,50,row-count; full checksum query before block,116.0,51.0,65.0,0.0,0.0,151591936.0,116.0,snowflake_small,10000000,groupby,3,11,platform_query,,,,,,,
01c6f33a-0001-fe0c-0001-9ade000bf8f2,138.532417,50,row-count; full checksum query before block,110.0,39.0,71.0,0.0,0.0,151591936.0,110.0,snowflake_small,10000000,groupby,3,12,platform_query,,,,,,,
01c6f33a-0001-fe0c-0001-9ade000bf8f6,114.752375,50,row-count; full checksum query before block,90.0,34.0,56.0,0.0,0.0,151591936.0,90.0,snowflake_small,10000000,groupby,3,13,platform_query,,,,,,,
01c6f33a-0001-fcf9-0001-9ade000be7fa,126.248541,50,row-count; full checksum query before block,89.0,36.0,53.0,0.0,0.0,151591936.0,89.0,snowflake_small,10000000,groupby,3,14,platform_query,,,,,,,
01c6f33a-0001-fe0c-0001-9ade000bf8fa,121.485459,50,row-count; full checksum query before block,88.0,35.0,53.0,0.0,0.0,151591936.0,88.0,snowflake_small,10000000,groupby,3,15,platform_query,,,,,,,
01c6f33a-0001-fe0c-0001-9ade000bf90a,270.333542,100000,row-count; full checksum query before block,205.0,31.0,174.0,0.0,0.0,973312.0,205.0,snowflake_small,100000,clean_derive,3,11,platform_query,,,,,,,
01c6f33a-0001-fe0c-0001-9ade000bf90e,292.883417,100000,row-count; full checksum query before block,227.0,39.0,188.0,0.0,0.0,973312.0,227.0,snowflake_small,100000,clean_derive,3,12,platform_query,,,,,,,
01c6f33a-0001-fcf9-0001-9ade000be7fe,276.080875,100000,row-count; full checksum query before block,218.0,43.0,175.0,0.0,0.0,973312.0,218.0,snowflake_small,100000,clean_derive,3,13,platform_query,,,,,,,
01c6f33a-0001-fcf9-0001-9ade000be802,447.526125,100000,row-count; full checksum query before block,230.0,37.0,193.0,0.0,0.0,973312.0,230.0,snowflake_small,100000,clean_derive,3,14,platform_query,,,,,,,
01c6f33a-0001-fcf9-0001-9ade000be806,319.487875,100000,row-count; full checksum query before block,220.0,36.0,184.0,0.0,0.0,973312.0,220.0,snowflake_small,100000,clean_derive,3,15,platform_query,,,,,,,
01c6f33a-0001-fcf9-0001-9ade000be812,311.897,50,row-count; full checksum query before block,230.0,37.0,193.0,0.0,0.0,779216896.0,230.0,snowflake_small,100000000,groupby,3,11,platform_query,,,,,,,
01c6f33a-0001-fcf9-0001-9ade000be816,266.524417,50,row-count; full checksum query before block,240.0,42.0,198.0,0.0,0.0,779216896.0,240.0,snowflake_small,100000000,groupby,3,12,platform_query,,,,,,,
01c6f33a-0001-fe0c-0001-9ade000bf916,451.933417,50,row-count; full checksum query before block,256.0,51.0,205.0,0.0,0.0,779216896.0,256.0,snowflake_small,100000000,groupby,3,13,platform_query,,,,,,,
01c6f33a-0001-fcf9-0001-9ade000be81a,304.972083,50,row-count; full checksum query before block,233.0,41.0,192.0,0.0,0.0,779216896.0,233.0,snowflake_small,100000000,groupby,3,14,platform_query,,,,,,,
01c6f33a-0001-fe0c-0001-9ade000bf91a,263.270625,50,row-count; full checksum query before block,236.0,41.0,195.0,0.0,0.0,779216896.0,236.0,snowflake_small,100000000,groupby,3,15,platform_query,,,,,,,
01c6f33a-0001-fcf9-0001-9ade000be832,1313.833875,197996556,row-count; full checksum query before block,1199.0,41.0,1158.0,0.0,0.0,7635108352.0,1199.0,snowflake_large,1000000000,filter_project,3,11,platform_query,,,,,,,
01c6f33a-0001-fcf9-0001-9ade000be836,1315.275375,197996556,row-count; full checksum query before block,1201.0,48.0,1153.0,0.0,0.0,7635108352.0,1201.0,snowflake_large,1000000000,filter_project,3,12,platform_query,,,,,,,
01c6f33a-0001-fcf9-0001-9ade000be83a,1388.934666,197996556,row-count; full checksum query before block,1260.0,50.0,1210.0,0.0,0.0,7635108352.0,1260.0,snowflake_large,1000000000,filter_project,3,13,platform_query,,,,,,,
01c6f33a-0001-fe0c-0001-9ade000bf922,1894.71,197996556,row-count; full checksum query before block,1663.0,401.0,1262.0,0.0,0.0,7635108352.0,1663.0,snowflake_large,1000000000,filter_project,3,14,platform_query,,,,,,,
01c6f33a-0001-fcf9-0001-9ade000be83e,1432.349875,197996556,row-count; full checksum query before block,1305.0,47.0,1258.0,0.0,0.0,7635108352.0,1305.0,snowflake_large,1000000000,filter_project,3,15,platform_query,,,,,,,
01c6f33a-0001-fcf9-0001-9ade000be84e,311.767958,198279,row-count; full checksum query before block,252.0,35.0,217.0,0.0,0.0,7627264.0,252.0,snowflake_large,1000000,filter_project,3,11,platform_query,,,,,,,
01c6f33a-0001-fcf9-0001-9ade000be852,299.178292,198279,row-count; full checksum query before block,244.0,36.0,208.0,0.0,0.0,7627264.0,244.0,snowflake_large,1000000,filter_project,3,12,platform_query,,,,,,,
01c6f33a-0001-fcf9-0001-9ade000be856,418.413041,198279,row-count; full checksum query before block,288.0,36.0,252.0,0.0,0.0,7627264.0,288.0,snowflake_large,1000000,filter_project,3,13,platform_query,,,,,,,
01c6f33a-0001-fe0c-0001-9ade000bf92a,307.332542,198279,row-count; full checksum query before block,247.0,30.0,217.0,0.0,0.0,7627264.0,247.0,snowflake_large,1000000,filter_project,3,14,platform_query,,,,,,,
01c6f33a-0001-fe0c-0001-9ade000bf92e,305.207166,198279,row-count; full checksum query before block,245.0,36.0,209.0,0.0,0.0,7627264.0,245.0,snowflake_large,1000000,filter_project,3,15,platform_query,,,,,,,
01c6f33a-0001-fe0c-0001-9ade000bf93a,148.61825,200,row-count; full checksum query before block,105.0,54.0,51.0,0.0,0.0,1211904.0,105.0,snowflake_large,100000,join_groupby,3,11,platform_query,,,,,,,
01c6f33a-0001-fcf9-0001-9ade000be85e,153.511334,200,row-count; full checksum query before block,111.0,62.0,49.0,0.0,0.0,1211904.0,111.0,snowflake_large,100000,join_groupby,3,12,platform_query,,,,,,,
01c6f33a-0001-fcf9-0001-9ade000be862,149.828709,200,row-count; full checksum query before block,110.0,61.0,49.0,0.0,0.0,1211904.0,110.0,snowflake_large,100000,join_groupby,3,13,platform_query,,,,,,,
01c6f33a-0001-fcf9-0001-9ade000be866,198.315209,200,row-count; full checksum query before block,104.0,53.0,51.0,0.0,0.0,1211904.0,104.0,snowflake_large,100000,join_groupby,3,14,platform_query,,,,,,,
01c6f33a-0001-fe0c-0001-9ade000bf93e,144.999458,200,row-count; full checksum query before block,109.0,60.0,49.0,0.0,0.0,1211904.0,109.0,snowflake_large,100000,join_groupby,3,15,platform_query,,,,,,,
01c6f33a-0001-fe0c-0001-9ade000bf946,181.160083,50,row-count; full checksum query before block,106.0,45.0,61.0,0.0,0.0,151591936.0,106.0,snowflake_large,10000000,groupby,3,11,platform_query,,,,,,,
01c6f33a-0001-fe0c-0001-9ade000bf94a,208.510167,50,row-count; full checksum query before block,90.0,41.0,49.0,0.0,0.0,151591936.0,90.0,snowflake_large,10000000,groupby,3,12,platform_query,,,,,,,
01c6f33a-0001-fcf9-0001-9ade000be872,122.398791,50,row-count; full checksum query before block,91.0,45.0,46.0,0.0,0.0,151591936.0,91.0,snowflake_large,10000000,groupby,3,13,platform_query,,,,,,,
01c6f33a-0001-fe0c-0001-9ade000bf94e,119.21275,50,row-count; full checksum query before block,88.0,43.0,45.0,0.0,0.0,151591936.0,88.0,snowflake_large,10000000,groupby,3,14,platform_query,,,,,,,
01c6f33a-0001-fe0c-0001-9ade000bf952,169.538042,50,row-count; full checksum query before block,89.0,39.0,50.0,0.0,0.0,151591936.0,89.0,snowflake_large,10000000,groupby,3,15,platform_query,,,,,,,
01c6f33a-0001-fcf9-0001-9ade000be87e,318.766625,100000,row-count; full checksum query before block,218.0,47.0,171.0,0.0,0.0,973312.0,218.0,snowflake_large,100000,clean_derive,3,11,platform_query,,,,,,,
01c6f33a-0001-fe0c-0001-9ade000bf95a,284.308875,100000,row-count; full checksum query before block,211.0,40.0,171.0,0.0,0.0,973312.0,211.0,snowflake_large,100000,clean_derive,3,12,platform_query,,,,,,,
01c6f33a-0001-fe0c-0001-9ade000bf95e,413.262,100000,row-count; full checksum query before block,219.0,34.0,185.0,0.0,0.0,973312.0,219.0,snowflake_large,100000,clean_derive,3,13,platform_query,,,,,,,
01c6f33a-0001-fe0c-0001-9ade000bf962,297.0735,100000,row-count; full checksum query before block,230.0,43.0,187.0,0.0,0.0,973312.0,230.0,snowflake_large,100000,clean_derive,3,14,platform_query,,,,,,,
01c6f33a-0001-fcf9-0001-9ade000be882,296.99625,100000,row-count; full checksum query before block,234.0,32.0,202.0,0.0,0.0,973312.0,234.0,snowflake_large,100000,clean_derive,3,15,platform_query,,,,,,,
01c6f33a-0001-fcf9-0001-9ade000be892,118.8225,50,row-count; full checksum query before block,92.0,50.0,42.0,0.0,0.0,7627264.0,92.0,snowflake_large,1000000,groupby,3,11,platform_query,,,,,,,
01c6f33a-0001-fcf9-0001-9ade000be896,123.54525,50,row-count; full checksum query before block,74.0,41.0,33.0,0.0,0.0,7627264.0,74.0,snowflake_large,1000000,groupby,3,12,platform_query,,,,,,,
01c6f33a-0001-fe0c-0001-9ade000bf966,187.017625,50,row-count; full checksum query before block,75.0,43.0,32.0,0.0,0.0,7627264.0,75.0,snowflake_large,1000000,groupby,3,13,platform_query,,,,,,,
01c6f33a-0001-fe0c-0001-9ade000bf96a,97.688167,50,row-count; full checksum query before block,69.0,37.0,32.0,0.0,0.0,7627264.0,69.0,snowflake_large,1000000,groupby,3,14,platform_query,,,,,,,
01c6f33a-0001-fe0c-0001-9ade000bf96e,93.123834,50,row-count; full checksum query before block,69.0,36.0,33.0,0.0,0.0,7627264.0,69.0,snowflake_large,1000000,groupby,3,15,platform_query,,,,,,,
01c6f33a-0001-fcf9-0001-9ade000be8a2,180.392375,50,row-count; full checksum query before block,146.0,44.0,102.0,0.0,0.0,3116867584.0,146.0,snowflake_large,100000000,groupby,3,11,platform_query,,,,,,,
01c6f33a-0001-fcf9-0001-9ade000be8a6,178.651416,50,row-count; full checksum query before block,143.0,39.0,104.0,0.0,0.0,3116867584.0,143.0,snowflake_large,100000000,groupby,3,12,platform_query,,,,,,,
01c6f33a-0001-fe0c-0001-9ade000bf976,183.461833,50,row-count; full checksum query before block,152.0,40.0,112.0,0.0,0.0,3116867584.0,152.0,snowflake_large,100000000,groupby,3,13,platform_query,,,,,,,
01c6f33a-0001-fcf9-0001-9ade000be8aa,1045.056834,50,row-count; full checksum query before block,950.0,38.0,912.0,0.0,0.0,3116867584.0,950.0,snowflake_large,100000000,groupby,3,14,platform_query,,,,,,,
01c6f33a-0001-fe0c-0001-9ade000bf97a,509.168084,50,row-count; full checksum query before block,378.0,258.0,120.0,0.0,0.0,3116867584.0,378.0,snowflake_large,100000000,groupby,3,15,platform_query,,,,,,,
01c6f33a-0001-fe0c-0001-9ade000bf986,237.203792,19886,row-count; full checksum query before block,145.0,30.0,115.0,0.0,0.0,973312.0,145.0,snowflake_large,100000,filter_project,3,11,platform_query,,,,,,,
01c6f33a-0001-fcf9-0001-9ade000be8b2,220.6485,19886,row-count; full checksum query before block,143.0,35.0,108.0,0.0,0.0,973312.0,143.0,snowflake_large,100000,filter_project,3,12,platform_query,,,,,,,
01c6f33a-0001-fe0c-0001-9ade000bf98a,301.489041,19886,row-count; full checksum query before block,163.0,34.0,129.0,0.0,0.0,973312.0,163.0,snowflake_large,100000,filter_project,3,13,platform_query,,,,,,,
01c6f33a-0001-fcf9-0001-9ade000be8b6,229.529208,19886,row-count; full checksum query before block,153.0,46.0,107.0,0.0,0.0,973312.0,153.0,snowflake_large,100000,filter_project,3,14,platform_query,,,,,,,
01c6f33a-0001-fcf9-0001-9ade000be8ba,202.934917,19886,row-count; full checksum query before block,143.0,39.0,104.0,0.0,0.0,973312.0,143.0,snowflake_large,100000,filter_project,3,15,platform_query,,,,,,,
01c6f33a-0001-fcf9-0001-9ade000be8c2,81.625125,50,row-count; full checksum query before block,53.0,36.0,17.0,0.0,0.0,973312.0,53.0,snowflake_large,100000,groupby,3,11,platform_query,,,,,,,
01c6f33a-0001-fcf9-0001-9ade000be8c6,85.576583,50,row-count; full checksum query before block,56.0,37.0,19.0,0.0,0.0,973312.0,56.0,snowflake_large,100000,groupby,3,12,platform_query,,,,,,,
01c6f33a-0001-fe0c-0001-9ade000bf996,139.977583,50,row-count; full checksum query before block,64.0,45.0,19.0,0.0,0.0,973312.0,64.0,snowflake_large,100000,groupby,3,13,platform_query,,,,,,,
01c6f33a-0001-fe0c-0001-9ade000bf99a,76.847,50,row-count; full checksum query before block,51.0,32.0,19.0,0.0,0.0,973312.0,51.0,snowflake_large,100000,groupby,3,14,platform_query,,,,,,,
01c6f33a-0001-fcf9-0001-9ade000be8ca,83.332125,50,row-count; full checksum query before block,56.0,38.0,18.0,0.0,0.0,973312.0,56.0,snowflake_large,100000,groupby,3,15,platform_query,,,,,,,
01c6f33a-0001-fcf9-0001-9ade000be8da,963.94675,200,row-count; full checksum query before block,917.0,60.0,857.0,0.0,0.0,7635346944.0,917.0,snowflake_large,1000000000,join_groupby,3,11,platform_query,,,,,,,
01c6f33a-0001-fcf9-0001-9ade000be8de,1041.769292,200,row-count; full checksum query before block,925.0,66.0,859.0,0.0,0.0,7635346944.0,925.0,snowflake_large,1000000000,join_groupby,3,12,platform_query,,,,,,,
01c6f33a-0001-fe0c-0001-9ade000bf99e,1183.598625,200,row-count; full checksum query before block,1052.0,138.0,914.0,0.0,0.0,7635346944.0,1052.0,snowflake_large,1000000000,join_groupby,3,13,platform_query,,,,,,,
01c6f33a-0001-fe0c-0001-9ade000bf9a6,1010.289833,200,row-count; full checksum query before block,939.0,74.0,865.0,0.0,0.0,7635346944.0,939.0,snowflake_large,1000000000,join_groupby,3,14,platform_query,,,,,,,
01c6f33a-0001-fcf9-0001-9ade000be8e2,1049.622333,200,row-count; full checksum query before block,955.0,74.0,881.0,0.0,0.0,7635346944.0,955.0,snowflake_large,1000000000,join_groupby,3,15,platform_query,,,,,,,
01c6f33b-0001-fe0c-0001-9ade000bf9ae,195.453667,200,row-count; full checksum query before block,149.0,59.0,90.0,0.0,0.0,7865856.0,149.0,snowflake_large,1000000,join_groupby,3,11,platform_query,,,,,,,
01c6f33b-0001-fcf9-0001-9ade000be8ee,203.718083,200,row-count; full checksum query before block,149.0,56.0,93.0,0.0,0.0,7865856.0,149.0,snowflake_large,1000000,join_groupby,3,12,platform_query,,,,,,,
01c6f33b-0001-fe0c-0001-9ade000bf9b2,313.499833,200,row-count; full checksum query before block,184.0,83.0,101.0,0.0,0.0,7865856.0,184.0,snowflake_large,1000000,join_groupby,3,13,platform_query,,,,,,,
01c6f33b-0001-fe0c-0001-9ade000bf9b6,185.057667,200,row-count; full checksum query before block,147.0,59.0,88.0,0.0,0.0,7865856.0,147.0,snowflake_large,1000000,join_groupby,3,14,platform_query,,,,,,,
01c6f33b-0001-fcf9-0001-9ade000be8f2,446.160625,200,row-count; full checksum query before block,236.0,133.0,103.0,0.0,0.0,7865856.0,236.0,snowflake_large,1000000,join_groupby,3,15,platform_query,,,,,,,
01c6f33b-0001-fe0c-0001-9ade000bf9be,1670.097208,100000000,row-count; full checksum query before block,1562.0,49.0,1513.0,0.0,0.0,3116867584.0,1562.0,snowflake_large,100000000,clean_derive,3,11,platform_query,,,,,,,
01c6f33b-0001-fe0c-0001-9ade000bf9c2,1911.264208,100000000,row-count; full checksum query before block,1786.0,63.0,1723.0,0.0,0.0,3116867584.0,1786.0,snowflake_large,100000000,clean_derive,3,12,platform_query,,,,,,,
01c6f33b-0001-fe0c-0001-9ade000bf9c6,1639.000083,100000000,row-count; full checksum query before block,1539.0,85.0,1454.0,0.0,0.0,3116867584.0,1539.0,snowflake_large,100000000,clean_derive,3,13,platform_query,,,,,,,
01c6f33b-0001-fcf9-0001-9ade000be8fe,2134.916,100000000,row-count; full checksum query before block,1523.0,41.0,1482.0,0.0,0.0,3116867584.0,1523.0,snowflake_large,100000000,clean_derive,3,14,platform_query,,,,,,,
01c6f33b-0001-fe0c-0001-9ade000bf9ca,1566.861958,100000000,row-count; full checksum query before block,1469.0,40.0,1429.0,0.0,0.0,3116867584.0,1469.0,snowflake_large,100000000,clean_derive,3,15,platform_query,,,,,,,
01c6f33b-0001-fcf9-0001-9ade000be90a,491.695125,1980090,row-count; full checksum query before block,283.0,51.0,232.0,0.0,0.0,151591936.0,283.0,snowflake_large,10000000,filter_project,3,11,platform_query,,,,,,,
01c6f33b-0001-fe0c-0001-9ade000bf9d2,326.1565,1980090,row-count; full checksum query before block,260.0,39.0,221.0,0.0,0.0,151591936.0,260.0,snowflake_large,10000000,filter_project,3,12,platform_query,,,,,,,
01c6f33b-0001-fcf9-0001-9ade000be90e,325.06325,1980090,row-count; full checksum query before block,254.0,44.0,210.0,0.0,0.0,151591936.0,254.0,snowflake_large,10000000,filter_project,3,13,platform_query,,,,,,,
01c6f33b-0001-fcf9-0001-9ade000be912,348.374292,1980090,row-count; full checksum query before block,256.0,43.0,213.0,0.0,0.0,151591936.0,256.0,snowflake_large,10000000,filter_project,3,14,platform_query,,,,,,,
01c6f33b-0001-fe0c-0001-9ade000bf9d6,364.455625,1980090,row-count; full checksum query before block,295.0,38.0,257.0,0.0,0.0,151591936.0,295.0,snowflake_large,10000000,filter_project,3,15,platform_query,,,,,,,
01c6f33b-0001-fe0c-0001-9ade000bf9de,314.375334,200,row-count; full checksum query before block,274.0,53.0,221.0,0.0,0.0,3117106176.0,274.0,snowflake_large,100000000,join_groupby,3,11,platform_query,,,,,,,
01c6f33b-0001-fe0c-0001-9ade000bf9e2,403.3335,200,row-count; full checksum query before block,285.0,58.0,227.0,0.0,0.0,3036259840.0,285.0,snowflake_large,100000000,join_groupby,3,12,platform_query,,,,,,,
01c6f33b-0001-fcf9-0001-9ade000be91e,509.483958,200,row-count; full checksum query before block,270.0,54.0,216.0,0.0,0.0,3036175360.0,270.0,snowflake_large,100000000,join_groupby,3,13,platform_query,,,,,,,
01c6f33b-0001-fcf9-0001-9ade000be922,314.551083,200,row-count; full checksum query before block,271.0,57.0,214.0,0.0,0.0,3117106176.0,271.0,snowflake_large,100000000,join_groupby,3,14,platform_query,,,,,,,
01c6f33b-0001-fe0c-0001-9ade000bf9e6,344.316916,200,row-count; full checksum query before block,299.0,69.0,230.0,0.0,0.0,2918069760.0,299.0,snowflake_large,100000000,join_groupby,3,15,platform_query,,,,,,,
01c6f33b-0001-fcf9-0001-9ade000be92a,540.06025,1000000,row-count; full checksum query before block,468.0,50.0,418.0,0.0,0.0,7627264.0,468.0,snowflake_large,1000000,clean_derive,3,11,platform_query,,,,,,,
01c6f33b-0001-fe0c-0001-9ade000bf9f2,509.836166,1000000,row-count; full checksum query before block,447.0,35.0,412.0,0.0,0.0,7627264.0,447.0,snowflake_large,1000000,clean_derive,3,12,platform_query,,,,,,,
01c6f33b-0001-fcf9-0001-9ade000be92e,506.93625,1000000,row-count; full checksum query before block,449.0,36.0,413.0,0.0,0.0,7627264.0,449.0,snowflake_large,1000000,clean_derive,3,13,platform_query,,,,,,,
01c6f33b-0001-fe0c-0001-9ade000bf9fa,510.031084,1000000,row-count; full checksum query before block,447.0,43.0,404.0,0.0,0.0,7627264.0,447.0,snowflake_large,1000000,clean_derive,3,14,platform_query,,,,,,,
01c6f33b-0001-fe0c-0001-9ade000bf9fe,515.61625,1000000,row-count; full checksum query before block,444.0,36.0,408.0,0.0,0.0,7627264.0,444.0,snowflake_large,1000000,clean_derive,3,15,platform_query,,,,,,,
01c6f33b-0001-fcf9-0001-9ade000be93a,5352.027833,1000000000,row-count; full checksum query before block,5217.0,51.0,5166.0,0.0,0.0,7635108352.0,5217.0,snowflake_large,1000000000,clean_derive,3,11,platform_query,,,,,,,
01c6f33b-0001-fe0c-0001-9ade000bfa06,6279.616083,1000000000,row-count; full checksum query before block,5524.0,48.0,5476.0,0.0,0.0,7635108352.0,5524.0,snowflake_large,1000000000,clean_derive,3,12,platform_query,,,,,,,
01c6f33b-0001-fcf9-0001-9ade000be93e,5529.441416,1000000000,row-count; full checksum query before block,5381.0,60.0,5321.0,0.0,0.0,7635108352.0,5381.0,snowflake_large,1000000000,clean_derive,3,13,platform_query,,,,,,,
01c6f33b-0001-fe0c-0001-9ade000bfa0a,5645.57225,1000000000,row-count; full checksum query before block,5328.0,49.0,5279.0,0.0,0.0,7635108352.0,5328.0,snowflake_large,1000000000,clean_derive,3,14,platform_query,,,,,,,
01c6f33c-0001-fe0c-0001-9ade000bfa0e,5859.229083,1000000000,row-count; full checksum query before block,5607.0,138.0,5469.0,0.0,0.0,7635108352.0,5607.0,snowflake_large,1000000000,clean_derive,3,15,platform_query,,,,,,,
01c6f33c-0001-fe0c-0001-9ade000bfa1a,674.951417,10000000,row-count; full checksum query before block,599.0,159.0,440.0,0.0,0.0,151591936.0,599.0,snowflake_large,10000000,clean_derive,3,11,platform_query,,,,,,,
01c6f33c-0001-fe0c-0001-9ade000bfa1e,553.841291,10000000,row-count; full checksum query before block,471.0,36.0,435.0,0.0,0.0,151591936.0,471.0,snowflake_large,10000000,clean_derive,3,12,platform_query,,,,,,,
01c6f33c-0001-fe0c-0001-9ade000bfa22,720.238667,10000000,row-count; full checksum query before block,639.0,54.0,585.0,0.0,0.0,151591936.0,639.0,snowflake_large,10000000,clean_derive,3,13,platform_query,,,,,,,
01c6f33c-0001-fe0c-0001-9ade000bfa26,641.14475,10000000,row-count; full checksum query before block,488.0,68.0,420.0,0.0,0.0,151591936.0,488.0,snowflake_large,10000000,clean_derive,3,14,platform_query,,,,,,,
01c6f33c-0001-fe0c-0001-9ade000bfa2a,525.852458,10000000,row-count; full checksum query before block,453.0,53.0,400.0,0.0,0.0,151591936.0,453.0,snowflake_large,10000000,clean_derive,3,15,platform_query,,,,,,,
01c6f33c-0001-fe0c-0001-9ade000bfa36,615.563875,50,row-count; full checksum query before block,441.0,39.0,402.0,0.0,0.0,7635108352.0,441.0,snowflake_large,1000000000,groupby,3,11,platform_query,,,,,,,
01c6f33c-0001-fe0c-0001-9ade000bfa3a,524.665084,50,row-count; full checksum query before block,424.0,37.0,387.0,0.0,0.0,7635108352.0,424.0,snowflake_large,1000000000,groupby,3,12,platform_query,,,,,,,
01c6f33c-0001-fe0c-0001-9ade000bfa3e,522.689958,50,row-count; full checksum query before block,425.0,44.0,381.0,0.0,0.0,7635108352.0,425.0,snowflake_large,1000000000,groupby,3,13,platform_query,,,,,,,
01c6f33c-0001-fe0c-0001-9ade000bfa42,532.235083,50,row-count; full checksum query before block,467.0,33.0,434.0,0.0,0.0,7635108352.0,467.0,snowflake_large,1000000000,groupby,3,14,platform_query,,,,,,,
01c6f33c-0001-fe0c-0001-9ade000bfa46,516.983125,50,row-count; full checksum query before block,428.0,34.0,394.0,0.0,0.0,7635108352.0,428.0,snowflake_large,1000000000,groupby,3,15,platform_query,,,,,,,
01c6f33c-0001-fe0c-0001-9ade000bfa56,565.170792,19798586,row-count; full checksum query before block,470.0,35.0,435.0,0.0,0.0,3008852992.0,470.0,snowflake_large,100000000,filter_project,3,11,platform_query,,,,,,,
01c6f33c-0001-fcf9-0001-9ade000be94e,690.812,19798586,row-count; full checksum query before block,524.0,50.0,474.0,0.0,0.0,2968734208.0,524.0,snowflake_large,100000000,filter_project,3,12,platform_query,,,,,,,
01c6f33c-0001-fe0c-0001-9ade000bfa5a,535.260416,19798586,row-count; full checksum query before block,444.0,31.0,413.0,0.0,0.0,2985027584.0,444.0,snowflake_large,100000000,filter_project,3,13,platform_query,,,,,,,
01c6f33c-0001-fcf9-0001-9ade000be952,587.247541,19798586,row-count; full checksum query before block,506.0,51.0,455.0,0.0,0.0,3065955840.0,506.0,snowflake_large,100000000,filter_project,3,14,platform_query,,,,,,,
01c6f33c-0001-fe0c-0001-9ade000bfa5e,536.026291,19798586,row-count; full checksum query before block,450.0,37.0,413.0,0.0,0.0,2960384000.0,450.0,snowflake_large,100000000,filter_project,3,15,platform_query,,,,,,,
01c6f33c-0001-fcf9-0001-9ade000be95e,373.004166,200,row-count; full checksum query before block,134.0,47.0,87.0,0.0,0.0,146852864.0,134.0,snowflake_large,10000000,join_groupby,3,11,platform_query,,,,,,,
01c6f33c-0001-fe0c-0001-9ade000bfa66,162.026209,200,row-count; full checksum query before block,125.0,48.0,77.0,0.0,0.0,146853376.0,125.0,snowflake_large,10000000,join_groupby,3,12,platform_query,,,,,,,
01c6f33c-0001-fcf9-0001-9ade000be962,172.795208,200,row-count; full checksum query before block,130.0,51.0,79.0,0.0,0.0,146852864.0,130.0,snowflake_large,10000000,join_groupby,3,13,platform_query,,,,,,,
01c6f33c-0001-fe0c-0001-9ade000bfa6a,187.811667,200,row-count; full checksum query before block,139.0,57.0,82.0,0.0,0.0,151830528.0,139.0,snowflake_large,10000000,join_groupby,3,14,platform_query,,,,,,,
01c6f33c-0001-fcf9-0001-9ade000be966,178.699167,200,row-count; full checksum query before block,128.0,50.0,78.0,0.0,0.0,146852864.0,128.0,snowflake_large,10000000,join_groupby,3,15,platform_query,,,,,,,
01c6f33c-0001-fe0c-0001-9ade000bfa7a,247.157292,200,row-count; full checksum query before block,148.0,50.0,98.0,0.0,0.0,141875712.0,148.0,snowflake_small,10000000,join_groupby,4,16,platform_query,,,,,,,
01c6f33c-0001-fe0c-0001-9ade000bfa7e,167.212083,200,row-count; full checksum query before block,128.0,46.0,82.0,0.0,0.0,146852864.0,128.0,snowflake_small,10000000,join_groupby,4,17,platform_query,,,,,,,
01c6f33c-0001-fcf9-0001-9ade000be976,188.164167,200,row-count; full checksum query before block,147.0,46.0,101.0,0.0,0.0,141875712.0,147.0,snowflake_small,10000000,join_groupby,4,18,platform_query,,,,,,,
01c6f33c-0001-fcf9-0001-9ade000be97a,176.010708,200,row-count; full checksum query before block,133.0,45.0,88.0,0.0,0.0,151830528.0,133.0,snowflake_small,10000000,join_groupby,4,19,platform_query,,,,,,,
01c6f33c-0001-fe0c-0001-9ade000bfa82,207.544333,200,row-count; full checksum query before block,168.0,69.0,99.0,0.0,0.0,136898048.0,168.0,snowflake_small,10000000,join_groupby,4,20,platform_query,,,,,,,
01c6f33c-0001-fcf9-0001-9ade000be982,114.424583,50,row-count; full checksum query before block,89.0,36.0,53.0,0.0,0.0,151591936.0,89.0,snowflake_small,10000000,groupby,4,16,platform_query,,,,,,,
01c6f33c-0001-fcf9-0001-9ade000be986,123.852958,50,row-count; full checksum query before block,99.0,40.0,59.0,0.0,0.0,151591936.0,99.0,snowflake_small,10000000,groupby,4,17,platform_query,,,,,,,
01c6f33c-0001-fe0c-0001-9ade000bfa8e,181.474875,50,row-count; full checksum query before block,94.0,39.0,55.0,0.0,0.0,151591936.0,94.0,snowflake_small,10000000,groupby,4,18,platform_query,,,,,,,
01c6f33c-0001-fcf9-0001-9ade000be98a,122.559875,50,row-count; full checksum query before block,94.0,43.0,51.0,0.0,0.0,151591936.0,94.0,snowflake_small,10000000,groupby,4,19,platform_query,,,,,,,
01c6f33c-0001-fcf9-0001-9ade000be98e,113.860459,50,row-count; full checksum query before block,87.0,36.0,51.0,0.0,0.0,151591936.0,87.0,snowflake_small,10000000,groupby,4,20,platform_query,,,,,,,
01c6f33c-0001-fcf9-0001-9ade000be99e,239.031333,50,row-count; full checksum query before block,210.0,36.0,174.0,0.0,0.0,779216896.0,210.0,snowflake_small,100000000,groupby,4,16,platform_query,,,,,,,
01c6f33c-0001-fcf9-0001-9ade000be9a2,252.2575,50,row-count; full checksum query before block,216.0,38.0,178.0,0.0,0.0,779216896.0,216.0,snowflake_small,100000000,groupby,4,17,platform_query,,,,,,,
01c6f33c-0001-fe0c-0001-9ade000bfa96,279.642708,50,row-count; full checksum query before block,238.0,40.0,198.0,0.0,0.0,779216896.0,238.0,snowflake_small,100000000,groupby,4,18,platform_query,,,,,,,
01c6f33c-0001-fcf9-0001-9ade000be9a6,280.644,50,row-count; full checksum query before block,241.0,38.0,203.0,0.0,0.0,779216896.0,241.0,snowflake_small,100000000,groupby,4,19,platform_query,,,,,,,
01c6f33c-0001-fcf9-0001-9ade000be9aa,265.776792,50,row-count; full checksum query before block,233.0,41.0,192.0,0.0,0.0,779216896.0,233.0,snowflake_small,100000000,groupby,4,20,platform_query,,,,,,,
01c6f33c-0001-fcf9-0001-9ade000be9ae,139.02825,200,row-count; full checksum query before block,95.0,46.0,49.0,0.0,0.0,1211904.0,95.0,snowflake_small,100000,join_groupby,4,16,platform_query,,,,,,,
01c6f33c-0001-fe0c-0001-9ade000bfaa6,138.575542,200,row-count; full checksum query before block,97.0,51.0,46.0,0.0,0.0,1211904.0,97.0,snowflake_small,100000,join_groupby,4,17,platform_query,,,,,,,
01c6f33c-0001-fe0c-0001-9ade000bfaaa,207.489875,200,row-count; full checksum query before block,110.0,60.0,50.0,0.0,0.0,1211904.0,110.0,snowflake_small,100000,join_groupby,4,18,platform_query,,,,,,,
01c6f33c-0001-fe0c-0001-9ade000bfaae,147.4485,200,row-count; full checksum query before block,104.0,53.0,51.0,0.0,0.0,1211904.0,104.0,snowflake_small,100000,join_groupby,4,19,platform_query,,,,,,,
01c6f33c-0001-fe0c-0001-9ade000bfab2,144.480208,200,row-count; full checksum query before block,107.0,55.0,52.0,0.0,0.0,1211904.0,107.0,snowflake_small,100000,join_groupby,4,20,platform_query,,,,,,,
01c6f33c-0001-fcf9-0001-9ade000be9b2,409.361958,198279,row-count; full checksum query before block,274.0,35.0,239.0,0.0,0.0,7627264.0,274.0,snowflake_small,1000000,filter_project,4,16,platform_query,,,,,,,
01c6f33c-0001-fe0c-0001-9ade000bfac2,332.603542,198279,row-count; full checksum query before block,271.0,32.0,239.0,0.0,0.0,7627264.0,271.0,snowflake_small,1000000,filter_project,4,17,platform_query,,,,,,,
01c6f33c-0001-fcf9-0001-9ade000be9b6,337.568708,198279,row-count; full checksum query before block,281.0,39.0,242.0,0.0,0.0,7627264.0,281.0,snowflake_small,1000000,filter_project,4,18,platform_query,,,,,,,
01c6f33c-0001-fcf9-0001-9ade000be9ba,384.875625,198279,row-count; full checksum query before block,277.0,36.0,241.0,0.0,0.0,7627264.0,277.0,snowflake_small,1000000,filter_project,4,19,platform_query,,,,,,,
01c6f33c-0001-fe0c-0001-9ade000bfac6,348.027167,198279,row-count; full checksum query before block,272.0,30.0,242.0,0.0,0.0,7627264.0,272.0,snowflake_small,1000000,filter_project,4,20,platform_query,,,,,,,
01c6f33c-0001-fe0c-0001-9ade000bfad6,2902.28375,200,row-count; full checksum query before block,2860.0,64.0,2796.0,0.0,0.0,7635346944.0,2860.0,snowflake_small,1000000000,join_groupby,4,16,platform_query,,,,,,,
01c6f33c-0001-fcf9-0001-9ade000be9be,2940.5725,200,row-count; full checksum query before block,2871.0,61.0,2810.0,0.0,0.0,7635346944.0,2871.0,snowflake_small,1000000000,join_groupby,4,17,platform_query,,,,,,,
01c6f33c-0001-fcf9-0001-9ade000be9c2,3027.685125,200,row-count; full checksum query before block,2972.0,107.0,2865.0,0.0,0.0,7635346944.0,2972.0,snowflake_small,1000000000,join_groupby,4,18,platform_query,,,,,,,
01c6f33c-0001-fe0c-0001-9ade000bfada,2800.080334,200,row-count; full checksum query before block,2760.0,63.0,2697.0,0.0,0.0,7635346944.0,2760.0,snowflake_small,1000000000,join_groupby,4,19,platform_query,,,,,,,
01c6f33d-0001-fcf9-0001-9ade000be9c6,3269.798833,200,row-count; full checksum query before block,3145.0,206.0,2939.0,0.0,0.0,7635346944.0,3145.0,snowflake_small,1000000000,join_groupby,4,20,platform_query,,,,,,,
01c6f33d-0001-fcf9-0001-9ade000be9d6,541.574708,1000000,row-count; full checksum query before block,468.0,57.0,411.0,0.0,0.0,7627264.0,468.0,snowflake_small,1000000,clean_derive,4,16,platform_query,,,,,,,
01c6f33d-0001-fe0c-0001-9ade000bfae2,518.586625,1000000,row-count; full checksum query before block,458.0,34.0,424.0,0.0,0.0,7627264.0,458.0,snowflake_small,1000000,clean_derive,4,17,platform_query,,,,,,,
01c6f33d-0001-fe0c-0001-9ade000bfae6,512.869042,1000000,row-count; full checksum query before block,450.0,35.0,415.0,0.0,0.0,7627264.0,450.0,snowflake_small,1000000,clean_derive,4,18,platform_query,,,,,,,
01c6f33d-0001-fe0c-0001-9ade000bfaea,492.870875,1000000,row-count; full checksum query before block,439.0,42.0,397.0,0.0,0.0,7627264.0,439.0,snowflake_small,1000000,clean_derive,4,19,platform_query,,,,,,,
01c6f33d-0001-fe0c-0001-9ade000bfaee,494.810583,1000000,row-count; full checksum query before block,439.0,47.0,392.0,0.0,0.0,7627264.0,439.0,snowflake_small,1000000,clean_derive,4,20,platform_query,,,,,,,
01c6f33d-0001-fcf9-0001-9ade000be9e2,94.4925,50,row-count; full checksum query before block,66.0,35.0,31.0,0.0,0.0,7627264.0,66.0,snowflake_small,1000000,groupby,4,16,platform_query,,,,,,,
01c6f33d-0001-fcf9-0001-9ade000be9e6,101.674167,50,row-count; full checksum query before block,67.0,37.0,30.0,0.0,0.0,7627264.0,67.0,snowflake_small,1000000,groupby,4,17,platform_query,,,,,,,
01c6f33d-0001-fe0c-0001-9ade000bfaf6,134.318125,50,row-count; full checksum query before block,63.0,30.0,33.0,0.0,0.0,7627264.0,63.0,snowflake_small,1000000,groupby,4,18,platform_query,,,,,,,
01c6f33d-0001-fe0c-0001-9ade000bfafa,93.049,50,row-count; full checksum query before block,65.0,34.0,31.0,0.0,0.0,7627264.0,65.0,snowflake_small,1000000,groupby,4,19,platform_query,,,,,,,
01c6f33d-0001-fe0c-0001-9ade000bfafe,102.629375,50,row-count; full checksum query before block,74.0,42.0,32.0,0.0,0.0,7627264.0,74.0,snowflake_small,1000000,groupby,4,20,platform_query,,,,,,,
01c6f33d-0001-fcf9-0001-9ade000be9ee,90.622209,50,row-count; full checksum query before block,59.0,39.0,20.0,0.0,0.0,973312.0,59.0,snowflake_small,100000,groupby,4,16,platform_query,,,,,,,
01c6f33d-0001-fcf9-0001-9ade000be9f2,81.467084,50,row-count; full checksum query before block,51.0,35.0,16.0,0.0,0.0,973312.0,51.0,snowflake_small,100000,groupby,4,17,platform_query,,,,,,,
01c6f33d-0001-fe0c-0001-9ade000bfb0a,82.720667,50,row-count; full checksum query before block,52.0,33.0,19.0,0.0,0.0,973312.0,52.0,snowflake_small,100000,groupby,4,18,platform_query,,,,,,,
01c6f33d-0001-fcf9-0001-9ade000be9f6,84.519792,50,row-count; full checksum query before block,55.0,34.0,21.0,0.0,0.0,973312.0,55.0,snowflake_small,100000,groupby,4,19,platform_query,,,,,,,
01c6f33d-0001-fcf9-0001-9ade000be9fa,91.8945,50,row-count; full checksum query before block,56.0,33.0,23.0,0.0,0.0,973312.0,56.0,snowflake_small,100000,groupby,4,20,platform_query,,,,,,,
01c6f33d-0001-fcf9-0001-9ade000bea0a,3684.108083,197996556,row-count; full checksum query before block,3604.0,43.0,3561.0,0.0,0.0,7635108352.0,3604.0,snowflake_small,1000000000,filter_project,4,16,platform_query,,,,,,,
01c6f33d-0001-fe0c-0001-9ade000bfb0e,3739.317667,197996556,row-count; full checksum query before block,3650.0,41.0,3609.0,0.0,0.0,7635108352.0,3650.0,snowflake_small,1000000000,filter_project,4,17,platform_query,,,,,,,
01c6f33d-0001-fcf9-0001-9ade000bea0e,3685.457625,197996556,row-count; full checksum query before block,3594.0,55.0,3539.0,0.0,0.0,7635108352.0,3594.0,snowflake_small,1000000000,filter_project,4,18,platform_query,,,,,,,
01c6f33d-0001-fcf9-0001-9ade000bea12,4410.022958,197996556,row-count; full checksum query before block,4307.0,60.0,4247.0,0.0,0.0,7635108352.0,4307.0,snowflake_small,1000000000,filter_project,4,19,platform_query,,,,,,,
01c6f33d-0001-fcf9-0001-9ade000bea16,3907.283584,197996556,row-count; full checksum query before block,3664.0,59.0,3605.0,0.0,0.0,7635108352.0,3664.0,snowflake_small,1000000000,filter_project,4,20,platform_query,,,,,,,
01c6f33d-0001-fcf9-0001-9ade000bea1a,598.316834,10000000,row-count; full checksum query before block,484.0,48.0,436.0,0.0,0.0,151591936.0,484.0,snowflake_small,10000000,clean_derive,4,16,platform_query,,,,,,,
01c6f33d-0001-fcf9-0001-9ade000bea1e,579.825958,10000000,row-count; full checksum query before block,507.0,39.0,468.0,0.0,0.0,151591936.0,507.0,snowflake_small,10000000,clean_derive,4,17,platform_query,,,,,,,
01c6f33d-0001-fe0c-0001-9ade000bfb22,611.968875,10000000,row-count; full checksum query before block,536.0,42.0,494.0,0.0,0.0,151591936.0,536.0,snowflake_small,10000000,clean_derive,4,18,platform_query,,,,,,,
01c6f33d-0001-fe0c-0001-9ade000bfb26,623.894625,10000000,row-count; full checksum query before block,557.0,37.0,520.0,0.0,0.0,151591936.0,557.0,snowflake_small,10000000,clean_derive,4,19,platform_query,,,,,,,
01c6f33d-0001-fe0c-0001-9ade000bfb2a,574.756958,10000000,row-count; full checksum query before block,506.0,42.0,464.0,0.0,0.0,151591936.0,506.0,snowflake_small,10000000,clean_derive,4,20,platform_query,,,,,,,
01c6f33e-0001-fcf9-0001-9ade000bea26,18061.699125,1000000000,row-count; full checksum query before block,17937.0,55.0,17882.0,0.0,0.0,7635108352.0,17937.0,snowflake_small,1000000000,clean_derive,4,16,platform_query,,,,,,,
01c6f33e-0001-fcf9-0001-9ade000bea2a,18260.248417,1000000000,row-count; full checksum query before block,18144.0,57.0,18087.0,0.0,0.0,7635108352.0,18144.0,snowflake_small,1000000000,clean_derive,4,17,platform_query,,,,,,,
01c6f33e-0001-fe0c-0001-9ade000bfb3a,18161.791333,1000000000,row-count; full checksum query before block,17930.0,62.0,17868.0,0.0,0.0,7635108352.0,17930.0,snowflake_small,1000000000,clean_derive,4,18,platform_query,,,,,,,
01c6f33f-0001-fcf9-0001-9ade000bea32,18167.277208,1000000000,row-count; full checksum query before block,18002.0,84.0,17918.0,0.0,0.0,7635108352.0,18002.0,snowflake_small,1000000000,clean_derive,4,19,platform_query,,,,,,,
01c6f33f-0001-fe0c-0001-9ade000bfb42,17606.029042,1000000000,row-count; full checksum query before block,17485.0,56.0,17429.0,0.0,0.0,7635108352.0,17485.0,snowflake_small,1000000000,clean_derive,4,20,platform_query,,,,,,,
01c6f33f-0001-fe0c-0001-9ade000bfb4e,339.745958,1980090,row-count; full checksum query before block,270.0,39.0,231.0,0.0,0.0,151591936.0,270.0,snowflake_small,10000000,filter_project,4,16,platform_query,,,,,,,
01c6f33f-0001-fe0c-0001-9ade000bfb52,377.387458,1980090,row-count; full checksum query before block,282.0,43.0,239.0,0.0,0.0,151591936.0,282.0,snowflake_small,10000000,filter_project,4,17,platform_query,,,,,,,
01c6f33f-0001-fe0c-0001-9ade000bfb56,318.875584,1980090,row-count; full checksum query before block,248.0,37.0,211.0,0.0,0.0,155810227.0,248.0,snowflake_small,10000000,filter_project,4,18,platform_query,,,,,,,
01c6f33f-0001-fcf9-0001-9ade000bea3a,400.571084,1980090,row-count; full checksum query before block,298.0,61.0,237.0,0.0,0.0,151591936.0,298.0,snowflake_small,10000000,filter_project,4,19,platform_query,,,,,,,
01c6f33f-0001-fcf9-0001-9ade000bea3e,343.461375,1980090,row-count; full checksum query before block,269.0,42.0,227.0,0.0,0.0,151591936.0,269.0,snowflake_small,10000000,filter_project,4,20,platform_query,,,,,,,
01c6f33f-0001-fcf9-0001-9ade000bea46,1195.702958,50,row-count; full checksum query before block,1164.0,39.0,1125.0,0.0,0.0,7635108352.0,1164.0,snowflake_small,1000000000,groupby,4,16,platform_query,,,,,,,
01c6f33f-0001-fcf9-0001-9ade000bea4a,1322.172208,50,row-count; full checksum query before block,1285.0,129.0,1156.0,0.0,0.0,7635108352.0,1285.0,snowflake_small,1000000000,groupby,4,17,platform_query,,,,,,,
01c6f33f-0001-fcf9-0001-9ade000bea4e,1152.226125,50,row-count; full checksum query before block,1119.0,42.0,1077.0,0.0,0.0,7635108352.0,1119.0,snowflake_small,1000000000,groupby,4,18,platform_query,,,,,,,
01c6f33f-0001-fe0c-0001-9ade000bfb62,1380.491916,50,row-count; full checksum query before block,1198.0,41.0,1157.0,0.0,0.0,7635108352.0,1198.0,snowflake_small,1000000000,groupby,4,19,platform_query,,,,,,,
01c6f33f-0001-fcf9-0001-9ade000bea52,1330.109375,50,row-count; full checksum query before block,1218.0,48.0,1170.0,0.0,0.0,7635108352.0,1218.0,snowflake_small,1000000000,groupby,4,20,platform_query,,,,,,,
01c6f33f-0001-fcf9-0001-9ade000bea5a,338.741958,100000,row-count; full checksum query before block,271.0,35.0,236.0,0.0,0.0,973312.0,271.0,snowflake_small,100000,clean_derive,4,16,platform_query,,,,,,,
01c6f33f-0001-fe0c-0001-9ade000bfb6e,269.425,100000,row-count; full checksum query before block,205.0,31.0,174.0,0.0,0.0,973312.0,205.0,snowflake_small,100000,clean_derive,4,17,platform_query,,,,,,,
01c6f33f-0001-fcf9-0001-9ade000bea5e,270.29475,100000,row-count; full checksum query before block,209.0,33.0,176.0,0.0,0.0,973312.0,209.0,snowflake_small,100000,clean_derive,4,18,platform_query,,,,,,,
01c6f33f-0001-fcf9-0001-9ade000bea62,258.246042,100000,row-count; full checksum query before block,196.0,39.0,157.0,0.0,0.0,973312.0,196.0,snowflake_small,100000,clean_derive,4,19,platform_query,,,,,,,
01c6f33f-0001-fe0c-0001-9ade000bfb72,274.164541,100000,row-count; full checksum query before block,215.0,37.0,178.0,0.0,0.0,973312.0,215.0,snowflake_small,100000,clean_derive,4,20,platform_query,,,,,,,
01c6f33f-0001-fe0c-0001-9ade000bfb7a,214.970708,19886,row-count; full checksum query before block,155.0,38.0,117.0,0.0,0.0,973312.0,155.0,snowflake_small,100000,filter_project,4,16,platform_query,,,,,,,
01c6f33f-0001-fcf9-0001-9ade000bea6e,234.038083,19886,row-count; full checksum query before block,146.0,38.0,108.0,0.0,0.0,973312.0,146.0,snowflake_small,100000,filter_project,4,17,platform_query,,,,,,,
01c6f33f-0001-fcf9-0001-9ade000bea72,212.874458,19886,row-count; full checksum query before block,148.0,43.0,105.0,0.0,0.0,973312.0,148.0,snowflake_small,100000,filter_project,4,18,platform_query,,,,,,,
01c6f33f-0001-fcf9-0001-9ade000bea76,206.901166,19886,row-count; full checksum query before block,147.0,35.0,112.0,0.0,0.0,973312.0,147.0,snowflake_small,100000,filter_project,4,19,platform_query,,,,,,,
01c6f33f-0001-fe0c-0001-9ade000bfb7e,206.105209,19886,row-count; full checksum query before block,149.0,36.0,113.0,0.0,0.0,973312.0,149.0,snowflake_small,100000,filter_project,4,20,platform_query,,,,,,,
01c6f340-0001-fe0c-0001-9ade000bfb8e,169.55025,200,row-count; full checksum query before block,126.0,51.0,75.0,0.0,0.0,7865856.0,126.0,snowflake_small,1000000,join_groupby,4,16,platform_query,,,,,,,
01c6f340-0001-fcf9-0001-9ade000bea7a,191.355333,200,row-count; full checksum query before block,143.0,66.0,77.0,0.0,0.0,7865856.0,143.0,snowflake_small,1000000,join_groupby,4,17,platform_query,,,,,,,
01c6f340-0001-fe0c-0001-9ade000bfb92,224.207333,200,row-count; full checksum query before block,139.0,61.0,78.0,0.0,0.0,7865856.0,139.0,snowflake_small,1000000,join_groupby,4,18,platform_query,,,,,,,
01c6f340-0001-fe0c-0001-9ade000bfb96,172.059208,200,row-count; full checksum query before block,128.0,50.0,78.0,0.0,0.0,7865856.0,128.0,snowflake_small,1000000,join_groupby,4,19,platform_query,,,,,,,
01c6f340-0001-fe0c-0001-9ade000bfb9a,249.14275,200,row-count; full checksum query before block,129.0,51.0,78.0,0.0,0.0,7865856.0,129.0,snowflake_small,1000000,join_groupby,4,20,platform_query,,,,,,,
01c6f340-0001-fe0c-0001-9ade000bfb9e,822.588708,19798586,row-count; full checksum query before block,705.0,38.0,667.0,0.0,0.0,779216896.0,705.0,snowflake_small,100000000,filter_project,4,16,platform_query,,,,,,,
01c6f340-0001-fcf9-0001-9ade000bea8a,759.97475,19798586,row-count; full checksum query before block,685.0,37.0,648.0,0.0,0.0,779216896.0,685.0,snowflake_small,100000000,filter_project,4,17,platform_query,,,,,,,
01c6f340-0001-fcf9-0001-9ade000bea8e,832.595834,19798586,row-count; full checksum query before block,739.0,41.0,698.0,0.0,0.0,779216896.0,739.0,snowflake_small,100000000,filter_project,4,18,platform_query,,,,,,,
01c6f340-0001-fe0c-0001-9ade000bfba2,763.188792,19798586,row-count; full checksum query before block,689.0,41.0,648.0,0.0,0.0,779216896.0,689.0,snowflake_small,100000000,filter_project,4,19,platform_query,,,,,,,
01c6f340-0001-fe0c-0001-9ade000bfba6,854.554125,19798586,row-count; full checksum query before block,779.0,35.0,744.0,0.0,0.0,779216896.0,779.0,snowflake_small,100000000,filter_project,4,20,platform_query,,,,,,,
01c6f340-0001-fe0c-0001-9ade000bfbae,2717.182375,100000000,row-count; full checksum query before block,2623.0,51.0,2572.0,0.0,0.0,779216896.0,2623.0,snowflake_small,100000000,clean_derive,4,16,platform_query,,,,,,,
01c6f340-0001-fcf9-0001-9ade000bea9a,2869.602791,100000000,row-count; full checksum query before block,2713.0,50.0,2663.0,0.0,0.0,779216896.0,2713.0,snowflake_small,100000000,clean_derive,4,17,platform_query,,,,,,,
01c6f340-0001-fcf9-0001-9ade000bea9e,2745.371542,100000000,row-count; full checksum query before block,2671.0,60.0,2611.0,0.0,0.0,779216896.0,2671.0,snowflake_small,100000000,clean_derive,4,18,platform_query,,,,,,,
01c6f340-0001-fe0c-0001-9ade000bfbb2,2779.365166,100000000,row-count; full checksum query before block,2642.0,72.0,2570.0,0.0,0.0,779216896.0,2642.0,snowflake_small,100000000,clean_derive,4,19,platform_query,,,,,,,
01c6f340-0001-fe0c-0001-9ade000bfbb6,2815.343833,100000000,row-count; full checksum query before block,2659.0,43.0,2616.0,0.0,0.0,779216896.0,2659.0,snowflake_small,100000000,clean_derive,4,20,platform_query,,,,,,,
01c6f340-0001-fe0c-0001-9ade000bfbbe,480.656167,200,row-count; full checksum query before block,440.0,52.0,388.0,0.0,0.0,779455488.0,440.0,snowflake_small,100000000,join_groupby,4,16,platform_query,,,,,,,
01c6f340-0001-fcf9-0001-9ade000beaaa,499.36775,200,row-count; full checksum query before block,455.0,53.0,402.0,0.0,0.0,779455488.0,455.0,snowflake_small,100000000,join_groupby,4,17,platform_query,,,,,,,
01c6f340-0001-fcf9-0001-9ade000beaae,510.418917,200,row-count; full checksum query before block,461.0,57.0,404.0,0.0,0.0,779455488.0,461.0,snowflake_small,100000000,join_groupby,4,18,platform_query,,,,,,,
01c6f340-0001-fe0c-0001-9ade000bfbc2,503.859958,200,row-count; full checksum query before block,459.0,55.0,404.0,0.0,0.0,779455488.0,459.0,snowflake_small,100000000,join_groupby,4,19,platform_query,,,,,,,
01c6f340-0001-fe0c-0001-9ade000bfbc6,505.539084,200,row-count; full checksum query before block,464.0,56.0,408.0,0.0,0.0,779455488.0,464.0,snowflake_small,100000000,join_groupby,4,20,platform_query,,,,,,,
01c6f340-0001-fcf9-0001-9ade000beaba,113.309125,50,row-count; full checksum query before block,51.0,33.0,18.0,0.0,0.0,973312.0,51.0,snowflake_xsmall,100000,groupby,4,16,platform_query,,,,,,,
01c6f340-0001-fcf9-0001-9ade000beabe,77.411833,50,row-count; full checksum query before block,49.0,31.0,18.0,0.0,0.0,973312.0,49.0,snowflake_xsmall,100000,groupby,4,17,platform_query,,,,,,,
01c6f340-0001-fe0c-0001-9ade000bfbda,87.879917,50,row-count; full checksum query before block,59.0,35.0,24.0,0.0,0.0,973312.0,59.0,snowflake_xsmall,100000,groupby,4,18,platform_query,,,,,,,
01c6f340-0001-fe0c-0001-9ade000bfbde,71.953834,50,row-count; full checksum query before block,48.0,30.0,18.0,0.0,0.0,973312.0,48.0,snowflake_xsmall,100000,groupby,4,19,platform_query,,,,,,,
01c6f340-0001-fcf9-0001-9ade000beac2,76.215042,50,row-count; full checksum query before block,50.0,33.0,17.0,0.0,0.0,973312.0,50.0,snowflake_xsmall,100000,groupby,4,20,platform_query,,,,,,,
01c6f340-0001-fe0c-0001-9ade000bfbea,1123.730125,19798586,row-count; full checksum query before block,983.0,38.0,945.0,0.0,0.0,779216896.0,983.0,snowflake_xsmall,100000000,filter_project,4,16,platform_query,,,,,,,
01c6f340-0001-fe0c-0001-9ade000bfbee,1029.781042,19798586,row-count; full checksum query before block,959.0,32.0,927.0,0.0,0.0,779216896.0,959.0,snowflake_xsmall,100000000,filter_project,4,17,platform_query,,,,,,,
01c6f340-0001-fcf9-0001-9ade000beaca,983.248375,19798586,row-count; full checksum query before block,906.0,33.0,873.0,0.0,0.0,779216896.0,906.0,snowflake_xsmall,100000000,filter_project,4,18,platform_query,,,,,,,
01c6f340-0001-fe0c-0001-9ade000bfbf2,1084.029833,19798586,row-count; full checksum query before block,1011.0,39.0,972.0,0.0,0.0,779216896.0,1011.0,snowflake_xsmall,100000000,filter_project,4,19,platform_query,,,,,,,
01c6f340-0001-fcf9-0001-9ade000beace,1030.688333,19798586,row-count; full checksum query before block,961.0,31.0,930.0,0.0,0.0,779216896.0,961.0,snowflake_xsmall,100000000,filter_project,4,20,platform_query,,,,,,,
01c6f341-0001-fcf9-0001-9ade000bead6,34584.604833,1000000000,row-count; full checksum query before block,34475.0,54.0,34421.0,0.0,0.0,7635108352.0,34475.0,snowflake_xsmall,1000000000,clean_derive,4,16,platform_query,,,,,,,
01c6f342-0001-fe0c-0001-9ade000bfbfe,34229.430125,1000000000,row-count; full checksum query before block,34077.0,76.0,34001.0,0.0,0.0,7635108352.0,34077.0,snowflake_xsmall,1000000000,clean_derive,4,17,platform_query,,,,,,,
01c6f342-0001-fcf9-0001-9ade000beada,34306.788,1000000000,row-count; full checksum query before block,34172.0,92.0,34080.0,0.0,0.0,7635108352.0,34172.0,snowflake_xsmall,1000000000,clean_derive,4,18,platform_query,,,,,,,
01c6f343-0001-fe0c-0001-9ade000bfc02,34308.085292,1000000000,row-count; full checksum query before block,34184.0,75.0,34109.0,0.0,0.0,7635108352.0,34184.0,snowflake_xsmall,1000000000,clean_derive,4,19,platform_query,,,,,,,
01c6f343-0001-fe0c-0001-9ade000bfc06,34913.332583,1000000000,row-count; full checksum query before block,34708.0,46.0,34662.0,0.0,0.0,7635108352.0,34708.0,snowflake_xsmall,1000000000,clean_derive,4,20,platform_query,,,,,,,
01c6f344-0001-fcf9-0001-9ade000beae2,292.712042,50,row-count; full checksum query before block,207.0,153.0,54.0,0.0,0.0,76683776.0,207.0,snowflake_xsmall,10000000,groupby,4,16,platform_query,,,,,,,
01c6f344-0001-fcf9-0001-9ade000beae6,240.574875,50,row-count; full checksum query before block,156.0,101.0,55.0,0.0,0.0,76683776.0,156.0,snowflake_xsmall,10000000,groupby,4,17,platform_query,,,,,,,
01c6f344-0001-fe0c-0001-9ade000bfc12,183.729125,50,row-count; full checksum query before block,94.0,45.0,49.0,0.0,0.0,76683776.0,94.0,snowflake_xsmall,10000000,groupby,4,18,platform_query,,,,,,,
01c6f344-0001-fe0c-0001-9ade000bfc16,123.686625,50,row-count; full checksum query before block,96.0,47.0,49.0,0.0,0.0,76683776.0,96.0,snowflake_xsmall,10000000,groupby,4,19,platform_query,,,,,,,
01c6f344-0001-fe0c-0001-9ade000bfc1a,135.24475,50,row-count; full checksum query before block,96.0,51.0,45.0,0.0,0.0,76683776.0,96.0,snowflake_xsmall,10000000,groupby,4,20,platform_query,,,,,,,
01c6f344-0001-fcf9-0001-9ade000beaf6,4506.096125,100000000,row-count; full checksum query before block,4338.0,77.0,4261.0,0.0,0.0,779216896.0,4338.0,snowflake_xsmall,100000000,clean_derive,4,16,platform_query,,,,,,,
01c6f344-0001-fcf9-0001-9ade000beafa,4422.23675,100000000,row-count; full checksum query before block,4238.0,54.0,4184.0,0.0,0.0,779216896.0,4238.0,snowflake_xsmall,100000000,clean_derive,4,17,platform_query,,,,,,,
01c6f344-0001-fe0c-0001-9ade000bfc1e,4476.049708,100000000,row-count; full checksum query before block,4321.0,50.0,4271.0,0.0,0.0,779216896.0,4321.0,snowflake_xsmall,100000000,clean_derive,4,18,platform_query,,,,,,,
01c6f344-0001-fcf9-0001-9ade000beafe,4614.513458,100000000,row-count; full checksum query before block,4458.0,177.0,4281.0,0.0,0.0,779216896.0,4458.0,snowflake_xsmall,100000000,clean_derive,4,19,platform_query,,,,,,,
01c6f344-0001-fe0c-0001-9ade000bfc22,4690.006916,100000000,row-count; full checksum query before block,4436.0,142.0,4294.0,0.0,0.0,779216896.0,4436.0,snowflake_xsmall,100000000,clean_derive,4,20,platform_query,,,,,,,
01c6f345-0001-fcf9-0001-9ade000beb02,226.195791,19886,row-count; full checksum query before block,156.0,46.0,110.0,0.0,0.0,973312.0,156.0,snowflake_xsmall,100000,filter_project,4,16,platform_query,,,,,,,
01c6f345-0001-fe0c-0001-9ade000bfc32,479.906041,19886,row-count; full checksum query before block,333.0,197.0,136.0,0.0,0.0,973312.0,333.0,snowflake_xsmall,100000,filter_project,4,17,platform_query,,,,,,,
01c6f345-0001-fcf9-0001-9ade000beb06,567.123708,19886,row-count; full checksum query before block,177.0,61.0,116.0,0.0,0.0,973312.0,177.0,snowflake_xsmall,100000,filter_project,4,18,platform_query,,,,,,,
01c6f345-0001-fe0c-0001-9ade000bfc36,352.300959,19886,row-count; full checksum query before block,256.0,126.0,130.0,0.0,0.0,973312.0,256.0,snowflake_xsmall,100000,filter_project,4,19,platform_query,,,,,,,
01c6f345-0001-fcf9-0001-9ade000beb0a,361.067333,19886,row-count; full checksum query before block,192.0,72.0,120.0,0.0,0.0,973312.0,192.0,snowflake_xsmall,100000,filter_project,4,20,platform_query,,,,,,,
01c6f345-0001-fe0c-0001-9ade000bfc3a,397.668833,1980090,row-count; full checksum query before block,290.0,42.0,248.0,0.0,0.0,76683776.0,290.0,snowflake_xsmall,10000000,filter_project,4,16,platform_query,,,,,,,
01c6f345-0001-fe0c-0001-9ade000bfc3e,488.828166,1980090,row-count; full checksum query before block,334.0,72.0,262.0,0.0,0.0,76683776.0,334.0,snowflake_xsmall,10000000,filter_project,4,17,platform_query,,,,,,,
01c6f345-0001-fe0c-0001-9ade000bfc42,509.435375,1980090,row-count; full checksum query before block,375.0,98.0,277.0,0.0,0.0,76683776.0,375.0,snowflake_xsmall,10000000,filter_project,4,18,platform_query,,,,,,,
01c6f345-0001-fcf9-0001-9ade000beb1a,419.031917,1980090,row-count; full checksum query before block,311.0,53.0,258.0,0.0,0.0,76683776.0,311.0,snowflake_xsmall,10000000,filter_project,4,19,platform_query,,,,,,,
01c6f345-0001-fcf9-0001-9ade000beb1e,421.275458,1980090,row-count; full checksum query before block,316.0,49.0,267.0,0.0,0.0,76683776.0,316.0,snowflake_xsmall,10000000,filter_project,4,20,platform_query,,,,,,,
01c6f345-0001-fcf9-0001-9ade000beb2a,339.137667,200,row-count; full checksum query before block,189.0,119.0,70.0,0.0,0.0,7865856.0,189.0,snowflake_xsmall,1000000,join_groupby,4,16,platform_query,,,,,,,
01c6f345-0001-fe0c-0001-9ade000bfc4a,166.432709,200,row-count; full checksum query before block,123.0,51.0,72.0,0.0,0.0,7865856.0,123.0,snowflake_xsmall,1000000,join_groupby,4,17,platform_query,,,,,,,
01c6f345-0001-fcf9-0001-9ade000beb2e,194.530042,200,row-count; full checksum query before block,135.0,66.0,69.0,0.0,0.0,7865856.0,135.0,snowflake_xsmall,1000000,join_groupby,4,18,platform_query,,,,,,,
01c6f345-0001-fe0c-0001-9ade000bfc4e,252.5165,200,row-count; full checksum query before block,120.0,48.0,72.0,0.0,0.0,7865856.0,120.0,snowflake_xsmall,1000000,join_groupby,4,19,platform_query,,,,,,,
01c6f345-0001-fcf9-0001-9ade000beb32,177.786542,200,row-count; full checksum query before block,129.0,61.0,68.0,0.0,0.0,7865856.0,129.0,snowflake_xsmall,1000000,join_groupby,4,20,platform_query,,,,,,,
01c6f345-0001-fe0c-0001-9ade000bfc5a,119.937708,200,row-count; full checksum query before block,79.0,47.0,32.0,0.0,0.0,1211904.0,79.0,snowflake_xsmall,100000,join_groupby,4,16,platform_query,,,,,,,
01c6f345-0001-fe0c-0001-9ade000bfc5e,125.827917,200,row-count; full checksum query before block,82.0,50.0,32.0,0.0,0.0,1211904.0,82.0,snowflake_xsmall,100000,join_groupby,4,17,platform_query,,,,,,,
01c6f345-0001-fe0c-0001-9ade000bfc62,116.460542,200,row-count; full checksum query before block,74.0,42.0,32.0,0.0,0.0,1211904.0,74.0,snowflake_xsmall,100000,join_groupby,4,18,platform_query,,,,,,,
01c6f345-0001-fcf9-0001-9ade000beb3a,340.852166,200,row-count; full checksum query before block,299.0,269.0,30.0,0.0,0.0,1211904.0,299.0,snowflake_xsmall,100000,join_groupby,4,19,platform_query,,,,,,,
01c6f345-0001-fe0c-0001-9ade000bfc66,114.423958,200,row-count; full checksum query before block,77.0,44.0,33.0,0.0,0.0,1211904.0,77.0,snowflake_xsmall,100000,join_groupby,4,20,platform_query,,,,,,,
01c6f345-0001-fcf9-0001-9ade000beb46,722.353292,100000,row-count; full checksum query before block,383.0,201.0,182.0,0.0,0.0,973312.0,383.0,snowflake_xsmall,100000,clean_derive,4,16,platform_query,,,,,,,
01c6f345-0001-fe0c-0001-9ade000bfc6e,284.400584,100000,row-count; full checksum query before block,217.0,41.0,176.0,0.0,0.0,973312.0,217.0,snowflake_xsmall,100000,clean_derive,4,17,platform_query,,,,,,,
01c6f345-0001-fcf9-0001-9ade000beb4a,411.67625,100000,row-count; full checksum query before block,303.0,71.0,232.0,0.0,0.0,973312.0,303.0,snowflake_xsmall,100000,clean_derive,4,18,platform_query,,,,,,,
01c6f345-0001-fcf9-0001-9ade000beb4e,375.7595,100000,row-count; full checksum query before block,293.0,104.0,189.0,0.0,0.0,973312.0,293.0,snowflake_xsmall,100000,clean_derive,4,19,platform_query,,,,,,,
01c6f345-0001-fe0c-0001-9ade000bfc72,263.026708,100000,row-count; full checksum query before block,203.0,33.0,170.0,0.0,0.0,973312.0,203.0,snowflake_xsmall,100000,clean_derive,4,20,platform_query,,,,,,,
01c6f345-0001-fcf9-0001-9ade000beb56,277.314291,50,row-count; full checksum query before block,71.0,38.0,33.0,0.0,0.0,7627264.0,71.0,snowflake_xsmall,1000000,groupby,4,16,platform_query,,,,,,,
01c6f345-0001-fcf9-0001-9ade000beb5a,99.162542,50,row-count; full checksum query before block,73.0,41.0,32.0,0.0,0.0,7627264.0,73.0,snowflake_xsmall,1000000,groupby,4,17,platform_query,,,,,,,
01c6f345-0001-fe0c-0001-9ade000bfc7e,97.080875,50,row-count; full checksum query before block,73.0,39.0,34.0,0.0,0.0,7627264.0,73.0,snowflake_xsmall,1000000,groupby,4,18,platform_query,,,,,,,
01c6f345-0001-fcf9-0001-9ade000beb5e,101.424334,50,row-count; full checksum query before block,69.0,36.0,33.0,0.0,0.0,7627264.0,69.0,snowflake_xsmall,1000000,groupby,4,19,platform_query,,,,,,,
01c6f345-0001-fe0c-0001-9ade000bfc82,97.969625,50,row-count; full checksum query before block,68.0,35.0,33.0,0.0,0.0,7627264.0,68.0,snowflake_xsmall,1000000,groupby,4,20,platform_query,,,,,,,
01c6f345-0001-fcf9-0001-9ade000beb66,379.132792,198279,row-count; full checksum query before block,308.0,69.0,239.0,0.0,0.0,7627264.0,308.0,snowflake_xsmall,1000000,filter_project,4,16,platform_query,,,,,,,
01c6f345-0001-fcf9-0001-9ade000beb6a,354.090792,198279,row-count; full checksum query before block,289.0,43.0,246.0,0.0,0.0,7627264.0,289.0,snowflake_xsmall,1000000,filter_project,4,17,platform_query,,,,,,,
01c6f345-0001-fe0c-0001-9ade000bfc92,343.534417,198279,row-count; full checksum query before block,285.0,62.0,223.0,0.0,0.0,7627264.0,285.0,snowflake_xsmall,1000000,filter_project,4,18,platform_query,,,,,,,
01c6f345-0001-fe0c-0001-9ade000bfc96,312.929916,198279,row-count; full checksum query before block,248.0,39.0,209.0,0.0,0.0,7627264.0,248.0,snowflake_xsmall,1000000,filter_project,4,19,platform_query,,,,,,,
01c6f345-0001-fe0c-0001-9ade000bfc9a,320.643333,198279,row-count; full checksum query before block,256.0,45.0,211.0,0.0,0.0,7627264.0,256.0,snowflake_xsmall,1000000,filter_project,4,20,platform_query,,,,,,,
01c6f345-0001-fe0c-0001-9ade000bfca2,499.253583,50,row-count; full checksum query before block,336.0,47.0,289.0,0.0,0.0,779216896.0,336.0,snowflake_xsmall,100000000,groupby,4,16,platform_query,,,,,,,
01c6f345-0001-fcf8-0001-9ade000c019e,512.928875,50,row-count; full checksum query before block,329.0,45.0,284.0,0.0,0.0,779216896.0,329.0,snowflake_xsmall,100000000,groupby,4,17,platform_query,,,,,,,
01c6f345-0001-fe0c-0001-9ade000bfca6,377.843667,50,row-count; full checksum query before block,346.0,51.0,295.0,0.0,0.0,779216896.0,346.0,snowflake_xsmall,100000000,groupby,4,18,platform_query,,,,,,,
01c6f345-0001-fcf8-0001-9ade000c01a2,414.709959,50,row-count; full checksum query before block,367.0,40.0,327.0,0.0,0.0,779216896.0,367.0,snowflake_xsmall,100000000,groupby,4,19,platform_query,,,,,,,
01c6f345-0001-fcf9-0001-9ade000beb72,356.741791,50,row-count; full checksum query before block,325.0,41.0,284.0,0.0,0.0,779216896.0,325.0,snowflake_xsmall,100000000,groupby,4,20,platform_query,,,,,,,
01c6f345-0001-fcf9-0001-9ade000beb7e,513.141209,1000000,row-count; full checksum query before block,442.0,36.0,406.0,0.0,0.0,7627264.0,442.0,snowflake_xsmall,1000000,clean_derive,4,16,platform_query,,,,,,,
01c6f345-0001-fcf9-0001-9ade000beb82,513.904542,1000000,row-count; full checksum query before block,454.0,41.0,413.0,0.0,0.0,7627264.0,454.0,snowflake_xsmall,1000000,clean_derive,4,17,platform_query,,,,,,,
01c6f345-0001-fcf8-0001-9ade000c01a6,509.131625,1000000,row-count; full checksum query before block,444.0,32.0,412.0,0.0,0.0,7627264.0,444.0,snowflake_xsmall,1000000,clean_derive,4,18,platform_query,,,,,,,
01c6f345-0001-fe0c-0001-9ade000bfcae,508.799708,1000000,row-count; full checksum query before block,446.0,38.0,408.0,0.0,0.0,7627264.0,446.0,snowflake_xsmall,1000000,clean_derive,4,19,platform_query,,,,,,,
01c6f345-0001-fcf9-0001-9ade000beb86,507.832583,1000000,row-count; full checksum query before block,441.0,38.0,403.0,0.0,0.0,7627264.0,441.0,snowflake_xsmall,1000000,clean_derive,4,20,platform_query,,,,,,,
01c6f345-0001-fcf8-0001-9ade000c01ae,5295.077833,200,row-count; full checksum query before block,5257.0,68.0,5189.0,0.0,0.0,7635346944.0,5257.0,snowflake_xsmall,1000000000,join_groupby,4,16,platform_query,,,,,,,
01c6f345-0001-fe2b-0001-9ade000c1006,6450.556084,200,row-count; full checksum query before block,6237.0,1027.0,5210.0,0.0,0.0,7635346944.0,6237.0,snowflake_xsmall,1000000000,join_groupby,4,17,platform_query,,,,,,,
01c6f345-0001-fcf9-0001-9ade000beb92,5416.76925,200,row-count; full checksum query before block,5376.0,55.0,5321.0,0.0,0.0,7635346944.0,5376.0,snowflake_xsmall,1000000000,join_groupby,4,18,platform_query,,,,,,,
01c6f346-0001-fe2b-0001-9ade000c100a,5415.331834,200,row-count; full checksum query before block,5369.0,126.0,5243.0,0.0,0.0,7635346944.0,5369.0,snowflake_xsmall,1000000000,join_groupby,4,19,platform_query,,,,,,,
01c6f346-0001-fe2b-0001-9ade000c100e,5264.931208,200,row-count; full checksum query before block,5220.0,89.0,5131.0,0.0,0.0,7635346944.0,5220.0,snowflake_xsmall,1000000000,join_groupby,4,20,platform_query,,,,,,,
01c6f346-0001-fe2b-0001-9ade000c1012,1048.975666,200,row-count; full checksum query before block,930.0,299.0,631.0,0.0,0.0,779455488.0,930.0,snowflake_xsmall,100000000,join_groupby,4,16,platform_query,,,,,,,
01c6f346-0001-fcf9-0001-9ade000beb9a,715.533209,200,row-count; full checksum query before block,676.0,50.0,626.0,0.0,0.0,779455488.0,676.0,snowflake_xsmall,100000000,join_groupby,4,17,platform_query,,,,,,,
01c6f346-0001-fcf9-0001-9ade000beb9e,720.227375,200,row-count; full checksum query before block,679.0,52.0,627.0,0.0,0.0,779455488.0,679.0,snowflake_xsmall,100000000,join_groupby,4,18,platform_query,,,,,,,
01c6f346-0001-fe0c-0001-9ade000bfcb2,724.439791,200,row-count; full checksum query before block,679.0,77.0,602.0,0.0,0.0,779455488.0,679.0,snowflake_xsmall,100000000,join_groupby,4,19,platform_query,,,,,,,
01c6f346-0001-fcf8-0001-9ade000c01be,705.9605,200,row-count; full checksum query before block,670.0,51.0,619.0,0.0,0.0,779455488.0,670.0,snowflake_xsmall,100000000,join_groupby,4,20,platform_query,,,,,,,
01c6f346-0001-fcf9-0001-9ade000beba6,710.756666,10000000,row-count; full checksum query before block,629.0,40.0,589.0,0.0,0.0,76683776.0,629.0,snowflake_xsmall,10000000,clean_derive,4,16,platform_query,,,,,,,
01c6f346-0001-fcf9-0001-9ade000bebaa,674.150333,10000000,row-count; full checksum query before block,611.0,39.0,572.0,0.0,0.0,76683776.0,611.0,snowflake_xsmall,10000000,clean_derive,4,17,platform_query,,,,,,,
01c6f346-0001-fcf9-0001-9ade000bebae,765.713084,10000000,row-count; full checksum query before block,701.0,36.0,665.0,0.0,0.0,76683776.0,701.0,snowflake_xsmall,10000000,clean_derive,4,18,platform_query,,,,,,,
01c6f346-0001-fcf8-0001-9ade000c01c6,680.76825,10000000,row-count; full checksum query before block,610.0,32.0,578.0,0.0,0.0,76683776.0,610.0,snowflake_xsmall,10000000,clean_derive,4,19,platform_query,,,,,,,
01c6f346-0001-fcf8-0001-9ade000c01ca,672.116125,10000000,row-count; full checksum query before block,607.0,31.0,576.0,0.0,0.0,76683776.0,607.0,snowflake_xsmall,10000000,clean_derive,4,20,platform_query,,,,,,,
01c6f346-0001-fe2b-0001-9ade000c101e,6459.85575,197996556,row-count; full checksum query before block,6374.0,65.0,6309.0,0.0,0.0,7635108352.0,6374.0,snowflake_xsmall,1000000000,filter_project,4,16,platform_query,,,,,,,
01c6f346-0001-fe2b-0001-9ade000c1022,6612.535375,197996556,row-count; full checksum query before block,6520.0,69.0,6451.0,0.0,0.0,7635108352.0,6520.0,snowflake_xsmall,1000000000,filter_project,4,17,platform_query,,,,,,,
01c6f346-0001-fe0c-0001-9ade000bfcba,6528.603041,197996556,row-count; full checksum query before block,6447.0,54.0,6393.0,0.0,0.0,7635108352.0,6447.0,snowflake_xsmall,1000000000,filter_project,4,18,platform_query,,,,,,,
01c6f346-0001-fcf8-0001-9ade000c01d2,6946.54625,197996556,row-count; full checksum query before block,6658.0,57.0,6601.0,0.0,0.0,7635108352.0,6658.0,snowflake_xsmall,1000000000,filter_project,4,19,platform_query,,,,,,,
01c6f347-0001-fcf9-0001-9ade000bebba,6565.031167,197996556,row-count; full checksum query before block,6483.0,53.0,6430.0,0.0,0.0,7635108352.0,6483.0,snowflake_xsmall,1000000000,filter_project,4,20,platform_query,,,,,,,
01c6f347-0001-fcf9-0001-9ade000bebbe,2301.023375,50,row-count; full checksum query before block,2259.0,37.0,2222.0,0.0,0.0,7635108352.0,2259.0,snowflake_xsmall,1000000000,groupby,4,16,platform_query,,,,,,,
01c6f347-0001-fcf8-0001-9ade000c01de,2228.712459,50,row-count; full checksum query before block,2112.0,45.0,2067.0,0.0,0.0,7635108352.0,2112.0,snowflake_xsmall,1000000000,groupby,4,17,platform_query,,,,,,,
01c6f347-0001-fe0c-0001-9ade000bfcc2,2226.719333,50,row-count; full checksum query before block,2198.0,42.0,2156.0,0.0,0.0,7635108352.0,2198.0,snowflake_xsmall,1000000000,groupby,4,18,platform_query,,,,,,,
01c6f347-0001-fe2b-0001-9ade000c102a,2299.144667,50,row-count; full checksum query before block,2266.0,54.0,2212.0,0.0,0.0,7635108352.0,2266.0,snowflake_xsmall,1000000000,groupby,4,19,platform_query,,,,,,,
01c6f347-0001-fcf9-0001-9ade000bebc2,2292.873417,50,row-count; full checksum query before block,2179.0,32.0,2147.0,0.0,0.0,7635108352.0,2179.0,snowflake_xsmall,1000000000,groupby,4,20,platform_query,,,,,,,
01c6f347-0001-fcf9-0001-9ade000bebc6,189.227916,200,row-count; full checksum query before block,149.0,52.0,97.0,0.0,0.0,76922368.0,149.0,snowflake_xsmall,10000000,join_groupby,4,16,platform_query,,,,,,,
01c6f347-0001-fcf8-0001-9ade000c01ea,196.371541,200,row-count; full checksum query before block,156.0,43.0,113.0,0.0,0.0,76922368.0,156.0,snowflake_xsmall,10000000,join_groupby,4,17,platform_query,,,,,,,
01c6f347-0001-fe2b-0001-9ade000c1032,187.99625,200,row-count; full checksum query before block,148.0,56.0,92.0,0.0,0.0,76922368.0,148.0,snowflake_xsmall,10000000,join_groupby,4,18,platform_query,,,,,,,
01c6f347-0001-fe0c-0001-9ade000bfcc6,172.667667,200,row-count; full checksum query before block,137.0,46.0,91.0,0.0,0.0,76922368.0,137.0,snowflake_xsmall,10000000,join_groupby,4,19,platform_query,,,,,,,
01c6f347-0001-fe0c-0001-9ade000bfcca,261.419291,200,row-count; full checksum query before block,140.0,45.0,95.0,0.0,0.0,76922368.0,140.0,snowflake_xsmall,10000000,join_groupby,4,20,platform_query,,,,,,,
01c6f347-0001-fe2b-0001-9ade000c103e,432.261583,1980090,row-count; full checksum query before block,283.0,43.0,240.0,0.0,0.0,141637632.0,283.0,snowflake_medium,10000000,filter_project,4,16,platform_query,,,,,,,
01c6f347-0001-fcf8-0001-9ade000c01f2,573.719292,1980090,row-count; full checksum query before block,497.0,224.0,273.0,0.0,0.0,151591936.0,497.0,snowflake_medium,10000000,filter_project,4,17,platform_query,,,,,,,
01c6f347-0001-fe0c-0001-9ade000bfcd6,473.785542,1980090,row-count; full checksum query before block,316.0,31.0,285.0,0.0,0.0,151591936.0,316.0,snowflake_medium,10000000,filter_project,4,18,platform_query,,,,,,,
01c6f347-0001-fe2b-0001-9ade000c1042,369.842167,1980090,row-count; full checksum query before block,291.0,41.0,250.0,0.0,0.0,151591936.0,291.0,snowflake_medium,10000000,filter_project,4,19,platform_query,,,,,,,
01c6f347-0001-fcf8-0001-9ade000c01f6,361.432,1980090,row-count; full checksum query before block,269.0,39.0,230.0,0.0,0.0,136659456.0,269.0,snowflake_medium,10000000,filter_project,4,20,platform_query,,,,,,,
01c6f347-0001-fcf9-0001-9ade000bebd2,179.430166,200,row-count; full checksum query before block,134.0,47.0,87.0,0.0,0.0,7865856.0,134.0,snowflake_medium,1000000,join_groupby,4,16,platform_query,,,,,,,
01c6f347-0001-fcf8-0001-9ade000c01fe,189.85275,200,row-count; full checksum query before block,150.0,61.0,89.0,0.0,0.0,7865856.0,150.0,snowflake_medium,1000000,join_groupby,4,17,platform_query,,,,,,,
01c6f347-0001-fcf8-0001-9ade000c0202,170.070541,200,row-count; full checksum query before block,133.0,42.0,91.0,0.0,0.0,7865856.0,133.0,snowflake_medium,1000000,join_groupby,4,18,platform_query,,,,,,,
01c6f347-0001-fcf8-0001-9ade000c0206,170.231125,200,row-count; full checksum query before block,135.0,46.0,89.0,0.0,0.0,7865856.0,135.0,snowflake_medium,1000000,join_groupby,4,19,platform_query,,,,,,,
01c6f347-0001-fe0c-0001-9ade000bfcde,174.319208,200,row-count; full checksum query before block,136.0,50.0,86.0,0.0,0.0,7865856.0,136.0,snowflake_medium,1000000,join_groupby,4,20,platform_query,,,,,,,
01c6f347-0001-fe0c-0001-9ade000bfce2,10161.018542,1000000000,row-count; full checksum query before block,9969.0,47.0,9922.0,0.0,0.0,7635108352.0,9969.0,snowflake_medium,1000000000,clean_derive,4,16,platform_query,,,,,,,
01c6f348-0001-fcf9-0001-9ade000bebd6,10429.526083,1000000000,row-count; full checksum query before block,10296.0,257.0,10039.0,0.0,0.0,7635108352.0,10296.0,snowflake_medium,1000000000,clean_derive,4,17,platform_query,,,,,,,
01c6f348-0001-fcf8-0001-9ade000c020e,10069.332083,1000000000,row-count; full checksum query before block,9942.0,49.0,9893.0,0.0,0.0,7635108352.0,9942.0,snowflake_medium,1000000000,clean_derive,4,18,platform_query,,,,,,,
01c6f348-0001-fe0c-0001-9ade000bfce6,10076.521542,1000000000,row-count; full checksum query before block,9907.0,61.0,9846.0,0.0,0.0,7635108352.0,9907.0,snowflake_medium,1000000000,clean_derive,4,19,platform_query,,,,,,,
01c6f348-0001-fcf9-0001-9ade000bebde,10048.624792,1000000000,row-count; full checksum query before block,9920.0,60.0,9860.0,0.0,0.0,7635108352.0,9920.0,snowflake_medium,1000000000,clean_derive,4,20,platform_query,,,,,,,
01c6f348-0001-fe0c-0001-9ade000bfcea,104.116125,50,row-count; full checksum query before block,75.0,44.0,31.0,0.0,0.0,7627264.0,75.0,snowflake_medium,1000000,groupby,4,16,platform_query,,,,,,,
01c6f348-0001-fcf8-0001-9ade000c0212,110.525208,50,row-count; full checksum query before block,81.0,50.0,31.0,0.0,0.0,7627264.0,81.0,snowflake_medium,1000000,groupby,4,17,platform_query,,,,,,,
01c6f348-0001-fcf9-0001-9ade000bebe6,191.5525,50,row-count; full checksum query before block,94.0,59.0,35.0,0.0,0.0,7627264.0,94.0,snowflake_medium,1000000,groupby,4,18,platform_query,,,,,,,
01c6f348-0001-fcf8-0001-9ade000c0216,94.63025,50,row-count; full checksum query before block,64.0,32.0,32.0,0.0,0.0,7627264.0,64.0,snowflake_medium,1000000,groupby,4,19,platform_query,,,,,,,
01c6f348-0001-fe0c-0001-9ade000bfcee,89.505708,50,row-count; full checksum query before block,64.0,34.0,30.0,0.0,0.0,7627264.0,64.0,snowflake_medium,1000000,groupby,4,20,platform_query,,,,,,,
01c6f348-0001-fcf8-0001-9ade000c021e,84.694708,50,row-count; full checksum query before block,59.0,33.0,26.0,0.0,0.0,973312.0,59.0,snowflake_medium,100000,groupby,4,16,platform_query,,,,,,,
01c6f348-0001-fcf9-0001-9ade000bebee,83.819667,50,row-count; full checksum query before block,55.0,34.0,21.0,0.0,0.0,973312.0,55.0,snowflake_medium,100000,groupby,4,17,platform_query,,,,,,,
01c6f348-0001-fe0c-0001-9ade000bfcf6,77.061792,50,row-count; full checksum query before block,50.0,33.0,17.0,0.0,0.0,973312.0,50.0,snowflake_medium,100000,groupby,4,18,platform_query,,,,,,,
01c6f348-0001-fcf9-0001-9ade000bebf2,78.992334,50,row-count; full checksum query before block,52.0,33.0,19.0,0.0,0.0,973312.0,52.0,snowflake_medium,100000,groupby,4,19,platform_query,,,,,,,
01c6f348-0001-fcf9-0001-9ade000bebf6,109.223416,50,row-count; full checksum query before block,51.0,32.0,19.0,0.0,0.0,973312.0,51.0,snowflake_medium,100000,groupby,4,20,platform_query,,,,,,,
01c6f348-0001-fcf8-0001-9ade000c0226,746.124167,50,row-count; full checksum query before block,719.0,35.0,684.0,0.0,0.0,7635108352.0,719.0,snowflake_medium,1000000000,groupby,4,16,platform_query,,,,,,,
01c6f348-0001-fcf8-0001-9ade000c022a,725.753667,50,row-count; full checksum query before block,699.0,37.0,662.0,0.0,0.0,7635108352.0,699.0,snowflake_medium,1000000000,groupby,4,17,platform_query,,,,,,,
01c6f348-0001-fe0c-0001-9ade000bfcfe,804.036209,50,row-count; full checksum query before block,695.0,37.0,658.0,0.0,0.0,7635108352.0,695.0,snowflake_medium,1000000000,groupby,4,18,platform_query,,,,,,,
01c6f348-0001-fcf9-0001-9ade000bebfa,732.689625,50,row-count; full checksum query before block,706.0,46.0,660.0,0.0,0.0,7635108352.0,706.0,snowflake_medium,1000000000,groupby,4,19,platform_query,,,,,,,
01c6f348-0001-fe0c-0001-9ade000bfd02,797.514167,50,row-count; full checksum query before block,771.0,41.0,730.0,0.0,0.0,7635108352.0,771.0,snowflake_medium,1000000000,groupby,4,20,platform_query,,,,,,,
01c6f349-0001-fe2b-0001-9ade000c1066,1850.591166,200,row-count; full checksum query before block,1803.0,69.0,1734.0,0.0,0.0,7635346944.0,1803.0,snowflake_medium,1000000000,join_groupby,4,16,platform_query,,,,,,,
01c6f349-0001-fcf9-0001-9ade000bec02,1640.416416,200,row-count; full checksum query before block,1592.0,70.0,1522.0,0.0,0.0,7635346944.0,1592.0,snowflake_medium,1000000000,join_groupby,4,17,platform_query,,,,,,,
01c6f349-0001-fcf9-0001-9ade000bec06,1897.772792,200,row-count; full checksum query before block,1784.0,57.0,1727.0,0.0,0.0,7635346944.0,1784.0,snowflake_medium,1000000000,join_groupby,4,18,platform_query,,,,,,,
01c6f349-0001-fe0c-0001-9ade000bfd0a,2092.102792,200,row-count; full checksum query before block,1545.0,67.0,1478.0,0.0,0.0,7635346944.0,1545.0,snowflake_medium,1000000000,join_groupby,4,19,platform_query,,,,,,,
01c6f349-0001-fcf9-0001-9ade000bec0a,1630.032125,200,row-count; full checksum query before block,1576.0,56.0,1520.0,0.0,0.0,7635346944.0,1576.0,snowflake_medium,1000000000,join_groupby,4,20,platform_query,,,,,,,
01c6f349-0001-fcf8-0001-9ade000c0232,271.023417,50,row-count; full checksum query before block,179.0,46.0,133.0,0.0,0.0,3116867584.0,179.0,snowflake_medium,100000000,groupby,4,16,platform_query,,,,,,,
01c6f349-0001-fcf8-0001-9ade000c0236,191.9995,50,row-count; full checksum query before block,162.0,41.0,121.0,0.0,0.0,3116867584.0,162.0,snowflake_medium,100000000,groupby,4,17,platform_query,,,,,,,
01c6f349-0001-fcf8-0001-9ade000c023a,204.960083,50,row-count; full checksum query before block,177.0,43.0,134.0,0.0,0.0,3116867584.0,177.0,snowflake_medium,100000000,groupby,4,18,platform_query,,,,,,,
01c6f349-0001-fe0c-0001-9ade000bfd12,198.999542,50,row-count; full checksum query before block,151.0,40.0,111.0,0.0,0.0,3116867584.0,151.0,snowflake_medium,100000000,groupby,4,19,platform_query,,,,,,,
01c6f349-0001-fe2b-0001-9ade000c106a,226.474791,50,row-count; full checksum query before block,193.0,44.0,149.0,0.0,0.0,3116867584.0,193.0,snowflake_medium,100000000,groupby,4,20,platform_query,,,,,,,
01c6f349-0001-fcf9-0001-9ade000bec12,123.0875,50,row-count; full checksum query before block,97.0,36.0,61.0,0.0,0.0,151591936.0,97.0,snowflake_medium,10000000,groupby,4,16,platform_query,,,,,,,
01c6f349-0001-fe2b-0001-9ade000c1072,130.32225,50,row-count; full checksum query before block,101.0,47.0,54.0,0.0,0.0,151591936.0,101.0,snowflake_medium,10000000,groupby,4,17,platform_query,,,,,,,
01c6f349-0001-fcf9-0001-9ade000bec16,115.522625,50,row-count; full checksum query before block,81.0,35.0,46.0,0.0,0.0,151591936.0,81.0,snowflake_medium,10000000,groupby,4,18,platform_query,,,,,,,
01c6f349-0001-fcf9-0001-9ade000bec1a,136.389417,50,row-count; full checksum query before block,102.0,42.0,60.0,0.0,0.0,151591936.0,102.0,snowflake_medium,10000000,groupby,4,19,platform_query,,,,,,,
01c6f349-0001-fe2b-0001-9ade000c1076,129.210875,50,row-count; full checksum query before block,93.0,43.0,50.0,0.0,0.0,151591936.0,93.0,snowflake_medium,10000000,groupby,4,20,platform_query,,,,,,,
01c6f349-0001-fe2b-0001-9ade000c1082,155.812834,200,row-count; full checksum query before block,105.0,48.0,57.0,0.0,0.0,1211904.0,105.0,snowflake_medium,100000,join_groupby,4,16,platform_query,,,,,,,
01c6f349-0001-fcf9-0001-9ade000bec1e,197.692,200,row-count; full checksum query before block,122.0,67.0,55.0,0.0,0.0,1211904.0,122.0,snowflake_medium,100000,join_groupby,4,17,platform_query,,,,,,,
01c6f349-0001-fe2b-0001-9ade000c1086,147.473208,200,row-count; full checksum query before block,104.0,48.0,56.0,0.0,0.0,1211904.0,104.0,snowflake_medium,100000,join_groupby,4,18,platform_query,,,,,,,
01c6f349-0001-fe0c-0001-9ade000bfd1a,143.439459,200,row-count; full checksum query before block,102.0,47.0,55.0,0.0,0.0,1211904.0,102.0,snowflake_medium,100000,join_groupby,4,19,platform_query,,,,,,,
01c6f349-0001-fe2b-0001-9ade000c108a,230.523,200,row-count; full checksum query before block,113.0,50.0,63.0,0.0,0.0,1211904.0,113.0,snowflake_medium,100000,join_groupby,4,20,platform_query,,,,,,,
01c6f349-0001-fcf8-0001-9ade000c024e,526.209833,1000000,row-count; full checksum query before block,460.0,36.0,424.0,0.0,0.0,7627264.0,460.0,snowflake_medium,1000000,clean_derive,4,16,platform_query,,,,,,,
01c6f349-0001-fe0c-0001-9ade000bfd1e,525.649333,1000000,row-count; full checksum query before block,451.0,32.0,419.0,0.0,0.0,7627264.0,451.0,snowflake_medium,1000000,clean_derive,4,17,platform_query,,,,,,,
01c6f349-0001-fe2b-0001-9ade000c1092,500.554667,1000000,row-count; full checksum query before block,441.0,36.0,405.0,0.0,0.0,7627264.0,441.0,snowflake_medium,1000000,clean_derive,4,18,platform_query,,,,,,,
01c6f349-0001-fe2b-0001-9ade000c1096,562.617833,1000000,row-count; full checksum query before block,495.0,50.0,445.0,0.0,0.0,7627264.0,495.0,snowflake_medium,1000000,clean_derive,4,19,platform_query,,,,,,,
01c6f349-0001-fe0c-0001-9ade000bfd22,542.6415,1000000,row-count; full checksum query before block,479.0,51.0,428.0,0.0,0.0,7627264.0,479.0,snowflake_medium,1000000,clean_derive,4,20,platform_query,,,,,,,
01c6f349-0001-fcf8-0001-9ade000c0252,345.946042,200,row-count; full checksum query before block,302.0,58.0,244.0,0.0,0.0,2973793920.0,302.0,snowflake_medium,100000000,join_groupby,4,16,platform_query,,,,,,,
01c6f349-0001-fe0c-0001-9ade000bfd2a,581.632625,200,row-count; full checksum query before block,530.0,288.0,242.0,0.0,0.0,3027857279.0,530.0,snowflake_medium,100000000,join_groupby,4,17,platform_query,,,,,,,
01c6f349-0001-fe0c-0001-9ade000bfd2e,370.100459,200,row-count; full checksum query before block,327.0,69.0,258.0,0.0,0.0,3103474688.0,327.0,snowflake_medium,100000000,join_groupby,4,18,platform_query,,,,,,,
01c6f349-0001-fcf8-0001-9ade000c025a,335.682666,200,row-count; full checksum query before block,295.0,46.0,249.0,0.0,0.0,3044256896.0,295.0,snowflake_medium,100000000,join_groupby,4,19,platform_query,,,,,,,
01c6f349-0001-fe0c-0001-9ade000bfd32,355.307792,200,row-count; full checksum query before block,311.0,63.0,248.0,0.0,0.0,3036260864.0,311.0,snowflake_medium,100000000,join_groupby,4,20,platform_query,,,,,,,
01c6f349-0001-fe0c-0001-9ade000bfd36,384.733083,198279,row-count; full checksum query before block,309.0,64.0,245.0,0.0,0.0,7627264.0,309.0,snowflake_medium,1000000,filter_project,4,16,platform_query,,,,,,,
01c6f349-0001-fcf9-0001-9ade000bec26,343.85875,198279,row-count; full checksum query before block,256.0,43.0,213.0,0.0,0.0,7627264.0,256.0,snowflake_medium,1000000,filter_project,4,17,platform_query,,,,,,,
01c6f349-0001-fe2b-0001-9ade000c10a2,351.266375,198279,row-count; full checksum query before block,283.0,52.0,231.0,0.0,0.0,7627264.0,283.0,snowflake_medium,1000000,filter_project,4,18,platform_query,,,,,,,
01c6f349-0001-fe0c-0001-9ade000bfd3a,324.514125,198279,row-count; full checksum query before block,253.0,39.0,214.0,0.0,0.0,7627264.0,253.0,snowflake_medium,1000000,filter_project,4,19,platform_query,,,,,,,
01c6f349-0001-fcf9-0001-9ade000bec2a,371.671666,198279,row-count; full checksum query before block,269.0,36.0,233.0,0.0,0.0,7627264.0,269.0,snowflake_medium,1000000,filter_project,4,20,platform_query,,,,,,,
01c6f349-0001-fcf8-0001-9ade000c026a,2384.890709,197996556,row-count; full checksum query before block,2201.0,36.0,2165.0,0.0,0.0,7635108352.0,2201.0,snowflake_medium,1000000000,filter_project,4,16,platform_query,,,,,,,
01c6f349-0001-fe2b-0001-9ade000c10a6,2280.942667,197996556,row-count; full checksum query before block,2172.0,43.0,2129.0,0.0,0.0,7635108352.0,2172.0,snowflake_medium,1000000000,filter_project,4,17,platform_query,,,,,,,
01c6f349-0001-fe2b-0001-9ade000c10aa,2469.332167,197996556,row-count; full checksum query before block,2326.0,43.0,2283.0,0.0,0.0,7635108352.0,2326.0,snowflake_medium,1000000000,filter_project,4,18,platform_query,,,,,,,
01c6f349-0001-fcf8-0001-9ade000c026e,2186.646666,197996556,row-count; full checksum query before block,2092.0,41.0,2051.0,0.0,0.0,7635108352.0,2092.0,snowflake_medium,1000000000,filter_project,4,19,platform_query,,,,,,,
01c6f349-0001-fe0c-0001-9ade000bfd46,2808.988791,197996556,row-count; full checksum query before block,2639.0,41.0,2598.0,0.0,0.0,7635108352.0,2639.0,snowflake_medium,1000000000,filter_project,4,20,platform_query,,,,,,,
01c6f349-0001-fe2b-0001-9ade000c10b2,605.476583,19798586,row-count; full checksum query before block,515.0,40.0,475.0,0.0,0.0,2985072128.0,515.0,snowflake_medium,100000000,filter_project,4,16,platform_query,,,,,,,
01c6f349-0001-fcf8-0001-9ade000c0272,596.23525,19798586,row-count; full checksum query before block,495.0,46.0,449.0,0.0,0.0,3018693632.0,495.0,snowflake_medium,100000000,filter_project,4,17,platform_query,,,,,,,
01c6f349-0001-fe2b-0001-9ade000c10b6,661.903625,19798586,row-count; full checksum query before block,577.0,35.0,542.0,0.0,0.0,3065915904.0,577.0,snowflake_medium,100000000,filter_project,4,18,platform_query,,,,,,,
01c6f349-0001-fcf9-0001-9ade000bec32,595.557167,19798586,row-count; full checksum query before block,512.0,47.0,465.0,0.0,0.0,2988731904.0,512.0,snowflake_medium,100000000,filter_project,4,19,platform_query,,,,,,,
01c6f349-0001-fcf8-0001-9ade000c0276,559.414584,19798586,row-count; full checksum query before block,487.0,51.0,436.0,0.0,0.0,3049589248.0,487.0,snowflake_medium,100000000,filter_project,4,20,platform_query,,,,,,,
01c6f349-0001-fcf9-0001-9ade000bec3a,318.31875,100000,row-count; full checksum query before block,259.0,40.0,219.0,0.0,0.0,973312.0,259.0,snowflake_medium,100000,clean_derive,4,16,platform_query,,,,,,,
01c6f349-0001-fe0c-0001-9ade000bfd52,370.852375,100000,row-count; full checksum query before block,308.0,34.0,274.0,0.0,0.0,973312.0,308.0,snowflake_medium,100000,clean_derive,4,17,platform_query,,,,,,,
01c6f349-0001-fcf8-0001-9ade000c027e,351.998792,100000,row-count; full checksum query before block,229.0,29.0,200.0,0.0,0.0,973312.0,229.0,snowflake_medium,100000,clean_derive,4,18,platform_query,,,,,,,
01c6f349-0001-fcf9-0001-9ade000bec3e,275.877041,100000,row-count; full checksum query before block,214.0,36.0,178.0,0.0,0.0,973312.0,214.0,snowflake_medium,100000,clean_derive,4,19,platform_query,,,,,,,
01c6f349-0001-fe0c-0001-9ade000bfd56,281.235042,100000,row-count; full checksum query before block,218.0,30.0,188.0,0.0,0.0,973312.0,218.0,snowflake_medium,100000,clean_derive,4,20,platform_query,,,,,,,
01c6f349-0001-fe2b-0001-9ade000c10ba,241.234209,19886,row-count; full checksum query before block,155.0,40.0,115.0,0.0,0.0,973312.0,155.0,snowflake_medium,100000,filter_project,4,16,platform_query,,,,,,,
01c6f349-0001-fe0c-0001-9ade000bfd5a,634.660708,19886,row-count; full checksum query before block,571.0,34.0,537.0,0.0,0.0,973312.0,571.0,snowflake_medium,100000,filter_project,4,17,platform_query,,,,,,,
01c6f349-0001-fe0c-0001-9ade000bfd5e,193.78725,19886,row-count; full checksum query before block,139.0,35.0,104.0,0.0,0.0,973312.0,139.0,snowflake_medium,100000,filter_project,4,18,platform_query,,,,,,,
01c6f349-0001-fcf8-0001-9ade000c0292,214.063459,19886,row-count; full checksum query before block,157.0,38.0,119.0,0.0,0.0,973312.0,157.0,snowflake_medium,100000,filter_project,4,19,platform_query,,,,,,,
01c6f349-0001-fe2b-0001-9ade000c10be,235.046875,19886,row-count; full checksum query before block,166.0,45.0,121.0,0.0,0.0,973312.0,166.0,snowflake_medium,100000,filter_project,4,20,platform_query,,,,,,,
01c6f349-0001-fcf8-0001-9ade000c0296,234.567917,200,row-count; full checksum query before block,150.0,59.0,91.0,0.0,0.0,146852864.0,150.0,snowflake_medium,10000000,join_groupby,4,16,platform_query,,,,,,,
01c6f349-0001-fcf8-0001-9ade000c029a,172.687083,200,row-count; full checksum query before block,132.0,42.0,90.0,0.0,0.0,141875200.0,132.0,snowflake_medium,10000000,join_groupby,4,17,platform_query,,,,,,,
01c6f349-0001-fe2b-0001-9ade000c10c6,184.284292,200,row-count; full checksum query before block,143.0,57.0,86.0,0.0,0.0,141876224.0,143.0,snowflake_medium,10000000,join_groupby,4,18,platform_query,,,,,,,
01c6f349-0001-fe0c-0001-9ade000bfd66,170.747417,200,row-count; full checksum query before block,128.0,47.0,81.0,0.0,0.0,141875712.0,128.0,snowflake_medium,10000000,join_groupby,4,19,platform_query,,,,,,,
01c6f349-0001-fcf9-0001-9ade000bec46,202.856209,200,row-count; full checksum query before block,162.0,63.0,99.0,0.0,0.0,151830528.0,162.0,snowflake_medium,10000000,join_groupby,4,20,platform_query,,,,,,,
01c6f34a-0001-fe2b-0001-9ade000c10d2,608.582667,10000000,row-count; full checksum query before block,530.0,46.0,484.0,0.0,0.0,151591936.0,530.0,snowflake_medium,10000000,clean_derive,4,16,platform_query,,,,,,,
01c6f34a-0001-fcf8-0001-9ade000c029e,942.741708,10000000,row-count; full checksum query before block,780.0,58.0,722.0,0.0,0.0,151591936.0,780.0,snowflake_medium,10000000,clean_derive,4,17,platform_query,,,,,,,
01c6f34a-0001-fcf8-0001-9ade000c02a2,685.962792,10000000,row-count; full checksum query before block,581.0,103.0,478.0,0.0,0.0,151591936.0,581.0,snowflake_medium,10000000,clean_derive,4,18,platform_query,,,,,,,
01c6f34a-0001-fcf8-0001-9ade000c02a6,769.0885,10000000,row-count; full checksum query before block,601.0,68.0,533.0,0.0,0.0,151591936.0,601.0,snowflake_medium,10000000,clean_derive,4,19,platform_query,,,,,,,
01c6f34a-0001-fcf9-0001-9ade000bec4a,613.551834,10000000,row-count; full checksum query before block,517.0,49.0,468.0,0.0,0.0,151591936.0,517.0,snowflake_medium,10000000,clean_derive,4,20,platform_query,,,,,,,
01c6f34a-0001-fe0c-0001-9ade000bfd72,1485.059958,100000000,row-count; full checksum query before block,1395.0,36.0,1359.0,0.0,0.0,3116867584.0,1395.0,snowflake_medium,100000000,clean_derive,4,16,platform_query,,,,,,,
01c6f34a-0001-fe0c-0001-9ade000bfd76,1532.389709,100000000,row-count; full checksum query before block,1398.0,35.0,1363.0,0.0,0.0,3116867584.0,1398.0,snowflake_medium,100000000,clean_derive,4,17,platform_query,,,,,,,
01c6f34a-0001-fe2b-0001-9ade000c10de,1543.461875,100000000,row-count; full checksum query before block,1391.0,47.0,1344.0,0.0,0.0,3116867584.0,1391.0,snowflake_medium,100000000,clean_derive,4,18,platform_query,,,,,,,
01c6f34a-0001-fcf8-0001-9ade000c02aa,1607.51675,100000000,row-count; full checksum query before block,1482.0,47.0,1435.0,0.0,0.0,3116867584.0,1482.0,snowflake_medium,100000000,clean_derive,4,19,platform_query,,,,,,,
01c6f34a-0001-fcf9-0001-9ade000bec4e,1541.224042,100000000,row-count; full checksum query before block,1439.0,44.0,1395.0,0.0,0.0,3116867584.0,1439.0,snowflake_medium,100000000,clean_derive,4,20,platform_query,,,,,,,
01c6f34a-0001-fcf8-0001-9ade000c02b6,206.950292,19886,row-count; full checksum query before block,151.0,37.0,114.0,0.0,0.0,973312.0,151.0,snowflake_large,100000,filter_project,4,16,platform_query,,,,,,,
01c6f34a-0001-fe2b-0001-9ade000c10e2,283.004541,19886,row-count; full checksum query before block,219.0,95.0,124.0,0.0,0.0,973312.0,219.0,snowflake_large,100000,filter_project,4,17,platform_query,,,,,,,
01c6f34a-0001-fe0c-0001-9ade000bfd82,288.857958,19886,row-count; full checksum query before block,216.0,108.0,108.0,0.0,0.0,973312.0,216.0,snowflake_large,100000,filter_project,4,18,platform_query,,,,,,,
01c6f34a-0001-fe2b-0001-9ade000c10e6,209.178375,19886,row-count; full checksum query before block,144.0,39.0,105.0,0.0,0.0,973312.0,144.0,snowflake_large,100000,filter_project,4,19,platform_query,,,,,,,
01c6f34a-0001-fcf9-0001-9ade000bec5a,242.27775,19886,row-count; full checksum query before block,138.0,34.0,104.0,0.0,0.0,973312.0,138.0,snowflake_large,100000,filter_project,4,20,platform_query,,,,,,,
01c6f34a-0001-fcf9-0001-9ade000bec5e,1611.307084,197996556,row-count; full checksum query before block,1502.0,231.0,1271.0,0.0,0.0,7635108352.0,1502.0,snowflake_large,1000000000,filter_project,4,16,platform_query,,,,,,,
01c6f34a-0001-fe2b-0001-9ade000c10ee,1430.137,197996556,row-count; full checksum query before block,1273.0,44.0,1229.0,0.0,0.0,7635108352.0,1273.0,snowflake_large,1000000000,filter_project,4,17,platform_query,,,,,,,
01c6f34a-0001-fe2b-0001-9ade000c10f2,1311.623,197996556,row-count; full checksum query before block,1201.0,58.0,1143.0,0.0,0.0,7635108352.0,1201.0,snowflake_large,1000000000,filter_project,4,18,platform_query,,,,,,,
01c6f34a-0001-fcf8-0001-9ade000c02be,1346.917834,197996556,row-count; full checksum query before block,1221.0,40.0,1181.0,0.0,0.0,7635108352.0,1221.0,snowflake_large,1000000000,filter_project,4,19,platform_query,,,,,,,
01c6f34a-0001-fcf9-0001-9ade000bec66,1331.695041,197996556,row-count; full checksum query before block,1225.0,54.0,1171.0,0.0,0.0,7635108352.0,1225.0,snowflake_large,1000000000,filter_project,4,20,platform_query,,,,,,,
01c6f34a-0001-fcf8-0001-9ade000c02c2,81.134083,50,row-count; full checksum query before block,58.0,34.0,24.0,0.0,0.0,973312.0,58.0,snowflake_large,100000,groupby,4,16,platform_query,,,,,,,
01c6f34a-0001-fe2b-0001-9ade000c10fa,100.801666,50,row-count; full checksum query before block,73.0,50.0,23.0,0.0,0.0,973312.0,73.0,snowflake_large,100000,groupby,4,17,platform_query,,,,,,,
01c6f34a-0001-fcf9-0001-9ade000bec6e,93.308125,50,row-count; full checksum query before block,60.0,41.0,19.0,0.0,0.0,973312.0,60.0,snowflake_large,100000,groupby,4,18,platform_query,,,,,,,
01c6f34a-0001-fcf8-0001-9ade000c02c6,156.292334,50,row-count; full checksum query before block,54.0,34.0,20.0,0.0,0.0,973312.0,54.0,snowflake_large,100000,groupby,4,19,platform_query,,,,,,,
01c6f34a-0001-fe0c-0001-9ade000bfd8e,81.12375,50,row-count; full checksum query before block,55.0,38.0,17.0,0.0,0.0,973312.0,55.0,snowflake_large,100000,groupby,4,20,platform_query,,,,,,,
01c6f34a-0001-fe2b-0001-9ade000c1106,107.530875,50,row-count; full checksum query before block,76.0,41.0,35.0,0.0,0.0,7627264.0,76.0,snowflake_large,1000000,groupby,4,16,platform_query,,,,,,,
01c6f34a-0001-fe2b-0001-9ade000c110a,99.279667,50,row-count; full checksum query before block,71.0,37.0,34.0,0.0,0.0,7627264.0,71.0,snowflake_large,1000000,groupby,4,17,platform_query,,,,,,,
01c6f34a-0001-fcf9-0001-9ade000bec72,112.283958,50,row-count; full checksum query before block,81.0,46.0,35.0,0.0,0.0,7627264.0,81.0,snowflake_large,1000000,groupby,4,18,platform_query,,,,,,,
01c6f34a-0001-fe2b-0001-9ade000c110e,103.206209,50,row-count; full checksum query before block,73.0,38.0,35.0,0.0,0.0,7627264.0,73.0,snowflake_large,1000000,groupby,4,19,platform_query,,,,,,,
01c6f34a-0001-fe0c-0001-9ade000bfd92,121.264709,50,row-count; full checksum query before block,92.0,51.0,41.0,0.0,0.0,7627264.0,92.0,snowflake_large,1000000,groupby,4,20,platform_query,,,,,,,
01c6f34a-0001-fe0c-0001-9ade000bfd96,5626.199166,1000000000,row-count; full checksum query before block,5481.0,238.0,5243.0,0.0,0.0,7635108352.0,5481.0,snowflake_large,1000000000,clean_derive,4,16,platform_query,,,,,,,
01c6f34a-0001-fcf8-0001-9ade000c02ce,5379.208208,1000000000,row-count; full checksum query before block,5242.0,48.0,5194.0,0.0,0.0,7635108352.0,5242.0,snowflake_large,1000000000,clean_derive,4,17,platform_query,,,,,,,
01c6f34a-0001-fcf8-0001-9ade000c02d2,5346.652625,1000000000,row-count; full checksum query before block,5211.0,55.0,5156.0,0.0,0.0,7635108352.0,5211.0,snowflake_large,1000000000,clean_derive,4,18,platform_query,,,,,,,
01c6f34a-0001-fe0c-0001-9ade000bfd9a,5876.358333,1000000000,row-count; full checksum query before block,5453.0,64.0,5389.0,0.0,0.0,7635108352.0,5453.0,snowflake_large,1000000000,clean_derive,4,19,platform_query,,,,,,,
01c6f34b-0001-fcf8-0001-9ade000c02d6,5442.919875,1000000000,row-count; full checksum query before block,5280.0,50.0,5230.0,0.0,0.0,7635108352.0,5280.0,snowflake_large,1000000000,clean_derive,4,20,platform_query,,,,,,,
01c6f34b-0001-fcf9-0001-9ade000bec7e,586.043375,19798586,row-count; full checksum query before block,480.0,43.0,437.0,0.0,0.0,2951428608.0,480.0,snowflake_large,100000000,filter_project,4,16,platform_query,,,,,,,
01c6f34b-0001-fe0c-0001-9ade000bfda2,533.113083,19798586,row-count; full checksum query before block,458.0,39.0,419.0,0.0,0.0,2965053952.0,458.0,snowflake_large,100000000,filter_project,4,17,platform_query,,,,,,,
01c6f34b-0001-fe2b-0001-9ade000c111e,857.8725,19798586,row-count; full checksum query before block,521.0,53.0,468.0,0.0,0.0,3049617408.0,521.0,snowflake_large,100000000,filter_project,4,18,platform_query,,,,,,,
01c6f34b-0001-fcf8-0001-9ade000c02de,590.160083,19798586,row-count; full checksum query before block,508.0,38.0,470.0,0.0,0.0,3001941247.0,508.0,snowflake_large,100000000,filter_project,4,19,platform_query,,,,,,,
01c6f34b-0001-fe2b-0001-9ade000c1122,540.831333,19798586,row-count; full checksum query before block,454.0,49.0,405.0,0.0,0.0,2982346752.0,454.0,snowflake_large,100000000,filter_project,4,20,platform_query,,,,,,,
01c6f34b-0001-fcf8-0001-9ade000c02ea,295.05425,200,row-count; full checksum query before block,251.0,55.0,196.0,0.0,0.0,3117106176.0,251.0,snowflake_large,100000000,join_groupby,4,16,platform_query,,,,,,,
01c6f34b-0001-fe2b-0001-9ade000c1126,391.748083,200,row-count; full checksum query before block,273.0,69.0,204.0,0.0,0.0,3049827840.0,273.0,snowflake_large,100000000,join_groupby,4,17,platform_query,,,,,,,
01c6f34b-0001-fcf8-0001-9ade000c02ee,288.311083,200,row-count; full checksum query before block,252.0,58.0,194.0,0.0,0.0,3036206592.0,252.0,snowflake_large,100000000,join_groupby,4,18,platform_query,,,,,,,
01c6f34b-0001-fcf9-0001-9ade000bec82,319.6565,200,row-count; full checksum query before block,277.0,70.0,207.0,0.0,0.0,3069860864.0,277.0,snowflake_large,100000000,join_groupby,4,19,platform_query,,,,,,,
01c6f34b-0001-fe2b-0001-9ade000c112a,315.832291,200,row-count; full checksum query before block,260.0,57.0,203.0,0.0,0.0,3117106176.0,260.0,snowflake_large,100000000,join_groupby,4,20,platform_query,,,,,,,
01c6f34b-0001-fe0c-0001-9ade000bfdae,1461.60375,100000000,row-count; full checksum query before block,1365.0,31.0,1334.0,0.0,0.0,3116867584.0,1365.0,snowflake_large,100000000,clean_derive,4,16,platform_query,,,,,,,
01c6f34b-0001-fcf8-0001-9ade000c02f6,1500.338834,100000000,row-count; full checksum query before block,1383.0,54.0,1329.0,0.0,0.0,3116867584.0,1383.0,snowflake_large,100000000,clean_derive,4,17,platform_query,,,,,,,
01c6f34b-0001-fcf9-0001-9ade000bec8a,1427.810666,100000000,row-count; full checksum query before block,1338.0,47.0,1291.0,0.0,0.0,3116867584.0,1338.0,snowflake_large,100000000,clean_derive,4,18,platform_query,,,,,,,
01c6f34b-0001-fcf9-0001-9ade000bec92,1413.706667,100000000,row-count; full checksum query before block,1327.0,46.0,1281.0,0.0,0.0,3116867584.0,1327.0,snowflake_large,100000000,clean_derive,4,19,platform_query,,,,,,,
01c6f34b-0001-fcf9-0001-9ade000bec96,1389.988375,100000000,row-count; full checksum query before block,1309.0,37.0,1272.0,0.0,0.0,3116867584.0,1309.0,snowflake_large,100000000,clean_derive,4,20,platform_query,,,,,,,
01c6f34b-0001-fe0c-0001-9ade000bfdb2,515.775792,1000000,row-count; full checksum query before block,452.0,38.0,414.0,0.0,0.0,7627264.0,452.0,snowflake_large,1000000,clean_derive,4,16,platform_query,,,,,,,
01c6f34b-0001-fcf9-0001-9ade000bec9a,542.340917,1000000,row-count; full checksum query before block,470.0,44.0,426.0,0.0,0.0,7627264.0,470.0,snowflake_large,1000000,clean_derive,4,17,platform_query,,,,,,,
01c6f34b-0001-fcf9-0001-9ade000bec9e,535.119083,1000000,row-count; full checksum query before block,473.0,56.0,417.0,0.0,0.0,7627264.0,473.0,snowflake_large,1000000,clean_derive,4,18,platform_query,,,,,,,
01c6f34b-0001-fcf8-0001-9ade000c02fe,491.96925,1000000,row-count; full checksum query before block,437.0,37.0,400.0,0.0,0.0,7627264.0,437.0,snowflake_large,1000000,clean_derive,4,19,platform_query,,,,,,,
01c6f34b-0001-fcf9-0001-9ade000beca2,512.218375,1000000,row-count; full checksum query before block,444.0,46.0,398.0,0.0,0.0,7627264.0,444.0,snowflake_large,1000000,clean_derive,4,20,platform_query,,,,,,,
01c6f34b-0001-fcf8-0001-9ade000c0302,132.665,200,row-count; full checksum query before block,80.0,47.0,33.0,0.0,0.0,1211904.0,80.0,snowflake_large,100000,join_groupby,4,16,platform_query,,,,,,,
01c6f34b-0001-fe0c-0001-9ade000bfdba,124.223416,200,row-count; full checksum query before block,85.0,52.0,33.0,0.0,0.0,1211904.0,85.0,snowflake_large,100000,join_groupby,4,17,platform_query,,,,,,,
01c6f34b-0001-fcf9-0001-9ade000becaa,126.974958,200,row-count; full checksum query before block,86.0,53.0,33.0,0.0,0.0,1211904.0,86.0,snowflake_large,100000,join_groupby,4,18,platform_query,,,,,,,
01c6f34b-0001-fcf8-0001-9ade000c0306,142.578917,200,row-count; full checksum query before block,74.0,42.0,32.0,0.0,0.0,1211904.0,74.0,snowflake_large,100000,join_groupby,4,19,platform_query,,,,,,,
01c6f34b-0001-fe0c-0001-9ade000bfdbe,111.8415,200,row-count; full checksum query before block,75.0,42.0,33.0,0.0,0.0,1211904.0,75.0,snowflake_large,100000,join_groupby,4,20,platform_query,,,,,,,
01c6f34b-0001-fe2b-0001-9ade000c113a,1047.991792,200,row-count; full checksum query before block,925.0,56.0,869.0,0.0,0.0,7635346944.0,925.0,snowflake_large,1000000000,join_groupby,4,16,platform_query,,,,,,,
01c6f34b-0001-fcf8-0001-9ade000c030a,1062.993417,200,row-count; full checksum query before block,934.0,66.0,868.0,0.0,0.0,7635346944.0,934.0,snowflake_large,1000000000,join_groupby,4,17,platform_query,,,,,,,
01c6f34b-0001-fe2b-0001-9ade000c113e,1032.667209,200,row-count; full checksum query before block,959.0,73.0,886.0,0.0,0.0,7635346944.0,959.0,snowflake_large,1000000000,join_groupby,4,18,platform_query,,,,,,,
01c6f34b-0001-fe0c-0001-9ade000bfdc2,1051.701791,200,row-count; full checksum query before block,924.0,61.0,863.0,0.0,0.0,7635346944.0,924.0,snowflake_large,1000000000,join_groupby,4,19,platform_query,,,,,,,
01c6f34b-0001-fcf8-0001-9ade000c030e,1051.442375,200,row-count; full checksum query before block,910.0,46.0,864.0,0.0,0.0,7635346944.0,910.0,snowflake_large,1000000000,join_groupby,4,20,platform_query,,,,,,,
01c6f34b-0001-fe0c-0001-9ade000bfdc6,474.740625,1980090,row-count; full checksum query before block,396.0,146.0,250.0,0.0,0.0,146614784.0,396.0,snowflake_large,10000000,filter_project,4,16,platform_query,,,,,,,
01c6f34b-0001-fcf8-0001-9ade000c0312,416.429459,1980090,row-count; full checksum query before block,279.0,39.0,240.0,0.0,0.0,151591936.0,279.0,snowflake_large,10000000,filter_project,4,17,platform_query,,,,,,,
01c6f34b-0001-fe0c-0001-9ade000bfdca,307.323334,1980090,row-count; full checksum query before block,239.0,32.0,207.0,0.0,0.0,151591936.0,239.0,snowflake_large,10000000,filter_project,4,18,platform_query,,,,,,,
01c6f34b-0001-fcf8-0001-9ade000c0316,331.118167,1980090,row-count; full checksum query before block,264.0,37.0,227.0,0.0,0.0,146614784.0,264.0,snowflake_large,10000000,filter_project,4,19,platform_query,,,,,,,
01c6f34b-0001-fe2b-0001-9ade000c1146,416.424208,1980090,row-count; full checksum query before block,310.0,47.0,263.0,0.0,0.0,146614272.0,310.0,snowflake_large,10000000,filter_project,4,20,platform_query,,,,,,,
01c6f34b-0001-fcf8-0001-9ade000c031e,512.357917,10000000,row-count; full checksum query before block,445.0,39.0,406.0,0.0,0.0,151591936.0,445.0,snowflake_large,10000000,clean_derive,4,16,platform_query,,,,,,,
01c6f34b-0001-fcf8-0001-9ade000c0322,545.135709,10000000,row-count; full checksum query before block,479.0,35.0,444.0,0.0,0.0,151591936.0,479.0,snowflake_large,10000000,clean_derive,4,17,platform_query,,,,,,,
01c6f34b-0001-fe0c-0001-9ade000bfdd2,505.489875,10000000,row-count; full checksum query before block,438.0,37.0,401.0,0.0,0.0,151591936.0,438.0,snowflake_large,10000000,clean_derive,4,18,platform_query,,,,,,,
01c6f34b-0001-fe2b-0001-9ade000c114a,528.005916,10000000,row-count; full checksum query before block,460.0,44.0,416.0,0.0,0.0,151591936.0,460.0,snowflake_large,10000000,clean_derive,4,19,platform_query,,,,,,,
01c6f34b-0001-fcf8-0001-9ade000c0326,530.103333,10000000,row-count; full checksum query before block,454.0,32.0,422.0,0.0,0.0,151591936.0,454.0,snowflake_large,10000000,clean_derive,4,20,platform_query,,,,,,,
01c6f34b-0001-fe0c-0001-9ade000bfdda,147.567875,50,row-count; full checksum query before block,121.0,32.0,89.0,0.0,0.0,3116867584.0,121.0,snowflake_large,100000000,groupby,4,16,platform_query,,,,,,,
01c6f34b-0001-fcf9-0001-9ade000becc6,223.572708,50,row-count; full checksum query before block,153.0,48.0,105.0,0.0,0.0,3116867584.0,153.0,snowflake_large,100000000,groupby,4,17,platform_query,,,,,,,
01c6f34b-0001-fcf8-0001-9ade000c032e,163.692583,50,row-count; full checksum query before block,132.0,31.0,101.0,0.0,0.0,3116867584.0,132.0,snowflake_large,100000000,groupby,4,18,platform_query,,,,,,,
01c6f34b-0001-fcf8-0001-9ade000c0332,170.201042,50,row-count; full checksum query before block,136.0,45.0,91.0,0.0,0.0,3116867584.0,136.0,snowflake_large,100000000,groupby,4,19,platform_query,,,,,,,
01c6f34b-0001-fcf8-0001-9ade000c0336,192.960958,50,row-count; full checksum query before block,128.0,37.0,91.0,0.0,0.0,3116867584.0,128.0,snowflake_large,100000000,groupby,4,20,platform_query,,,,,,,
01c6f34b-0001-fcf8-0001-9ade000c033a,113.346625,50,row-count; full checksum query before block,89.0,44.0,45.0,0.0,0.0,151591936.0,89.0,snowflake_large,10000000,groupby,4,16,platform_query,,,,,,,
01c6f34b-0001-fcf9-0001-9ade000becca,192.136583,50,row-count; full checksum query before block,82.0,40.0,42.0,0.0,0.0,151591936.0,82.0,snowflake_large,10000000,groupby,4,17,platform_query,,,,,,,
01c6f34b-0001-fe2b-0001-9ade000c115a,127.346833,50,row-count; full checksum query before block,93.0,49.0,44.0,0.0,0.0,151591936.0,93.0,snowflake_large,10000000,groupby,4,18,platform_query,,,,,,,
01c6f34b-0001-fe2b-0001-9ade000c115e,133.591209,50,row-count; full checksum query before block,103.0,50.0,53.0,0.0,0.0,151591936.0,103.0,snowflake_large,10000000,groupby,4,19,platform_query,,,,,,,
01c6f34b-0001-fe0c-0001-9ade000bfde2,160.522,50,row-count; full checksum query before block,72.0,31.0,41.0,0.0,0.0,151591936.0,72.0,snowflake_large,10000000,groupby,4,20,platform_query,,,,,,,
01c6f34b-0001-fe2b-0001-9ade000c116a,189.204833,200,row-count; full checksum query before block,140.0,50.0,90.0,0.0,0.0,7865856.0,140.0,snowflake_large,1000000,join_groupby,4,16,platform_query,,,,,,,
01c6f34b-0001-fcf9-0001-9ade000becce,181.99175,200,row-count; full checksum query before block,142.0,53.0,89.0,0.0,0.0,7865856.0,142.0,snowflake_large,1000000,join_groupby,4,17,platform_query,,,,,,,
01c6f34b-0001-fe0c-0001-9ade000bfde6,186.345917,200,row-count; full checksum query before block,146.0,59.0,87.0,0.0,0.0,7865856.0,146.0,snowflake_large,1000000,join_groupby,4,18,platform_query,,,,,,,
01c6f34b-0001-fcf9-0001-9ade000becd2,169.161584,200,row-count; full checksum query before block,131.0,45.0,86.0,0.0,0.0,7865856.0,131.0,snowflake_large,1000000,join_groupby,4,19,platform_query,,,,,,,
01c6f34b-0001-fe2b-0001-9ade000c116e,276.525583,200,row-count; full checksum query before block,153.0,60.0,93.0,0.0,0.0,7865856.0,153.0,snowflake_large,1000000,join_groupby,4,20,platform_query,,,,,,,
01c6f34c-0001-fe2b-0001-9ade000c1176,371.788583,198279,row-count; full checksum query before block,299.0,47.0,252.0,0.0,0.0,7627264.0,299.0,snowflake_large,1000000,filter_project,4,16,platform_query,,,,,,,
01c6f34c-0001-fcf8-0001-9ade000c0346,495.397958,198279,row-count; full checksum query before block,279.0,41.0,238.0,0.0,0.0,7627264.0,279.0,snowflake_large,1000000,filter_project,4,17,platform_query,,,,,,,
01c6f34c-0001-fcf9-0001-9ade000becd6,353.072542,198279,row-count; full checksum query before block,285.0,48.0,237.0,0.0,0.0,7627264.0,285.0,snowflake_large,1000000,filter_project,4,18,platform_query,,,,,,,
01c6f34c-0001-fe0c-0001-9ade000bfdee,339.683958,198279,row-count; full checksum query before block,260.0,35.0,225.0,0.0,0.0,7627264.0,260.0,snowflake_large,1000000,filter_project,4,19,platform_query,,,,,,,
01c6f34c-0001-fcf9-0001-9ade000becda,312.382708,198279,row-count; full checksum query before block,256.0,34.0,222.0,0.0,0.0,7627264.0,256.0,snowflake_large,1000000,filter_project,4,20,platform_query,,,,,,,
01c6f34c-0001-fcf8-0001-9ade000c034a,452.042292,50,row-count; full checksum query before block,417.0,40.0,377.0,0.0,0.0,7635108352.0,417.0,snowflake_large,1000000000,groupby,4,16,platform_query,,,,,,,
01c6f34c-0001-fe2b-0001-9ade000c117e,430.383958,50,row-count; full checksum query before block,402.0,37.0,365.0,0.0,0.0,7635108352.0,402.0,snowflake_large,1000000000,groupby,4,17,platform_query,,,,,,,
01c6f34c-0001-fcf8-0001-9ade000c034e,457.716083,50,row-count; full checksum query before block,427.0,39.0,388.0,0.0,0.0,7635108352.0,427.0,snowflake_large,1000000000,groupby,4,18,platform_query,,,,,,,
01c6f34c-0001-fcf8-0001-9ade000c0352,491.713375,50,row-count; full checksum query before block,428.0,37.0,391.0,0.0,0.0,7635108352.0,428.0,snowflake_large,1000000000,groupby,4,19,platform_query,,,,,,,
01c6f34c-0001-fe0c-0001-9ade000bfdf6,525.035,50,row-count; full checksum query before block,431.0,34.0,397.0,0.0,0.0,7635108352.0,431.0,snowflake_large,1000000000,groupby,4,20,platform_query,,,,,,,
01c6f34c-0001-fcf8-0001-9ade000c035a,173.735042,200,row-count; full checksum query before block,132.0,45.0,87.0,0.0,0.0,151830528.0,132.0,snowflake_large,10000000,join_groupby,4,16,platform_query,,,,,,,
01c6f34c-0001-fe0c-0001-9ade000bfdfe,172.089041,200,row-count; full checksum query before block,133.0,41.0,92.0,0.0,0.0,151830528.0,133.0,snowflake_large,10000000,join_groupby,4,17,platform_query,,,,,,,
01c6f34c-0001-fe0c-0001-9ade000bfe02,179.05,200,row-count; full checksum query before block,138.0,51.0,87.0,0.0,0.0,151830528.0,138.0,snowflake_large,10000000,join_groupby,4,18,platform_query,,,,,,,
01c6f34c-0001-fcf8-0001-9ade000c035e,175.151417,200,row-count; full checksum query before block,138.0,48.0,90.0,0.0,0.0,151830528.0,138.0,snowflake_large,10000000,join_groupby,4,19,platform_query,,,,,,,
01c6f34c-0001-fe2b-0001-9ade000c1186,176.595042,200,row-count; full checksum query before block,137.0,48.0,89.0,0.0,0.0,151830528.0,137.0,snowflake_large,10000000,join_groupby,4,20,platform_query,,,,,,,
01c6f34c-0001-fe0c-0001-9ade000bfe0e,357.772334,100000,row-count; full checksum query before block,236.0,39.0,197.0,0.0,0.0,973312.0,236.0,snowflake_large,100000,clean_derive,4,16,platform_query,,,,,,,
01c6f34c-0001-fcf8-0001-9ade000c0362,287.558584,100000,row-count; full checksum query before block,217.0,42.0,175.0,0.0,0.0,973312.0,217.0,snowflake_large,100000,clean_derive,4,17,platform_query,,,,,,,
01c6f34c-0001-fe0c-0001-9ade000bfe12,262.687667,100000,row-count; full checksum query before block,204.0,31.0,173.0,0.0,0.0,973312.0,204.0,snowflake_large,100000,clean_derive,4,18,platform_query,,,,,,,
01c6f34c-0001-fcf9-0001-9ade000bece2,294.649541,100000,row-count; full checksum query before block,216.0,38.0,178.0,0.0,0.0,973312.0,216.0,snowflake_large,100000,clean_derive,4,19,platform_query,,,,,,,
01c6f34c-0001-fcf8-0001-9ade000c0366,263.511959,100000,row-count; full checksum query before block,207.0,38.0,169.0,0.0,0.0,973312.0,207.0,snowflake_large,100000,clean_derive,4,20,platform_query,,,,,,,
,,50,row-count; full checksum in block warmup,,,,,,,4.235709,duckdb,1000000,groupby,4,16,local_parquet_to_batches,11.788,,1600.0,1.0,,measurement,138149888.0
,,50,row-count; full checksum in block warmup,,,,,,,4.121417,duckdb,1000000,groupby,4,17,local_parquet_to_batches,11.638,,1600.0,1.0,,measurement,138313728.0
,,50,row-count; full checksum in block warmup,,,,,,,4.027208,duckdb,1000000,groupby,4,18,local_parquet_to_batches,11.523,,1600.0,1.0,,measurement,138330112.0
,,50,row-count; full checksum in block warmup,,,,,,,4.053875,duckdb,1000000,groupby,4,19,local_parquet_to_batches,11.607,,1600.0,1.0,,measurement,138346496.0
,,50,row-count; full checksum in block warmup,,,,,,,4.255,duckdb,1000000,groupby,4,20,local_parquet_to_batches,12.832,,1600.0,1.0,,measurement,138362880.0
,,1000000000,row-count; full checksum in block warmup,,,,,,,21396.841334,duckdb,1000000000,clean_derive,4,16,local_parquet_to_batches,21700.179,,16000000000.0,4000.0,,measurement,1404862464.0
,,1000000000,row-count; full checksum in block warmup,,,,,,,21565.353334,duckdb,1000000000,clean_derive,4,17,local_parquet_to_batches,21876.109,,16000000000.0,4000.0,,measurement,1404862464.0
,,1000000000,row-count; full checksum in block warmup,,,,,,,21597.566958,duckdb,1000000000,clean_derive,4,18,local_parquet_to_batches,21901.108,,16000000000.0,4000.0,,measurement,1405042688.0
,,1000000000,row-count; full checksum in block warmup,,,,,,,21767.664083,duckdb,1000000000,clean_derive,4,19,local_parquet_to_batches,22077.094,,16000000000.0,4000.0,,measurement,1405042688.0
,,1000000000,row-count; full checksum in block warmup,,,,,,,21900.346125,duckdb,1000000000,clean_derive,4,20,local_parquet_to_batches,22208.308,,16000000000.0,4000.0,,measurement,1407057920.0
,,100000,row-count; full checksum in block warmup,,,,,,,2.966041,duckdb,100000,clean_derive,4,16,local_parquet_to_batches,3.031,,1600000.0,1.0,,measurement,137674752.0
,,100000,row-count; full checksum in block warmup,,,,,,,2.910709,duckdb,100000,clean_derive,4,17,local_parquet_to_batches,2.976,,1600000.0,1.0,,measurement,137707520.0
,,100000,row-count; full checksum in block warmup,,,,,,,2.93575,duckdb,100000,clean_derive,4,18,local_parquet_to_batches,2.999,,1600000.0,1.0,,measurement,137707520.0
,,100000,row-count; full checksum in block warmup,,,,,,,2.949667,duckdb,100000,clean_derive,4,19,local_parquet_to_batches,3.015,,1600000.0,1.0,,measurement,137707520.0
,,100000,row-count; full checksum in block warmup,,,,,,,2.953042,duckdb,100000,clean_derive,4,20,local_parquet_to_batches,3.019,,1600000.0,1.0,,measurement,137707520.0
,,198279,row-count; full checksum in block warmup,,,,,,,13.517291,duckdb,1000000,filter_project,4,16,local_parquet_to_batches,21.631,,4758696.0,1.0,,measurement,164642816.0
,,198279,row-count; full checksum in block warmup,,,,,,,13.167583,duckdb,1000000,filter_project,4,17,local_parquet_to_batches,22.602,,4758696.0,1.0,,measurement,164904960.0
,,198279,row-count; full checksum in block warmup,,,,,,,12.287542,duckdb,1000000,filter_project,4,18,local_parquet_to_batches,21.409,,4758696.0,1.0,,measurement,167329792.0
,,198279,row-count; full checksum in block warmup,,,,,,,12.662958,duckdb,1000000,filter_project,4,19,local_parquet_to_batches,20.224,,4758696.0,1.0,,measurement,169033728.0
,,198279,row-count; full checksum in block warmup,,,,,,,12.015,duckdb,1000000,filter_project,4,20,local_parquet_to_batches,20.977,,4758696.0,1.0,,measurement,169033728.0
,,100000000,row-count; full checksum in block warmup,,,,,,,2177.93775,duckdb,100000000,clean_derive,4,16,local_parquet_to_batches,2212.387,,1600000000.0,400.0,,measurement,306741248.0
,,100000000,row-count; full checksum in block warmup,,,,,,,2183.511666,duckdb,100000000,clean_derive,4,17,local_parquet_to_batches,2217.268,,1600000000.0,400.0,,measurement,306905088.0
,,100000000,row-count; full checksum in block warmup,,,,,,,2180.1245,duckdb,100000000,clean_derive,4,18,local_parquet_to_batches,2213.441,,1600000000.0,400.0,,measurement,307085312.0
,,100000000,row-count; full checksum in block warmup,,,,,,,2177.051,duckdb,100000000,clean_derive,4,19,local_parquet_to_batches,2210.323,,1600000000.0,400.0,,measurement,307150848.0
,,100000000,row-count; full checksum in block warmup,,,,,,,2176.9555,duckdb,100000000,clean_derive,4,20,local_parquet_to_batches,2210.231,,1600000000.0,400.0,,measurement,307183616.0
,,50,row-count; full checksum in block warmup,,,,,,,273.19775,duckdb,100000000,groupby,4,16,local_parquet_to_batches,1052.015,,1600.0,1.0,,measurement,240697344.0
,,50,row-count; full checksum in block warmup,,,,,,,270.74675,duckdb,100000000,groupby,4,17,local_parquet_to_batches,1042.942,,1600.0,1.0,,measurement,240779264.0
,,50,row-count; full checksum in block warmup,,,,,,,272.700416,duckdb,100000000,groupby,4,18,local_parquet_to_batches,1050.106,,1600.0,1.0,,measurement,243367936.0
,,50,row-count; full checksum in block warmup,,,,,,,268.687125,duckdb,100000000,groupby,4,19,local_parquet_to_batches,1035.166,,1600.0,1.0,,measurement,243367936.0
,,50,row-count; full checksum in block warmup,,,,,,,270.848583,duckdb,100000000,groupby,4,20,local_parquet_to_batches,1043.345,,1600.0,1.0,,measurement,243499008.0
,,200,row-count; full checksum in block warmup,,,,,,,4.672125,duckdb,100000,join_groupby,4,16,local_parquet_to_batches,4.832,,6400.0,1.0,,measurement,140083200.0
,,200,row-count; full checksum in block warmup,,,,,,,4.513333,duckdb,100000,join_groupby,4,17,local_parquet_to_batches,6.562,,6400.0,1.0,,measurement,140263424.0
,,200,row-count; full checksum in block warmup,,,,,,,4.453958,duckdb,100000,join_groupby,4,18,local_parquet_to_batches,4.624,,6400.0,1.0,,measurement,140263424.0
,,200,row-count; full checksum in block warmup,,,,,,,4.450583,duckdb,100000,join_groupby,4,19,local_parquet_to_batches,4.6,,6400.0,1.0,,measurement,140263424.0
,,200,row-count; full checksum in block warmup,,,,,,,4.512416,duckdb,100000,join_groupby,4,20,local_parquet_to_batches,5.069,,6400.0,1.0,,measurement,140263424.0
,,50,row-count; full checksum in block warmup,,,,,,,28.327708,duckdb,10000000,groupby,4,16,local_parquet_to_batches,106.235,,1600.0,1.0,,measurement,151322624.0
,,50,row-count; full checksum in block warmup,,,,,,,28.059292,duckdb,10000000,groupby,4,17,local_parquet_to_batches,105.68,,1600.0,1.0,,measurement,151371776.0
,,50,row-count; full checksum in block warmup,,,,,,,28.761208,duckdb,10000000,groupby,4,18,local_parquet_to_batches,108.357,,1600.0,1.0,,measurement,155893760.0
,,50,row-count; full checksum in block warmup,,,,,,,28.26975,duckdb,10000000,groupby,4,19,local_parquet_to_batches,105.984,,1600.0,1.0,,measurement,155910144.0
,,50,row-count; full checksum in block warmup,,,,,,,28.110958,duckdb,10000000,groupby,4,20,local_parquet_to_batches,105.749,,1600.0,1.0,,measurement,155910144.0
,,19886,row-count; full checksum in block warmup,,,,,,,2.354542,duckdb,100000,filter_project,4,16,local_parquet_to_batches,2.411,,477264.0,1.0,,measurement,136888320.0
,,19886,row-count; full checksum in block warmup,,,,,,,2.291458,duckdb,100000,filter_project,4,17,local_parquet_to_batches,2.34,,477264.0,1.0,,measurement,136937472.0
,,19886,row-count; full checksum in block warmup,,,,,,,2.227375,duckdb,100000,filter_project,4,18,local_parquet_to_batches,2.283,,477264.0,1.0,,measurement,136937472.0
,,19886,row-count; full checksum in block warmup,,,,,,,2.283625,duckdb,100000,filter_project,4,19,local_parquet_to_batches,2.33,,477264.0,1.0,,measurement,136937472.0
,,19886,row-count; full checksum in block warmup,,,,,,,2.307333,duckdb,100000,filter_project,4,20,local_parquet_to_batches,2.362,,477264.0,1.0,,measurement,136937472.0
,,200,row-count; full checksum in block warmup,,,,,,,6617.929958,duckdb,1000000000,join_groupby,4,16,local_parquet_to_batches,16669.164,,6400.0,1.0,,measurement,1097678848.0
,,200,row-count; full checksum in block warmup,,,,,,,6489.096459,duckdb,1000000000,join_groupby,4,17,local_parquet_to_batches,16597.278,,6400.0,1.0,,measurement,1103659008.0
,,200,row-count; full checksum in block warmup,,,,,,,6102.151167,duckdb,1000000000,join_groupby,4,18,local_parquet_to_batches,16474.546,,6400.0,1.0,,measurement,1103986688.0
,,200,row-count; full checksum in block warmup,,,,,,,5273.031541,duckdb,1000000000,join_groupby,4,19,local_parquet_to_batches,16230.056,,6400.0,1.0,,measurement,1104003072.0
,,200,row-count; full checksum in block warmup,,,,,,,4408.387,duckdb,1000000000,join_groupby,4,20,local_parquet_to_batches,16043.089,,6400.0,1.0,,measurement,1105084416.0
,,1980090,row-count; full checksum in block warmup,,,,,,,142.585083,duckdb,10000000,filter_project,4,16,local_parquet_to_batches,221.563,,47522160.0,8.0,,measurement,191234048.0
,,1980090,row-count; full checksum in block warmup,,,,,,,147.1155,duckdb,10000000,filter_project,4,17,local_parquet_to_batches,230.061,,47522160.0,8.0,,measurement,194084864.0
,,1980090,row-count; full checksum in block warmup,,,,,,,141.782208,duckdb,10000000,filter_project,4,18,local_parquet_to_batches,221.882,,47522160.0,8.0,,measurement,194183168.0
,,1980090,row-count; full checksum in block warmup,,,,,,,143.477458,duckdb,10000000,filter_project,4,19,local_parquet_to_batches,213.948,,47522160.0,8.0,,measurement,196001792.0
,,1980090,row-count; full checksum in block warmup,,,,,,,142.741208,duckdb,10000000,filter_project,4,20,local_parquet_to_batches,217.779,,47522160.0,8.0,,measurement,196018176.0
,,197996556,row-count; full checksum in block warmup,,,,,,,14426.440708,duckdb,1000000000,filter_project,4,16,local_parquet_to_batches,22365.651,,4751917344.0,792.0,,measurement,1432305664.0
,,197996556,row-count; full checksum in block warmup,,,,,,,14415.560584,duckdb,1000000000,filter_project,4,17,local_parquet_to_batches,22382.161,,4751917344.0,792.0,,measurement,1433878528.0
,,197996556,row-count; full checksum in block warmup,,,,,,,14374.14375,duckdb,1000000000,filter_project,4,18,local_parquet_to_batches,22233.771,,4751917344.0,792.0,,measurement,1434664960.0
,,197996556,row-count; full checksum in block warmup,,,,,,,14490.73575,duckdb,1000000000,filter_project,4,19,local_parquet_to_batches,22348.565,,4751917344.0,792.0,,measurement,1434664960.0
,,197996556,row-count; full checksum in block warmup,,,,,,,14457.40925,duckdb,1000000000,filter_project,4,20,local_parquet_to_batches,22336.795,,4751917344.0,792.0,,measurement,1434681344.0
,,50,row-count; full checksum in block warmup,,,,,,,1.865625,duckdb,100000,groupby,4,16,local_parquet_to_batches,1.955,,1600.0,1.0,,measurement,132349952.0
,,50,row-count; full checksum in block warmup,,,,,,,1.817209,duckdb,100000,groupby,4,17,local_parquet_to_batches,1.899,,1600.0,1.0,,measurement,132382720.0
,,50,row-count; full checksum in block warmup,,,,,,,1.712291,duckdb,100000,groupby,4,18,local_parquet_to_batches,1.797,,1600.0,1.0,,measurement,132382720.0
,,50,row-count; full checksum in block warmup,,,,,,,1.817167,duckdb,100000,groupby,4,19,local_parquet_to_batches,1.909,,1600.0,1.0,,measurement,132382720.0
,,50,row-count; full checksum in block warmup,,,,,,,1.892042,duckdb,100000,groupby,4,20,local_parquet_to_batches,1.971,,1600.0,1.0,,measurement,132382720.0
,,200,row-count; full checksum in block warmup,,,,,,,8.00475,duckdb,1000000,join_groupby,4,16,local_parquet_to_batches,21.131,,6400.0,1.0,,measurement,149127168.0
,,200,row-count; full checksum in block warmup,,,,,,,7.948167,duckdb,1000000,join_groupby,4,17,local_parquet_to_batches,19.409,,6400.0,1.0,,measurement,149340160.0
,,200,row-count; full checksum in block warmup,,,,,,,7.853625,duckdb,1000000,join_groupby,4,18,local_parquet_to_batches,19.216,,6400.0,1.0,,measurement,149356544.0
,,200,row-count; full checksum in block warmup,,,,,,,7.919875,duckdb,1000000,join_groupby,4,19,local_parquet_to_batches,20.945,,6400.0,1.0,,measurement,149356544.0
,,200,row-count; full checksum in block warmup,,,,,,,7.87075,duckdb,1000000,join_groupby,4,20,local_parquet_to_batches,19.336,,6400.0,1.0,,measurement,151666688.0
,,1000000,row-count; full checksum in block warmup,,,,,,,21.048417,duckdb,1000000,clean_derive,4,16,local_parquet_to_batches,24.587,,16000000.0,4.0,,measurement,164085760.0
,,1000000,row-count; full checksum in block warmup,,,,,,,20.679292,duckdb,1000000,clean_derive,4,17,local_parquet_to_batches,24.151,,16000000.0,4.0,,measurement,164167680.0
,,1000000,row-count; full checksum in block warmup,,,,,,,20.47425,duckdb,1000000,clean_derive,4,18,local_parquet_to_batches,23.89,,16000000.0,4.0,,measurement,164233216.0
,,1000000,row-count; full checksum in block warmup,,,,,,,20.722875,duckdb,1000000,clean_derive,4,19,local_parquet_to_batches,24.283,,16000000.0,4.0,,measurement,164249600.0
,,1000000,row-count; full checksum in block warmup,,,,,,,22.721958,duckdb,1000000,clean_derive,4,20,local_parquet_to_batches,26.637,,16000000.0,4.0,,measurement,165920768.0
,,50,row-count; full checksum in block warmup,,,,,,,2769.276833,duckdb,1000000000,groupby,4,16,local_parquet_to_batches,10669.267,,1600.0,1.0,,measurement,1085997056.0
,,50,row-count; full checksum in block warmup,,,,,,,2768.34075,duckdb,1000000000,groupby,4,17,local_parquet_to_batches,10672.212,,1600.0,1.0,,measurement,1086406656.0
,,50,row-count; full checksum in block warmup,,,,,,,2781.824875,duckdb,1000000000,groupby,4,18,local_parquet_to_batches,10721.895,,1600.0,1.0,,measurement,1086767104.0
,,50,row-count; full checksum in block warmup,,,,,,,2784.967542,duckdb,1000000000,groupby,4,19,local_parquet_to_batches,10735.105,,1600.0,1.0,,measurement,1088618496.0
,,50,row-count; full checksum in block warmup,,,,,,,2793.799167,duckdb,1000000000,groupby,4,20,local_parquet_to_batches,10775.984,,1600.0,1.0,,measurement,1090977792.0
,,10000000,row-count; full checksum in block warmup,,,,,,,222.911292,duckdb,10000000,clean_derive,4,16,local_parquet_to_batches,229.041,,160000000.0,40.0,,measurement,187400192.0
,,10000000,row-count; full checksum in block warmup,,,,,,,221.893541,duckdb,10000000,clean_derive,4,17,local_parquet_to_batches,228.16,,160000000.0,40.0,,measurement,187482112.0
,,10000000,row-count; full checksum in block warmup,,,,,,,228.267709,duckdb,10000000,clean_derive,4,18,local_parquet_to_batches,234.298,,160000000.0,40.0,,measurement,187498496.0
,,10000000,row-count; full checksum in block warmup,,,,,,,221.373167,duckdb,10000000,clean_derive,4,19,local_parquet_to_batches,227.588,,160000000.0,40.0,,measurement,187531264.0
,,10000000,row-count; full checksum in block warmup,,,,,,,221.252292,duckdb,10000000,clean_derive,4,20,local_parquet_to_batches,227.478,,160000000.0,40.0,,measurement,187580416.0
,,19798586,row-count; full checksum in block warmup,,,,,,,1450.689792,duckdb,100000000,filter_project,4,16,local_parquet_to_batches,2216.875,,475166064.0,80.0,,measurement,325337088.0
,,19798586,row-count; full checksum in block warmup,,,,,,,1433.931041,duckdb,100000000,filter_project,4,17,local_parquet_to_batches,2199.876,,475166064.0,80.0,,measurement,329859072.0
,,19798586,row-count; full checksum in block warmup,,,,,,,1427.399958,duckdb,100000000,filter_project,4,18,local_parquet_to_batches,2229.431,,475166064.0,80.0,,measurement,329908224.0
,,19798586,row-count; full checksum in block warmup,,,,,,,1443.676208,duckdb,100000000,filter_project,4,19,local_parquet_to_batches,2204.654,,475166064.0,80.0,,measurement,329924608.0
,,19798586,row-count; full checksum in block warmup,,,,,,,1446.712375,duckdb,100000000,filter_project,4,20,local_parquet_to_batches,2236.455,,475166064.0,80.0,,measurement,329940992.0
,,200,row-count; full checksum in block warmup,,,,,,,44.177042,duckdb,10000000,join_groupby,4,16,local_parquet_to_batches,163.255,,6400.0,1.0,,measurement,165249024.0
,,200,row-count; full checksum in block warmup,,,,,,,43.932833,duckdb,10000000,join_groupby,4,17,local_parquet_to_batches,162.932,,6400.0,1.0,,measurement,167952384.0
,,200,row-count; full checksum in block warmup,,,,,,,43.921833,duckdb,10000000,join_groupby,4,18,local_parquet_to_batches,164.063,,6400.0,1.0,,measurement,169148416.0
,,200,row-count; full checksum in block warmup,,,,,,,43.454875,duckdb,10000000,join_groupby,4,19,local_parquet_to_batches,160.697,,6400.0,1.0,,measurement,169148416.0
,,200,row-count; full checksum in block warmup,,,,,,,44.382042,duckdb,10000000,join_groupby,4,20,local_parquet_to_batches,165.764,,6400.0,1.0,,measurement,169164800.0
,,200,row-count; full checksum in block warmup,,,,,,,410.900208,duckdb,100000000,join_groupby,4,16,local_parquet_to_batches,1592.228,,6400.0,1.0,,measurement,254181376.0
,,200,row-count; full checksum in block warmup,,,,,,,414.751208,duckdb,100000000,join_groupby,4,17,local_parquet_to_batches,1611.744,,6400.0,1.0,,measurement,255066112.0
,,200,row-count; full checksum in block warmup,,,,,,,409.188584,duckdb,100000000,join_groupby,4,18,local_parquet_to_batches,1589.843,,6400.0,1.0,,measurement,267173888.0
,,200,row-count; full checksum in block warmup,,,,,,,406.001208,duckdb,100000000,join_groupby,4,19,local_parquet_to_batches,1576.455,,6400.0,1.0,,measurement,267173888.0
,,200,row-count; full checksum in block warmup,,,,,,,405.741416,duckdb,100000000,join_groupby,4,20,local_parquet_to_batches,1575.365,,6400.0,1.0,,measurement,267173888.0
,,50,row-count; full checksum in block warmup,,,,,,,1838.46175,pandas,100000000,groupby,4,16,local_parquet_to_batches,2587.771,113.29175900000014,1600.0,1.0,,measurement,2091270144.0
,,50,row-count; full checksum in block warmup,,,,,,,1888.203625,pandas,100000000,groupby,4,17,local_parquet_to_batches,2637.231,120.16356500000008,1600.0,1.0,,measurement,2987835392.0
,,50,row-count; full checksum in block warmup,,,,,,,1831.034541,pandas,100000000,groupby,4,18,local_parquet_to_batches,2547.05,112.26579000000012,1600.0,1.0,,measurement,3137470464.0
,,50,row-count; full checksum in block warmup,,,,,,,1823.566709,pandas,100000000,groupby,4,19,local_parquet_to_batches,2530.521,111.96929699999995,1600.0,1.0,,measurement,3153952768.0
,,50,row-count; full checksum in block warmup,,,,,,,1828.34,pandas,100000000,groupby,4,20,local_parquet_to_batches,2537.095,112.64587500000007,1600.0,1.0,,measurement,3222339584.0
,,100000,row-count; full checksum in block warmup,,,,,,,2.3035,pandas,100000,clean_derive,4,16,local_parquet_to_batches,3.267,1.396375,1600000.0,1.0,,measurement,144867328.0
,,100000,row-count; full checksum in block warmup,,,,,,,2.367625,pandas,100000,clean_derive,4,17,local_parquet_to_batches,3.335,1.443291,1600000.0,1.0,,measurement,145162240.0
,,100000,row-count; full checksum in block warmup,,,,,,,2.2145,pandas,100000,clean_derive,4,18,local_parquet_to_batches,3.152,1.4127079999999999,1600000.0,1.0,,measurement,145162240.0
,,100000,row-count; full checksum in block warmup,,,,,,,2.161417,pandas,100000,clean_derive,4,19,local_parquet_to_batches,3.081,1.339708,1600000.0,1.0,,measurement,145162240.0
,,100000,row-count; full checksum in block warmup,,,,,,,2.217,pandas,100000,clean_derive,4,20,local_parquet_to_batches,3.161,1.397209,1600000.0,1.0,,measurement,145408000.0
,,50,row-count; full checksum in block warmup,,,,,,,184.573708,pandas,10000000,groupby,4,16,local_parquet_to_batches,255.838,12.511919999999995,1600.0,1.0,,measurement,472678400.0
,,50,row-count; full checksum in block warmup,,,,,,,191.810625,pandas,10000000,groupby,4,17,local_parquet_to_batches,261.971,13.641335999999997,1600.0,1.0,,measurement,479707136.0
,,50,row-count; full checksum in block warmup,,,,,,,188.519667,pandas,10000000,groupby,4,18,local_parquet_to_batches,258.722,13.136830999999999,1600.0,1.0,,measurement,482443264.0
,,50,row-count; full checksum in block warmup,,,,,,,198.535125,pandas,10000000,groupby,4,19,local_parquet_to_batches,270.264,14.102328999999997,1600.0,1.0,,measurement,485883904.0
,,50,row-count; full checksum in block warmup,,,,,,,194.448084,pandas,10000000,groupby,4,20,local_parquet_to_batches,264.173,14.058165000000002,1600.0,1.0,,measurement,488079360.0
,,1980090,row-count; full checksum in block warmup,,,,,,,71.400083,pandas,10000000,filter_project,4,16,local_parquet_to_batches,240.012,31.881458000000006,47522160.0,100.0,,measurement,337559552.0
,,1980090,row-count; full checksum in block warmup,,,,,,,71.921833,pandas,10000000,filter_project,4,17,local_parquet_to_batches,239.869,32.124623,47522160.0,100.0,,measurement,340951040.0
,,1980090,row-count; full checksum in block warmup,,,,,,,71.333834,pandas,10000000,filter_project,4,18,local_parquet_to_batches,238.766,32.17758400000001,47522160.0,100.0,,measurement,343752704.0
,,1980090,row-count; full checksum in block warmup,,,,,,,71.619583,pandas,10000000,filter_project,4,19,local_parquet_to_batches,239.86,31.744706999999984,47522160.0,100.0,,measurement,348258304.0
,,1980090,row-count; full checksum in block warmup,,,,,,,71.747542,pandas,10000000,filter_project,4,20,local_parquet_to_batches,239.389,32.536499,47522160.0,100.0,,measurement,365019136.0
,,200,row-count; full checksum in block warmup,,,,,,,602.950084,pandas,10000000,join_groupby,4,16,local_parquet_to_batches,703.998,21.587460000000007,6400.0,1.0,,measurement,594640896.0
,,200,row-count; full checksum in block warmup,,,,,,,580.696834,pandas,10000000,join_groupby,4,17,local_parquet_to_batches,678.147,18.93267000000001,6400.0,1.0,,measurement,616153088.0
,,200,row-count; full checksum in block warmup,,,,,,,593.80625,pandas,10000000,join_groupby,4,18,local_parquet_to_batches,693.025,20.127500000000005,6400.0,1.0,,measurement,632029184.0
,,200,row-count; full checksum in block warmup,,,,,,,561.325209,pandas,10000000,join_groupby,4,19,local_parquet_to_batches,661.648,16.085378999999996,6400.0,1.0,,measurement,715882496.0
,,200,row-count; full checksum in block warmup,,,,,,,557.555583,pandas,10000000,join_groupby,4,20,local_parquet_to_batches,653.804,16.361171,6400.0,1.0,,measurement,717733888.0
,,197996556,row-count; full checksum in block warmup,,,,,,,7927.032708,pandas,1000000000,filter_project,4,16,local_parquet_to_batches,27174.708,3528.5219489999904,4751917344.0,10000.0,,measurement,15253356544.0
,,197996556,row-count; full checksum in block warmup,,,,,,,7582.219417,pandas,1000000000,filter_project,4,17,local_parquet_to_batches,25095.558,3410.672922999996,4751917344.0,10000.0,,measurement,16481222656.0
,,197996556,row-count; full checksum in block warmup,,,,,,,7629.699334,pandas,1000000000,filter_project,4,18,local_parquet_to_batches,24939.359,3480.3079400000142,4751917344.0,10000.0,,measurement,16553918464.0
,,197996556,row-count; full checksum in block warmup,,,,,,,7620.510125,pandas,1000000000,filter_project,4,19,local_parquet_to_batches,24910.407,3490.44640299999,4751917344.0,10000.0,,measurement,16576593920.0
,,197996556,row-count; full checksum in block warmup,,,,,,,7633.098125,pandas,1000000000,filter_project,4,20,local_parquet_to_batches,24895.129,3503.6636590000007,4751917344.0,10000.0,,measurement,16589996032.0
,,200,row-count; full checksum in block warmup,,,,,,,7.759375,pandas,100000,join_groupby,4,16,local_parquet_to_batches,8.501,2.075252,6400.0,1.0,,measurement,150683648.0
,,200,row-count; full checksum in block warmup,,,,,,,7.806,pandas,100000,join_groupby,4,17,local_parquet_to_batches,8.605,2.087084,6400.0,1.0,,measurement,151371776.0
,,200,row-count; full checksum in block warmup,,,,,,,7.509792,pandas,100000,join_groupby,4,18,local_parquet_to_batches,8.282,1.9643750000000002,6400.0,1.0,,measurement,151552000.0
,,200,row-count; full checksum in block warmup,,,,,,,7.491083,pandas,100000,join_groupby,4,19,local_parquet_to_batches,8.243,1.911791,6400.0,1.0,,measurement,151552000.0
,,200,row-count; full checksum in block warmup,,,,,,,7.270416,pandas,100000,join_groupby,4,20,local_parquet_to_batches,8.024,1.854874,6400.0,1.0,,measurement,151568384.0
,,1000000,row-count; full checksum in block warmup,,,,,,,11.604042,pandas,1000000,clean_derive,4,16,local_parquet_to_batches,23.979,4.877041000000001,16000000.0,10.0,,measurement,204177408.0
,,1000000,row-count; full checksum in block warmup,,,,,,,10.869916,pandas,1000000,clean_derive,4,17,local_parquet_to_batches,23.218,4.486959,16000000.0,10.0,,measurement,205488128.0
,,1000000,row-count; full checksum in block warmup,,,,,,,10.792708,pandas,1000000,clean_derive,4,18,local_parquet_to_batches,22.806,4.497749000000001,16000000.0,10.0,,measurement,205717504.0
,,1000000,row-count; full checksum in block warmup,,,,,,,10.740833,pandas,1000000,clean_derive,4,19,local_parquet_to_batches,22.748,4.488416000000001,16000000.0,10.0,,measurement,206569472.0
,,1000000,row-count; full checksum in block warmup,,,,,,,10.320917,pandas,1000000,clean_derive,4,20,local_parquet_to_batches,23.955,4.014458,16000000.0,10.0,,measurement,210894848.0
,,19886,row-count; full checksum in block warmup,,,,,,,2.489333,pandas,100000,filter_project,4,16,local_parquet_to_batches,3.227,1.850958,477264.0,1.0,,measurement,138264576.0
,,19886,row-count; full checksum in block warmup,,,,,,,2.464584,pandas,100000,filter_project,4,17,local_parquet_to_batches,3.177,1.853375,477264.0,1.0,,measurement,138264576.0
,,19886,row-count; full checksum in block warmup,,,,,,,2.396667,pandas,100000,filter_project,4,18,local_parquet_to_batches,3.077,1.806875,477264.0,1.0,,measurement,138264576.0
,,19886,row-count; full checksum in block warmup,,,,,,,2.321458,pandas,100000,filter_project,4,19,local_parquet_to_batches,3.021,1.777333,477264.0,1.0,,measurement,138543104.0
,,19886,row-count; full checksum in block warmup,,,,,,,2.181125,pandas,100000,filter_project,4,20,local_parquet_to_batches,2.857,1.656209,477264.0,1.0,,measurement,138543104.0
,,50,row-count; full checksum in block warmup,,,,,,,23.626667,pandas,1000000,groupby,4,16,local_parquet_to_batches,30.698,2.978001,1600.0,1.0,,measurement,181157888.0
,,50,row-count; full checksum in block warmup,,,,,,,22.055791,pandas,1000000,groupby,4,17,local_parquet_to_batches,28.83,2.916293,1600.0,1.0,,measurement,185679872.0
,,50,row-count; full checksum in block warmup,,,,,,,20.973209,pandas,1000000,groupby,4,18,local_parquet_to_batches,27.708,2.4757069999999994,1600.0,1.0,,measurement,189186048.0
,,50,row-count; full checksum in block warmup,,,,,,,20.300875,pandas,1000000,groupby,4,19,local_parquet_to_batches,26.787,2.3754600000000003,1600.0,1.0,,measurement,189399040.0
,,50,row-count; full checksum in block warmup,,,,,,,21.1095,pandas,1000000,groupby,4,20,local_parquet_to_batches,27.478,2.730292,1600.0,1.0,,measurement,189710336.0
,,198279,row-count; full checksum in block warmup,,,,,,,9.382334,pandas,1000000,filter_project,4,16,local_parquet_to_batches,25.752,4.499459,4758696.0,10.0,,measurement,174620672.0
,,198279,row-count; full checksum in block warmup,,,,,,,9.087833,pandas,1000000,filter_project,4,17,local_parquet_to_batches,25.856,4.646709,4758696.0,10.0,,measurement,187138048.0
,,198279,row-count; full checksum in block warmup,,,,,,,8.705542,pandas,1000000,filter_project,4,18,local_parquet_to_batches,24.783,4.412750000000001,4758696.0,10.0,,measurement,187203584.0
,,198279,row-count; full checksum in block warmup,,,,,,,8.670375,pandas,1000000,filter_project,4,19,local_parquet_to_batches,25.084,4.292416,4758696.0,10.0,,measurement,187219968.0
,,198279,row-count; full checksum in block warmup,,,,,,,8.540334,pandas,1000000,filter_project,4,20,local_parquet_to_batches,24.825,4.187957,4758696.0,10.0,,measurement,187285504.0
,,200,row-count; full checksum in block warmup,,,,,,,56287.3945,pandas,1000000000,join_groupby,4,16,local_parquet_to_batches,66865.063,1566.6376659999949,6400.0,1.0,,measurement,13344718848.0
,,200,row-count; full checksum in block warmup,,,,,,,55029.164416,pandas,1000000000,join_groupby,4,17,local_parquet_to_batches,65271.706,1499.6957709999986,6400.0,1.0,,measurement,13783121920.0
,,200,row-count; full checksum in block warmup,,,,,,,54992.014125,pandas,1000000000,join_groupby,4,18,local_parquet_to_batches,65155.387,1570.9613129999902,6400.0,1.0,,measurement,13974306816.0
,,200,row-count; full checksum in block warmup,,,,,,,54817.927125,pandas,1000000000,join_groupby,4,19,local_parquet_to_batches,64975.684,1549.3186489999914,6400.0,1.0,,measurement,14432452608.0
,,200,row-count; full checksum in block warmup,,,,,,,54603.522125,pandas,1000000000,join_groupby,4,20,local_parquet_to_batches,64738.304,1541.7763690000063,6400.0,1.0,,measurement,14483996672.0
,,200,row-count; full checksum in block warmup,,,,,,,63.878708,pandas,1000000,join_groupby,4,16,local_parquet_to_batches,73.871,4.074624,6400.0,1.0,,measurement,191807488.0
,,200,row-count; full checksum in block warmup,,,,,,,62.80675,pandas,1000000,join_groupby,4,17,local_parquet_to_batches,73.167,4.580832,6400.0,1.0,,measurement,196001792.0
,,200,row-count; full checksum in block warmup,,,,,,,59.3835,pandas,1000000,join_groupby,4,18,local_parquet_to_batches,69.072,3.798002,6400.0,1.0,,measurement,199442432.0
,,200,row-count; full checksum in block warmup,,,,,,,61.257666,pandas,1000000,join_groupby,4,19,local_parquet_to_batches,71.244,4.313291999999999,6400.0,1.0,,measurement,201211904.0
,,200,row-count; full checksum in block warmup,,,,,,,59.533583,pandas,1000000,join_groupby,4,20,local_parquet_to_batches,69.375,3.729374,6400.0,1.0,,measurement,203636736.0
,,50,row-count; full checksum in block warmup,,,,,,,17880.840667,pandas,1000000000,groupby,4,16,local_parquet_to_batches,25100.1,1139.1246129999945,1600.0,1.0,,measurement,9665609728.0
,,50,row-count; full checksum in block warmup,,,,,,,17897.301208,pandas,1000000000,groupby,4,17,local_parquet_to_batches,25086.109,1138.2635319999931,1600.0,1.0,,measurement,9925869568.0
,,50,row-count; full checksum in block warmup,,,,,,,17909.99875,pandas,1000000000,groupby,4,18,local_parquet_to_batches,25177.274,1133.406206999998,1600.0,1.0,,measurement,10382688256.0
,,50,row-count; full checksum in block warmup,,,,,,,17860.400875,pandas,1000000000,groupby,4,19,local_parquet_to_batches,25137.388,1131.2357890000014,1600.0,1.0,,measurement,10401316864.0
,,50,row-count; full checksum in block warmup,,,,,,,17893.032125,pandas,1000000000,groupby,4,20,local_parquet_to_batches,25107.598,1136.9239509999989,1600.0,1.0,,measurement,10407985152.0
,,100000000,row-count; full checksum in block warmup,,,,,,,883.600292,pandas,100000000,clean_derive,4,16,local_parquet_to_batches,2168.582,300.1539760000004,1600000000.0,1000.0,,measurement,2758918144.0
,,100000000,row-count; full checksum in block warmup,,,,,,,903.859958,pandas,100000000,clean_derive,4,17,local_parquet_to_batches,2201.943,305.7519210000002,1600000000.0,1000.0,,measurement,3106914304.0
,,100000000,row-count; full checksum in block warmup,,,,,,,886.32625,pandas,100000000,clean_derive,4,18,local_parquet_to_batches,2170.915,303.5117579999999,1600000000.0,1000.0,,measurement,3315826688.0
,,100000000,row-count; full checksum in block warmup,,,,,,,875.254875,pandas,100000000,clean_derive,4,19,local_parquet_to_batches,2162.113,296.60107200000033,1600000000.0,1000.0,,measurement,3325739008.0
,,100000000,row-count; full checksum in block warmup,,,,,,,873.836916,pandas,100000000,clean_derive,4,20,local_parquet_to_batches,2150.596,300.71092699999997,1600000000.0,1000.0,,measurement,3329392640.0
,,200,row-count; full checksum in block warmup,,,,,,,5463.758583,pandas,100000000,join_groupby,4,16,local_parquet_to_batches,6491.649,145.69429600000012,6400.0,1.0,,measurement,3507159040.0
,,200,row-count; full checksum in block warmup,,,,,,,5416.729375,pandas,100000000,join_groupby,4,17,local_parquet_to_batches,6407.177,140.67571600000042,6400.0,1.0,,measurement,3584311296.0
,,200,row-count; full checksum in block warmup,,,,,,,5425.462083,pandas,100000000,join_groupby,4,18,local_parquet_to_batches,6390.166,143.04763699999998,6400.0,1.0,,measurement,3633233920.0
,,200,row-count; full checksum in block warmup,,,,,,,5475.786833,pandas,100000000,join_groupby,4,19,local_parquet_to_batches,6462.682,146.0244230000001,6400.0,1.0,,measurement,3655548928.0
,,200,row-count; full checksum in block warmup,,,,,,,5429.105459,pandas,100000000,join_groupby,4,20,local_parquet_to_batches,6414.389,142.35742100000027,6400.0,1.0,,measurement,3672719360.0
,,10000000,row-count; full checksum in block warmup,,,,,,,90.629208,pandas,10000000,clean_derive,4,16,local_parquet_to_batches,219.603,31.447415999999997,160000000.0,100.0,,measurement,624295936.0
,,10000000,row-count; full checksum in block warmup,,,,,,,88.119792,pandas,10000000,clean_derive,4,17,local_parquet_to_batches,215.436,30.967623,160000000.0,100.0,,measurement,629080064.0
,,10000000,row-count; full checksum in block warmup,,,,,,,88.836792,pandas,10000000,clean_derive,4,18,local_parquet_to_batches,215.092,31.191539999999982,160000000.0,100.0,,measurement,632586240.0
,,10000000,row-count; full checksum in block warmup,,,,,,,92.960583,pandas,10000000,clean_derive,4,19,local_parquet_to_batches,219.61,32.279713000000015,160000000.0,100.0,,measurement,633602048.0
,,10000000,row-count; full checksum in block warmup,,,,,,,87.581,pandas,10000000,clean_derive,4,20,local_parquet_to_batches,214.689,30.204496999999975,160000000.0,100.0,,measurement,633880576.0
,,1000000000,row-count; full checksum in block warmup,,,,,,,9976.85025,pandas,1000000000,clean_derive,4,16,local_parquet_to_batches,24225.536,3659.91316700001,16000000000.0,10000.0,,measurement,16274096128.0
,,1000000000,row-count; full checksum in block warmup,,,,,,,9642.792958,pandas,1000000000,clean_derive,4,17,local_parquet_to_batches,23346.867,3456.669639000014,16000000000.0,10000.0,,measurement,16985260032.0
,,1000000000,row-count; full checksum in block warmup,,,,,,,9802.035792,pandas,1000000000,clean_derive,4,18,local_parquet_to_batches,22925.737,3602.303001000003,16000000000.0,10000.0,,measurement,17233985536.0
,,1000000000,row-count; full checksum in block warmup,,,,,,,9455.577583,pandas,1000000000,clean_derive,4,19,local_parquet_to_batches,22956.933,3406.6562830000053,16000000000.0,10000.0,,measurement,17625595904.0
,,1000000000,row-count; full checksum in block warmup,,,,,,,9422.823083,pandas,1000000000,clean_derive,4,20,local_parquet_to_batches,22691.891,3421.9025690000117,16000000000.0,10000.0,,measurement,17890017280.0
,,50,row-count; full checksum in block warmup,,,,,,,3.118458,pandas,100000,groupby,4,16,local_parquet_to_batches,3.446,1.1684580000000002,1600.0,1.0,,measurement,139329536.0
,,50,row-count; full checksum in block warmup,,,,,,,3.144875,pandas,100000,groupby,4,17,local_parquet_to_batches,3.51,1.211541,1600.0,1.0,,measurement,139591680.0
,,50,row-count; full checksum in block warmup,,,,,,,3.081791,pandas,100000,groupby,4,18,local_parquet_to_batches,3.437,1.098458,1600.0,1.0,,measurement,139591680.0
,,50,row-count; full checksum in block warmup,,,,,,,2.977375,pandas,100000,groupby,4,19,local_parquet_to_batches,3.335,1.1171239999999998,1600.0,1.0,,measurement,139591680.0
,,50,row-count; full checksum in block warmup,,,,,,,2.962625,pandas,100000,groupby,4,20,local_parquet_to_batches,3.326,1.094791,1600.0,1.0,,measurement,139591680.0
,,19798586,row-count; full checksum in block warmup,,,,,,,693.381125,pandas,100000000,filter_project,4,16,local_parquet_to_batches,2379.445,303.9071160000004,475166064.0,1000.0,,measurement,1901805568.0
,,19798586,row-count; full checksum in block warmup,,,,,,,695.95975,pandas,100000000,filter_project,4,17,local_parquet_to_batches,2382.199,304.6211960000005,475166064.0,1000.0,,measurement,1906655232.0
,,19798586,row-count; full checksum in block warmup,,,,,,,698.563208,pandas,100000000,filter_project,4,18,local_parquet_to_batches,2411.142,299.9199739999996,475166064.0,1000.0,,measurement,2508374016.0
,,19798586,row-count; full checksum in block warmup,,,,,,,692.525416,pandas,100000000,filter_project,4,19,local_parquet_to_batches,2378.521,301.81710999999945,475166064.0,1000.0,,measurement,2513715200.0
,,19798586,row-count; full checksum in block warmup,,,,,,,692.974209,pandas,100000000,filter_project,4,20,local_parquet_to_batches,2374.699,304.71084900000045,475166064.0,1000.0,,measurement,2515271680.0
01c6f35c-0001-fcf9-0001-9ade000bee06,501.788667,198279,row-count; full checksum query before block,389.0,159.0,230.0,0.0,0.0,7627264.0,389.0,snowflake_medium,1000000,filter_project,5,21,platform_query,,,,,,,
01c6f35c-0001-fe0c-0001-9ade000bfe2e,623.12975,198279,row-count; full checksum query before block,455.0,169.0,286.0,0.0,0.0,7627264.0,455.0,snowflake_medium,1000000,filter_project,5,22,platform_query,,,,,,,
01c6f35c-0001-fe0c-0001-9ade000bfe32,334.478958,198279,row-count; full checksum query before block,258.0,42.0,216.0,0.0,0.0,7627264.0,258.0,snowflake_medium,1000000,filter_project,5,23,platform_query,,,,,,,
01c6f35c-0001-fcf9-0001-9ade000bee1e,329.476041,198279,row-count; full checksum query before block,270.0,67.0,203.0,0.0,0.0,7627264.0,270.0,snowflake_medium,1000000,filter_project,5,24,platform_query,,,,,,,
01c6f35c-0001-fe0c-0001-9ade000bfe36,351.5355,198279,row-count; full checksum query before block,265.0,45.0,220.0,0.0,0.0,7627264.0,265.0,snowflake_medium,1000000,filter_project,5,25,platform_query,,,,,,,
01c6f35c-0001-fcf8-0001-9ade000c039a,368.791209,100000,row-count; full checksum query before block,306.0,126.0,180.0,0.0,0.0,973312.0,306.0,snowflake_medium,100000,clean_derive,5,21,platform_query,,,,,,,
01c6f35c-0001-fe0c-0001-9ade000bfe42,388.126084,100000,row-count; full checksum query before block,245.0,40.0,205.0,0.0,0.0,973312.0,245.0,snowflake_medium,100000,clean_derive,5,22,platform_query,,,,,,,
01c6f35c-0001-fcf9-0001-9ade000bee56,411.249833,100000,row-count; full checksum query before block,304.0,66.0,238.0,0.0,0.0,973312.0,304.0,snowflake_medium,100000,clean_derive,5,23,platform_query,,,,,,,
01c6f35c-0001-fe0c-0001-9ade000bfe46,325.305375,100000,row-count; full checksum query before block,260.0,91.0,169.0,0.0,0.0,973312.0,260.0,snowflake_medium,100000,clean_derive,5,24,platform_query,,,,,,,
01c6f35c-0001-fcf9-0001-9ade000bee66,493.064042,100000,row-count; full checksum query before block,247.0,66.0,181.0,0.0,0.0,973312.0,247.0,snowflake_medium,100000,clean_derive,5,25,platform_query,,,,,,,
01c6f35c-0001-fcf8-0001-9ade000c039e,10405.723209,1000000000,row-count; full checksum query before block,10206.0,315.0,9891.0,0.0,0.0,7635108352.0,10206.0,snowflake_medium,1000000000,clean_derive,5,21,platform_query,,,,,,,
01c6f35c-0001-fcf8-0001-9ade000c03a2,10485.023208,1000000000,row-count; full checksum query before block,10267.0,259.0,10008.0,0.0,0.0,7635108352.0,10267.0,snowflake_medium,1000000000,clean_derive,5,22,platform_query,,,,,,,
01c6f35d-0001-fe0c-0001-9ade000bfe52,10204.606333,1000000000,row-count; full checksum query before block,10041.0,141.0,9900.0,0.0,0.0,7635108352.0,10041.0,snowflake_medium,1000000000,clean_derive,5,23,platform_query,,,,,,,
01c6f35d-0001-fe2b-0001-9ade000c11ae,10400.598917,1000000000,row-count; full checksum query before block,10193.0,359.0,9834.0,0.0,0.0,7635108352.0,10193.0,snowflake_medium,1000000000,clean_derive,5,24,platform_query,,,,,,,
01c6f35d-0001-fe2b-0001-9ade000c11b2,10095.2545,1000000000,row-count; full checksum query before block,9959.0,141.0,9818.0,0.0,0.0,7635108352.0,9959.0,snowflake_medium,1000000000,clean_derive,5,25,platform_query,,,,,,,
01c6f35d-0001-fe2b-0001-9ade000c11ba,719.929541,10000000,row-count; full checksum query before block,464.0,43.0,421.0,0.0,0.0,151591936.0,464.0,snowflake_medium,10000000,clean_derive,5,21,platform_query,,,,,,,
01c6f35d-0001-fcf8-0001-9ade000c03aa,636.364,10000000,row-count; full checksum query before block,546.0,97.0,449.0,0.0,0.0,151591936.0,546.0,snowflake_medium,10000000,clean_derive,5,22,platform_query,,,,,,,
01c6f35d-0001-fe2b-0001-9ade000c11be,553.254833,10000000,row-count; full checksum query before block,474.0,62.0,412.0,0.0,0.0,151591936.0,474.0,snowflake_medium,10000000,clean_derive,5,23,platform_query,,,,,,,
01c6f35d-0001-fe0c-0001-9ade000bfe5e,599.3335,10000000,row-count; full checksum query before block,526.0,99.0,427.0,0.0,0.0,151591936.0,526.0,snowflake_medium,10000000,clean_derive,5,24,platform_query,,,,,,,
01c6f35d-0001-fcf8-0001-9ade000c03ae,758.828959,10000000,row-count; full checksum query before block,546.0,112.0,434.0,0.0,0.0,151591936.0,546.0,snowflake_medium,10000000,clean_derive,5,25,platform_query,,,,,,,
01c6f35d-0001-fe0c-0001-9ade000bfe66,797.452209,50,row-count; full checksum query before block,762.0,79.0,683.0,0.0,0.0,7635108352.0,762.0,snowflake_medium,1000000000,groupby,5,21,platform_query,,,,,,,
01c6f35d-0001-fe2b-0001-9ade000c11c2,845.357,50,row-count; full checksum query before block,803.0,137.0,666.0,0.0,0.0,7635108352.0,803.0,snowflake_medium,1000000000,groupby,5,22,platform_query,,,,,,,
01c6f35d-0001-fcf8-0001-9ade000c03ba,832.45925,50,row-count; full checksum query before block,795.0,113.0,682.0,0.0,0.0,7635108352.0,795.0,snowflake_medium,1000000000,groupby,5,23,platform_query,,,,,,,
01c6f35d-0001-fe0c-0001-9ade000bfe6a,1004.138875,50,row-count; full checksum query before block,703.0,47.0,656.0,0.0,0.0,7635108352.0,703.0,snowflake_medium,1000000000,groupby,5,24,platform_query,,,,,,,
01c6f35d-0001-fcf8-0001-9ade000c03be,819.992333,50,row-count; full checksum query before block,748.0,43.0,705.0,0.0,0.0,7635108352.0,748.0,snowflake_medium,1000000000,groupby,5,25,platform_query,,,,,,,
01c6f35d-0001-fcf8-0001-9ade000c03c2,465.144334,1980090,row-count; full checksum query before block,369.0,105.0,264.0,0.0,0.0,141636608.0,369.0,snowflake_medium,10000000,filter_project,5,21,platform_query,,,,,,,
01c6f35d-0001-fcf9-0001-9ade000c22d2,753.1095,1980090,row-count; full checksum query before block,613.0,300.0,313.0,0.0,0.0,146614272.0,613.0,snowflake_medium,10000000,filter_project,5,22,platform_query,,,,,,,
01c6f35d-0001-fcf8-0001-9ade000c03c6,310.067709,1980090,row-count; full checksum query before block,245.0,44.0,201.0,0.0,0.0,151591936.0,245.0,snowflake_medium,10000000,filter_project,5,23,platform_query,,,,,,,
01c6f35d-0001-fe0c-0001-9ade000bfe76,438.725458,1980090,row-count; full checksum query before block,302.0,40.0,262.0,0.0,0.0,146614272.0,302.0,snowflake_medium,10000000,filter_project,5,24,platform_query,,,,,,,
01c6f35d-0001-fcf8-0001-9ade000c03ca,312.948875,1980090,row-count; full checksum query before block,249.0,37.0,212.0,0.0,0.0,151591936.0,249.0,snowflake_medium,10000000,filter_project,5,25,platform_query,,,,,,,
01c6f35d-0001-fe2b-0001-9ade000c11ce,306.269458,50,row-count; full checksum query before block,150.0,124.0,26.0,0.0,0.0,973312.0,150.0,snowflake_medium,100000,groupby,5,21,platform_query,,,,,,,
01c6f35d-0001-fe0c-0001-9ade000bfe7e,72.580917,50,row-count; full checksum query before block,49.0,29.0,20.0,0.0,0.0,973312.0,49.0,snowflake_medium,100000,groupby,5,22,platform_query,,,,,,,
01c6f35d-0001-fcf9-0001-9ade000c2306,111.7915,50,row-count; full checksum query before block,82.0,66.0,16.0,0.0,0.0,973312.0,82.0,snowflake_medium,100000,groupby,5,23,platform_query,,,,,,,
01c6f35d-0001-fcf8-0001-9ade000c03d2,123.561083,50,row-count; full checksum query before block,65.0,37.0,28.0,0.0,0.0,973312.0,65.0,snowflake_medium,100000,groupby,5,24,platform_query,,,,,,,
01c6f35d-0001-fcf8-0001-9ade000c03d6,85.256292,50,row-count; full checksum query before block,55.0,37.0,18.0,0.0,0.0,973312.0,55.0,snowflake_medium,100000,groupby,5,25,platform_query,,,,,,,
01c6f35d-0001-fcf8-0001-9ade000c03de,167.492541,200,row-count; full checksum query before block,130.0,43.0,87.0,0.0,0.0,7865856.0,130.0,snowflake_medium,1000000,join_groupby,5,21,platform_query,,,,,,,
01c6f35d-0001-fe0c-0001-9ade000bfe82,181.465667,200,row-count; full checksum query before block,145.0,56.0,89.0,0.0,0.0,7865856.0,145.0,snowflake_medium,1000000,join_groupby,5,22,platform_query,,,,,,,
01c6f35d-0001-fe0c-0001-9ade000bfe86,171.463041,200,row-count; full checksum query before block,134.0,46.0,88.0,0.0,0.0,7865856.0,134.0,snowflake_medium,1000000,join_groupby,5,23,platform_query,,,,,,,
01c6f35d-0001-fcf9-0001-9ade000c232e,290.106083,200,row-count; full checksum query before block,232.0,131.0,101.0,0.0,0.0,7865856.0,232.0,snowflake_medium,1000000,join_groupby,5,24,platform_query,,,,,,,
01c6f35d-0001-fcf8-0001-9ade000c03e2,260.749458,200,row-count; full checksum query before block,218.0,127.0,91.0,0.0,0.0,7865856.0,218.0,snowflake_medium,1000000,join_groupby,5,25,platform_query,,,,,,,
01c6f35d-0001-fe0c-0001-9ade000bfe8a,271.341458,200,row-count; full checksum query before block,141.0,87.0,54.0,0.0,0.0,1211904.0,141.0,snowflake_medium,100000,join_groupby,5,21,platform_query,,,,,,,
01c6f35d-0001-fe0c-0001-9ade000bfe8e,144.150459,200,row-count; full checksum query before block,98.0,51.0,47.0,0.0,0.0,1211904.0,98.0,snowflake_medium,100000,join_groupby,5,22,platform_query,,,,,,,
01c6f35d-0001-fcf8-0001-9ade000c03e6,175.805667,200,row-count; full checksum query before block,114.0,61.0,53.0,0.0,0.0,1211904.0,114.0,snowflake_medium,100000,join_groupby,5,23,platform_query,,,,,,,
01c6f35d-0001-fcf8-0001-9ade000c03ea,203.62675,200,row-count; full checksum query before block,142.0,69.0,73.0,0.0,0.0,1211904.0,142.0,snowflake_medium,100000,join_groupby,5,24,platform_query,,,,,,,
01c6f35e-0001-fcf8-0001-9ade000c03ee,136.514583,200,row-count; full checksum query before block,100.0,44.0,56.0,0.0,0.0,1211904.0,100.0,snowflake_medium,100000,join_groupby,5,25,platform_query,,,,,,,
01c6f35e-0001-fcf8-0001-9ade000c03f6,514.5345,1000000,row-count; full checksum query before block,442.0,44.0,398.0,0.0,0.0,7627264.0,442.0,snowflake_medium,1000000,clean_derive,5,21,platform_query,,,,,,,
01c6f35e-0001-fe0c-0001-9ade000bfe92,624.115792,1000000,row-count; full checksum query before block,532.0,105.0,427.0,0.0,0.0,7627264.0,532.0,snowflake_medium,1000000,clean_derive,5,22,platform_query,,,,,,,
01c6f35e-0001-fcf8-0001-9ade000c03fa,495.557125,1000000,row-count; full checksum query before block,431.0,39.0,392.0,0.0,0.0,7627264.0,431.0,snowflake_medium,1000000,clean_derive,5,23,platform_query,,,,,,,
01c6f35e-0001-fcf9-0001-9ade000c23ae,557.587291,1000000,row-count; full checksum query before block,483.0,69.0,414.0,0.0,0.0,7627264.0,483.0,snowflake_medium,1000000,clean_derive,5,24,platform_query,,,,,,,
01c6f35e-0001-fcf8-0001-9ade000c03fe,537.510958,1000000,row-count; full checksum query before block,456.0,56.0,400.0,0.0,0.0,7627264.0,456.0,snowflake_medium,1000000,clean_derive,5,25,platform_query,,,,,,,
01c6f35e-0001-fe2b-0001-9ade000c11ee,1710.897166,100000000,row-count; full checksum query before block,1467.0,44.0,1423.0,0.0,0.0,3116867584.0,1467.0,snowflake_medium,100000000,clean_derive,5,21,platform_query,,,,,,,
01c6f35e-0001-fe2b-0001-9ade000c11f2,1651.90375,100000000,row-count; full checksum query before block,1553.0,144.0,1409.0,0.0,0.0,3116867584.0,1553.0,snowflake_medium,100000000,clean_derive,5,22,platform_query,,,,,,,
01c6f35e-0001-fcf9-0001-9ade000c2422,1709.710916,100000000,row-count; full checksum query before block,1623.0,121.0,1502.0,0.0,0.0,3116867584.0,1623.0,snowflake_medium,100000000,clean_derive,5,23,platform_query,,,,,,,
01c6f35e-0001-fcf8-0001-9ade000c0402,1888.076792,100000000,row-count; full checksum query before block,1743.0,139.0,1604.0,0.0,0.0,3116867584.0,1743.0,snowflake_medium,100000000,clean_derive,5,24,platform_query,,,,,,,
01c6f35e-0001-fe0c-0001-9ade000bfe9a,1838.6295,100000000,row-count; full checksum query before block,1662.0,139.0,1523.0,0.0,0.0,3116867584.0,1662.0,snowflake_medium,100000000,clean_derive,5,25,platform_query,,,,,,,
01c6f35e-0001-fcf8-0001-9ade000c040e,188.402708,50,row-count; full checksum query before block,160.0,33.0,127.0,0.0,0.0,3116867584.0,160.0,snowflake_medium,100000000,groupby,5,21,platform_query,,,,,,,
01c6f35e-0001-fe2b-0001-9ade000c11fa,330.630583,50,row-count; full checksum query before block,293.0,154.0,139.0,0.0,0.0,3116867584.0,293.0,snowflake_medium,100000000,groupby,5,22,platform_query,,,,,,,
01c6f35e-0001-fe2b-0001-9ade000c11fe,213.235458,50,row-count; full checksum query before block,183.0,41.0,142.0,0.0,0.0,3116867584.0,183.0,snowflake_medium,100000000,groupby,5,23,platform_query,,,,,,,
01c6f35e-0001-fe0c-0001-9ade000bfea2,238.403833,50,row-count; full checksum query before block,208.0,80.0,128.0,0.0,0.0,3116867584.0,208.0,snowflake_medium,100000000,groupby,5,24,platform_query,,,,,,,
01c6f35e-0001-fcf9-0001-9ade000c249e,260.068084,50,row-count; full checksum query before block,181.0,69.0,112.0,0.0,0.0,3116867584.0,181.0,snowflake_medium,100000000,groupby,5,25,platform_query,,,,,,,
01c6f35e-0001-fcf8-0001-9ade000c0416,307.884542,200,row-count; full checksum query before block,272.0,50.0,222.0,0.0,0.0,3066184192.0,272.0,snowflake_medium,100000000,join_groupby,5,21,platform_query,,,,,,,
01c6f35e-0001-fe2b-0001-9ade000c1206,343.911042,200,row-count; full checksum query before block,299.0,58.0,241.0,0.0,0.0,2975482368.0,299.0,snowflake_medium,100000000,join_groupby,5,22,platform_query,,,,,,,
01c6f35e-0001-fe2b-0001-9ade000c120a,430.342166,200,row-count; full checksum query before block,300.0,51.0,249.0,0.0,0.0,3083480064.0,300.0,snowflake_medium,100000000,join_groupby,5,23,platform_query,,,,,,,
01c6f35e-0001-fe2b-0001-9ade000c120e,508.691167,200,row-count; full checksum query before block,407.0,140.0,267.0,0.0,0.0,2965340160.0,407.0,snowflake_medium,100000000,join_groupby,5,24,platform_query,,,,,,,
01c6f35e-0001-fe2b-0001-9ade000c1212,409.137167,200,row-count; full checksum query before block,297.0,55.0,242.0,0.0,0.0,3024691583.0,297.0,snowflake_medium,100000000,join_groupby,5,25,platform_query,,,,,,,
01c6f35e-0001-fe2b-0001-9ade000c1216,595.811875,19798586,row-count; full checksum query before block,509.0,35.0,474.0,0.0,0.0,3083240960.0,509.0,snowflake_medium,100000000,filter_project,5,21,platform_query,,,,,,,
01c6f35e-0001-fcf8-0001-9ade000c041a,686.077833,19798586,row-count; full checksum query before block,594.0,101.0,493.0,0.0,0.0,2982346240.0,594.0,snowflake_medium,100000000,filter_project,5,22,platform_query,,,,,,,
01c6f35e-0001-fe2b-0001-9ade000c121a,591.998125,19798586,row-count; full checksum query before block,508.0,39.0,469.0,0.0,0.0,3077574528.0,508.0,snowflake_medium,100000000,filter_project,5,23,platform_query,,,,,,,
01c6f35e-0001-fcf8-0001-9ade000c041e,623.670917,19798586,row-count; full checksum query before block,537.0,111.0,426.0,0.0,0.0,3089289728.0,537.0,snowflake_medium,100000000,filter_project,5,24,platform_query,,,,,,,
01c6f35e-0001-fcf8-0001-9ade000c0422,769.371291,19798586,row-count; full checksum query before block,519.0,38.0,481.0,0.0,0.0,3061232767.0,519.0,snowflake_medium,100000000,filter_project,5,25,platform_query,,,,,,,
01c6f35e-0001-fe2b-0001-9ade000c1222,157.116125,50,row-count; full checksum query before block,127.0,69.0,58.0,0.0,0.0,151591936.0,127.0,snowflake_medium,10000000,groupby,5,21,platform_query,,,,,,,
01c6f35e-0001-fe2b-0001-9ade000c1226,186.672458,50,row-count; full checksum query before block,121.0,43.0,78.0,0.0,0.0,151591936.0,121.0,snowflake_medium,10000000,groupby,5,22,platform_query,,,,,,,
01c6f35e-0001-fcf8-0001-9ade000c0426,164.698792,50,row-count; full checksum query before block,133.0,81.0,52.0,0.0,0.0,151591936.0,133.0,snowflake_medium,10000000,groupby,5,23,platform_query,,,,,,,
01c6f35e-0001-fe0c-0001-9ade000bfeb2,119.458625,50,row-count; full checksum query before block,84.0,42.0,42.0,0.0,0.0,151591936.0,84.0,snowflake_medium,10000000,groupby,5,24,platform_query,,,,,,,
01c6f35e-0001-fcf8-0001-9ade000c042a,118.532209,50,row-count; full checksum query before block,83.0,38.0,45.0,0.0,0.0,151591936.0,83.0,snowflake_medium,10000000,groupby,5,25,platform_query,,,,,,,
01c6f35e-0001-fcf8-0001-9ade000c0432,244.048125,200,row-count; full checksum query before block,202.0,110.0,92.0,0.0,0.0,151830528.0,202.0,snowflake_medium,10000000,join_groupby,5,21,platform_query,,,,,,,
01c6f35e-0001-fcf9-0001-9ade000c257a,219.095959,200,row-count; full checksum query before block,157.0,82.0,75.0,0.0,0.0,146853376.0,157.0,snowflake_medium,10000000,join_groupby,5,22,platform_query,,,,,,,
01c6f35e-0001-fcf9-0001-9ade000c257e,169.808917,200,row-count; full checksum query before block,118.0,40.0,78.0,0.0,0.0,151830528.0,118.0,snowflake_medium,10000000,join_groupby,5,23,platform_query,,,,,,,
01c6f35e-0001-fe0c-0001-9ade000bfeb6,222.348625,200,row-count; full checksum query before block,181.0,95.0,86.0,0.0,0.0,141875712.0,181.0,snowflake_medium,10000000,join_groupby,5,24,platform_query,,,,,,,
01c6f35e-0001-fcf8-0001-9ade000c0436,170.666291,200,row-count; full checksum query before block,128.0,51.0,77.0,0.0,0.0,146853376.0,128.0,snowflake_medium,10000000,join_groupby,5,25,platform_query,,,,,,,
01c6f35e-0001-fe2b-0001-9ade000c1232,96.359917,50,row-count; full checksum query before block,66.0,33.0,33.0,0.0,0.0,7627264.0,66.0,snowflake_medium,1000000,groupby,5,21,platform_query,,,,,,,
01c6f35e-0001-fcf8-0001-9ade000c0442,102.55525,50,row-count; full checksum query before block,76.0,44.0,32.0,0.0,0.0,7627264.0,76.0,snowflake_medium,1000000,groupby,5,22,platform_query,,,,,,,
01c6f35e-0001-fe2b-0001-9ade000c1236,131.175916,50,row-count; full checksum query before block,73.0,41.0,32.0,0.0,0.0,7627264.0,73.0,snowflake_medium,1000000,groupby,5,23,platform_query,,,,,,,
01c6f35e-0001-fe0c-0001-9ade000bfeba,108.810125,50,row-count; full checksum query before block,81.0,47.0,34.0,0.0,0.0,7627264.0,81.0,snowflake_medium,1000000,groupby,5,24,platform_query,,,,,,,
01c6f35e-0001-fe0c-0001-9ade000bfebe,110.9,50,row-count; full checksum query before block,81.0,47.0,34.0,0.0,0.0,7627264.0,81.0,snowflake_medium,1000000,groupby,5,25,platform_query,,,,,,,
01c6f35e-0001-fe0c-0001-9ade000bfec2,2250.496708,197996556,row-count; full checksum query before block,2141.0,75.0,2066.0,0.0,0.0,7635108352.0,2141.0,snowflake_medium,1000000000,filter_project,5,21,platform_query,,,,,,,
01c6f35e-0001-fe2b-0001-9ade000c123e,2433.623333,197996556,row-count; full checksum query before block,2192.0,115.0,2077.0,0.0,0.0,7635108352.0,2192.0,snowflake_medium,1000000000,filter_project,5,22,platform_query,,,,,,,
01c6f35e-0001-fe2b-0001-9ade000c1242,2270.047166,197996556,row-count; full checksum query before block,2169.0,135.0,2034.0,0.0,0.0,7635108352.0,2169.0,snowflake_medium,1000000000,filter_project,5,23,platform_query,,,,,,,
01c6f35e-0001-fcf8-0001-9ade000c044a,2262.270333,197996556,row-count; full checksum query before block,2154.0,107.0,2047.0,0.0,0.0,7635108352.0,2154.0,snowflake_medium,1000000000,filter_project,5,24,platform_query,,,,,,,
01c6f35e-0001-fe2b-0001-9ade000c124a,2795.64475,197996556,row-count; full checksum query before block,2529.0,133.0,2396.0,0.0,0.0,7635108352.0,2529.0,snowflake_medium,1000000000,filter_project,5,25,platform_query,,,,,,,
01c6f35e-0001-fcf8-0001-9ade000c0452,1878.552541,200,row-count; full checksum query before block,1799.0,121.0,1678.0,0.0,0.0,7635346944.0,1799.0,snowflake_medium,1000000000,join_groupby,5,21,platform_query,,,,,,,
01c6f35f-0001-fe2b-0001-9ade000c1252,1967.342334,200,row-count; full checksum query before block,1910.0,197.0,1713.0,0.0,0.0,7635346944.0,1910.0,snowflake_medium,1000000000,join_groupby,5,22,platform_query,,,,,,,
01c6f35f-0001-fcf9-0001-9ade000c272a,1787.207042,200,row-count; full checksum query before block,1622.0,91.0,1531.0,0.0,0.0,7635346944.0,1622.0,snowflake_medium,1000000000,join_groupby,5,23,platform_query,,,,,,,
01c6f35f-0001-fcf8-0001-9ade000c0456,1662.999791,200,row-count; full checksum query before block,1619.0,107.0,1512.0,0.0,0.0,7635346944.0,1619.0,snowflake_medium,1000000000,join_groupby,5,24,platform_query,,,,,,,
01c6f35f-0001-fcf8-0001-9ade000c045a,1716.808292,200,row-count; full checksum query before block,1577.0,65.0,1512.0,0.0,0.0,7635346944.0,1577.0,snowflake_medium,1000000000,join_groupby,5,25,platform_query,,,,,,,
01c6f35f-0001-fe0c-0001-9ade000bfeca,300.177292,19886,row-count; full checksum query before block,229.0,118.0,111.0,0.0,0.0,973312.0,229.0,snowflake_medium,100000,filter_project,5,21,platform_query,,,,,,,
01c6f35f-0001-fcf9-0001-9ade000c279a,211.974708,19886,row-count; full checksum query before block,146.0,30.0,116.0,0.0,0.0,973312.0,146.0,snowflake_medium,100000,filter_project,5,22,platform_query,,,,,,,
01c6f35f-0001-fe0c-0001-9ade000bfece,266.627416,19886,row-count; full checksum query before block,162.0,55.0,107.0,0.0,0.0,973312.0,162.0,snowflake_medium,100000,filter_project,5,23,platform_query,,,,,,,
01c6f35f-0001-fe0c-0001-9ade000bfed2,257.568459,19886,row-count; full checksum query before block,156.0,38.0,118.0,0.0,0.0,973312.0,156.0,snowflake_medium,100000,filter_project,5,24,platform_query,,,,,,,
01c6f35f-0001-fcf9-0001-9ade000c27a6,208.37475,19886,row-count; full checksum query before block,149.0,29.0,120.0,0.0,0.0,973312.0,149.0,snowflake_medium,100000,filter_project,5,25,platform_query,,,,,,,
01c6f35f-0001-fcf9-0001-9ade000c27da,240.862333,200,row-count; full checksum query before block,200.0,117.0,83.0,0.0,0.0,7865856.0,200.0,snowflake_xsmall,1000000,join_groupby,5,21,platform_query,,,,,,,
01c6f35f-0001-fe2b-0001-9ade000c126e,209.132208,200,row-count; full checksum query before block,116.0,41.0,75.0,0.0,0.0,7865856.0,116.0,snowflake_xsmall,1000000,join_groupby,5,22,platform_query,,,,,,,
01c6f35f-0001-fcf9-0001-9ade000c27e6,158.505667,200,row-count; full checksum query before block,114.0,40.0,74.0,0.0,0.0,7865856.0,114.0,snowflake_xsmall,1000000,join_groupby,5,23,platform_query,,,,,,,
01c6f35f-0001-fe0c-0001-9ade000bfeda,197.261375,200,row-count; full checksum query before block,157.0,80.0,77.0,0.0,0.0,7865856.0,157.0,snowflake_xsmall,1000000,join_groupby,5,24,platform_query,,,,,,,
01c6f35f-0001-fcf8-0001-9ade000c045e,319.528459,200,row-count; full checksum query before block,252.0,168.0,84.0,0.0,0.0,7865856.0,252.0,snowflake_xsmall,1000000,join_groupby,5,25,platform_query,,,,,,,
01c6f35f-0001-fe0c-0001-9ade000bfee2,391.405916,198279,row-count; full checksum query before block,324.0,78.0,246.0,0.0,0.0,7627264.0,324.0,snowflake_xsmall,1000000,filter_project,5,21,platform_query,,,,,,,
01c6f35f-0001-fe0c-0001-9ade000bfee6,501.155792,198279,row-count; full checksum query before block,293.0,30.0,263.0,0.0,0.0,7627264.0,293.0,snowflake_xsmall,1000000,filter_project,5,22,platform_query,,,,,,,
01c6f35f-0001-fe0c-0001-9ade000bfeea,503.133625,198279,row-count; full checksum query before block,276.0,46.0,230.0,0.0,0.0,7627264.0,276.0,snowflake_xsmall,1000000,filter_project,5,23,platform_query,,,,,,,
01c6f35f-0001-fcf8-0001-9ade000c0466,513.675417,198279,row-count; full checksum query before block,337.0,89.0,248.0,0.0,0.0,7627264.0,337.0,snowflake_xsmall,1000000,filter_project,5,24,platform_query,,,,,,,
01c6f35f-0001-fe0c-0001-9ade000bfeee,323.1745,198279,row-count; full checksum query before block,261.0,30.0,231.0,0.0,0.0,7627264.0,261.0,snowflake_xsmall,1000000,filter_project,5,25,platform_query,,,,,,,
01c6f35f-0001-fe2b-0001-9ade000c1276,4635.383959,100000000,row-count; full checksum query before block,4432.0,122.0,4310.0,0.0,0.0,779216896.0,4432.0,snowflake_xsmall,100000000,clean_derive,5,21,platform_query,,,,,,,
01c6f35f-0001-fcf8-0001-9ade000c046a,4412.488375,100000000,row-count; full checksum query before block,4327.0,128.0,4199.0,0.0,0.0,779216896.0,4327.0,snowflake_xsmall,100000000,clean_derive,5,22,platform_query,,,,,,,
01c6f35f-0001-fe0c-0001-9ade000bfef6,4491.757083,100000000,row-count; full checksum query before block,4405.0,95.0,4310.0,0.0,0.0,779216896.0,4405.0,snowflake_xsmall,100000000,clean_derive,5,23,platform_query,,,,,,,
01c6f35f-0001-fcf9-0001-9ade000c2976,4479.689875,100000000,row-count; full checksum query before block,4327.0,71.0,4256.0,0.0,0.0,779216896.0,4327.0,snowflake_xsmall,100000000,clean_derive,5,24,platform_query,,,,,,,
01c6f35f-0001-fe0c-0001-9ade000bfefa,4503.578375,100000000,row-count; full checksum query before block,4261.0,99.0,4162.0,0.0,0.0,779216896.0,4261.0,snowflake_xsmall,100000000,clean_derive,5,25,platform_query,,,,,,,
01c6f35f-0001-fe2b-0001-9ade000c127a,197.059958,50,row-count; full checksum query before block,161.0,121.0,40.0,0.0,0.0,7627264.0,161.0,snowflake_xsmall,1000000,groupby,5,21,platform_query,,,,,,,
01c6f35f-0001-fcf8-0001-9ade000c047a,92.958291,50,row-count; full checksum query before block,61.0,29.0,32.0,0.0,0.0,7627264.0,61.0,snowflake_xsmall,1000000,groupby,5,22,platform_query,,,,,,,
01c6f35f-0001-fe0c-0001-9ade000bfefe,199.91375,50,row-count; full checksum query before block,139.0,108.0,31.0,0.0,0.0,7627264.0,139.0,snowflake_xsmall,1000000,groupby,5,23,platform_query,,,,,,,
01c6f35f-0001-fe2b-0001-9ade000c127e,99.521584,50,row-count; full checksum query before block,69.0,37.0,32.0,0.0,0.0,7627264.0,69.0,snowflake_xsmall,1000000,groupby,5,24,platform_query,,,,,,,
01c6f35f-0001-fcf9-0001-9ade000c2a12,99.818708,50,row-count; full checksum query before block,69.0,37.0,32.0,0.0,0.0,7627264.0,69.0,snowflake_xsmall,1000000,groupby,5,25,platform_query,,,,,,,
01c6f35f-0001-fcf8-0001-9ade000c0482,342.8305,100000,row-count; full checksum query before block,265.0,74.0,191.0,0.0,0.0,973312.0,265.0,snowflake_xsmall,100000,clean_derive,5,21,platform_query,,,,,,,
01c6f35f-0001-fcf8-0001-9ade000c0486,254.869166,100000,row-count; full checksum query before block,199.0,28.0,171.0,0.0,0.0,973312.0,199.0,snowflake_xsmall,100000,clean_derive,5,22,platform_query,,,,,,,
01c6f35f-0001-fcf8-0001-9ade000c048a,306.776541,100000,row-count; full checksum query before block,205.0,27.0,178.0,0.0,0.0,973312.0,205.0,snowflake_xsmall,100000,clean_derive,5,23,platform_query,,,,,,,
01c6f35f-0001-fcf9-0001-9ade000c2a4a,456.422458,100000,row-count; full checksum query before block,272.0,63.0,209.0,0.0,0.0,973312.0,272.0,snowflake_xsmall,100000,clean_derive,5,24,platform_query,,,,,,,
01c6f35f-0001-fe2b-0001-9ade000c128a,299.434708,100000,row-count; full checksum query before block,215.0,39.0,176.0,0.0,0.0,973312.0,215.0,snowflake_xsmall,100000,clean_derive,5,25,platform_query,,,,,,,
01c6f35f-0001-fe0c-0001-9ade000bff06,481.440083,1000000,row-count; full checksum query before block,425.0,29.0,396.0,0.0,0.0,7627264.0,425.0,snowflake_xsmall,1000000,clean_derive,5,21,platform_query,,,,,,,
01c6f35f-0001-fcf9-0001-9ade000c2a7a,624.864625,1000000,row-count; full checksum query before block,489.0,91.0,398.0,0.0,0.0,7627264.0,489.0,snowflake_xsmall,1000000,clean_derive,5,22,platform_query,,,,,,,
01c6f35f-0001-fcf9-0001-9ade000c2a8a,491.23,1000000,row-count; full checksum query before block,431.0,29.0,402.0,0.0,0.0,7627264.0,431.0,snowflake_xsmall,1000000,clean_derive,5,23,platform_query,,,,,,,
01c6f35f-0001-fe2b-0001-9ade000c1292,647.92375,1000000,row-count; full checksum query before block,576.0,123.0,453.0,0.0,0.0,7627264.0,576.0,snowflake_xsmall,1000000,clean_derive,5,24,platform_query,,,,,,,
01c6f35f-0001-fe0c-0001-9ade000bff0a,508.772333,1000000,row-count; full checksum query before block,436.0,45.0,391.0,0.0,0.0,7627264.0,436.0,snowflake_xsmall,1000000,clean_derive,5,25,platform_query,,,,,,,
01c6f360-0001-fcf9-0001-9ade000c2ace,759.155625,10000000,row-count; full checksum query before block,601.0,35.0,566.0,0.0,0.0,76683776.0,601.0,snowflake_xsmall,10000000,clean_derive,5,21,platform_query,,,,,,,
01c6f360-0001-fcf9-0001-9ade000c2ade,760.843041,10000000,row-count; full checksum query before block,691.0,42.0,649.0,0.0,0.0,76683776.0,691.0,snowflake_xsmall,10000000,clean_derive,5,22,platform_query,,,,,,,
01c6f360-0001-fcf9-0001-9ade000c2aee,859.7035,10000000,row-count; full checksum query before block,717.0,59.0,658.0,0.0,0.0,76683776.0,717.0,snowflake_xsmall,10000000,clean_derive,5,23,platform_query,,,,,,,
01c6f360-0001-fe2b-0001-9ade000c1296,883.211375,10000000,row-count; full checksum query before block,712.0,130.0,582.0,0.0,0.0,76683776.0,712.0,snowflake_xsmall,10000000,clean_derive,5,24,platform_query,,,,,,,
01c6f360-0001-fe2b-0001-9ade000c129a,833.075417,10000000,row-count; full checksum query before block,694.0,32.0,662.0,0.0,0.0,76683776.0,694.0,snowflake_xsmall,10000000,clean_derive,5,25,platform_query,,,,,,,
01c6f360-0001-fcf9-0001-9ade000c2b2e,149.480458,200,row-count; full checksum query before block,106.0,73.0,33.0,0.0,0.0,1211904.0,106.0,snowflake_xsmall,100000,join_groupby,5,21,platform_query,,,,,,,
01c6f360-0001-fe2b-0001-9ade000c12a2,132.534583,200,row-count; full checksum query before block,90.0,54.0,36.0,0.0,0.0,1211904.0,90.0,snowflake_xsmall,100000,join_groupby,5,22,platform_query,,,,,,,
01c6f360-0001-fe0c-0001-9ade000bff12,114.751959,200,row-count; full checksum query before block,76.0,39.0,37.0,0.0,0.0,1211904.0,76.0,snowflake_xsmall,100000,join_groupby,5,23,platform_query,,,,,,,
01c6f360-0001-fcf8-0001-9ade000c049a,198.252958,200,row-count; full checksum query before block,76.0,44.0,32.0,0.0,0.0,1211904.0,76.0,snowflake_xsmall,100000,join_groupby,5,24,platform_query,,,,,,,
01c6f360-0001-fe0c-0001-9ade000bff16,114.213916,200,row-count; full checksum query before block,73.0,41.0,32.0,0.0,0.0,1211904.0,73.0,snowflake_xsmall,100000,join_groupby,5,25,platform_query,,,,,,,
01c6f360-0001-fcf8-0001-9ade000c049e,515.359958,50,row-count; full checksum query before block,408.0,102.0,306.0,0.0,0.0,779216896.0,408.0,snowflake_xsmall,100000000,groupby,5,21,platform_query,,,,,,,
01c6f360-0001-fcf9-0001-9ade000c2b5e,437.021875,50,row-count; full checksum query before block,360.0,77.0,283.0,0.0,0.0,779216896.0,360.0,snowflake_xsmall,100000000,groupby,5,22,platform_query,,,,,,,
01c6f360-0001-fcf8-0001-9ade000c04a2,331.228,50,row-count; full checksum query before block,303.0,27.0,276.0,0.0,0.0,779216896.0,303.0,snowflake_xsmall,100000000,groupby,5,23,platform_query,,,,,,,
01c6f360-0001-fcf9-0001-9ade000c2b6e,331.233917,50,row-count; full checksum query before block,302.0,34.0,268.0,0.0,0.0,779216896.0,302.0,snowflake_xsmall,100000000,groupby,5,24,platform_query,,,,,,,
01c6f360-0001-fcf8-0001-9ade000c04a6,436.117625,50,row-count; full checksum query before block,320.0,29.0,291.0,0.0,0.0,779216896.0,320.0,snowflake_xsmall,100000000,groupby,5,25,platform_query,,,,,,,
01c6f360-0001-fe2b-0001-9ade000c12aa,326.258708,19886,row-count; full checksum query before block,244.0,129.0,115.0,0.0,0.0,973312.0,244.0,snowflake_xsmall,100000,filter_project,5,21,platform_query,,,,,,,
01c6f360-0001-fe0c-0001-9ade000bff22,380.36775,19886,row-count; full checksum query before block,227.0,109.0,118.0,0.0,0.0,973312.0,227.0,snowflake_xsmall,100000,filter_project,5,22,platform_query,,,,,,,
01c6f360-0001-fcf8-0001-9ade000c04aa,306.305791,19886,row-count; full checksum query before block,219.0,104.0,115.0,0.0,0.0,973312.0,219.0,snowflake_xsmall,100000,filter_project,5,23,platform_query,,,,,,,
01c6f360-0001-fcf8-0001-9ade000c04ae,187.990792,19886,row-count; full checksum query before block,134.0,35.0,99.0,0.0,0.0,973312.0,134.0,snowflake_xsmall,100000,filter_project,5,24,platform_query,,,,,,,
01c6f360-0001-fe2b-0001-9ade000c12ae,205.038792,19886,row-count; full checksum query before block,140.0,36.0,104.0,0.0,0.0,973312.0,140.0,snowflake_xsmall,100000,filter_project,5,25,platform_query,,,,,,,
01c6f360-0001-fcf9-0001-9ade000c2bca,88.972375,50,row-count; full checksum query before block,58.0,33.0,25.0,0.0,0.0,973312.0,58.0,snowflake_xsmall,100000,groupby,5,21,platform_query,,,,,,,
01c6f360-0001-fcf8-0001-9ade000c04b6,157.809167,50,row-count; full checksum query before block,45.0,26.0,19.0,0.0,0.0,973312.0,45.0,snowflake_xsmall,100000,groupby,5,22,platform_query,,,,,,,
01c6f360-0001-fe2b-0001-9ade000c12ba,84.186667,50,row-count; full checksum query before block,54.0,35.0,19.0,0.0,0.0,973312.0,54.0,snowflake_xsmall,100000,groupby,5,23,platform_query,,,,,,,
01c6f360-0001-fe0c-0001-9ade000bff26,98.42975,50,row-count; full checksum query before block,71.0,55.0,16.0,0.0,0.0,973312.0,71.0,snowflake_xsmall,100000,groupby,5,24,platform_query,,,,,,,
01c6f360-0001-fcf9-0001-9ade000c2bd2,85.004083,50,row-count; full checksum query before block,57.0,37.0,20.0,0.0,0.0,973312.0,57.0,snowflake_xsmall,100000,groupby,5,25,platform_query,,,,,,,
01c6f360-0001-fe0c-0001-9ade000bff2a,503.502875,1980090,row-count; full checksum query before block,376.0,141.0,235.0,0.0,0.0,76683776.0,376.0,snowflake_xsmall,10000000,filter_project,5,21,platform_query,,,,,,,
01c6f360-0001-fe0c-0001-9ade000bff2e,430.238417,1980090,row-count; full checksum query before block,296.0,55.0,241.0,0.0,0.0,76683776.0,296.0,snowflake_xsmall,10000000,filter_project,5,22,platform_query,,,,,,,
01c6f360-0001-fcf9-0001-9ade000c2c02,382.725042,1980090,row-count; full checksum query before block,313.0,52.0,261.0,0.0,0.0,76683776.0,313.0,snowflake_xsmall,10000000,filter_project,5,23,platform_query,,,,,,,
01c6f360-0001-fcf8-0001-9ade000c04ba,436.065166,1980090,row-count; full checksum query before block,376.0,81.0,295.0,0.0,0.0,76683776.0,376.0,snowflake_xsmall,10000000,filter_project,5,24,platform_query,,,,,,,
01c6f360-0001-fcf9-0001-9ade000c2c16,351.3045,1980090,row-count; full checksum query before block,280.0,38.0,242.0,0.0,0.0,76683776.0,280.0,snowflake_xsmall,10000000,filter_project,5,25,platform_query,,,,,,,
01c6f360-0001-fcf8-0001-9ade000c04be,776.426917,200,row-count; full checksum query before block,738.0,110.0,628.0,0.0,0.0,779455488.0,738.0,snowflake_xsmall,100000000,join_groupby,5,21,platform_query,,,,,,,
01c6f360-0001-fcf9-0001-9ade000c2c62,810.162917,200,row-count; full checksum query before block,691.0,44.0,647.0,0.0,0.0,779455488.0,691.0,snowflake_xsmall,100000000,join_groupby,5,22,platform_query,,,,,,,
01c6f360-0001-fe0c-0001-9ade000bff3a,818.162792,200,row-count; full checksum query before block,764.0,87.0,677.0,0.0,0.0,779455488.0,764.0,snowflake_xsmall,100000000,join_groupby,5,23,platform_query,,,,,,,
01c6f360-0001-fcf9-0001-9ade000c2c72,781.002875,200,row-count; full checksum query before block,717.0,57.0,660.0,0.0,0.0,779455488.0,717.0,snowflake_xsmall,100000000,join_groupby,5,24,platform_query,,,,,,,
01c6f360-0001-fe2b-0001-9ade000c12c6,862.845833,200,row-count; full checksum query before block,819.0,159.0,660.0,0.0,0.0,779455488.0,819.0,snowflake_xsmall,100000000,join_groupby,5,25,platform_query,,,,,,,
01c6f360-0001-fcf8-0001-9ade000c04c6,1133.323792,19798586,row-count; full checksum query before block,1007.0,31.0,976.0,0.0,0.0,779216896.0,1007.0,snowflake_xsmall,100000000,filter_project,5,21,platform_query,,,,,,,
01c6f360-0001-fcf9-0001-9ade000c2cce,1118.713125,19798586,row-count; full checksum query before block,1049.0,70.0,979.0,0.0,0.0,779216896.0,1049.0,snowflake_xsmall,100000000,filter_project,5,22,platform_query,,,,,,,
01c6f360-0001-fcf8-0001-9ade000c04ca,1234.968167,19798586,row-count; full checksum query before block,1078.0,90.0,988.0,0.0,0.0,779216896.0,1078.0,snowflake_xsmall,100000000,filter_project,5,23,platform_query,,,,,,,
01c6f360-0001-fcf8-0001-9ade000c04ce,1047.529209,19798586,row-count; full checksum query before block,980.0,38.0,942.0,0.0,0.0,779216896.0,980.0,snowflake_xsmall,100000000,filter_project,5,24,platform_query,,,,,,,
01c6f360-0001-fcf9-0001-9ade000c2d02,1209.35225,19798586,row-count; full checksum query before block,1042.0,97.0,945.0,0.0,0.0,779216896.0,1042.0,snowflake_xsmall,100000000,filter_project,5,25,platform_query,,,,,,,
01c6f360-0001-fe0c-0001-9ade000bff46,170.754792,200,row-count; full checksum query before block,132.0,38.0,94.0,0.0,0.0,76922368.0,132.0,snowflake_xsmall,10000000,join_groupby,5,21,platform_query,,,,,,,
01c6f360-0001-fcf8-0001-9ade000c04d6,262.306667,200,row-count; full checksum query before block,146.0,37.0,109.0,0.0,0.0,76922368.0,146.0,snowflake_xsmall,10000000,join_groupby,5,22,platform_query,,,,,,,
01c6f360-0001-fcf8-0001-9ade000c04da,184.315791,200,row-count; full checksum query before block,144.0,36.0,108.0,0.0,0.0,76922368.0,144.0,snowflake_xsmall,10000000,join_groupby,5,23,platform_query,,,,,,,
01c6f360-0001-fe2b-0001-9ade000c12ce,414.515666,200,row-count; full checksum query before block,220.0,121.0,99.0,0.0,0.0,76922368.0,220.0,snowflake_xsmall,10000000,join_groupby,5,24,platform_query,,,,,,,
01c6f360-0001-fcf8-0001-9ade000c04de,200.726083,200,row-count; full checksum query before block,126.0,36.0,90.0,0.0,0.0,76922368.0,126.0,snowflake_xsmall,10000000,join_groupby,5,25,platform_query,,,,,,,
01c6f360-0001-fe2b-0001-9ade000c12da,106.011334,50,row-count; full checksum query before block,78.0,28.0,50.0,0.0,0.0,76683776.0,78.0,snowflake_xsmall,10000000,groupby,5,21,platform_query,,,,,,,
01c6f360-0001-fcf8-0001-9ade000c04e6,166.145333,50,row-count; full checksum query before block,79.0,30.0,49.0,0.0,0.0,76683776.0,79.0,snowflake_xsmall,10000000,groupby,5,22,platform_query,,,,,,,
01c6f360-0001-fe0c-0001-9ade000bff4a,162.73925,50,row-count; full checksum query before block,132.0,74.0,58.0,0.0,0.0,76683776.0,132.0,snowflake_xsmall,10000000,groupby,5,23,platform_query,,,,,,,
01c6f360-0001-fe0c-0001-9ade000bff4e,159.923042,50,row-count; full checksum query before block,96.0,44.0,52.0,0.0,0.0,76683776.0,96.0,snowflake_xsmall,10000000,groupby,5,24,platform_query,,,,,,,
01c6f360-0001-fcf8-0001-9ade000c04ea,105.934875,50,row-count; full checksum query before block,79.0,32.0,47.0,0.0,0.0,76683776.0,79.0,snowflake_xsmall,10000000,groupby,5,25,platform_query,,,,,,,
01c6f360-0001-fcf9-0001-9ade000c2dd6,2462.60275,50,row-count; full checksum query before block,2410.0,149.0,2261.0,0.0,0.0,7635108352.0,2410.0,snowflake_xsmall,1000000000,groupby,5,21,platform_query,,,,,,,
01c6f360-0001-fcf8-0001-9ade000c04ee,2327.560667,50,row-count; full checksum query before block,2291.0,121.0,2170.0,0.0,0.0,7635108352.0,2291.0,snowflake_xsmall,1000000000,groupby,5,22,platform_query,,,,,,,
01c6f360-0001-fe2b-0001-9ade000c12e6,2728.477958,50,row-count; full checksum query before block,2358.0,146.0,2212.0,0.0,0.0,7635108352.0,2358.0,snowflake_xsmall,1000000000,groupby,5,23,platform_query,,,,,,,
01c6f360-0001-fe0c-0001-9ade000bff56,2313.770208,50,row-count; full checksum query before block,2142.0,76.0,2066.0,0.0,0.0,7635108352.0,2142.0,snowflake_xsmall,1000000000,groupby,5,24,platform_query,,,,,,,
01c6f360-0001-fe2b-0001-9ade000c12ea,2398.216666,50,row-count; full checksum query before block,2364.0,140.0,2224.0,0.0,0.0,7635108352.0,2364.0,snowflake_xsmall,1000000000,groupby,5,25,platform_query,,,,,,,
01c6f361-0001-fe0c-0001-9ade000bff5a,6831.888667,197996556,row-count; full checksum query before block,6640.0,100.0,6540.0,0.0,0.0,7635108352.0,6640.0,snowflake_xsmall,1000000000,filter_project,5,21,platform_query,,,,,,,
01c6f361-0001-fcf9-0001-9ade000c2fa2,6700.814834,197996556,row-count; full checksum query before block,6586.0,87.0,6499.0,0.0,0.0,7635108352.0,6586.0,snowflake_xsmall,1000000000,filter_project,5,22,platform_query,,,,,,,
01c6f361-0001-fe0c-0001-9ade000bff5e,6772.85375,197996556,row-count; full checksum query before block,6696.0,121.0,6575.0,0.0,0.0,7635108352.0,6696.0,snowflake_xsmall,1000000000,filter_project,5,23,platform_query,,,,,,,
01c6f361-0001-fcf8-0001-9ade000c04f2,6644.574083,197996556,row-count; full checksum query before block,6552.0,144.0,6408.0,0.0,0.0,7635108352.0,6552.0,snowflake_xsmall,1000000000,filter_project,5,24,platform_query,,,,,,,
01c6f361-0001-fe0c-0001-9ade000bff62,6681.709916,197996556,row-count; full checksum query before block,6582.0,115.0,6467.0,0.0,0.0,7635108352.0,6582.0,snowflake_xsmall,1000000000,filter_project,5,25,platform_query,,,,,,,
01c6f361-0001-fe0c-0001-9ade000bff6a,5499.23225,200,row-count; full checksum query before block,5383.0,214.0,5169.0,0.0,0.0,7635346944.0,5383.0,snowflake_xsmall,1000000000,join_groupby,5,21,platform_query,,,,,,,
01c6f362-0001-fcf8-0001-9ade000c0502,6245.810542,200,row-count; full checksum query before block,5982.0,996.0,4986.0,0.0,0.0,7635346944.0,5982.0,snowflake_xsmall,1000000000,join_groupby,5,22,platform_query,,,,,,,
01c6f362-0001-fcf9-0001-9ade000c3262,5288.861792,200,row-count; full checksum query before block,5245.0,147.0,5098.0,0.0,0.0,7635346944.0,5245.0,snowflake_xsmall,1000000000,join_groupby,5,23,platform_query,,,,,,,
01c6f362-0001-fcf9-0001-9ade000c32a6,5419.191666,200,row-count; full checksum query before block,5374.0,112.0,5262.0,0.0,0.0,7635346944.0,5374.0,snowflake_xsmall,1000000000,join_groupby,5,24,platform_query,,,,,,,
01c6f362-0001-fe0c-0001-9ade000bff6e,5267.738083,200,row-count; full checksum query before block,5140.0,137.0,5003.0,0.0,0.0,7635346944.0,5140.0,snowflake_xsmall,1000000000,join_groupby,5,25,platform_query,,,,,,,
01c6f363-0001-fcf9-0001-9ade000c357a,34528.100625,1000000000,row-count; full checksum query before block,34260.0,116.0,34144.0,0.0,0.0,7635108352.0,34260.0,snowflake_xsmall,1000000000,clean_derive,5,21,platform_query,,,,,,,
01c6f363-0001-fcf9-0001-9ade000c3752,34907.920875,1000000000,row-count; full checksum query before block,34796.0,98.0,34698.0,0.0,0.0,7635108352.0,34796.0,snowflake_xsmall,1000000000,clean_derive,5,22,platform_query,,,,,,,
01c6f364-0001-fcf8-0001-9ade000c0516,34602.830333,1000000000,row-count; full checksum query before block,34495.0,267.0,34228.0,0.0,0.0,7635108352.0,34495.0,snowflake_xsmall,1000000000,clean_derive,5,23,platform_query,,,,,,,
01c6f364-0001-fcf8-0001-9ade000c051a,34521.846208,1000000000,row-count; full checksum query before block,34415.0,50.0,34365.0,0.0,0.0,7635108352.0,34415.0,snowflake_xsmall,1000000000,clean_derive,5,24,platform_query,,,,,,,
01c6f365-0001-fcf8-0001-9ade000c051e,34330.86225,1000000000,row-count; full checksum query before block,34215.0,47.0,34168.0,0.0,0.0,7635108352.0,34215.0,snowflake_xsmall,1000000000,clean_derive,5,25,platform_query,,,,,,,
01c6f366-0001-fe0c-0001-9ade000bff86,1276.4915,50,row-count; full checksum query before block,1161.0,88.0,1073.0,0.0,0.0,7635108352.0,1161.0,snowflake_small,1000000000,groupby,5,21,platform_query,,,,,,,
01c6f366-0001-fcf9-0001-9ade000c37e2,1579.027917,50,row-count; full checksum query before block,1445.0,52.0,1393.0,0.0,0.0,7635108352.0,1445.0,snowflake_small,1000000000,groupby,5,22,platform_query,,,,,,,
01c6f366-0001-fcf9-0001-9ade000c37e6,1320.189959,50,row-count; full checksum query before block,1286.0,41.0,1245.0,0.0,0.0,7635108352.0,1286.0,snowflake_small,1000000000,groupby,5,23,platform_query,,,,,,,
01c6f366-0001-fe0c-0001-9ade000bff8a,1341.441,50,row-count; full checksum query before block,1172.0,37.0,1135.0,0.0,0.0,7635108352.0,1172.0,snowflake_small,1000000000,groupby,5,24,platform_query,,,,,,,
01c6f366-0001-fe0c-0001-9ade000bff8e,1182.385666,50,row-count; full checksum query before block,1152.0,40.0,1112.0,0.0,0.0,7635108352.0,1152.0,snowflake_small,1000000000,groupby,5,25,platform_query,,,,,,,
01c6f366-0001-fe0c-0001-9ade000bff96,605.388875,19886,row-count; full checksum query before block,155.0,46.0,109.0,0.0,0.0,973312.0,155.0,snowflake_small,100000,filter_project,5,21,platform_query,,,,,,,
01c6f366-0001-fcf8-0001-9ade000c0532,198.393375,19886,row-count; full checksum query before block,143.0,33.0,110.0,0.0,0.0,973312.0,143.0,snowflake_small,100000,filter_project,5,22,platform_query,,,,,,,
01c6f366-0001-fcf9-0001-9ade000c37ee,213.49875,19886,row-count; full checksum query before block,139.0,33.0,106.0,0.0,0.0,973312.0,139.0,snowflake_small,100000,filter_project,5,23,platform_query,,,,,,,
01c6f366-0001-fcf9-0001-9ade000c37f2,253.390083,19886,row-count; full checksum query before block,136.0,34.0,102.0,0.0,0.0,973312.0,136.0,snowflake_small,100000,filter_project,5,24,platform_query,,,,,,,
01c6f366-0001-fcf9-0001-9ade000c37f6,223.584958,19886,row-count; full checksum query before block,159.0,40.0,119.0,0.0,0.0,973312.0,159.0,snowflake_small,100000,filter_project,5,25,platform_query,,,,,,,
01c6f366-0001-fe0c-0001-9ade000bff9a,709.055792,10000000,row-count; full checksum query before block,588.0,72.0,516.0,0.0,0.0,151591936.0,588.0,snowflake_small,10000000,clean_derive,5,21,platform_query,,,,,,,
01c6f366-0001-fcf8-0001-9ade000c053a,604.49675,10000000,row-count; full checksum query before block,494.0,44.0,450.0,0.0,0.0,151591936.0,494.0,snowflake_small,10000000,clean_derive,5,22,platform_query,,,,,,,
01c6f366-0001-fcf9-0001-9ade000c3806,725.175792,10000000,row-count; full checksum query before block,493.0,39.0,454.0,0.0,0.0,151591936.0,493.0,snowflake_small,10000000,clean_derive,5,23,platform_query,,,,,,,
01c6f366-0001-fe0c-0001-9ade000bff9e,611.5275,10000000,row-count; full checksum query before block,520.0,48.0,472.0,0.0,0.0,151591936.0,520.0,snowflake_small,10000000,clean_derive,5,24,platform_query,,,,,,,
01c6f366-0001-fe0c-0001-9ade000bffa2,618.488834,10000000,row-count; full checksum query before block,536.0,36.0,500.0,0.0,0.0,151591936.0,536.0,snowflake_small,10000000,clean_derive,5,25,platform_query,,,,,,,
01c6f366-0001-fe0c-0001-9ade000bffa6,391.209709,1980090,row-count; full checksum query before block,316.0,76.0,240.0,0.0,0.0,151591936.0,316.0,snowflake_small,10000000,filter_project,5,21,platform_query,,,,,,,
01c6f366-0001-fcf8-0001-9ade000c053e,419.481042,1980090,row-count; full checksum query before block,270.0,36.0,234.0,0.0,0.0,151591936.0,270.0,snowflake_small,10000000,filter_project,5,22,platform_query,,,,,,,
01c6f366-0001-fcf9-0001-9ade000c3816,318.969125,1980090,row-count; full checksum query before block,251.0,33.0,218.0,0.0,0.0,146614272.0,251.0,snowflake_small,10000000,filter_project,5,23,platform_query,,,,,,,
01c6f366-0001-fe0c-0001-9ade000bffaa,345.050459,1980090,row-count; full checksum query before block,277.0,52.0,225.0,0.0,0.0,151591936.0,277.0,snowflake_small,10000000,filter_project,5,24,platform_query,,,,,,,
01c6f366-0001-fcf8-0001-9ade000c0542,340.976875,1980090,row-count; full checksum query before block,280.0,37.0,243.0,0.0,0.0,141637120.0,280.0,snowflake_small,10000000,filter_project,5,25,platform_query,,,,,,,
01c6f366-0001-fcf8-0001-9ade000c0546,132.619459,50,row-count; full checksum query before block,98.0,35.0,63.0,0.0,0.0,151591936.0,98.0,snowflake_small,10000000,groupby,5,21,platform_query,,,,,,,
01c6f366-0001-fe0c-0001-9ade000bffb6,108.321708,50,row-count; full checksum query before block,79.0,28.0,51.0,0.0,0.0,151591936.0,79.0,snowflake_small,10000000,groupby,5,22,platform_query,,,,,,,
01c6f366-0001-fe0c-0001-9ade000bffba,112.585125,50,row-count; full checksum query before block,86.0,31.0,55.0,0.0,0.0,151591936.0,86.0,snowflake_small,10000000,groupby,5,23,platform_query,,,,,,,
01c6f366-0001-fcf9-0001-9ade000c381e,121.711375,50,row-count; full checksum query before block,92.0,42.0,50.0,0.0,0.0,151591936.0,92.0,snowflake_small,10000000,groupby,5,24,platform_query,,,,,,,
01c6f366-0001-fcf8-0001-9ade000c054a,184.308375,50,row-count; full checksum query before block,85.0,35.0,50.0,0.0,0.0,151591936.0,85.0,snowflake_small,10000000,groupby,5,25,platform_query,,,,,,,
01c6f366-0001-fcf8-0001-9ade000c054e,70.044791,50,row-count; full checksum query before block,45.0,27.0,18.0,0.0,0.0,973312.0,45.0,snowflake_small,100000,groupby,5,21,platform_query,,,,,,,
01c6f366-0001-fe0c-0001-9ade000bffbe,138.173458,50,row-count; full checksum query before block,45.0,28.0,17.0,0.0,0.0,973312.0,45.0,snowflake_small,100000,groupby,5,22,platform_query,,,,,,,
01c6f366-0001-fcf9-0001-9ade000c382e,90.003792,50,row-count; full checksum query before block,62.0,44.0,18.0,0.0,0.0,973312.0,62.0,snowflake_small,100000,groupby,5,23,platform_query,,,,,,,
01c6f366-0001-fe0c-0001-9ade000bffc2,77.065958,50,row-count; full checksum query before block,47.0,31.0,16.0,0.0,0.0,973312.0,47.0,snowflake_small,100000,groupby,5,24,platform_query,,,,,,,
01c6f366-0001-fcf9-0001-9ade000c3832,81.177959,50,row-count; full checksum query before block,54.0,36.0,18.0,0.0,0.0,973312.0,54.0,snowflake_small,100000,groupby,5,25,platform_query,,,,,,,
01c6f366-0001-fe0c-0001-9ade000bffc6,96.151,50,row-count; full checksum query before block,67.0,37.0,30.0,0.0,0.0,7627264.0,67.0,snowflake_small,1000000,groupby,5,21,platform_query,,,,,,,
01c6f366-0001-fe0c-0001-9ade000bffca,558.814959,50,row-count; full checksum query before block,420.0,367.0,53.0,0.0,0.0,7627264.0,420.0,snowflake_small,1000000,groupby,5,22,platform_query,,,,,,,
01c6f366-0001-fcf9-0001-9ade000c383a,90.051917,50,row-count; full checksum query before block,63.0,31.0,32.0,0.0,0.0,7627264.0,63.0,snowflake_small,1000000,groupby,5,23,platform_query,,,,,,,
01c6f366-0001-fcf8-0001-9ade000c055a,95.397,50,row-count; full checksum query before block,66.0,36.0,30.0,0.0,0.0,7627264.0,66.0,snowflake_small,1000000,groupby,5,24,platform_query,,,,,,,
01c6f366-0001-fcf9-0001-9ade000c383e,109.971625,50,row-count; full checksum query before block,62.0,32.0,30.0,0.0,0.0,7627264.0,62.0,snowflake_small,1000000,groupby,5,25,platform_query,,,,,,,
01c6f366-0001-fcf9-0001-9ade000c3842,290.835542,100000,row-count; full checksum query before block,224.0,33.0,191.0,0.0,0.0,973312.0,224.0,snowflake_small,100000,clean_derive,5,21,platform_query,,,,,,,
01c6f366-0001-fcf8-0001-9ade000c0566,997.922917,100000,row-count; full checksum query before block,936.0,758.0,178.0,0.0,0.0,973312.0,936.0,snowflake_small,100000,clean_derive,5,22,platform_query,,,,,,,
01c6f366-0001-fcf9-0001-9ade000c3846,266.170791,100000,row-count; full checksum query before block,203.0,38.0,165.0,0.0,0.0,973312.0,203.0,snowflake_small,100000,clean_derive,5,23,platform_query,,,,,,,
01c6f366-0001-fcf8-0001-9ade000c056a,877.731458,100000,row-count; full checksum query before block,241.0,77.0,164.0,0.0,0.0,973312.0,241.0,snowflake_small,100000,clean_derive,5,24,platform_query,,,,,,,
01c6f366-0001-fcf9-0001-9ade000c384a,312.500167,100000,row-count; full checksum query before block,204.0,34.0,170.0,0.0,0.0,973312.0,204.0,snowflake_small,100000,clean_derive,5,25,platform_query,,,,,,,
01c6f366-0001-fe0c-0001-9ade000bffd6,285.289,50,row-count; full checksum query before block,217.0,29.0,188.0,0.0,0.0,779216896.0,217.0,snowflake_small,100000000,groupby,5,21,platform_query,,,,,,,
01c6f366-0001-fcf9-0001-9ade000c384e,262.51325,50,row-count; full checksum query before block,231.0,42.0,189.0,0.0,0.0,779216896.0,231.0,snowflake_small,100000000,groupby,5,22,platform_query,,,,,,,
01c6f366-0001-fe0c-0001-9ade000bffda,266.882958,50,row-count; full checksum query before block,240.0,37.0,203.0,0.0,0.0,779216896.0,240.0,snowflake_small,100000000,groupby,5,23,platform_query,,,,,,,
01c6f366-0001-fcf8-0001-9ade000c0576,262.208,50,row-count; full checksum query before block,233.0,38.0,195.0,0.0,0.0,779216896.0,233.0,snowflake_small,100000000,groupby,5,24,platform_query,,,,,,,
01c6f366-0001-fe0c-0001-9ade000bffde,270.587667,50,row-count; full checksum query before block,243.0,39.0,204.0,0.0,0.0,779216896.0,243.0,snowflake_small,100000000,groupby,5,25,platform_query,,,,,,,
01c6f366-0001-fcf9-0001-9ade000c385a,2782.750791,100000000,row-count; full checksum query before block,2697.0,46.0,2651.0,0.0,0.0,779216896.0,2697.0,snowflake_small,100000000,clean_derive,5,21,platform_query,,,,,,,
01c6f366-0001-fe0c-0001-9ade000bffe2,2756.523708,100000000,row-count; full checksum query before block,2679.0,32.0,2647.0,0.0,0.0,779216896.0,2679.0,snowflake_small,100000000,clean_derive,5,22,platform_query,,,,,,,
01c6f366-0001-fcf8-0001-9ade000c057e,2862.684583,100000000,row-count; full checksum query before block,2780.0,46.0,2734.0,0.0,0.0,779216896.0,2780.0,snowflake_small,100000000,clean_derive,5,23,platform_query,,,,,,,
01c6f366-0001-fcf8-0001-9ade000c0582,2798.371375,100000000,row-count; full checksum query before block,2690.0,36.0,2654.0,0.0,0.0,779216896.0,2690.0,snowflake_small,100000000,clean_derive,5,24,platform_query,,,,,,,
01c6f366-0001-fe0c-0001-9ade000bffe6,2872.04925,100000000,row-count; full checksum query before block,2778.0,47.0,2731.0,0.0,0.0,779216896.0,2778.0,snowflake_small,100000000,clean_derive,5,25,platform_query,,,,,,,
01c6f367-0001-fcf8-0001-9ade000c0586,216.472875,200,row-count; full checksum query before block,176.0,90.0,86.0,0.0,0.0,7865856.0,176.0,snowflake_small,1000000,join_groupby,5,21,platform_query,,,,,,,
01c6f367-0001-fe0c-0001-9ade000bfff2,186.289375,200,row-count; full checksum query before block,147.0,52.0,95.0,0.0,0.0,7865856.0,147.0,snowflake_small,1000000,join_groupby,5,22,platform_query,,,,,,,
01c6f367-0001-fcf9-0001-9ade000c3866,177.84125,200,row-count; full checksum query before block,139.0,49.0,90.0,0.0,0.0,7865856.0,139.0,snowflake_small,1000000,join_groupby,5,23,platform_query,,,,,,,
01c6f367-0001-fe0c-0001-9ade000bfff6,175.088666,200,row-count; full checksum query before block,139.0,52.0,87.0,0.0,0.0,7865856.0,139.0,snowflake_small,1000000,join_groupby,5,24,platform_query,,,,,,,
01c6f367-0001-fe0c-0001-9ade000bfffa,344.449375,200,row-count; full checksum query before block,141.0,53.0,88.0,0.0,0.0,7865856.0,141.0,snowflake_small,1000000,join_groupby,5,25,platform_query,,,,,,,
01c6f367-0001-fe0c-0001-9ade000c0002,2825.650125,200,row-count; full checksum query before block,2782.0,61.0,2721.0,0.0,0.0,7635346944.0,2782.0,snowflake_small,1000000000,join_groupby,5,21,platform_query,,,,,,,
01c6f367-0001-fcf9-0001-9ade000c386e,2787.492291,200,row-count; full checksum query before block,2746.0,72.0,2674.0,0.0,0.0,7635346944.0,2746.0,snowflake_small,1000000000,join_groupby,5,22,platform_query,,,,,,,
01c6f367-0001-fe0c-0001-9ade000c4006,2764.667917,200,row-count; full checksum query before block,2727.0,66.0,2661.0,0.0,0.0,7635346944.0,2727.0,snowflake_small,1000000000,join_groupby,5,23,platform_query,,,,,,,
01c6f367-0001-fcf9-0001-9ade000c3872,2858.004708,200,row-count; full checksum query before block,2817.0,58.0,2759.0,0.0,0.0,7635346944.0,2817.0,snowflake_small,1000000000,join_groupby,5,24,platform_query,,,,,,,
01c6f367-0001-fcf8-0001-9ade000c0592,2894.546875,200,row-count; full checksum query before block,2852.0,95.0,2757.0,0.0,0.0,7635346944.0,2852.0,snowflake_small,1000000000,join_groupby,5,25,platform_query,,,,,,,
01c6f367-0001-fcf8-0001-9ade000c059e,18419.834334,1000000000,row-count; full checksum query before block,18277.0,70.0,18207.0,0.0,0.0,7635108352.0,18277.0,snowflake_small,1000000000,clean_derive,5,21,platform_query,,,,,,,
01c6f368-0001-fcf9-0001-9ade000c387a,18115.04475,1000000000,row-count; full checksum query before block,18006.0,55.0,17951.0,0.0,0.0,7635108352.0,18006.0,snowflake_small,1000000000,clean_derive,5,22,platform_query,,,,,,,
01c6f368-0001-fcf8-0001-9ade000c05a2,18225.839333,1000000000,row-count; full checksum query before block,18122.0,66.0,18056.0,0.0,0.0,7635108352.0,18122.0,snowflake_small,1000000000,clean_derive,5,23,platform_query,,,,,,,
01c6f368-0001-fcf8-0001-9ade000c05a6,18396.32325,1000000000,row-count; full checksum query before block,18108.0,63.0,18045.0,0.0,0.0,7635108352.0,18108.0,snowflake_small,1000000000,clean_derive,5,24,platform_query,,,,,,,
01c6f369-0001-fcf8-0001-9ade000c05aa,18242.156833,1000000000,row-count; full checksum query before block,18141.0,73.0,18068.0,0.0,0.0,7635108352.0,18141.0,snowflake_small,1000000000,clean_derive,5,25,platform_query,,,,,,,
01c6f369-0001-fcf8-0001-9ade000c05b2,112.853917,200,row-count; full checksum query before block,79.0,45.0,34.0,0.0,0.0,1211904.0,79.0,snowflake_small,100000,join_groupby,5,21,platform_query,,,,,,,
01c6f369-0001-fe0c-0001-9ade000c401a,188.836916,200,row-count; full checksum query before block,84.0,43.0,41.0,0.0,0.0,1211904.0,84.0,snowflake_small,100000,join_groupby,5,22,platform_query,,,,,,,
01c6f369-0001-fe0c-0001-9ade000c401e,122.198,200,row-count; full checksum query before block,82.0,46.0,36.0,0.0,0.0,1211904.0,82.0,snowflake_small,100000,join_groupby,5,23,platform_query,,,,,,,
01c6f369-0001-fcf8-0001-9ade000c05b6,121.572334,200,row-count; full checksum query before block,81.0,47.0,34.0,0.0,0.0,1211904.0,81.0,snowflake_small,100000,join_groupby,5,24,platform_query,,,,,,,
01c6f369-0001-fcf8-0001-9ade000c05ba,117.405459,200,row-count; full checksum query before block,78.0,43.0,35.0,0.0,0.0,1211904.0,78.0,snowflake_small,100000,join_groupby,5,25,platform_query,,,,,,,
01c6f369-0001-fe0c-0001-9ade000c4022,503.936958,1000000,row-count; full checksum query before block,444.0,27.0,417.0,0.0,0.0,7627264.0,444.0,snowflake_small,1000000,clean_derive,5,21,platform_query,,,,,,,
01c6f369-0001-fcf9-0001-9ade000c388a,602.696875,1000000,row-count; full checksum query before block,459.0,41.0,418.0,0.0,0.0,7627264.0,459.0,snowflake_small,1000000,clean_derive,5,22,platform_query,,,,,,,
01c6f369-0001-fcf8-0001-9ade000c05c6,549.631666,1000000,row-count; full checksum query before block,492.0,35.0,457.0,0.0,0.0,7627264.0,492.0,snowflake_small,1000000,clean_derive,5,23,platform_query,,,,,,,
01c6f369-0001-fe0c-0001-9ade000c4026,577.597667,1000000,row-count; full checksum query before block,426.0,25.0,401.0,0.0,0.0,7627264.0,426.0,snowflake_small,1000000,clean_derive,5,24,platform_query,,,,,,,
01c6f369-0001-fe0c-0001-9ade000c402a,510.180375,1000000,row-count; full checksum query before block,444.0,28.0,416.0,0.0,0.0,7627264.0,444.0,snowflake_small,1000000,clean_derive,5,25,platform_query,,,,,,,
01c6f369-0001-fcf9-0001-9ade000c3892,3609.575542,197996556,row-count; full checksum query before block,3528.0,43.0,3485.0,0.0,0.0,7635108352.0,3528.0,snowflake_small,1000000000,filter_project,5,21,platform_query,,,,,,,
01c6f369-0001-fcf8-0001-9ade000c05d2,3745.143375,197996556,row-count; full checksum query before block,3660.0,43.0,3617.0,0.0,0.0,7635108352.0,3660.0,snowflake_small,1000000000,filter_project,5,22,platform_query,,,,,,,
01c6f369-0001-fcf8-0001-9ade000c05d6,3710.925292,197996556,row-count; full checksum query before block,3601.0,39.0,3562.0,0.0,0.0,7635108352.0,3601.0,snowflake_small,1000000000,filter_project,5,23,platform_query,,,,,,,
01c6f369-0001-fe0c-0001-9ade000c402e,3687.153583,197996556,row-count; full checksum query before block,3591.0,57.0,3534.0,0.0,0.0,7635108352.0,3591.0,snowflake_small,1000000000,filter_project,5,24,platform_query,,,,,,,
01c6f369-0001-fcf9-0001-9ade000c3896,3809.098042,197996556,row-count; full checksum query before block,3721.0,54.0,3667.0,0.0,0.0,7635108352.0,3721.0,snowflake_small,1000000000,filter_project,5,25,platform_query,,,,,,,
01c6f369-0001-fcf8-0001-9ade000c05e2,226.943583,200,row-count; full checksum query before block,147.0,52.0,95.0,0.0,0.0,136898048.0,147.0,snowflake_small,10000000,join_groupby,5,21,platform_query,,,,,,,
01c6f369-0001-fe0c-0001-9ade000c4032,196.727625,200,row-count; full checksum query before block,156.0,62.0,94.0,0.0,0.0,151830528.0,156.0,snowflake_small,10000000,join_groupby,5,22,platform_query,,,,,,,
01c6f369-0001-fe0c-0001-9ade000c4036,227.96075,200,row-count; full checksum query before block,137.0,45.0,92.0,0.0,0.0,141875200.0,137.0,snowflake_small,10000000,join_groupby,5,23,platform_query,,,,,,,
01c6f369-0001-fcf9-0001-9ade000c38a2,193.841333,200,row-count; full checksum query before block,154.0,57.0,97.0,0.0,0.0,156048819.0,154.0,snowflake_small,10000000,join_groupby,5,24,platform_query,,,,,,,
01c6f369-0001-fcf8-0001-9ade000c05e6,172.261833,200,row-count; full checksum query before block,132.0,49.0,83.0,0.0,0.0,151830528.0,132.0,snowflake_small,10000000,join_groupby,5,25,platform_query,,,,,,,
01c6f369-0001-fe0c-0001-9ade000c4042,779.386208,19798586,row-count; full checksum query before block,671.0,33.0,638.0,0.0,0.0,779216896.0,671.0,snowflake_small,100000000,filter_project,5,21,platform_query,,,,,,,
01c6f369-0001-fe0c-0001-9ade000c4046,817.270875,19798586,row-count; full checksum query before block,671.0,38.0,633.0,0.0,0.0,779216896.0,671.0,snowflake_small,100000000,filter_project,5,22,platform_query,,,,,,,
01c6f369-0001-fcf8-0001-9ade000c05ea,954.913333,19798586,row-count; full checksum query before block,760.0,39.0,721.0,0.0,0.0,779216896.0,760.0,snowflake_small,100000000,filter_project,5,23,platform_query,,,,,,,
01c6f36a-0001-fcf8-0001-9ade000c05ee,789.16025,19798586,row-count; full checksum query before block,654.0,38.0,616.0,0.0,0.0,779216896.0,654.0,snowflake_small,100000000,filter_project,5,24,platform_query,,,,,,,
01c6f36a-0001-fcf9-0001-9ade000c38aa,841.397708,19798586,row-count; full checksum query before block,750.0,44.0,706.0,0.0,0.0,779216896.0,750.0,snowflake_small,100000000,filter_project,5,25,platform_query,,,,,,,
01c6f36a-0001-fcf9-0001-9ade000c38ae,594.611583,200,row-count; full checksum query before block,478.0,58.0,420.0,0.0,0.0,779455488.0,478.0,snowflake_small,100000000,join_groupby,5,21,platform_query,,,,,,,
01c6f36a-0001-fcf9-0001-9ade000c38b2,527.692583,200,row-count; full checksum query before block,489.0,58.0,431.0,0.0,0.0,779455488.0,489.0,snowflake_small,100000000,join_groupby,5,22,platform_query,,,,,,,
01c6f36a-0001-fcf9-0001-9ade000c38b6,522.565917,200,row-count; full checksum query before block,484.0,54.0,430.0,0.0,0.0,779455488.0,484.0,snowflake_small,100000000,join_groupby,5,23,platform_query,,,,,,,
01c6f36a-0001-fcf9-0001-9ade000c38ba,588.117958,200,row-count; full checksum query before block,459.0,51.0,408.0,0.0,0.0,779455488.0,459.0,snowflake_small,100000000,join_groupby,5,24,platform_query,,,,,,,
01c6f36a-0001-fe0c-0001-9ade000c4052,510.67725,200,row-count; full checksum query before block,456.0,48.0,408.0,0.0,0.0,779455488.0,456.0,snowflake_small,100000000,join_groupby,5,25,platform_query,,,,,,,
01c6f36a-0001-fe0c-0001-9ade000c405a,424.297458,198279,row-count; full checksum query before block,339.0,31.0,308.0,0.0,0.0,7627264.0,339.0,snowflake_small,1000000,filter_project,5,21,platform_query,,,,,,,
01c6f36a-0001-fcf8-0001-9ade000c05fe,341.178916,198279,row-count; full checksum query before block,270.0,39.0,231.0,0.0,0.0,7627264.0,270.0,snowflake_small,1000000,filter_project,5,22,platform_query,,,,,,,
01c6f36a-0001-fcf8-0001-9ade000c0602,320.727833,198279,row-count; full checksum query before block,247.0,34.0,213.0,0.0,0.0,7627264.0,247.0,snowflake_small,1000000,filter_project,5,23,platform_query,,,,,,,
01c6f36a-0001-fe0c-0001-9ade000c405e,318.452208,198279,row-count; full checksum query before block,248.0,28.0,220.0,0.0,0.0,7627264.0,248.0,snowflake_small,1000000,filter_project,5,24,platform_query,,,,,,,
01c6f36a-0001-fe0c-0001-9ade000c4062,363.562708,198279,row-count; full checksum query before block,254.0,29.0,225.0,0.0,0.0,7627264.0,254.0,snowflake_small,1000000,filter_project,5,25,platform_query,,,,,,,
01c6f36a-0001-fcf8-0001-9ade000c060a,1943.681041,100000000,row-count; full checksum query before block,1708.0,220.0,1488.0,0.0,0.0,3116867584.0,1708.0,snowflake_large,100000000,clean_derive,5,21,platform_query,,,,,,,
01c6f36a-0001-fcf8-0001-9ade000c060e,1633.726959,100000000,row-count; full checksum query before block,1476.0,38.0,1438.0,0.0,0.0,3116867584.0,1476.0,snowflake_large,100000000,clean_derive,5,22,platform_query,,,,,,,
01c6f36a-0001-fcf8-0001-9ade000c0612,1595.217625,100000000,row-count; full checksum query before block,1487.0,34.0,1453.0,0.0,0.0,3116867584.0,1487.0,snowflake_large,100000000,clean_derive,5,23,platform_query,,,,,,,
01c6f36a-0001-fcf9-0001-9ade000c38ca,1607.415583,100000000,row-count; full checksum query before block,1525.0,41.0,1484.0,0.0,0.0,3116867584.0,1525.0,snowflake_large,100000000,clean_derive,5,24,platform_query,,,,,,,
01c6f36a-0001-fe0c-0001-9ade000c406e,1611.228584,100000000,row-count; full checksum query before block,1511.0,39.0,1472.0,0.0,0.0,3116867584.0,1511.0,snowflake_large,100000000,clean_derive,5,25,platform_query,,,,,,,
01c6f36a-0001-fe0c-0001-9ade000c4076,556.841208,19798586,row-count; full checksum query before block,481.0,35.0,446.0,0.0,0.0,3032798208.0,481.0,snowflake_large,100000000,filter_project,5,21,platform_query,,,,,,,
01c6f36a-0001-fcf9-0001-9ade000c38d2,551.172667,19798586,row-count; full checksum query before block,469.0,38.0,431.0,0.0,0.0,2993491840.0,469.0,snowflake_large,100000000,filter_project,5,22,platform_query,,,,,,,
01c6f36a-0001-fcf8-0001-9ade000c061e,596.823417,19798586,row-count; full checksum query before block,511.0,40.0,471.0,0.0,0.0,2975214080.0,511.0,snowflake_large,100000000,filter_project,5,23,platform_query,,,,,,,
01c6f36a-0001-fe0c-0001-9ade000c407a,599.511292,19798586,row-count; full checksum query before block,476.0,38.0,438.0,0.0,0.0,2965073920.0,476.0,snowflake_large,100000000,filter_project,5,24,platform_query,,,,,,,
01c6f36a-0001-fe0c-0001-9ade000c407e,589.952958,19798586,row-count; full checksum query before block,482.0,36.0,446.0,0.0,0.0,2931473920.0,482.0,snowflake_large,100000000,filter_project,5,25,platform_query,,,,,,,
01c6f36a-0001-fcf9-0001-9ade000c38da,361.430875,19886,row-count; full checksum query before block,146.0,31.0,115.0,0.0,0.0,973312.0,146.0,snowflake_large,100000,filter_project,5,21,platform_query,,,,,,,
01c6f36a-0001-fcf8-0001-9ade000c0626,327.483917,19886,row-count; full checksum query before block,165.0,40.0,125.0,0.0,0.0,973312.0,165.0,snowflake_large,100000,filter_project,5,22,platform_query,,,,,,,
01c6f36a-0001-fcf8-0001-9ade000c062a,223.617417,19886,row-count; full checksum query before block,138.0,35.0,103.0,0.0,0.0,973312.0,138.0,snowflake_large,100000,filter_project,5,23,platform_query,,,,,,,
01c6f36a-0001-fe0c-0001-9ade000c4086,297.930625,19886,row-count; full checksum query before block,148.0,36.0,112.0,0.0,0.0,973312.0,148.0,snowflake_large,100000,filter_project,5,24,platform_query,,,,,,,
01c6f36a-0001-fe0c-0001-9ade000c408a,221.123292,19886,row-count; full checksum query before block,157.0,40.0,117.0,0.0,0.0,973312.0,157.0,snowflake_large,100000,filter_project,5,25,platform_query,,,,,,,
01c6f36a-0001-fcf9-0001-9ade000c38e2,321.823667,1980090,row-count; full checksum query before block,260.0,37.0,223.0,0.0,0.0,151591936.0,260.0,snowflake_large,10000000,filter_project,5,21,platform_query,,,,,,,
01c6f36a-0001-fcf8-0001-9ade000c0632,404.301375,1980090,row-count; full checksum query before block,291.0,36.0,255.0,0.0,0.0,151591936.0,291.0,snowflake_large,10000000,filter_project,5,22,platform_query,,,,,,,
01c6f36a-0001-fcf8-0001-9ade000c0636,403.988,1980090,row-count; full checksum query before block,242.0,41.0,201.0,0.0,0.0,151591936.0,242.0,snowflake_large,10000000,filter_project,5,23,platform_query,,,,,,,
01c6f36a-0001-fcf8-0001-9ade000c063a,337.336166,1980090,row-count; full checksum query before block,244.0,41.0,203.0,0.0,0.0,146614272.0,244.0,snowflake_large,10000000,filter_project,5,24,platform_query,,,,,,,
01c6f36a-0001-fcf8-0001-9ade000c063e,311.789709,1980090,row-count; full checksum query before block,246.0,34.0,212.0,0.0,0.0,146614784.0,246.0,snowflake_large,10000000,filter_project,5,25,platform_query,,,,,,,
01c6f36a-0001-fcf8-0001-9ade000c0646,98.567125,50,row-count; full checksum query before block,71.0,36.0,35.0,0.0,0.0,7627264.0,71.0,snowflake_large,1000000,groupby,5,21,platform_query,,,,,,,
01c6f36a-0001-fcf9-0001-9ade000c38ee,94.627916,50,row-count; full checksum query before block,68.0,34.0,34.0,0.0,0.0,7627264.0,68.0,snowflake_large,1000000,groupby,5,22,platform_query,,,,,,,
01c6f36a-0001-fcf8-0001-9ade000c064a,94.596667,50,row-count; full checksum query before block,66.0,34.0,32.0,0.0,0.0,7627264.0,66.0,snowflake_large,1000000,groupby,5,23,platform_query,,,,,,,
01c6f36a-0001-fcf9-0001-9ade000c38f2,116.600041,50,row-count; full checksum query before block,72.0,36.0,36.0,0.0,0.0,7627264.0,72.0,snowflake_large,1000000,groupby,5,24,platform_query,,,,,,,
01c6f36a-0001-fe0c-0001-9ade000c4092,96.141125,50,row-count; full checksum query before block,71.0,39.0,32.0,0.0,0.0,7627264.0,71.0,snowflake_large,1000000,groupby,5,25,platform_query,,,,,,,
01c6f36a-0001-fcf8-0001-9ade000c064e,107.73975,50,row-count; full checksum query before block,78.0,38.0,40.0,0.0,0.0,151591936.0,78.0,snowflake_large,10000000,groupby,5,21,platform_query,,,,,,,
01c6f36a-0001-fe0c-0001-9ade000c409a,120.907375,50,row-count; full checksum query before block,74.0,34.0,40.0,0.0,0.0,151591936.0,74.0,snowflake_large,10000000,groupby,5,22,platform_query,,,,,,,
01c6f36a-0001-fcf8-0001-9ade000c0652,112.628084,50,row-count; full checksum query before block,84.0,41.0,43.0,0.0,0.0,151591936.0,84.0,snowflake_large,10000000,groupby,5,23,platform_query,,,,,,,
01c6f36a-0001-fe0c-0001-9ade000c409e,101.354708,50,row-count; full checksum query before block,74.0,32.0,42.0,0.0,0.0,151591936.0,74.0,snowflake_large,10000000,groupby,5,24,platform_query,,,,,,,
01c6f36a-0001-fcf9-0001-9ade000c38fe,111.951791,50,row-count; full checksum query before block,85.0,35.0,50.0,0.0,0.0,151591936.0,85.0,snowflake_large,10000000,groupby,5,25,platform_query,,,,,,,
01c6f36a-0001-fcf9-0001-9ade000c3906,1078.223792,200,row-count; full checksum query before block,926.0,54.0,872.0,0.0,0.0,7635346944.0,926.0,snowflake_large,1000000000,join_groupby,5,21,platform_query,,,,,,,
01c6f36a-0001-fe0c-0001-9ade000c40a6,997.831,200,row-count; full checksum query before block,955.0,63.0,892.0,0.0,0.0,7635346944.0,955.0,snowflake_large,1000000000,join_groupby,5,22,platform_query,,,,,,,
01c6f36a-0001-fe0c-0001-9ade000c40aa,986.506917,200,row-count; full checksum query before block,919.0,46.0,873.0,0.0,0.0,7635346944.0,919.0,snowflake_large,1000000000,join_groupby,5,23,platform_query,,,,,,,
01c6f36a-0001-fcf9-0001-9ade000c390a,1158.029459,200,row-count; full checksum query before block,921.0,49.0,872.0,0.0,0.0,7635346944.0,921.0,snowflake_large,1000000000,join_groupby,5,24,platform_query,,,,,,,
01c6f36a-0001-fcf8-0001-9ade000c065a,992.538625,200,row-count; full checksum query before block,910.0,53.0,857.0,0.0,0.0,7635346944.0,910.0,snowflake_large,1000000000,join_groupby,5,25,platform_query,,,,,,,
01c6f36a-0001-fcf9-0001-9ade000c390e,541.32175,10000000,row-count; full checksum query before block,462.0,50.0,412.0,0.0,0.0,151591936.0,462.0,snowflake_large,10000000,clean_derive,5,21,platform_query,,,,,,,
01c6f36a-0001-fcf8-0001-9ade000c0666,557.315208,10000000,row-count; full checksum query before block,482.0,40.0,442.0,0.0,0.0,151591936.0,482.0,snowflake_large,10000000,clean_derive,5,22,platform_query,,,,,,,
01c6f36a-0001-fcf8-0001-9ade000c066a,498.616334,10000000,row-count; full checksum query before block,434.0,36.0,398.0,0.0,0.0,151591936.0,434.0,snowflake_large,10000000,clean_derive,5,23,platform_query,,,,,,,
01c6f36a-0001-fcf8-0001-9ade000c066e,499.883375,10000000,row-count; full checksum query before block,429.0,37.0,392.0,0.0,0.0,151591936.0,429.0,snowflake_large,10000000,clean_derive,5,24,platform_query,,,,,,,
01c6f36a-0001-fcf8-0001-9ade000c0672,515.722875,10000000,row-count; full checksum query before block,443.0,39.0,404.0,0.0,0.0,151591936.0,443.0,snowflake_large,10000000,clean_derive,5,25,platform_query,,,,,,,
01c6f36a-0001-fcf9-0001-9ade000c3916,200.483583,200,row-count; full checksum query before block,125.0,44.0,81.0,0.0,0.0,151830528.0,125.0,snowflake_large,10000000,join_groupby,5,21,platform_query,,,,,,,
01c6f36a-0001-fcf8-0001-9ade000c067a,158.833875,200,row-count; full checksum query before block,120.0,44.0,76.0,0.0,0.0,146852864.0,120.0,snowflake_large,10000000,join_groupby,5,22,platform_query,,,,,,,
01c6f36a-0001-fcf9-0001-9ade000c391a,598.731083,200,row-count; full checksum query before block,130.0,45.0,85.0,0.0,0.0,151830528.0,130.0,snowflake_large,10000000,join_groupby,5,23,platform_query,,,,,,,
01c6f36a-0001-fcf8-0001-9ade000c067e,164.341375,200,row-count; full checksum query before block,127.0,52.0,75.0,0.0,0.0,151830528.0,127.0,snowflake_large,10000000,join_groupby,5,24,platform_query,,,,,,,
01c6f36a-0001-fcf8-0001-9ade000c0682,169.209917,200,row-count; full checksum query before block,132.0,55.0,77.0,0.0,0.0,151830528.0,132.0,snowflake_large,10000000,join_groupby,5,25,platform_query,,,,,,,
01c6f36b-0001-fcf9-0001-9ade000c391e,5470.159583,1000000000,row-count; full checksum query before block,5328.0,53.0,5275.0,0.0,0.0,7635108352.0,5328.0,snowflake_large,1000000000,clean_derive,5,21,platform_query,,,,,,,
01c6f36b-0001-fcf9-0001-9ade000c3922,5391.33625,1000000000,row-count; full checksum query before block,5241.0,47.0,5194.0,0.0,0.0,7635108352.0,5241.0,snowflake_large,1000000000,clean_derive,5,22,platform_query,,,,,,,
01c6f36b-0001-fe0c-0001-9ade000c40be,5466.852291,1000000000,row-count; full checksum query before block,5257.0,45.0,5212.0,0.0,0.0,7635108352.0,5257.0,snowflake_large,1000000000,clean_derive,5,23,platform_query,,,,,,,
01c6f36b-0001-fe0c-0001-9ade000c40c6,5366.622208,1000000000,row-count; full checksum query before block,5208.0,46.0,5162.0,0.0,0.0,7635108352.0,5208.0,snowflake_large,1000000000,clean_derive,5,24,platform_query,,,,,,,
01c6f36b-0001-fe0c-0001-9ade000c40ca,5538.784708,1000000000,row-count; full checksum query before block,5227.0,56.0,5171.0,0.0,0.0,7635108352.0,5227.0,snowflake_large,1000000000,clean_derive,5,25,platform_query,,,,,,,
01c6f36b-0001-fcf9-0001-9ade000c392a,612.762,50,row-count; full checksum query before block,431.0,39.0,392.0,0.0,0.0,7635108352.0,431.0,snowflake_large,1000000000,groupby,5,21,platform_query,,,,,,,
01c6f36b-0001-fe0c-0001-9ade000c40d6,429.771,50,row-count; full checksum query before block,403.0,32.0,371.0,0.0,0.0,7635108352.0,403.0,snowflake_large,1000000000,groupby,5,22,platform_query,,,,,,,
01c6f36b-0001-fcf8-0001-9ade000c068e,504.435042,50,row-count; full checksum query before block,409.0,44.0,365.0,0.0,0.0,7635108352.0,409.0,snowflake_large,1000000000,groupby,5,23,platform_query,,,,,,,
01c6f36b-0001-fcf8-0001-9ade000c0692,557.798167,50,row-count; full checksum query before block,422.0,38.0,384.0,0.0,0.0,7635108352.0,422.0,snowflake_large,1000000000,groupby,5,24,platform_query,,,,,,,
01c6f36b-0001-fcf8-0001-9ade000c0696,490.951292,50,row-count; full checksum query before block,432.0,41.0,391.0,0.0,0.0,7635108352.0,432.0,snowflake_large,1000000000,groupby,5,25,platform_query,,,,,,,
01c6f36b-0001-fcf9-0001-9ade000c3932,188.162459,50,row-count; full checksum query before block,160.0,39.0,121.0,0.0,0.0,3116867584.0,160.0,snowflake_large,100000000,groupby,5,21,platform_query,,,,,,,
01c6f36b-0001-fe0c-0001-9ade000c40da,179.307041,50,row-count; full checksum query before block,149.0,35.0,114.0,0.0,0.0,3116867584.0,149.0,snowflake_large,100000000,groupby,5,22,platform_query,,,,,,,
01c6f36b-0001-fcf9-0001-9ade000c3936,178.632166,50,row-count; full checksum query before block,152.0,38.0,114.0,0.0,0.0,3116867584.0,152.0,snowflake_large,100000000,groupby,5,23,platform_query,,,,,,,
01c6f36b-0001-fe0c-0001-9ade000c40de,195.715959,50,row-count; full checksum query before block,162.0,33.0,129.0,0.0,0.0,3116867584.0,162.0,snowflake_large,100000000,groupby,5,24,platform_query,,,,,,,
01c6f36b-0001-fcf9-0001-9ade000c393a,157.83425,50,row-count; full checksum query before block,132.0,31.0,101.0,0.0,0.0,3116867584.0,132.0,snowflake_large,100000000,groupby,5,25,platform_query,,,,,,,
01c6f36b-0001-fe0c-0001-9ade000c40e6,1364.504917,197996556,row-count; full checksum query before block,1239.0,34.0,1205.0,0.0,0.0,7635108352.0,1239.0,snowflake_large,1000000000,filter_project,5,21,platform_query,,,,,,,
01c6f36b-0001-fe0c-0001-9ade000c40ea,1398.819209,197996556,row-count; full checksum query before block,1205.0,43.0,1162.0,0.0,0.0,7635108352.0,1205.0,snowflake_large,1000000000,filter_project,5,22,platform_query,,,,,,,
01c6f36b-0001-fcf9-0001-9ade000c3942,1321.758125,197996556,row-count; full checksum query before block,1211.0,44.0,1167.0,0.0,0.0,7635108352.0,1211.0,snowflake_large,1000000000,filter_project,5,23,platform_query,,,,,,,
01c6f36b-0001-fcf8-0001-9ade000c06a6,1391.828,197996556,row-count; full checksum query before block,1265.0,44.0,1221.0,0.0,0.0,7635108352.0,1265.0,snowflake_large,1000000000,filter_project,5,24,platform_query,,,,,,,
01c6f36b-0001-fcf9-0001-9ade000c3946,1369.509125,197996556,row-count; full checksum query before block,1228.0,33.0,1195.0,0.0,0.0,7635108352.0,1228.0,snowflake_large,1000000000,filter_project,5,25,platform_query,,,,,,,
01c6f36b-0001-fe0c-0001-9ade000c40ee,80.337959,50,row-count; full checksum query before block,54.0,37.0,17.0,0.0,0.0,973312.0,54.0,snowflake_large,100000,groupby,5,21,platform_query,,,,,,,
01c6f36b-0001-fcf9-0001-9ade000c3952,82.088208,50,row-count; full checksum query before block,56.0,37.0,19.0,0.0,0.0,973312.0,56.0,snowflake_large,100000,groupby,5,22,platform_query,,,,,,,
01c6f36b-0001-fcf8-0001-9ade000c06b2,84.207709,50,row-count; full checksum query before block,51.0,34.0,17.0,0.0,0.0,973312.0,51.0,snowflake_large,100000,groupby,5,23,platform_query,,,,,,,
01c6f36b-0001-fe0c-0001-9ade000c40f2,103.165417,50,row-count; full checksum query before block,53.0,34.0,19.0,0.0,0.0,973312.0,53.0,snowflake_large,100000,groupby,5,24,platform_query,,,,,,,
01c6f36b-0001-fcf8-0001-9ade000c06b6,79.443458,50,row-count; full checksum query before block,51.0,33.0,18.0,0.0,0.0,973312.0,51.0,snowflake_large,100000,groupby,5,25,platform_query,,,,,,,
01c6f36b-0001-fe0c-0001-9ade000c40fe,341.294208,198279,row-count; full checksum query before block,278.0,43.0,235.0,0.0,0.0,7627264.0,278.0,snowflake_large,1000000,filter_project,5,21,platform_query,,,,,,,
01c6f36b-0001-fcf8-0001-9ade000c06be,306.014583,198279,row-count; full checksum query before block,247.0,32.0,215.0,0.0,0.0,7627264.0,247.0,snowflake_large,1000000,filter_project,5,22,platform_query,,,,,,,
01c6f36b-0001-fcf9-0001-9ade000c3956,334.35075,198279,row-count; full checksum query before block,279.0,39.0,240.0,0.0,0.0,7627264.0,279.0,snowflake_large,1000000,filter_project,5,23,platform_query,,,,,,,
01c6f36b-0001-fcf8-0001-9ade000c06c2,331.810417,198279,row-count; full checksum query before block,271.0,43.0,228.0,0.0,0.0,7627264.0,271.0,snowflake_large,1000000,filter_project,5,24,platform_query,,,,,,,
01c6f36b-0001-fe0c-0001-9ade000c4102,328.120042,198279,row-count; full checksum query before block,270.0,46.0,224.0,0.0,0.0,7627264.0,270.0,snowflake_large,1000000,filter_project,5,25,platform_query,,,,,,,
01c6f36b-0001-fcf8-0001-9ade000c06c6,409.963375,100000,row-count; full checksum query before block,276.0,42.0,234.0,0.0,0.0,973312.0,276.0,snowflake_large,100000,clean_derive,5,21,platform_query,,,,,,,
01c6f36b-0001-fcf9-0001-9ade000c395a,288.591375,100000,row-count; full checksum query before block,218.0,42.0,176.0,0.0,0.0,973312.0,218.0,snowflake_large,100000,clean_derive,5,22,platform_query,,,,,,,
01c6f36b-0001-fcf9-0001-9ade000c395e,432.368125,100000,row-count; full checksum query before block,206.0,32.0,174.0,0.0,0.0,973312.0,206.0,snowflake_large,100000,clean_derive,5,23,platform_query,,,,,,,
01c6f36b-0001-fe0c-0001-9ade000c4112,285.5115,100000,row-count; full checksum query before block,207.0,36.0,171.0,0.0,0.0,973312.0,207.0,snowflake_large,100000,clean_derive,5,24,platform_query,,,,,,,
01c6f36b-0001-fcf8-0001-9ade000c06ca,253.601292,100000,row-count; full checksum query before block,194.0,33.0,161.0,0.0,0.0,973312.0,194.0,snowflake_large,100000,clean_derive,5,25,platform_query,,,,,,,
01c6f36b-0001-fcf8-0001-9ade000c06d2,321.196416,200,row-count; full checksum query before block,279.0,57.0,222.0,0.0,0.0,3117106176.0,279.0,snowflake_large,100000000,join_groupby,5,21,platform_query,,,,,,,
01c6f36b-0001-fcf9-0001-9ade000c3962,314.081,200,row-count; full checksum query before block,276.0,47.0,229.0,0.0,0.0,3089890816.0,276.0,snowflake_large,100000000,join_groupby,5,22,platform_query,,,,,,,
01c6f36c-0001-fcf8-0001-9ade000c06d6,313.100042,200,row-count; full checksum query before block,273.0,52.0,221.0,0.0,0.0,3002553344.0,273.0,snowflake_large,100000000,join_groupby,5,23,platform_query,,,,,,,
01c6f36c-0001-fcf9-0001-9ade000c3966,405.518625,200,row-count; full checksum query before block,283.0,53.0,230.0,0.0,0.0,3069837312.0,283.0,snowflake_large,100000000,join_groupby,5,24,platform_query,,,,,,,
01c6f36c-0001-fcf9-0001-9ade000c396a,342.079959,200,row-count; full checksum query before block,293.0,48.0,245.0,0.0,0.0,3069818368.0,293.0,snowflake_large,100000000,join_groupby,5,25,platform_query,,,,,,,
01c6f36c-0001-fcf9-0001-9ade000c3972,155.007709,200,row-count; full checksum query before block,106.0,57.0,49.0,0.0,0.0,1211904.0,106.0,snowflake_large,100000,join_groupby,5,21,platform_query,,,,,,,
01c6f36c-0001-fe0c-0001-9ade000c4122,159.620708,200,row-count; full checksum query before block,106.0,56.0,50.0,0.0,0.0,1211904.0,106.0,snowflake_large,100000,join_groupby,5,22,platform_query,,,,,,,
01c6f36c-0001-fcf9-0001-9ade000c3976,144.816459,200,row-count; full checksum query before block,101.0,49.0,52.0,0.0,0.0,1211904.0,101.0,snowflake_large,100000,join_groupby,5,23,platform_query,,,,,,,
01c6f36c-0001-fcf8-0001-9ade000c06de,153.893958,200,row-count; full checksum query before block,113.0,62.0,51.0,0.0,0.0,1211904.0,113.0,snowflake_large,100000,join_groupby,5,24,platform_query,,,,,,,
01c6f36c-0001-fe0c-0001-9ade000c4126,127.292458,200,row-count; full checksum query before block,91.0,44.0,47.0,0.0,0.0,1211904.0,91.0,snowflake_large,100000,join_groupby,5,25,platform_query,,,,,,,
01c6f36c-0001-fcf9-0001-9ade000c397e,163.8885,200,row-count; full checksum query before block,124.0,53.0,71.0,0.0,0.0,7865856.0,124.0,snowflake_large,1000000,join_groupby,5,21,platform_query,,,,,,,
01c6f36c-0001-fcf8-0001-9ade000c06e6,162.968208,200,row-count; full checksum query before block,120.0,50.0,70.0,0.0,0.0,7865856.0,120.0,snowflake_large,1000000,join_groupby,5,22,platform_query,,,,,,,
01c6f36c-0001-fcf8-0001-9ade000c06ea,210.79625,200,row-count; full checksum query before block,129.0,58.0,71.0,0.0,0.0,7865856.0,129.0,snowflake_large,1000000,join_groupby,5,23,platform_query,,,,,,,
01c6f36c-0001-fcf8-0001-9ade000c06ee,167.2935,200,row-count; full checksum query before block,123.0,53.0,70.0,0.0,0.0,7865856.0,123.0,snowflake_large,1000000,join_groupby,5,24,platform_query,,,,,,,
01c6f36c-0001-fcf9-0001-9ade000c3982,155.883458,200,row-count; full checksum query before block,119.0,48.0,71.0,0.0,0.0,7865856.0,119.0,snowflake_large,1000000,join_groupby,5,25,platform_query,,,,,,,
01c6f36c-0001-fcf9-0001-9ade000c398a,508.437708,1000000,row-count; full checksum query before block,449.0,42.0,407.0,0.0,0.0,7627264.0,449.0,snowflake_large,1000000,clean_derive,5,21,platform_query,,,,,,,
01c6f36c-0001-fe0c-0001-9ade000c4136,522.659666,1000000,row-count; full checksum query before block,427.0,35.0,392.0,0.0,0.0,7627264.0,427.0,snowflake_large,1000000,clean_derive,5,22,platform_query,,,,,,,
01c6f36c-0001-fcf8-0001-9ade000c06f2,548.43275,1000000,row-count; full checksum query before block,447.0,39.0,408.0,0.0,0.0,7627264.0,447.0,snowflake_large,1000000,clean_derive,5,23,platform_query,,,,,,,
01c6f36c-0001-fcf9-0001-9ade000c398e,613.676416,1000000,row-count; full checksum query before block,477.0,39.0,438.0,0.0,0.0,7627264.0,477.0,snowflake_large,1000000,clean_derive,5,24,platform_query,,,,,,,
01c6f36c-0001-fcf8-0001-9ade000c06f6,504.399875,1000000,row-count; full checksum query before block,419.0,40.0,379.0,0.0,0.0,7627264.0,419.0,snowflake_large,1000000,clean_derive,5,25,platform_query,,,,,,,
,,200,row-count; full checksum in block warmup,,,,,,,400.716584,duckdb,100000000,join_groupby,5,21,local_parquet_to_batches,1557.219,,6400.0,1.0,,measurement,252657664.0
,,200,row-count; full checksum in block warmup,,,,,,,405.788958,duckdb,100000000,join_groupby,5,22,local_parquet_to_batches,1571.874,,6400.0,1.0,,measurement,264863744.0
,,200,row-count; full checksum in block warmup,,,,,,,401.019166,duckdb,100000000,join_groupby,5,23,local_parquet_to_batches,1559.354,,6400.0,1.0,,measurement,265060352.0
,,200,row-count; full checksum in block warmup,,,,,,,400.34575,duckdb,100000000,join_groupby,5,24,local_parquet_to_batches,1557.395,,6400.0,1.0,,measurement,265093120.0
,,200,row-count; full checksum in block warmup,,,,,,,400.4195,duckdb,100000000,join_groupby,5,25,local_parquet_to_batches,1557.158,,6400.0,1.0,,measurement,265109504.0
,,1980090,row-count; full checksum in block warmup,,,,,,,134.643583,duckdb,10000000,filter_project,5,21,local_parquet_to_batches,205.249,,47522160.0,8.0,,measurement,187236352.0
,,1980090,row-count; full checksum in block warmup,,,,,,,129.486041,duckdb,10000000,filter_project,5,22,local_parquet_to_batches,209.754,,47522160.0,8.0,,measurement,187400192.0
,,1980090,row-count; full checksum in block warmup,,,,,,,139.836708,duckdb,10000000,filter_project,5,23,local_parquet_to_batches,219.78,,47522160.0,8.0,,measurement,190038016.0
,,1980090,row-count; full checksum in block warmup,,,,,,,132.442458,duckdb,10000000,filter_project,5,24,local_parquet_to_batches,206.438,,47522160.0,8.0,,measurement,190038016.0
,,1980090,row-count; full checksum in block warmup,,,,,,,130.579625,duckdb,10000000,filter_project,5,25,local_parquet_to_batches,203.44,,47522160.0,8.0,,measurement,190054400.0
,,19886,row-count; full checksum in block warmup,,,,,,,2.299542,duckdb,100000,filter_project,5,21,local_parquet_to_batches,2.351,,477264.0,1.0,,measurement,137216000.0
,,19886,row-count; full checksum in block warmup,,,,,,,2.191167,duckdb,100000,filter_project,5,22,local_parquet_to_batches,2.234,,477264.0,1.0,,measurement,137248768.0
,,19886,row-count; full checksum in block warmup,,,,,,,2.292208,duckdb,100000,filter_project,5,23,local_parquet_to_batches,2.339,,477264.0,1.0,,measurement,137248768.0
,,19886,row-count; full checksum in block warmup,,,,,,,2.24,duckdb,100000,filter_project,5,24,local_parquet_to_batches,2.283,,477264.0,1.0,,measurement,137248768.0
,,19886,row-count; full checksum in block warmup,,,,,,,2.223167,duckdb,100000,filter_project,5,25,local_parquet_to_batches,2.272,,477264.0,1.0,,measurement,137248768.0
,,200,row-count; full checksum in block warmup,,,,,,,8.167542,duckdb,1000000,join_groupby,5,21,local_parquet_to_batches,23.029,,6400.0,1.0,,measurement,149078016.0
,,200,row-count; full checksum in block warmup,,,,,,,7.92175,duckdb,1000000,join_groupby,5,22,local_parquet_to_batches,19.673,,6400.0,1.0,,measurement,149176320.0
,,200,row-count; full checksum in block warmup,,,,,,,8.186458,duckdb,1000000,join_groupby,5,23,local_parquet_to_batches,21.612,,6400.0,1.0,,measurement,151748608.0
,,200,row-count; full checksum in block warmup,,,,,,,7.723708,duckdb,1000000,join_groupby,5,24,local_parquet_to_batches,19.183,,6400.0,1.0,,measurement,151797760.0
,,200,row-count; full checksum in block warmup,,,,,,,7.918042,duckdb,1000000,join_groupby,5,25,local_parquet_to_batches,21.162,,6400.0,1.0,,measurement,153927680.0
,,19798586,row-count; full checksum in block warmup,,,,,,,1357.780625,duckdb,100000000,filter_project,5,21,local_parquet_to_batches,2102.657,,475166064.0,80.0,,measurement,325353472.0
,,19798586,row-count; full checksum in block warmup,,,,,,,1337.731917,duckdb,100000000,filter_project,5,22,local_parquet_to_batches,2111.6,,475166064.0,80.0,,measurement,329842688.0
,,19798586,row-count; full checksum in block warmup,,,,,,,1326.993542,duckdb,100000000,filter_project,5,23,local_parquet_to_batches,2076.235,,475166064.0,80.0,,measurement,329875456.0
,,19798586,row-count; full checksum in block warmup,,,,,,,1337.364208,duckdb,100000000,filter_project,5,24,local_parquet_to_batches,2054.445,,475166064.0,80.0,,measurement,329875456.0
,,19798586,row-count; full checksum in block warmup,,,,,,,1327.639625,duckdb,100000000,filter_project,5,25,local_parquet_to_batches,2087.795,,475166064.0,80.0,,measurement,329908224.0
,,200,row-count; full checksum in block warmup,,,,,,,4.362667,duckdb,100000,join_groupby,5,21,local_parquet_to_batches,4.519,,6400.0,1.0,,measurement,140886016.0
,,200,row-count; full checksum in block warmup,,,,,,,4.217459,duckdb,100000,join_groupby,5,22,local_parquet_to_batches,5.881,,6400.0,1.0,,measurement,140951552.0
,,200,row-count; full checksum in block warmup,,,,,,,4.093042,duckdb,100000,join_groupby,5,23,local_parquet_to_batches,4.218,,6400.0,1.0,,measurement,140951552.0
,,200,row-count; full checksum in block warmup,,,,,,,4.240125,duckdb,100000,join_groupby,5,24,local_parquet_to_batches,4.412,,6400.0,1.0,,measurement,140951552.0
,,200,row-count; full checksum in block warmup,,,,,,,4.356459,duckdb,100000,join_groupby,5,25,local_parquet_to_batches,6.103,,6400.0,1.0,,measurement,140951552.0
,,198279,row-count; full checksum in block warmup,,,,,,,12.099625,duckdb,1000000,filter_project,5,21,local_parquet_to_batches,19.489,,4758696.0,1.0,,measurement,164413440.0
,,198279,row-count; full checksum in block warmup,,,,,,,11.9065,duckdb,1000000,filter_project,5,22,local_parquet_to_batches,19.269,,4758696.0,1.0,,measurement,164823040.0
,,198279,row-count; full checksum in block warmup,,,,,,,11.984583,duckdb,1000000,filter_project,5,23,local_parquet_to_batches,19.372,,4758696.0,1.0,,measurement,164855808.0
,,198279,row-count; full checksum in block warmup,,,,,,,12.058792,duckdb,1000000,filter_project,5,24,local_parquet_to_batches,19.851,,4758696.0,1.0,,measurement,164872192.0
,,198279,row-count; full checksum in block warmup,,,,,,,12.179208,duckdb,1000000,filter_project,5,25,local_parquet_to_batches,19.663,,4758696.0,1.0,,measurement,164872192.0
,,50,row-count; full checksum in block warmup,,,,,,,4.165666,duckdb,1000000,groupby,5,21,local_parquet_to_batches,11.827,,1600.0,1.0,,measurement,138477568.0
,,50,row-count; full checksum in block warmup,,,,,,,4.044583,duckdb,1000000,groupby,5,22,local_parquet_to_batches,11.606,,1600.0,1.0,,measurement,138526720.0
,,50,row-count; full checksum in block warmup,,,,,,,4.085292,duckdb,1000000,groupby,5,23,local_parquet_to_batches,11.683,,1600.0,1.0,,measurement,138543104.0
,,50,row-count; full checksum in block warmup,,,,,,,4.040292,duckdb,1000000,groupby,5,24,local_parquet_to_batches,11.58,,1600.0,1.0,,measurement,138543104.0
,,50,row-count; full checksum in block warmup,,,,,,,4.015,duckdb,1000000,groupby,5,25,local_parquet_to_batches,11.638,,1600.0,1.0,,measurement,138641408.0
,,1000000,row-count; full checksum in block warmup,,,,,,,19.322333,duckdb,1000000,clean_derive,5,21,local_parquet_to_batches,22.756,,16000000.0,4.0,,measurement,163577856.0
,,1000000,row-count; full checksum in block warmup,,,,,,,19.704333,duckdb,1000000,clean_derive,5,22,local_parquet_to_batches,23.183,,16000000.0,4.0,,measurement,163659776.0
,,1000000,row-count; full checksum in block warmup,,,,,,,19.411041,duckdb,1000000,clean_derive,5,23,local_parquet_to_batches,22.812,,16000000.0,4.0,,measurement,163676160.0
,,1000000,row-count; full checksum in block warmup,,,,,,,19.117541,duckdb,1000000,clean_derive,5,24,local_parquet_to_batches,22.485,,16000000.0,4.0,,measurement,163692544.0
,,1000000,row-count; full checksum in block warmup,,,,,,,19.289458,duckdb,1000000,clean_derive,5,25,local_parquet_to_batches,22.709,,16000000.0,4.0,,measurement,163692544.0
,,100000000,row-count; full checksum in block warmup,,,,,,,2093.31425,duckdb,100000000,clean_derive,5,21,local_parquet_to_batches,2126.356,,1600000000.0,400.0,,measurement,303611904.0
,,100000000,row-count; full checksum in block warmup,,,,,,,2096.344333,duckdb,100000000,clean_derive,5,22,local_parquet_to_batches,2129.567,,1600000000.0,400.0,,measurement,304381952.0
,,100000000,row-count; full checksum in block warmup,,,,,,,2083.868375,duckdb,100000000,clean_derive,5,23,local_parquet_to_batches,2116.493,,1600000000.0,400.0,,measurement,305004544.0
,,100000000,row-count; full checksum in block warmup,,,,,,,2094.294666,duckdb,100000000,clean_derive,5,24,local_parquet_to_batches,2127.044,,1600000000.0,400.0,,measurement,305004544.0
,,100000000,row-count; full checksum in block warmup,,,,,,,2095.011,duckdb,100000000,clean_derive,5,25,local_parquet_to_batches,2128.14,,1600000000.0,400.0,,measurement,305020928.0
,,1000000000,row-count; full checksum in block warmup,,,,,,,21505.052334,duckdb,1000000000,clean_derive,5,21,local_parquet_to_batches,21808.474,,16000000000.0,4000.0,,measurement,1402667008.0
,,1000000000,row-count; full checksum in block warmup,,,,,,,21718.970125,duckdb,1000000000,clean_derive,5,22,local_parquet_to_batches,22021.679,,16000000000.0,4000.0,,measurement,1402667008.0
,,1000000000,row-count; full checksum in block warmup,,,,,,,21656.892708,duckdb,1000000000,clean_derive,5,23,local_parquet_to_batches,21962.886,,16000000000.0,4000.0,,measurement,1403666432.0
,,1000000000,row-count; full checksum in block warmup,,,,,,,21725.123292,duckdb,1000000000,clean_derive,5,24,local_parquet_to_batches,22027.502,,16000000000.0,4000.0,,measurement,1403699200.0
,,1000000000,row-count; full checksum in block warmup,,,,,,,21752.902459,duckdb,1000000000,clean_derive,5,25,local_parquet_to_batches,22055.529,,16000000000.0,4000.0,,measurement,1405534208.0
,,197996556,row-count; full checksum in block warmup,,,,,,,14197.202792,duckdb,1000000000,filter_project,5,21,local_parquet_to_batches,22191.508,,4751917344.0,792.0,,measurement,1436434432.0
,,197996556,row-count; full checksum in block warmup,,,,,,,14332.120334,duckdb,1000000000,filter_project,5,22,local_parquet_to_batches,22270.058,,4751917344.0,792.0,,measurement,1436434432.0
,,197996556,row-count; full checksum in block warmup,,,,,,,14180.952333,duckdb,1000000000,filter_project,5,23,local_parquet_to_batches,21975.052,,4751917344.0,792.0,,measurement,1436434432.0
,,197996556,row-count; full checksum in block warmup,,,,,,,14456.892125,duckdb,1000000000,filter_project,5,24,local_parquet_to_batches,22278.566,,4751917344.0,792.0,,measurement,1437384704.0
,,197996556,row-count; full checksum in block warmup,,,,,,,14320.823625,duckdb,1000000000,filter_project,5,25,local_parquet_to_batches,22052.328,,4751917344.0,792.0,,measurement,1437417472.0
,,50,row-count; full checksum in block warmup,,,,,,,28.810958,duckdb,10000000,groupby,5,21,local_parquet_to_batches,108.089,,1600.0,1.0,,measurement,155320320.0
,,50,row-count; full checksum in block warmup,,,,,,,28.310834,duckdb,10000000,groupby,5,22,local_parquet_to_batches,106.146,,1600.0,1.0,,measurement,155877376.0
,,50,row-count; full checksum in block warmup,,,,,,,28.140916,duckdb,10000000,groupby,5,23,local_parquet_to_batches,105.592,,1600.0,1.0,,measurement,158203904.0
,,50,row-count; full checksum in block warmup,,,,,,,28.211292,duckdb,10000000,groupby,5,24,local_parquet_to_batches,105.389,,1600.0,1.0,,measurement,158334976.0
,,50,row-count; full checksum in block warmup,,,,,,,27.892125,duckdb,10000000,groupby,5,25,local_parquet_to_batches,105.105,,1600.0,1.0,,measurement,158334976.0
,,100000,row-count; full checksum in block warmup,,,,,,,3.41275,duckdb,100000,clean_derive,5,21,local_parquet_to_batches,3.484,,1600000.0,1.0,,measurement,139804672.0
,,100000,row-count; full checksum in block warmup,,,,,,,3.48575,duckdb,100000,clean_derive,5,22,local_parquet_to_batches,3.561,,1600000.0,1.0,,measurement,139837440.0
,,100000,row-count; full checksum in block warmup,,,,,,,3.597125,duckdb,100000,clean_derive,5,23,local_parquet_to_batches,3.683,,1600000.0,1.0,,measurement,139837440.0
,,100000,row-count; full checksum in block warmup,,,,,,,3.391167,duckdb,100000,clean_derive,5,24,local_parquet_to_batches,3.457,,1600000.0,1.0,,measurement,139837440.0
,,100000,row-count; full checksum in block warmup,,,,,,,3.348542,duckdb,100000,clean_derive,5,25,local_parquet_to_batches,3.404,,1600000.0,1.0,,measurement,139837440.0
,,200,row-count; full checksum in block warmup,,,,,,,4106.037375,duckdb,1000000000,join_groupby,5,21,local_parquet_to_batches,16008.947,,6400.0,1.0,,measurement,1102643200.0
,,200,row-count; full checksum in block warmup,,,,,,,4108.575375,duckdb,1000000000,join_groupby,5,22,local_parquet_to_batches,16013.296,,6400.0,1.0,,measurement,1105412096.0
,,200,row-count; full checksum in block warmup,,,,,,,4105.723375,duckdb,1000000000,join_groupby,5,23,local_parquet_to_batches,16027.094,,6400.0,1.0,,measurement,1105739776.0
,,200,row-count; full checksum in block warmup,,,,,,,4098.91725,duckdb,1000000000,join_groupby,5,24,local_parquet_to_batches,15998.79,,6400.0,1.0,,measurement,1105756160.0
,,200,row-count; full checksum in block warmup,,,,,,,4088.736167,duckdb,1000000000,join_groupby,5,25,local_parquet_to_batches,15960.826,,6400.0,1.0,,measurement,1105788928.0
,,200,row-count; full checksum in block warmup,,,,,,,44.375791,duckdb,10000000,join_groupby,5,21,local_parquet_to_batches,164.063,,6400.0,1.0,,measurement,168656896.0
,,200,row-count; full checksum in block warmup,,,,,,,44.210791,duckdb,10000000,join_groupby,5,22,local_parquet_to_batches,163.325,,6400.0,1.0,,measurement,168755200.0
,,200,row-count; full checksum in block warmup,,,,,,,43.472458,duckdb,10000000,join_groupby,5,23,local_parquet_to_batches,161.165,,6400.0,1.0,,measurement,168902656.0
,,200,row-count; full checksum in block warmup,,,,,,,43.963875,duckdb,10000000,join_groupby,5,24,local_parquet_to_batches,164.204,,6400.0,1.0,,measurement,168902656.0
,,200,row-count; full checksum in block warmup,,,,,,,44.65,duckdb,10000000,join_groupby,5,25,local_parquet_to_batches,165.13,,6400.0,1.0,,measurement,168919040.0
,,50,row-count; full checksum in block warmup,,,,,,,1.99475,duckdb,100000,groupby,5,21,local_parquet_to_batches,2.084,,1600.0,1.0,,measurement,132431872.0
,,50,row-count; full checksum in block warmup,,,,,,,1.851459,duckdb,100000,groupby,5,22,local_parquet_to_batches,1.932,,1600.0,1.0,,measurement,132464640.0
,,50,row-count; full checksum in block warmup,,,,,,,1.83,duckdb,100000,groupby,5,23,local_parquet_to_batches,1.913,,1600.0,1.0,,measurement,132464640.0
,,50,row-count; full checksum in block warmup,,,,,,,1.746583,duckdb,100000,groupby,5,24,local_parquet_to_batches,1.827,,1600.0,1.0,,measurement,132464640.0
,,50,row-count; full checksum in block warmup,,,,,,,1.755292,duckdb,100000,groupby,5,25,local_parquet_to_batches,1.859,,1600.0,1.0,,measurement,132464640.0
,,50,row-count; full checksum in block warmup,,,,,,,2767.594125,duckdb,1000000000,groupby,5,21,local_parquet_to_batches,10667.069,,1600.0,1.0,,measurement,1086095360.0
,,50,row-count; full checksum in block warmup,,,,,,,2775.277583,duckdb,1000000000,groupby,5,22,local_parquet_to_batches,10699.974,,1600.0,1.0,,measurement,1086521344.0
,,50,row-count; full checksum in block warmup,,,,,,,2764.350625,duckdb,1000000000,groupby,5,23,local_parquet_to_batches,10662.331,,1600.0,1.0,,measurement,1086947328.0
,,50,row-count; full checksum in block warmup,,,,,,,2758.711125,duckdb,1000000000,groupby,5,24,local_parquet_to_batches,10642.25,,1600.0,1.0,,measurement,1091141632.0
,,50,row-count; full checksum in block warmup,,,,,,,2764.543041,duckdb,1000000000,groupby,5,25,local_parquet_to_batches,10660.506,,1600.0,1.0,,measurement,1091141632.0
,,50,row-count; full checksum in block warmup,,,,,,,274.940292,duckdb,100000000,groupby,5,21,local_parquet_to_batches,1057.743,,1600.0,1.0,,measurement,242630656.0
,,50,row-count; full checksum in block warmup,,,,,,,275.243584,duckdb,100000000,groupby,5,22,local_parquet_to_batches,1058.894,,1600.0,1.0,,measurement,242679808.0
,,50,row-count; full checksum in block warmup,,,,,,,279.811792,duckdb,100000000,groupby,5,23,local_parquet_to_batches,1077.029,,1600.0,1.0,,measurement,242728960.0
,,50,row-count; full checksum in block warmup,,,,,,,275.33025,duckdb,100000000,groupby,5,24,local_parquet_to_batches,1060.284,,1600.0,1.0,,measurement,242728960.0
,,50,row-count; full checksum in block warmup,,,,,,,274.254833,duckdb,100000000,groupby,5,25,local_parquet_to_batches,1056.965,,1600.0,1.0,,measurement,242745344.0
,,10000000,row-count; full checksum in block warmup,,,,,,,223.409209,duckdb,10000000,clean_derive,5,21,local_parquet_to_batches,229.633,,160000000.0,40.0,,measurement,174899200.0
,,10000000,row-count; full checksum in block warmup,,,,,,,222.301292,duckdb,10000000,clean_derive,5,22,local_parquet_to_batches,228.489,,160000000.0,40.0,,measurement,174948352.0
,,10000000,row-count; full checksum in block warmup,,,,,,,229.256291,duckdb,10000000,clean_derive,5,23,local_parquet_to_batches,235.661,,160000000.0,40.0,,measurement,175079424.0
,,10000000,row-count; full checksum in block warmup,,,,,,,223.232792,duckdb,10000000,clean_derive,5,24,local_parquet_to_batches,229.453,,160000000.0,40.0,,measurement,175079424.0
,,10000000,row-count; full checksum in block warmup,,,,,,,224.700708,duckdb,10000000,clean_derive,5,25,local_parquet_to_batches,230.93,,160000000.0,40.0,,measurement,175079424.0
,,197996556,row-count; full checksum in block warmup,,,,,,,8134.316167,pandas,1000000000,filter_project,5,21,local_parquet_to_batches,27776.039,3680.0209910000126,4751917344.0,10000.0,,measurement,15500066816.0
,,197996556,row-count; full checksum in block warmup,,,,,,,7733.688666,pandas,1000000000,filter_project,5,22,local_parquet_to_batches,25072.746,3614.7993400000014,4751917344.0,10000.0,,measurement,15695593472.0
,,197996556,row-count; full checksum in block warmup,,,,,,,7690.772708,pandas,1000000000,filter_project,5,23,local_parquet_to_batches,25081.633,3546.7544719999983,4751917344.0,10000.0,,measurement,16357261312.0
,,197996556,row-count; full checksum in block warmup,,,,,,,7729.564459,pandas,1000000000,filter_project,5,24,local_parquet_to_batches,25008.085,3588.3194100000114,4751917344.0,10000.0,,measurement,16589996032.0
,,197996556,row-count; full checksum in block warmup,,,,,,,7724.534416,pandas,1000000000,filter_project,5,25,local_parquet_to_batches,24910.354,3619.3496359999895,4751917344.0,10000.0,,measurement,16606265344.0
,,19886,row-count; full checksum in block warmup,,,,,,,2.806375,pandas,100000,filter_project,5,21,local_parquet_to_batches,3.589,2.102083,477264.0,1.0,,measurement,137969664.0
,,19886,row-count; full checksum in block warmup,,,,,,,2.369333,pandas,100000,filter_project,5,22,local_parquet_to_batches,3.139,1.754167,477264.0,1.0,,measurement,138428416.0
,,19886,row-count; full checksum in block warmup,,,,,,,2.429083,pandas,100000,filter_project,5,23,local_parquet_to_batches,3.185,1.8545420000000001,477264.0,1.0,,measurement,138444800.0
,,19886,row-count; full checksum in block warmup,,,,,,,2.312209,pandas,100000,filter_project,5,24,local_parquet_to_batches,3.051,1.685,477264.0,1.0,,measurement,138444800.0
,,19886,row-count; full checksum in block warmup,,,,,,,2.475625,pandas,100000,filter_project,5,25,local_parquet_to_batches,3.199,1.867916,477264.0,1.0,,measurement,138559488.0
,,100000,row-count; full checksum in block warmup,,,,,,,2.251375,pandas,100000,clean_derive,5,21,local_parquet_to_batches,3.224,1.368792,1600000.0,1.0,,measurement,144474112.0
,,100000,row-count; full checksum in block warmup,,,,,,,2.122917,pandas,100000,clean_derive,5,22,local_parquet_to_batches,3.042,1.2402090000000001,1600000.0,1.0,,measurement,144474112.0
,,100000,row-count; full checksum in block warmup,,,,,,,2.104208,pandas,100000,clean_derive,5,23,local_parquet_to_batches,3.052,1.332584,1600000.0,1.0,,measurement,144474112.0
,,100000,row-count; full checksum in block warmup,,,,,,,2.169792,pandas,100000,clean_derive,5,24,local_parquet_to_batches,3.083,1.3111240000000002,1600000.0,1.0,,measurement,144474112.0
,,100000,row-count; full checksum in block warmup,,,,,,,2.051375,pandas,100000,clean_derive,5,25,local_parquet_to_batches,2.967,1.3032080000000001,1600000.0,1.0,,measurement,144474112.0
,,50,row-count; full checksum in block warmup,,,,,,,1891.423458,pandas,100000000,groupby,5,21,local_parquet_to_batches,2653.133,117.14521600000012,1600.0,1.0,,measurement,2234286080.0
,,50,row-count; full checksum in block warmup,,,,,,,1874.576334,pandas,100000000,groupby,5,22,local_parquet_to_batches,2614.828,114.54667300000004,1600.0,1.0,,measurement,3019145216.0
,,50,row-count; full checksum in block warmup,,,,,,,1871.609125,pandas,100000000,groupby,5,23,local_parquet_to_batches,2584.019,113.67657400000004,1600.0,1.0,,measurement,3131768832.0
,,50,row-count; full checksum in block warmup,,,,,,,1865.566,pandas,100000000,groupby,5,24,local_parquet_to_batches,2575.001,113.28035000000004,1600.0,1.0,,measurement,3147218944.0
,,50,row-count; full checksum in block warmup,,,,,,,1859.9705,pandas,100000000,groupby,5,25,local_parquet_to_batches,2570.834,112.26103799999986,1600.0,1.0,,measurement,3160915968.0
,,198279,row-count; full checksum in block warmup,,,,,,,8.72075,pandas,1000000,filter_project,5,21,local_parquet_to_batches,25.42,4.399375000000001,4758696.0,10.0,,measurement,171606016.0
,,198279,row-count; full checksum in block warmup,,,,,,,8.8115,pandas,1000000,filter_project,5,22,local_parquet_to_batches,25.499,4.476624,4758696.0,10.0,,measurement,172032000.0
,,198279,row-count; full checksum in block warmup,,,,,,,8.949833,pandas,1000000,filter_project,5,23,local_parquet_to_batches,25.07,4.470292,4758696.0,10.0,,measurement,174620672.0
,,198279,row-count; full checksum in block warmup,,,,,,,8.406125,pandas,1000000,filter_project,5,24,local_parquet_to_batches,24.642,4.207374000000001,4758696.0,10.0,,measurement,177799168.0
,,198279,row-count; full checksum in block warmup,,,,,,,8.536208,pandas,1000000,filter_project,5,25,local_parquet_to_batches,24.837,4.187206999999999,4758696.0,10.0,,measurement,177815552.0
,,200,row-count; full checksum in block warmup,,,,,,,574.028875,pandas,10000000,join_groupby,5,21,local_parquet_to_batches,672.504,17.566126,6400.0,1.0,,measurement,550125568.0
,,200,row-count; full checksum in block warmup,,,,,,,571.783625,pandas,10000000,join_groupby,5,22,local_parquet_to_batches,671.065,17.16470999999999,6400.0,1.0,,measurement,595230720.0
,,200,row-count; full checksum in block warmup,,,,,,,605.5065,pandas,10000000,join_groupby,5,23,local_parquet_to_batches,703.077,19.611323999999996,6400.0,1.0,,measurement,611352576.0
,,200,row-count; full checksum in block warmup,,,,,,,570.31025,pandas,10000000,join_groupby,5,24,local_parquet_to_batches,667.018,17.294497000000003,6400.0,1.0,,measurement,614350848.0
,,200,row-count; full checksum in block warmup,,,,,,,572.362916,pandas,10000000,join_groupby,5,25,local_parquet_to_batches,669.591,17.111829000000004,6400.0,1.0,,measurement,615448576.0
,,200,row-count; full checksum in block warmup,,,,,,,7.655625,pandas,100000,join_groupby,5,21,local_parquet_to_batches,8.433,1.972,6400.0,1.0,,measurement,151437312.0
,,200,row-count; full checksum in block warmup,,,,,,,7.579833,pandas,100000,join_groupby,5,22,local_parquet_to_batches,8.319,1.903708,6400.0,1.0,,measurement,151453696.0
,,200,row-count; full checksum in block warmup,,,,,,,7.483083,pandas,100000,join_groupby,5,23,local_parquet_to_batches,8.236,1.917833,6400.0,1.0,,measurement,151453696.0
,,200,row-count; full checksum in block warmup,,,,,,,7.280042,pandas,100000,join_groupby,5,24,local_parquet_to_batches,8.009,1.826333,6400.0,1.0,,measurement,151453696.0
,,200,row-count; full checksum in block warmup,,,,,,,7.166417,pandas,100000,join_groupby,5,25,local_parquet_to_batches,7.899,1.792959,6400.0,1.0,,measurement,151470080.0
,,200,row-count; full checksum in block warmup,,,,,,,55291.040417,pandas,1000000000,join_groupby,5,21,local_parquet_to_batches,65836.048,1537.9813860000008,6400.0,1.0,,measurement,13699989504.0
,,200,row-count; full checksum in block warmup,,,,,,,54876.942875,pandas,1000000000,join_groupby,5,22,local_parquet_to_batches,65083.794,1555.3309430000018,6400.0,1.0,,measurement,14440759296.0
,,200,row-count; full checksum in block warmup,,,,,,,54552.384333,pandas,1000000000,join_groupby,5,23,local_parquet_to_batches,64889.411,1524.0948720000054,6400.0,1.0,,measurement,14702903296.0
,,200,row-count; full checksum in block warmup,,,,,,,54721.143125,pandas,1000000000,join_groupby,5,24,local_parquet_to_batches,65030.903,1586.1602719999887,6400.0,1.0,,measurement,14702903296.0
,,200,row-count; full checksum in block warmup,,,,,,,54494.614625,pandas,1000000000,join_groupby,5,25,local_parquet_to_batches,64674.109,1454.5392609999974,6400.0,1.0,,measurement,14727954432.0
,,10000000,row-count; full checksum in block warmup,,,,,,,88.009417,pandas,10000000,clean_derive,5,21,local_parquet_to_batches,215.653,30.939368999999978,160000000.0,100.0,,measurement,604749824.0
,,10000000,row-count; full checksum in block warmup,,,,,,,87.1955,pandas,10000000,clean_derive,5,22,local_parquet_to_batches,215.0,30.660411999999997,160000000.0,100.0,,measurement,629358592.0
,,10000000,row-count; full checksum in block warmup,,,,,,,89.869792,pandas,10000000,clean_derive,5,23,local_parquet_to_batches,215.114,32.57687,160000000.0,100.0,,measurement,632651776.0
,,10000000,row-count; full checksum in block warmup,,,,,,,87.680958,pandas,10000000,clean_derive,5,24,local_parquet_to_batches,213.571,30.944535,160000000.0,100.0,,measurement,635043840.0
,,10000000,row-count; full checksum in block warmup,,,,,,,88.998,pandas,10000000,clean_derive,5,25,local_parquet_to_batches,215.475,31.505999000000006,160000000.0,100.0,,measurement,638238720.0
,,200,row-count; full checksum in block warmup,,,,,,,61.950209,pandas,1000000,join_groupby,5,21,local_parquet_to_batches,71.323,4.698290000000001,6400.0,1.0,,measurement,204472320.0
,,200,row-count; full checksum in block warmup,,,,,,,63.766667,pandas,1000000,join_groupby,5,22,local_parquet_to_batches,73.085,4.418917,6400.0,1.0,,measurement,204914688.0
,,200,row-count; full checksum in block warmup,,,,,,,58.212542,pandas,1000000,join_groupby,5,23,local_parquet_to_batches,67.434,3.971665,6400.0,1.0,,measurement,205062144.0
,,200,row-count; full checksum in block warmup,,,,,,,57.397292,pandas,1000000,join_groupby,5,24,local_parquet_to_batches,66.233,4.066918,6400.0,1.0,,measurement,205340672.0
,,200,row-count; full checksum in block warmup,,,,,,,54.984125,pandas,1000000,join_groupby,5,25,local_parquet_to_batches,64.186,3.7109169999999994,6400.0,1.0,,measurement,205422592.0
,,19798586,row-count; full checksum in block warmup,,,,,,,689.831125,pandas,100000000,filter_project,5,21,local_parquet_to_batches,2389.801,301.7569839999993,475166064.0,1000.0,,measurement,2191818752.0
,,19798586,row-count; full checksum in block warmup,,,,,,,689.630333,pandas,100000000,filter_project,5,22,local_parquet_to_batches,2372.332,304.60400200000004,475166064.0,1000.0,,measurement,2213412864.0
,,19798586,row-count; full checksum in block warmup,,,,,,,684.461417,pandas,100000000,filter_project,5,23,local_parquet_to_batches,2360.071,306.00739899999945,475166064.0,1000.0,,measurement,2217984000.0
,,19798586,row-count; full checksum in block warmup,,,,,,,688.988166,pandas,100000000,filter_project,5,24,local_parquet_to_batches,2382.708,300.79095099999967,475166064.0,1000.0,,measurement,2220851200.0
,,19798586,row-count; full checksum in block warmup,,,,,,,685.799083,pandas,100000000,filter_project,5,25,local_parquet_to_batches,2363.531,305.1039549999992,475166064.0,1000.0,,measurement,2221424640.0
,,200,row-count; full checksum in block warmup,,,,,,,5445.983583,pandas,100000000,join_groupby,5,21,local_parquet_to_batches,6470.352,143.06558499999983,6400.0,1.0,,measurement,3346530304.0
,,200,row-count; full checksum in block warmup,,,,,,,5426.39625,pandas,100000000,join_groupby,5,22,local_parquet_to_batches,6410.296,142.58671799999996,6400.0,1.0,,measurement,3407527936.0
,,200,row-count; full checksum in block warmup,,,,,,,5429.868042,pandas,100000000,join_groupby,5,23,local_parquet_to_batches,6402.552,143.08189800000005,6400.0,1.0,,measurement,3524444160.0
,,200,row-count; full checksum in block warmup,,,,,,,5436.038416,pandas,100000000,join_groupby,5,24,local_parquet_to_batches,6412.836,143.07104199999992,6400.0,1.0,,measurement,3541958656.0
,,200,row-count; full checksum in block warmup,,,,,,,5413.741667,pandas,100000000,join_groupby,5,25,local_parquet_to_batches,6402.841,142.63080099999993,6400.0,1.0,,measurement,3687776256.0
,,50,row-count; full checksum in block warmup,,,,,,,19.91975,pandas,1000000,groupby,5,21,local_parquet_to_batches,26.568,2.6723330000000005,1600.0,1.0,,measurement,177602560.0
,,50,row-count; full checksum in block warmup,,,,,,,18.988458,pandas,1000000,groupby,5,22,local_parquet_to_batches,25.849,2.2594190000000003,1600.0,1.0,,measurement,180715520.0
,,50,row-count; full checksum in block warmup,,,,,,,19.010209,pandas,1000000,groupby,5,23,local_parquet_to_batches,25.814,2.354792,1600.0,1.0,,measurement,181993472.0
,,50,row-count; full checksum in block warmup,,,,,,,18.819167,pandas,1000000,groupby,5,24,local_parquet_to_batches,25.498,2.2923320000000005,1600.0,1.0,,measurement,182386688.0
,,50,row-count; full checksum in block warmup,,,,,,,18.833416,pandas,1000000,groupby,5,25,local_parquet_to_batches,25.611,2.212585,1600.0,1.0,,measurement,182517760.0
,,50,row-count; full checksum in block warmup,,,,,,,18519.825291,pandas,1000000000,groupby,5,21,local_parquet_to_batches,25795.769,1228.3414749999986,1600.0,1.0,,measurement,9855926272.0
,,50,row-count; full checksum in block warmup,,,,,,,19033.791666,pandas,1000000000,groupby,5,22,local_parquet_to_batches,26287.972,1284.7361550000026,1600.0,1.0,,measurement,10039066624.0
,,50,row-count; full checksum in block warmup,,,,,,,18941.653875,pandas,1000000000,groupby,5,23,local_parquet_to_batches,26268.68,1283.0715590000011,1600.0,1.0,,measurement,10081484800.0
,,50,row-count; full checksum in block warmup,,,,,,,18390.034125,pandas,1000000000,groupby,5,24,local_parquet_to_batches,25564.498,1170.5625499999992,1600.0,1.0,,measurement,10110025728.0
,,50,row-count; full checksum in block warmup,,,,,,,18511.723833,pandas,1000000000,groupby,5,25,local_parquet_to_batches,25771.162,1209.8801620000008,1600.0,1.0,,measurement,10497835008.0
,,1000000,row-count; full checksum in block warmup,,,,,,,11.110625,pandas,1000000,clean_derive,5,21,local_parquet_to_batches,24.813,4.665582000000001,16000000.0,10.0,,measurement,198098944.0
,,1000000,row-count; full checksum in block warmup,,,,,,,11.261125,pandas,1000000,clean_derive,5,22,local_parquet_to_batches,23.638,4.650873,16000000.0,10.0,,measurement,211075072.0
,,1000000,row-count; full checksum in block warmup,,,,,,,12.031708,pandas,1000000,clean_derive,5,23,local_parquet_to_batches,26.059,4.7742510000000005,16000000.0,10.0,,measurement,214990848.0
,,1000000,row-count; full checksum in block warmup,,,,,,,10.361042,pandas,1000000,clean_derive,5,24,local_parquet_to_batches,22.391,4.371207999999999,16000000.0,10.0,,measurement,214990848.0
,,1000000,row-count; full checksum in block warmup,,,,,,,10.815416,pandas,1000000,clean_derive,5,25,local_parquet_to_batches,22.812,4.716124,16000000.0,10.0,,measurement,215187456.0
,,1000000000,row-count; full checksum in block warmup,,,,,,,10252.7375,pandas,1000000000,clean_derive,5,21,local_parquet_to_batches,24685.799,3771.3888760000114,16000000000.0,10000.0,,measurement,17177313280.0
,,1000000000,row-count; full checksum in block warmup,,,,,,,9666.588208,pandas,1000000000,clean_derive,5,22,local_parquet_to_batches,23265.343,3586.579774999993,16000000000.0,10000.0,,measurement,17315790848.0
,,1000000000,row-count; full checksum in block warmup,,,,,,,9531.004833,pandas,1000000000,clean_derive,5,23,local_parquet_to_batches,22809.021,3504.1159500000044,16000000000.0,10000.0,,measurement,17487953920.0
,,1000000000,row-count; full checksum in block warmup,,,,,,,9485.952292,pandas,1000000000,clean_derive,5,24,local_parquet_to_batches,22725.232,3474.601448999985,16000000000.0,10000.0,,measurement,17546100736.0
,,1000000000,row-count; full checksum in block warmup,,,,,,,9467.269459,pandas,1000000000,clean_derive,5,25,local_parquet_to_batches,22735.306,3449.3556149999813,16000000000.0,10000.0,,measurement,17632247808.0
,,50,row-count; full checksum in block warmup,,,,,,,198.923708,pandas,10000000,groupby,5,21,local_parquet_to_batches,269.9,15.029753,1600.0,1.0,,measurement,477495296.0
,,50,row-count; full checksum in block warmup,,,,,,,208.707958,pandas,10000000,groupby,5,22,local_parquet_to_batches,278.148,15.959997,1600.0,1.0,,measurement,490356736.0
,,50,row-count; full checksum in block warmup,,,,,,,189.4255,pandas,10000000,groupby,5,23,local_parquet_to_batches,260.338,13.216327999999994,1600.0,1.0,,measurement,494796800.0
,,50,row-count; full checksum in block warmup,,,,,,,185.004375,pandas,10000000,groupby,5,24,local_parquet_to_batches,254.006,13.173294999999996,1600.0,1.0,,measurement,495763456.0
,,50,row-count; full checksum in block warmup,,,,,,,182.425916,pandas,10000000,groupby,5,25,local_parquet_to_batches,252.718,12.562998999999994,1600.0,1.0,,measurement,496418816.0
,,100000000,row-count; full checksum in block warmup,,,,,,,906.967084,pandas,100000000,clean_derive,5,21,local_parquet_to_batches,2198.109,308.50111599999957,1600000000.0,1000.0,,measurement,2803417088.0
,,100000000,row-count; full checksum in block warmup,,,,,,,918.505208,pandas,100000000,clean_derive,5,22,local_parquet_to_batches,2229.498,308.9653440000006,1600000000.0,1000.0,,measurement,3436920832.0
,,100000000,row-count; full checksum in block warmup,,,,,,,914.883875,pandas,100000000,clean_derive,5,23,local_parquet_to_batches,2208.973,308.3586630000003,1600000000.0,1000.0,,measurement,3670523904.0
,,100000000,row-count; full checksum in block warmup,,,,,,,900.767792,pandas,100000000,clean_derive,5,24,local_parquet_to_batches,2184.625,305.65548699999994,1600000000.0,1000.0,,measurement,3686170624.0
,,100000000,row-count; full checksum in block warmup,,,,,,,935.036125,pandas,100000000,clean_derive,5,25,local_parquet_to_batches,2223.084,330.66470499999986,1600000000.0,1000.0,,measurement,3690971136.0
,,50,row-count; full checksum in block warmup,,,,,,,2.955875,pandas,100000,groupby,5,21,local_parquet_to_batches,3.298,1.071791,1600.0,1.0,,measurement,139100160.0
,,50,row-count; full checksum in block warmup,,,,,,,2.863875,pandas,100000,groupby,5,22,local_parquet_to_batches,3.202,0.9939169999999999,1600.0,1.0,,measurement,139411456.0
,,50,row-count; full checksum in block warmup,,,,,,,2.949792,pandas,100000,groupby,5,23,local_parquet_to_batches,3.306,1.0543339999999999,1600.0,1.0,,measurement,139657216.0
,,50,row-count; full checksum in block warmup,,,,,,,2.894042,pandas,100000,groupby,5,24,local_parquet_to_batches,3.242,1.0196239999999999,1600.0,1.0,,measurement,139657216.0
,,50,row-count; full checksum in block warmup,,,,,,,2.805042,pandas,100000,groupby,5,25,local_parquet_to_batches,3.141,0.9900840000000001,1600.0,1.0,,measurement,139657216.0
,,1980090,row-count; full checksum in block warmup,,,,,,,70.825042,pandas,10000000,filter_project,5,21,local_parquet_to_batches,238.255,31.849540000000008,47522160.0,100.0,,measurement,333529088.0
,,1980090,row-count; full checksum in block warmup,,,,,,,71.196083,pandas,10000000,filter_project,5,22,local_parquet_to_batches,238.968,31.49774499999999,47522160.0,100.0,,measurement,338198528.0
,,1980090,row-count; full checksum in block warmup,,,,,,,74.282917,pandas,10000000,filter_project,5,23,local_parquet_to_batches,242.86,32.14608700000001,47522160.0,100.0,,measurement,342949888.0
,,1980090,row-count; full checksum in block warmup,,,,,,,71.37275,pandas,10000000,filter_project,5,24,local_parquet_to_batches,240.343,31.321371999999993,47522160.0,100.0,,measurement,343113728.0
,,1980090,row-count; full checksum in block warmup,,,,,,,71.587,pandas,10000000,filter_project,5,25,local_parquet_to_batches,239.311,32.219044,47522160.0,100.0,,measurement,344014848.0
01c6f37c-0001-fe0c-0001-9ade000c41a2,294.208542,200,row-count; full checksum query before block,252.0,54.0,198.0,0.0,0.0,2989020160.0,252.0,snowflake_large,100000000,join_groupby,6,26,platform_query,,,,,,,
01c6f37c-0001-fe0c-0001-9ade000c41a6,316.490292,200,row-count; full checksum query before block,273.0,55.0,218.0,0.0,0.0,3083006975.0,273.0,snowflake_large,100000000,join_groupby,6,27,platform_query,,,,,,,
01c6f37c-0001-fe0c-0001-9ade000c41aa,354.176166,200,row-count; full checksum query before block,265.0,61.0,204.0,0.0,0.0,3069820928.0,265.0,snowflake_large,100000000,join_groupby,6,28,platform_query,,,,,,,
01c6f37c-0001-fcf9-0001-9ade000c39e6,653.526375,200,row-count; full checksum query before block,597.0,343.0,254.0,0.0,0.0,3052605952.0,597.0,snowflake_large,100000000,join_groupby,6,29,platform_query,,,,,,,
01c6f37c-0001-fcf9-0001-9ade000c39ea,378.933291,200,row-count; full checksum query before block,329.0,103.0,226.0,0.0,0.0,3099809280.0,329.0,snowflake_large,100000000,join_groupby,6,30,platform_query,,,,,,,
01c6f37c-0001-fe0c-0001-9ade000c41b6,235.127208,200,row-count; full checksum query before block,122.0,44.0,78.0,0.0,0.0,151830528.0,122.0,snowflake_large,10000000,join_groupby,6,26,platform_query,,,,,,,
01c6f37c-0001-fcf9-0001-9ade000c39f2,172.599334,200,row-count; full checksum query before block,131.0,51.0,80.0,0.0,0.0,151830528.0,131.0,snowflake_large,10000000,join_groupby,6,27,platform_query,,,,,,,
01c6f37c-0001-fe0c-0001-9ade000c41ba,208.928542,200,row-count; full checksum query before block,123.0,44.0,79.0,0.0,0.0,151830528.0,123.0,snowflake_large,10000000,join_groupby,6,28,platform_query,,,,,,,
01c6f37c-0001-fe0c-0001-9ade000c41be,169.715584,200,row-count; full checksum query before block,124.0,45.0,79.0,0.0,0.0,151830528.0,124.0,snowflake_large,10000000,join_groupby,6,29,platform_query,,,,,,,
01c6f37c-0001-fcf9-0001-9ade000c39f6,167.733958,200,row-count; full checksum query before block,132.0,52.0,80.0,0.0,0.0,151830528.0,132.0,snowflake_large,10000000,join_groupby,6,30,platform_query,,,,,,,
01c6f37c-0001-fe0c-0001-9ade000c41ca,227.753416,200,row-count; full checksum query before block,130.0,45.0,85.0,0.0,0.0,7865856.0,130.0,snowflake_large,1000000,join_groupby,6,26,platform_query,,,,,,,
01c6f37c-0001-fe0c-0001-9ade000c41ce,206.320625,200,row-count; full checksum query before block,129.0,45.0,84.0,0.0,0.0,7865856.0,129.0,snowflake_large,1000000,join_groupby,6,27,platform_query,,,,,,,
01c6f37c-0001-fcf9-0001-9ade000c39fe,308.210875,200,row-count; full checksum query before block,146.0,60.0,86.0,0.0,0.0,7865856.0,146.0,snowflake_large,1000000,join_groupby,6,28,platform_query,,,,,,,
01c6f37c-0001-fcf9-0001-9ade000c3a02,170.673083,200,row-count; full checksum query before block,130.0,48.0,82.0,0.0,0.0,7865856.0,130.0,snowflake_large,1000000,join_groupby,6,29,platform_query,,,,,,,
01c6f37c-0001-fcf9-0001-9ade000c3a06,177.046375,200,row-count; full checksum query before block,137.0,53.0,84.0,0.0,0.0,7865856.0,137.0,snowflake_large,1000000,join_groupby,6,30,platform_query,,,,,,,
01c6f37c-0001-fe0c-0001-9ade000c41d6,252.959375,19886,row-count; full checksum query before block,180.0,63.0,117.0,0.0,0.0,973312.0,180.0,snowflake_large,100000,filter_project,6,26,platform_query,,,,,,,
01c6f37c-0001-fcf9-0001-9ade000c3a12,220.727792,19886,row-count; full checksum query before block,144.0,35.0,109.0,0.0,0.0,973312.0,144.0,snowflake_large,100000,filter_project,6,27,platform_query,,,,,,,
01c6f37c-0001-fcf9-0001-9ade000c3a16,206.15225,19886,row-count; full checksum query before block,151.0,40.0,111.0,0.0,0.0,973312.0,151.0,snowflake_large,100000,filter_project,6,28,platform_query,,,,,,,
01c6f37c-0001-fe0c-0001-9ade000c41da,317.082875,19886,row-count; full checksum query before block,177.0,33.0,144.0,0.0,0.0,973312.0,177.0,snowflake_large,100000,filter_project,6,29,platform_query,,,,,,,
01c6f37c-0001-fcf9-0001-9ade000c3a1a,199.976542,19886,row-count; full checksum query before block,141.0,36.0,105.0,0.0,0.0,973312.0,141.0,snowflake_large,100000,filter_project,6,30,platform_query,,,,,,,
01c6f37c-0001-fe0c-0001-9ade000c41e2,171.926291,50,row-count; full checksum query before block,142.0,34.0,108.0,0.0,0.0,3116867584.0,142.0,snowflake_large,100000000,groupby,6,26,platform_query,,,,,,,
01c6f37c-0001-fe0c-0001-9ade000c41e6,164.077042,50,row-count; full checksum query before block,136.0,34.0,102.0,0.0,0.0,3116867584.0,136.0,snowflake_large,100000000,groupby,6,27,platform_query,,,,,,,
01c6f37c-0001-fcf9-0001-9ade000c3a26,159.864584,50,row-count; full checksum query before block,132.0,37.0,95.0,0.0,0.0,3116867584.0,132.0,snowflake_large,100000000,groupby,6,28,platform_query,,,,,,,
01c6f37c-0001-fe0c-0001-9ade000c41ea,152.121083,50,row-count; full checksum query before block,128.0,35.0,93.0,0.0,0.0,3116867584.0,128.0,snowflake_large,100000000,groupby,6,29,platform_query,,,,,,,
01c6f37c-0001-fe0c-0001-9ade000c41ee,163.30625,50,row-count; full checksum query before block,133.0,34.0,99.0,0.0,0.0,3116867584.0,133.0,snowflake_large,100000000,groupby,6,30,platform_query,,,,,,,
01c6f37c-0001-fcf9-0001-9ade000c3a32,1347.4835,197996556,row-count; full checksum query before block,1230.0,36.0,1194.0,0.0,0.0,7635108352.0,1230.0,snowflake_large,1000000000,filter_project,6,26,platform_query,,,,,,,
01c6f37c-0001-fe0c-0001-9ade000c41f6,1507.535375,197996556,row-count; full checksum query before block,1226.0,43.0,1183.0,0.0,0.0,7635108352.0,1226.0,snowflake_large,1000000000,filter_project,6,27,platform_query,,,,,,,
01c6f37c-0001-fe0c-0001-9ade000c41fa,1324.278458,197996556,row-count; full checksum query before block,1201.0,36.0,1165.0,0.0,0.0,7635108352.0,1201.0,snowflake_large,1000000000,filter_project,6,28,platform_query,,,,,,,
01c6f37c-0001-fe0c-0001-9ade000c41fe,1339.289917,197996556,row-count; full checksum query before block,1230.0,42.0,1188.0,0.0,0.0,7635108352.0,1230.0,snowflake_large,1000000000,filter_project,6,29,platform_query,,,,,,,
01c6f37c-0001-fcf9-0001-9ade000c3a36,1528.662958,197996556,row-count; full checksum query before block,1267.0,43.0,1224.0,0.0,0.0,7635108352.0,1267.0,snowflake_large,1000000000,filter_project,6,30,platform_query,,,,,,,
01c6f37c-0001-fcf9-0001-9ade000c3a3e,144.042917,200,row-count; full checksum query before block,96.0,50.0,46.0,0.0,0.0,1211904.0,96.0,snowflake_large,100000,join_groupby,6,26,platform_query,,,,,,,
01c6f37c-0001-fcf9-0001-9ade000c3a42,133.67275,200,row-count; full checksum query before block,95.0,49.0,46.0,0.0,0.0,1211904.0,95.0,snowflake_large,100000,join_groupby,6,27,platform_query,,,,,,,
01c6f37c-0001-fe0c-0001-9ade000c420a,136.885791,200,row-count; full checksum query before block,95.0,47.0,48.0,0.0,0.0,1211904.0,95.0,snowflake_large,100000,join_groupby,6,28,platform_query,,,,,,,
01c6f37c-0001-fe0c-0001-9ade000c420e,128.484667,200,row-count; full checksum query before block,92.0,46.0,46.0,0.0,0.0,1211904.0,92.0,snowflake_large,100000,join_groupby,6,29,platform_query,,,,,,,
01c6f37c-0001-fe0c-0001-9ade000c4212,130.060959,200,row-count; full checksum query before block,93.0,45.0,48.0,0.0,0.0,1211904.0,93.0,snowflake_large,100000,join_groupby,6,30,platform_query,,,,,,,
01c6f37c-0001-fcf9-0001-9ade000c3a4a,84.161542,50,row-count; full checksum query before block,56.0,39.0,17.0,0.0,0.0,973312.0,56.0,snowflake_large,100000,groupby,6,26,platform_query,,,,,,,
01c6f37c-0001-fe0c-0001-9ade000c421e,96.307166,50,row-count; full checksum query before block,70.0,52.0,18.0,0.0,0.0,973312.0,70.0,snowflake_large,100000,groupby,6,27,platform_query,,,,,,,
01c6f37c-0001-fe0c-0001-9ade000c4222,75.666208,50,row-count; full checksum query before block,49.0,32.0,17.0,0.0,0.0,973312.0,49.0,snowflake_large,100000,groupby,6,28,platform_query,,,,,,,
01c6f37c-0001-fcf9-0001-9ade000c3a4e,78.886333,50,row-count; full checksum query before block,55.0,39.0,16.0,0.0,0.0,973312.0,55.0,snowflake_large,100000,groupby,6,29,platform_query,,,,,,,
01c6f37c-0001-fe0c-0001-9ade000c4226,77.374292,50,row-count; full checksum query before block,51.0,33.0,18.0,0.0,0.0,973312.0,51.0,snowflake_large,100000,groupby,6,30,platform_query,,,,,,,
01c6f37c-0001-fe0c-0001-9ade000c4232,415.611792,1980090,row-count; full checksum query before block,287.0,34.0,253.0,0.0,0.0,151591936.0,287.0,snowflake_large,10000000,filter_project,6,26,platform_query,,,,,,,
01c6f37c-0001-fcf9-0001-9ade000c3a56,370.836458,1980090,row-count; full checksum query before block,263.0,39.0,224.0,0.0,0.0,151591936.0,263.0,snowflake_large,10000000,filter_project,6,27,platform_query,,,,,,,
01c6f37c-0001-fe0c-0001-9ade000c4236,408.046416,1980090,row-count; full checksum query before block,282.0,36.0,246.0,0.0,0.0,151591936.0,282.0,snowflake_large,10000000,filter_project,6,28,platform_query,,,,,,,
01c6f37c-0001-fe0c-0001-9ade000c423a,301.34775,1980090,row-count; full checksum query before block,237.0,37.0,200.0,0.0,0.0,151591936.0,237.0,snowflake_large,10000000,filter_project,6,29,platform_query,,,,,,,
01c6f37c-0001-fcf9-0001-9ade000c3a5a,323.388292,1980090,row-count; full checksum query before block,255.0,44.0,211.0,0.0,0.0,151591936.0,255.0,snowflake_large,10000000,filter_project,6,30,platform_query,,,,,,,
01c6f37c-0001-fcf9-0001-9ade000c3a66,89.539917,50,row-count; full checksum query before block,62.0,31.0,31.0,0.0,0.0,7627264.0,62.0,snowflake_large,1000000,groupby,6,26,platform_query,,,,,,,
01c6f37c-0001-fcf9-0001-9ade000c3a6a,127.840709,50,row-count; full checksum query before block,87.0,55.0,32.0,0.0,0.0,7627264.0,87.0,snowflake_large,1000000,groupby,6,27,platform_query,,,,,,,
01c6f37c-0001-fcf9-0001-9ade000c3a6e,92.067166,50,row-count; full checksum query before block,68.0,37.0,31.0,0.0,0.0,7627264.0,68.0,snowflake_large,1000000,groupby,6,28,platform_query,,,,,,,
01c6f37c-0001-fe0c-0001-9ade000c4242,93.617417,50,row-count; full checksum query before block,70.0,36.0,34.0,0.0,0.0,7627264.0,70.0,snowflake_large,1000000,groupby,6,29,platform_query,,,,,,,
01c6f37c-0001-fcf9-0001-9ade000c3a72,90.05725,50,row-count; full checksum query before block,69.0,37.0,32.0,0.0,0.0,7627264.0,69.0,snowflake_large,1000000,groupby,6,30,platform_query,,,,,,,
01c6f37c-0001-fe0c-0001-9ade000c424e,1510.163875,100000000,row-count; full checksum query before block,1370.0,43.0,1327.0,0.0,0.0,3116867584.0,1370.0,snowflake_large,100000000,clean_derive,6,26,platform_query,,,,,,,
01c6f37c-0001-fe0c-0001-9ade000c4252,1455.343833,100000000,row-count; full checksum query before block,1351.0,31.0,1320.0,0.0,0.0,3116867584.0,1351.0,snowflake_large,100000000,clean_derive,6,27,platform_query,,,,,,,
01c6f37c-0001-fe0c-0001-9ade000c4256,1611.689292,100000000,row-count; full checksum query before block,1446.0,43.0,1403.0,0.0,0.0,3116867584.0,1446.0,snowflake_large,100000000,clean_derive,6,28,platform_query,,,,,,,
01c6f37c-0001-fe0c-0001-9ade000c425a,1541.968792,100000000,row-count; full checksum query before block,1342.0,39.0,1303.0,0.0,0.0,3116867584.0,1342.0,snowflake_large,100000000,clean_derive,6,29,platform_query,,,,,,,
01c6f37c-0001-fcf9-0001-9ade000c3a7a,1484.399333,100000000,row-count; full checksum query before block,1338.0,46.0,1292.0,0.0,0.0,3116867584.0,1338.0,snowflake_large,100000000,clean_derive,6,30,platform_query,,,,,,,
01c6f37c-0001-fcf9-0001-9ade000c3a82,508.328084,1000000,row-count; full checksum query before block,436.0,42.0,394.0,0.0,0.0,7627264.0,436.0,snowflake_large,1000000,clean_derive,6,26,platform_query,,,,,,,
01c6f37c-0001-fcf9-0001-9ade000c3a86,609.95975,1000000,row-count; full checksum query before block,478.0,37.0,441.0,0.0,0.0,7627264.0,478.0,snowflake_large,1000000,clean_derive,6,27,platform_query,,,,,,,
01c6f37c-0001-fe0c-0001-9ade000c4266,501.051292,1000000,row-count; full checksum query before block,445.0,38.0,407.0,0.0,0.0,7627264.0,445.0,snowflake_large,1000000,clean_derive,6,28,platform_query,,,,,,,
01c6f37c-0001-fcf9-0001-9ade000c3a8a,492.033333,1000000,row-count; full checksum query before block,429.0,32.0,397.0,0.0,0.0,7627264.0,429.0,snowflake_large,1000000,clean_derive,6,29,platform_query,,,,,,,
01c6f37c-0001-fe0c-0001-9ade000c426a,542.281833,1000000,row-count; full checksum query before block,449.0,28.0,421.0,0.0,0.0,7627264.0,449.0,snowflake_large,1000000,clean_derive,6,30,platform_query,,,,,,,
01c6f37c-0001-fe0c-0001-9ade000c4276,113.580708,50,row-count; full checksum query before block,83.0,41.0,42.0,0.0,0.0,151591936.0,83.0,snowflake_large,10000000,groupby,6,26,platform_query,,,,,,,
01c6f37c-0001-fe0c-0001-9ade000c427a,106.543125,50,row-count; full checksum query before block,81.0,38.0,43.0,0.0,0.0,151591936.0,81.0,snowflake_large,10000000,groupby,6,27,platform_query,,,,,,,
01c6f37c-0001-fcf9-0001-9ade000c3a92,196.134208,50,row-count; full checksum query before block,85.0,44.0,41.0,0.0,0.0,151591936.0,85.0,snowflake_large,10000000,groupby,6,28,platform_query,,,,,,,
01c6f37c-0001-fe0c-0001-9ade000c427e,691.927875,50,row-count; full checksum query before block,113.0,61.0,52.0,0.0,0.0,151591936.0,113.0,snowflake_large,10000000,groupby,6,29,platform_query,,,,,,,
01c6f37c-0001-fcf9-0001-9ade000c3a96,105.881666,50,row-count; full checksum query before block,77.0,35.0,42.0,0.0,0.0,151591936.0,77.0,snowflake_large,10000000,groupby,6,30,platform_query,,,,,,,
01c6f37d-0001-fe0c-0001-9ade000c4286,256.936167,100000,row-count; full checksum query before block,197.0,37.0,160.0,0.0,0.0,973312.0,197.0,snowflake_large,100000,clean_derive,6,26,platform_query,,,,,,,
01c6f37d-0001-fcf9-0001-9ade000c3aa2,433.654208,100000,row-count; full checksum query before block,195.0,37.0,158.0,0.0,0.0,973312.0,195.0,snowflake_large,100000,clean_derive,6,27,platform_query,,,,,,,
01c6f37d-0001-fcf9-0001-9ade000c3aa6,322.114208,100000,row-count; full checksum query before block,215.0,37.0,178.0,0.0,0.0,973312.0,215.0,snowflake_large,100000,clean_derive,6,28,platform_query,,,,,,,
01c6f37d-0001-fcf9-0001-9ade000c3aaa,275.088542,100000,row-count; full checksum query before block,214.0,41.0,173.0,0.0,0.0,973312.0,214.0,snowflake_large,100000,clean_derive,6,29,platform_query,,,,,,,
01c6f37d-0001-fe0c-0001-9ade000c428a,258.058458,100000,row-count; full checksum query before block,202.0,39.0,163.0,0.0,0.0,973312.0,202.0,snowflake_large,100000,clean_derive,6,30,platform_query,,,,,,,
01c6f37d-0001-fcf9-0001-9ade000c3ab2,556.459375,19798586,row-count; full checksum query before block,478.0,48.0,430.0,0.0,0.0,3032273408.0,478.0,snowflake_large,100000000,filter_project,6,26,platform_query,,,,,,,
01c6f37d-0001-fe0c-0001-9ade000c4296,715.485583,19798586,row-count; full checksum query before block,476.0,36.0,440.0,0.0,0.0,3022413312.0,476.0,snowflake_large,100000000,filter_project,6,27,platform_query,,,,,,,
01c6f37d-0001-fe0c-0001-9ade000c429a,628.132042,19798586,row-count; full checksum query before block,446.0,41.0,405.0,0.0,0.0,3049591296.0,446.0,snowflake_large,100000000,filter_project,6,28,platform_query,,,,,,,
01c6f37d-0001-fe0c-0001-9ade000c429e,525.479875,19798586,row-count; full checksum query before block,445.0,32.0,413.0,0.0,0.0,2954668288.0,445.0,snowflake_large,100000000,filter_project,6,29,platform_query,,,,,,,
01c6f37d-0001-fe0c-0001-9ade000c42a2,590.857041,19798586,row-count; full checksum query before block,505.0,34.0,471.0,0.0,0.0,3002392576.0,505.0,snowflake_large,100000000,filter_project,6,30,platform_query,,,,,,,
01c6f37d-0001-fcf9-0001-9ade000c3aba,1046.317916,200,row-count; full checksum query before block,943.0,58.0,885.0,0.0,0.0,7635346944.0,943.0,snowflake_large,1000000000,join_groupby,6,26,platform_query,,,,,,,
01c6f37d-0001-fcf9-0001-9ade000c3abe,1091.270208,200,row-count; full checksum query before block,924.0,50.0,874.0,0.0,0.0,7635346944.0,924.0,snowflake_large,1000000000,join_groupby,6,27,platform_query,,,,,,,
01c6f37d-0001-fcf9-0001-9ade000c3ac2,1005.599333,200,row-count; full checksum query before block,933.0,62.0,871.0,0.0,0.0,7635346944.0,933.0,snowflake_large,1000000000,join_groupby,6,28,platform_query,,,,,,,
01c6f37d-0001-fe0c-0001-9ade000c42ae,1161.928417,200,row-count; full checksum query before block,928.0,50.0,878.0,0.0,0.0,7635346944.0,928.0,snowflake_large,1000000000,join_groupby,6,29,platform_query,,,,,,,
01c6f37d-0001-fe0c-0001-9ade000c42b2,975.182417,200,row-count; full checksum query before block,923.0,52.0,871.0,0.0,0.0,7635346944.0,923.0,snowflake_large,1000000000,join_groupby,6,30,platform_query,,,,,,,
01c6f37d-0001-fe0c-0001-9ade000c42ba,318.109125,198279,row-count; full checksum query before block,247.0,31.0,216.0,0.0,0.0,7627264.0,247.0,snowflake_large,1000000,filter_project,6,26,platform_query,,,,,,,
01c6f37d-0001-fcf9-0001-9ade000c3ace,329.594083,198279,row-count; full checksum query before block,258.0,42.0,216.0,0.0,0.0,7627264.0,258.0,snowflake_large,1000000,filter_project,6,27,platform_query,,,,,,,
01c6f37d-0001-fcf9-0001-9ade000c3ad2,488.156459,198279,row-count; full checksum query before block,261.0,43.0,218.0,0.0,0.0,7627264.0,261.0,snowflake_large,1000000,filter_project,6,28,platform_query,,,,,,,
01c6f37d-0001-fe0c-0001-9ade000c42be,311.417833,198279,row-count; full checksum query before block,254.0,36.0,218.0,0.0,0.0,7627264.0,254.0,snowflake_large,1000000,filter_project,6,29,platform_query,,,,,,,
01c6f37d-0001-fcf9-0001-9ade000c3ad6,311.429667,198279,row-count; full checksum query before block,256.0,41.0,215.0,0.0,0.0,7627264.0,256.0,snowflake_large,1000000,filter_project,6,30,platform_query,,,,,,,
01c6f37d-0001-fcf9-0001-9ade000c3ade,510.549042,50,row-count; full checksum query before block,418.0,42.0,376.0,0.0,0.0,7635108352.0,418.0,snowflake_large,1000000000,groupby,6,26,platform_query,,,,,,,
01c6f37d-0001-fe0c-0001-9ade000c42ca,513.880083,50,row-count; full checksum query before block,434.0,38.0,396.0,0.0,0.0,7635108352.0,434.0,snowflake_large,1000000000,groupby,6,27,platform_query,,,,,,,
01c6f37d-0001-fe0c-0001-9ade000c42ce,511.594125,50,row-count; full checksum query before block,438.0,37.0,401.0,0.0,0.0,7635108352.0,438.0,snowflake_large,1000000000,groupby,6,28,platform_query,,,,,,,
01c6f37d-0001-fe0c-0001-9ade000c42d2,511.798125,50,row-count; full checksum query before block,436.0,40.0,396.0,0.0,0.0,7635108352.0,436.0,snowflake_large,1000000000,groupby,6,29,platform_query,,,,,,,
01c6f37d-0001-fcf9-0001-9ade000c3ae2,508.991625,50,row-count; full checksum query before block,484.0,39.0,445.0,0.0,0.0,7635108352.0,484.0,snowflake_large,1000000000,groupby,6,30,platform_query,,,,,,,
01c6f37d-0001-fcf9-0001-9ade000c3aea,587.84225,10000000,row-count; full checksum query before block,507.0,49.0,458.0,0.0,0.0,151591936.0,507.0,snowflake_large,10000000,clean_derive,6,26,platform_query,,,,,,,
01c6f37d-0001-fe0c-0001-9ade000c42de,501.131916,10000000,row-count; full checksum query before block,433.0,38.0,395.0,0.0,0.0,151591936.0,433.0,snowflake_large,10000000,clean_derive,6,27,platform_query,,,,,,,
01c6f37d-0001-fcf9-0001-9ade000c3aee,521.095334,10000000,row-count; full checksum query before block,447.0,39.0,408.0,0.0,0.0,151591936.0,447.0,snowflake_large,10000000,clean_derive,6,28,platform_query,,,,,,,
01c6f37d-0001-fe0c-0001-9ade000c42e2,528.412417,10000000,row-count; full checksum query before block,461.0,36.0,425.0,0.0,0.0,151591936.0,461.0,snowflake_large,10000000,clean_derive,6,29,platform_query,,,,,,,
01c6f37d-0001-fe0c-0001-9ade000c42e6,523.029791,10000000,row-count; full checksum query before block,455.0,38.0,417.0,0.0,0.0,151591936.0,455.0,snowflake_large,10000000,clean_derive,6,30,platform_query,,,,,,,
01c6f37d-0001-fcf9-0001-9ade000c3af6,5437.517083,1000000000,row-count; full checksum query before block,5244.0,47.0,5197.0,0.0,0.0,7635108352.0,5244.0,snowflake_large,1000000000,clean_derive,6,26,platform_query,,,,,,,
01c6f37d-0001-fe0c-0001-9ade000c42f2,5364.068,1000000000,row-count; full checksum query before block,5219.0,50.0,5169.0,0.0,0.0,7635108352.0,5219.0,snowflake_large,1000000000,clean_derive,6,27,platform_query,,,,,,,
01c6f37d-0001-fe0c-0001-9ade000c42f6,5331.465084,1000000000,row-count; full checksum query before block,5185.0,45.0,5140.0,0.0,0.0,7635108352.0,5185.0,snowflake_large,1000000000,clean_derive,6,28,platform_query,,,,,,,
01c6f37d-0001-fe0c-0001-9ade000c42fa,5329.29425,1000000000,row-count; full checksum query before block,5179.0,50.0,5129.0,0.0,0.0,7635108352.0,5179.0,snowflake_large,1000000000,clean_derive,6,29,platform_query,,,,,,,
01c6f37d-0001-fcf9-0001-9ade000c3afa,5516.365166,1000000000,row-count; full checksum query before block,5375.0,52.0,5323.0,0.0,0.0,7635108352.0,5375.0,snowflake_large,1000000000,clean_derive,6,30,platform_query,,,,,,,
,,200,row-count; full checksum in block warmup,,,,,,,4229.486041,duckdb,1000000000,join_groupby,6,26,local_parquet_to_batches,16488.235,,6400.0,1.0,,measurement,1102315520.0
,,200,row-count; full checksum in block warmup,,,,,,,4292.413958,duckdb,1000000000,join_groupby,6,27,local_parquet_to_batches,16722.633,,6400.0,1.0,,measurement,1103527936.0
,,200,row-count; full checksum in block warmup,,,,,,,4301.989333,duckdb,1000000000,join_groupby,6,28,local_parquet_to_batches,16776.071,,6400.0,1.0,,measurement,1103855616.0
,,200,row-count; full checksum in block warmup,,,,,,,4298.916625,duckdb,1000000000,join_groupby,6,29,local_parquet_to_batches,16756.973,,6400.0,1.0,,measurement,1103872000.0
,,200,row-count; full checksum in block warmup,,,,,,,4241.153875,duckdb,1000000000,join_groupby,6,30,local_parquet_to_batches,16540.229,,6400.0,1.0,,measurement,1106755584.0
,,50,row-count; full checksum in block warmup,,,,,,,2.134709,duckdb,100000,groupby,6,26,local_parquet_to_batches,2.227,,1600.0,1.0,,measurement,132431872.0
,,50,row-count; full checksum in block warmup,,,,,,,1.94325,duckdb,100000,groupby,6,27,local_parquet_to_batches,2.019,,1600.0,1.0,,measurement,132481024.0
,,50,row-count; full checksum in block warmup,,,,,,,2.126708,duckdb,100000,groupby,6,28,local_parquet_to_batches,2.215,,1600.0,1.0,,measurement,132481024.0
,,50,row-count; full checksum in block warmup,,,,,,,1.947583,duckdb,100000,groupby,6,29,local_parquet_to_batches,2.029,,1600.0,1.0,,measurement,132481024.0
,,50,row-count; full checksum in block warmup,,,,,,,2.035833,duckdb,100000,groupby,6,30,local_parquet_to_batches,2.112,,1600.0,1.0,,measurement,132481024.0
,,19886,row-count; full checksum in block warmup,,,,,,,2.819083,duckdb,100000,filter_project,6,26,local_parquet_to_batches,2.873,,477264.0,1.0,,measurement,137134080.0
,,19886,row-count; full checksum in block warmup,,,,,,,2.520667,duckdb,100000,filter_project,6,27,local_parquet_to_batches,2.575,,477264.0,1.0,,measurement,137166848.0
,,19886,row-count; full checksum in block warmup,,,,,,,2.607917,duckdb,100000,filter_project,6,28,local_parquet_to_batches,2.664,,477264.0,1.0,,measurement,137166848.0
,,19886,row-count; full checksum in block warmup,,,,,,,2.686042,duckdb,100000,filter_project,6,29,local_parquet_to_batches,2.74,,477264.0,1.0,,measurement,137166848.0
,,19886,row-count; full checksum in block warmup,,,,,,,2.631417,duckdb,100000,filter_project,6,30,local_parquet_to_batches,2.687,,477264.0,1.0,,measurement,137166848.0
,,1980090,row-count; full checksum in block warmup,,,,,,,148.182,duckdb,10000000,filter_project,6,26,local_parquet_to_batches,226.997,,47522160.0,8.0,,measurement,198180864.0
,,1980090,row-count; full checksum in block warmup,,,,,,,145.902917,duckdb,10000000,filter_project,6,27,local_parquet_to_batches,230.194,,47522160.0,8.0,,measurement,198279168.0
,,1980090,row-count; full checksum in block warmup,,,,,,,147.027334,duckdb,10000000,filter_project,6,28,local_parquet_to_batches,235.252,,47522160.0,8.0,,measurement,199557120.0
,,1980090,row-count; full checksum in block warmup,,,,,,,148.11375,duckdb,10000000,filter_project,6,29,local_parquet_to_batches,232.557,,47522160.0,8.0,,measurement,199557120.0
,,1980090,row-count; full checksum in block warmup,,,,,,,149.709958,duckdb,10000000,filter_project,6,30,local_parquet_to_batches,234.83,,47522160.0,8.0,,measurement,199573504.0
,,50,row-count; full checksum in block warmup,,,,,,,30.840708,duckdb,10000000,groupby,6,26,local_parquet_to_batches,114.672,,1600.0,1.0,,measurement,153092096.0
,,50,row-count; full checksum in block warmup,,,,,,,30.148542,duckdb,10000000,groupby,6,27,local_parquet_to_batches,113.067,,1600.0,1.0,,measurement,156516352.0
,,50,row-count; full checksum in block warmup,,,,,,,30.052666,duckdb,10000000,groupby,6,28,local_parquet_to_batches,113.021,,1600.0,1.0,,measurement,156532736.0
,,50,row-count; full checksum in block warmup,,,,,,,30.175,duckdb,10000000,groupby,6,29,local_parquet_to_batches,112.663,,1600.0,1.0,,measurement,156581888.0
,,50,row-count; full checksum in block warmup,,,,,,,30.29125,duckdb,10000000,groupby,6,30,local_parquet_to_batches,112.892,,1600.0,1.0,,measurement,157581312.0
,,200,row-count; full checksum in block warmup,,,,,,,46.082375,duckdb,10000000,join_groupby,6,26,local_parquet_to_batches,171.123,,6400.0,1.0,,measurement,166002688.0
,,200,row-count; full checksum in block warmup,,,,,,,46.599,duckdb,10000000,join_groupby,6,27,local_parquet_to_batches,170.047,,6400.0,1.0,,measurement,168460288.0
,,200,row-count; full checksum in block warmup,,,,,,,46.238708,duckdb,10000000,join_groupby,6,28,local_parquet_to_batches,170.469,,6400.0,1.0,,measurement,170917888.0
,,200,row-count; full checksum in block warmup,,,,,,,46.465542,duckdb,10000000,join_groupby,6,29,local_parquet_to_batches,171.634,,6400.0,1.0,,measurement,170999808.0
,,200,row-count; full checksum in block warmup,,,,,,,47.324708,duckdb,10000000,join_groupby,6,30,local_parquet_to_batches,173.32,,6400.0,1.0,,measurement,171032576.0
,,200,row-count; full checksum in block warmup,,,,,,,4.924583,duckdb,100000,join_groupby,6,26,local_parquet_to_batches,6.906,,6400.0,1.0,,measurement,141213696.0
,,200,row-count; full checksum in block warmup,,,,,,,4.961667,duckdb,100000,join_groupby,6,27,local_parquet_to_batches,5.579,,6400.0,1.0,,measurement,141279232.0
,,200,row-count; full checksum in block warmup,,,,,,,4.94725,duckdb,100000,join_groupby,6,28,local_parquet_to_batches,8.871,,6400.0,1.0,,measurement,141426688.0
,,200,row-count; full checksum in block warmup,,,,,,,4.903875,duckdb,100000,join_groupby,6,29,local_parquet_to_batches,5.098,,6400.0,1.0,,measurement,141426688.0
,,200,row-count; full checksum in block warmup,,,,,,,4.910625,duckdb,100000,join_groupby,6,30,local_parquet_to_batches,5.065,,6400.0,1.0,,measurement,141426688.0
,,50,row-count; full checksum in block warmup,,,,,,,4.564291,duckdb,1000000,groupby,6,26,local_parquet_to_batches,12.476,,1600.0,1.0,,measurement,138313728.0
,,50,row-count; full checksum in block warmup,,,,,,,4.789875,duckdb,1000000,groupby,6,27,local_parquet_to_batches,13.637,,1600.0,1.0,,measurement,141180928.0
,,50,row-count; full checksum in block warmup,,,,,,,4.505833,duckdb,1000000,groupby,6,28,local_parquet_to_batches,12.41,,1600.0,1.0,,measurement,141246464.0
,,50,row-count; full checksum in block warmup,,,,,,,4.39225,duckdb,1000000,groupby,6,29,local_parquet_to_batches,12.172,,1600.0,1.0,,measurement,141279232.0
,,50,row-count; full checksum in block warmup,,,,,,,4.469792,duckdb,1000000,groupby,6,30,local_parquet_to_batches,12.495,,1600.0,1.0,,measurement,141279232.0
,,50,row-count; full checksum in block warmup,,,,,,,2913.998541,duckdb,1000000000,groupby,6,26,local_parquet_to_batches,11207.177,,1600.0,1.0,,measurement,1087782912.0
,,50,row-count; full checksum in block warmup,,,,,,,2924.915708,duckdb,1000000000,groupby,6,27,local_parquet_to_batches,11264.481,,1600.0,1.0,,measurement,1092452352.0
,,50,row-count; full checksum in block warmup,,,,,,,2900.206042,duckdb,1000000000,groupby,6,28,local_parquet_to_batches,11176.765,,1600.0,1.0,,measurement,1092780032.0
,,50,row-count; full checksum in block warmup,,,,,,,2891.32575,duckdb,1000000000,groupby,6,29,local_parquet_to_batches,11140.079,,1600.0,1.0,,measurement,1092812800.0
,,50,row-count; full checksum in block warmup,,,,,,,2907.486167,duckdb,1000000000,groupby,6,30,local_parquet_to_batches,11205.627,,1600.0,1.0,,measurement,1092845568.0
,,198279,row-count; full checksum in block warmup,,,,,,,13.713292,duckdb,1000000,filter_project,6,26,local_parquet_to_batches,21.857,,4758696.0,1.0,,measurement,164216832.0
,,198279,row-count; full checksum in block warmup,,,,,,,13.632292,duckdb,1000000,filter_project,6,27,local_parquet_to_batches,21.435,,4758696.0,1.0,,measurement,166346752.0
,,198279,row-count; full checksum in block warmup,,,,,,,13.31375,duckdb,1000000,filter_project,6,28,local_parquet_to_batches,22.639,,4758696.0,1.0,,measurement,168853504.0
,,198279,row-count; full checksum in block warmup,,,,,,,13.5395,duckdb,1000000,filter_project,6,29,local_parquet_to_batches,21.922,,4758696.0,1.0,,measurement,168984576.0
,,198279,row-count; full checksum in block warmup,,,,,,,14.118042,duckdb,1000000,filter_project,6,30,local_parquet_to_batches,22.473,,4758696.0,1.0,,measurement,180404224.0
,,100000000,row-count; full checksum in block warmup,,,,,,,2378.112708,duckdb,100000000,clean_derive,6,26,local_parquet_to_batches,2416.917,,1600000000.0,400.0,,measurement,306741248.0
,,100000000,row-count; full checksum in block warmup,,,,,,,2381.492584,duckdb,100000000,clean_derive,6,27,local_parquet_to_batches,2422.564,,1600000000.0,400.0,,measurement,307019776.0
,,100000000,row-count; full checksum in block warmup,,,,,,,2378.685083,duckdb,100000000,clean_derive,6,28,local_parquet_to_batches,2417.359,,1600000000.0,400.0,,measurement,307085312.0
,,100000000,row-count; full checksum in block warmup,,,,,,,2372.823917,duckdb,100000000,clean_derive,6,29,local_parquet_to_batches,2411.713,,1600000000.0,400.0,,measurement,307118080.0
,,100000000,row-count; full checksum in block warmup,,,,,,,2381.322291,duckdb,100000000,clean_derive,6,30,local_parquet_to_batches,2420.017,,1600000000.0,400.0,,measurement,307118080.0
,,200,row-count; full checksum in block warmup,,,,,,,433.301958,duckdb,100000000,join_groupby,6,26,local_parquet_to_batches,1678.578,,6400.0,1.0,,measurement,258818048.0
,,200,row-count; full checksum in block warmup,,,,,,,429.864167,duckdb,100000000,join_groupby,6,27,local_parquet_to_batches,1666.241,,6400.0,1.0,,measurement,258916352.0
,,200,row-count; full checksum in block warmup,,,,,,,428.637625,duckdb,100000000,join_groupby,6,28,local_parquet_to_batches,1663.011,,6400.0,1.0,,measurement,267452416.0
,,200,row-count; full checksum in block warmup,,,,,,,426.407334,duckdb,100000000,join_groupby,6,29,local_parquet_to_batches,1653.725,,6400.0,1.0,,measurement,267681792.0
,,200,row-count; full checksum in block warmup,,,,,,,427.337084,duckdb,100000000,join_groupby,6,30,local_parquet_to_batches,1655.502,,6400.0,1.0,,measurement,267714560.0
,,19798586,row-count; full checksum in block warmup,,,,,,,1510.344875,duckdb,100000000,filter_project,6,26,local_parquet_to_batches,2360.501,,475166064.0,80.0,,measurement,326402048.0
,,19798586,row-count; full checksum in block warmup,,,,,,,1520.639917,duckdb,100000000,filter_project,6,27,local_parquet_to_batches,2356.293,,475166064.0,80.0,,measurement,331022336.0
,,19798586,row-count; full checksum in block warmup,,,,,,,1514.232291,duckdb,100000000,filter_project,6,28,local_parquet_to_batches,2335.671,,475166064.0,80.0,,measurement,331202560.0
,,19798586,row-count; full checksum in block warmup,,,,,,,1514.922084,duckdb,100000000,filter_project,6,29,local_parquet_to_batches,2349.937,,475166064.0,80.0,,measurement,331202560.0
,,19798586,row-count; full checksum in block warmup,,,,,,,1499.217375,duckdb,100000000,filter_project,6,30,local_parquet_to_batches,2330.65,,475166064.0,80.0,,measurement,331202560.0
,,200,row-count; full checksum in block warmup,,,,,,,8.8055,duckdb,1000000,join_groupby,6,26,local_parquet_to_batches,21.814,,6400.0,1.0,,measurement,153436160.0
,,200,row-count; full checksum in block warmup,,,,,,,8.646875,duckdb,1000000,join_groupby,6,27,local_parquet_to_batches,21.081,,6400.0,1.0,,measurement,153649152.0
,,200,row-count; full checksum in block warmup,,,,,,,8.690666,duckdb,1000000,join_groupby,6,28,local_parquet_to_batches,23.177,,6400.0,1.0,,measurement,153911296.0
,,200,row-count; full checksum in block warmup,,,,,,,8.637834,duckdb,1000000,join_groupby,6,29,local_parquet_to_batches,20.833,,6400.0,1.0,,measurement,154992640.0
,,200,row-count; full checksum in block warmup,,,,,,,8.71975,duckdb,1000000,join_groupby,6,30,local_parquet_to_batches,21.021,,6400.0,1.0,,measurement,159039488.0
,,1000000,row-count; full checksum in block warmup,,,,,,,22.191334,duckdb,1000000,clean_derive,6,26,local_parquet_to_batches,25.814,,16000000.0,4.0,,measurement,165363712.0
,,1000000,row-count; full checksum in block warmup,,,,,,,22.275209,duckdb,1000000,clean_derive,6,27,local_parquet_to_batches,26.01,,16000000.0,4.0,,measurement,165445632.0
,,1000000,row-count; full checksum in block warmup,,,,,,,22.394125,duckdb,1000000,clean_derive,6,28,local_parquet_to_batches,26.187,,16000000.0,4.0,,measurement,166559744.0
,,1000000,row-count; full checksum in block warmup,,,,,,,22.29675,duckdb,1000000,clean_derive,6,29,local_parquet_to_batches,25.959,,16000000.0,4.0,,measurement,167084032.0
,,1000000,row-count; full checksum in block warmup,,,,,,,22.148,duckdb,1000000,clean_derive,6,30,local_parquet_to_batches,25.772,,16000000.0,4.0,,measurement,167116800.0
,,50,row-count; full checksum in block warmup,,,,,,,289.343,duckdb,100000000,groupby,6,26,local_parquet_to_batches,1112.521,,1600.0,1.0,,measurement,245972992.0
,,50,row-count; full checksum in block warmup,,,,,,,286.38625,duckdb,100000000,groupby,6,27,local_parquet_to_batches,1099.642,,1600.0,1.0,,measurement,246054912.0
,,50,row-count; full checksum in block warmup,,,,,,,286.84775,duckdb,100000000,groupby,6,28,local_parquet_to_batches,1104.414,,1600.0,1.0,,measurement,246136832.0
,,50,row-count; full checksum in block warmup,,,,,,,290.080333,duckdb,100000000,groupby,6,29,local_parquet_to_batches,1115.128,,1600.0,1.0,,measurement,246153216.0
,,50,row-count; full checksum in block warmup,,,,,,,285.912958,duckdb,100000000,groupby,6,30,local_parquet_to_batches,1099.199,,1600.0,1.0,,measurement,246169600.0
,,197996556,row-count; full checksum in block warmup,,,,,,,15413.476042,duckdb,1000000000,filter_project,6,26,local_parquet_to_batches,23813.94,,4751917344.0,792.0,,measurement,1433796608.0
,,197996556,row-count; full checksum in block warmup,,,,,,,15424.361875,duckdb,1000000000,filter_project,6,27,local_parquet_to_batches,23982.526,,4751917344.0,792.0,,measurement,1433796608.0
,,197996556,row-count; full checksum in block warmup,,,,,,,15397.863125,duckdb,1000000000,filter_project,6,28,local_parquet_to_batches,23837.824,,4751917344.0,792.0,,measurement,1433796608.0
,,197996556,row-count; full checksum in block warmup,,,,,,,15292.612584,duckdb,1000000000,filter_project,6,29,local_parquet_to_batches,23700.542,,4751917344.0,792.0,,measurement,1433796608.0
,,197996556,row-count; full checksum in block warmup,,,,,,,15262.949791,duckdb,1000000000,filter_project,6,30,local_parquet_to_batches,23568.414,,4751917344.0,792.0,,measurement,1433796608.0
,,100000,row-count; full checksum in block warmup,,,,,,,3.658083,duckdb,100000,clean_derive,6,26,local_parquet_to_batches,3.732,,1600000.0,1.0,,measurement,138772480.0
,,100000,row-count; full checksum in block warmup,,,,,,,3.204959,duckdb,100000,clean_derive,6,27,local_parquet_to_batches,3.272,,1600000.0,1.0,,measurement,138821632.0
,,100000,row-count; full checksum in block warmup,,,,,,,3.377583,duckdb,100000,clean_derive,6,28,local_parquet_to_batches,3.448,,1600000.0,1.0,,measurement,138821632.0
,,100000,row-count; full checksum in block warmup,,,,,,,3.27375,duckdb,100000,clean_derive,6,29,local_parquet_to_batches,3.344,,1600000.0,1.0,,measurement,138821632.0
,,100000,row-count; full checksum in block warmup,,,,,,,3.353084,duckdb,100000,clean_derive,6,30,local_parquet_to_batches,3.42,,1600000.0,1.0,,measurement,138821632.0
,,10000000,row-count; full checksum in block warmup,,,,,,,232.956875,duckdb,10000000,clean_derive,6,26,local_parquet_to_batches,239.799,,160000000.0,40.0,,measurement,174784512.0
,,10000000,row-count; full checksum in block warmup,,,,,,,233.959666,duckdb,10000000,clean_derive,6,27,local_parquet_to_batches,240.775,,160000000.0,40.0,,measurement,174850048.0
,,10000000,row-count; full checksum in block warmup,,,,,,,232.854375,duckdb,10000000,clean_derive,6,28,local_parquet_to_batches,239.718,,160000000.0,40.0,,measurement,174882816.0
,,10000000,row-count; full checksum in block warmup,,,,,,,234.477,duckdb,10000000,clean_derive,6,29,local_parquet_to_batches,241.263,,160000000.0,40.0,,measurement,174899200.0
,,10000000,row-count; full checksum in block warmup,,,,,,,236.116625,duckdb,10000000,clean_derive,6,30,local_parquet_to_batches,242.901,,160000000.0,40.0,,measurement,182927360.0
,,1000000000,row-count; full checksum in block warmup,,,,,,,23904.5075,duckdb,1000000000,clean_derive,6,26,local_parquet_to_batches,24273.79,,16000000000.0,4000.0,,measurement,1402978304.0
,,1000000000,row-count; full checksum in block warmup,,,,,,,24078.211583,duckdb,1000000000,clean_derive,6,27,local_parquet_to_batches,24443.168,,16000000000.0,4000.0,,measurement,1403797504.0
,,1000000000,row-count; full checksum in block warmup,,,,,,,24662.874541,duckdb,1000000000,clean_derive,6,28,local_parquet_to_batches,25041.799,,16000000000.0,4000.0,,measurement,1404387328.0
,,1000000000,row-count; full checksum in block warmup,,,,,,,24297.877375,duckdb,1000000000,clean_derive,6,29,local_parquet_to_batches,24663.887,,16000000000.0,4000.0,,measurement,1408663552.0
,,1000000000,row-count; full checksum in block warmup,,,,,,,24318.137083,duckdb,1000000000,clean_derive,6,30,local_parquet_to_batches,24678.638,,16000000000.0,4000.0,,measurement,1413185536.0
,,50,row-count; full checksum in block warmup,,,,,,,21027.237458,pandas,1000000000,groupby,6,26,local_parquet_to_batches,28705.582,1577.1744039999915,1600.0,1.0,,measurement,9318006784.0
,,50,row-count; full checksum in block warmup,,,,,,,20409.151541,pandas,1000000000,groupby,6,27,local_parquet_to_batches,27921.006,1476.4427740000021,1600.0,1.0,,measurement,9543892992.0
,,50,row-count; full checksum in block warmup,,,,,,,19809.027042,pandas,1000000000,groupby,6,28,local_parquet_to_batches,27258.965,1386.0367940000037,1600.0,1.0,,measurement,9811460096.0
,,50,row-count; full checksum in block warmup,,,,,,,21092.861125,pandas,1000000000,groupby,6,29,local_parquet_to_batches,28614.857,1606.0087629999937,1600.0,1.0,,measurement,10070163456.0
,,50,row-count; full checksum in block warmup,,,,,,,20769.958041,pandas,1000000000,groupby,6,30,local_parquet_to_batches,28274.376,1539.9227039999937,1600.0,1.0,,measurement,10087579648.0
,,50,row-count; full checksum in block warmup,,,,,,,195.045875,pandas,10000000,groupby,6,26,local_parquet_to_batches,268.759,14.390333000000004,1600.0,1.0,,measurement,495550464.0
,,50,row-count; full checksum in block warmup,,,,,,,197.494917,pandas,10000000,groupby,6,27,local_parquet_to_batches,270.376,14.438251999999988,1600.0,1.0,,measurement,502120448.0
,,50,row-count; full checksum in block warmup,,,,,,,204.9365,pandas,10000000,groupby,6,28,local_parquet_to_batches,277.251,15.590753000000001,1600.0,1.0,,measurement,503152640.0
,,50,row-count; full checksum in block warmup,,,,,,,199.108417,pandas,10000000,groupby,6,29,local_parquet_to_batches,271.42,14.565953999999993,1600.0,1.0,,measurement,504774656.0
,,50,row-count; full checksum in block warmup,,,,,,,198.533167,pandas,10000000,groupby,6,30,local_parquet_to_batches,271.032,15.054077000000001,1600.0,1.0,,measurement,506839040.0
,,50,row-count; full checksum in block warmup,,,,,,,4.381666,pandas,100000,groupby,6,26,local_parquet_to_batches,4.815,1.900792,1600.0,1.0,,measurement,139837440.0
,,50,row-count; full checksum in block warmup,,,,,,,3.300333,pandas,100000,groupby,6,27,local_parquet_to_batches,3.691,1.3010000000000002,1600.0,1.0,,measurement,140034048.0
,,50,row-count; full checksum in block warmup,,,,,,,3.657042,pandas,100000,groupby,6,28,local_parquet_to_batches,4.003,1.223416,1600.0,1.0,,measurement,140034048.0
,,50,row-count; full checksum in block warmup,,,,,,,4.140916,pandas,100000,groupby,6,29,local_parquet_to_batches,4.451,1.914459,1600.0,1.0,,measurement,140066816.0
,,50,row-count; full checksum in block warmup,,,,,,,3.382792,pandas,100000,groupby,6,30,local_parquet_to_batches,3.751,1.208917,1600.0,1.0,,measurement,140066816.0
,,100000000,row-count; full checksum in block warmup,,,,,,,986.643,pandas,100000000,clean_derive,6,26,local_parquet_to_batches,2329.28,332.1458739999999,1600000000.0,1000.0,,measurement,2919481344.0
,,100000000,row-count; full checksum in block warmup,,,,,,,1018.051041,pandas,100000000,clean_derive,6,27,local_parquet_to_batches,2370.979,337.246369,1600000000.0,1000.0,,measurement,3419537408.0
,,100000000,row-count; full checksum in block warmup,,,,,,,1009.351959,pandas,100000000,clean_derive,6,28,local_parquet_to_batches,2329.506,340.404138,1600000000.0,1000.0,,measurement,3447275520.0
,,100000000,row-count; full checksum in block warmup,,,,,,,975.442417,pandas,100000000,clean_derive,6,29,local_parquet_to_batches,2295.008,331.4885359999999,1600000000.0,1000.0,,measurement,3457499136.0
,,100000000,row-count; full checksum in block warmup,,,,,,,977.914542,pandas,100000000,clean_derive,6,30,local_parquet_to_batches,2299.659,328.8630710000002,1600000000.0,1000.0,,measurement,3541319680.0
,,200,row-count; full checksum in block warmup,,,,,,,8.45125,pandas,100000,join_groupby,6,26,local_parquet_to_batches,9.287,2.274333,6400.0,1.0,,measurement,151404544.0
,,200,row-count; full checksum in block warmup,,,,,,,8.219542,pandas,100000,join_groupby,6,27,local_parquet_to_batches,9.03,2.257583,6400.0,1.0,,measurement,151584768.0
,,200,row-count; full checksum in block warmup,,,,,,,7.980333,pandas,100000,join_groupby,6,28,local_parquet_to_batches,8.753,2.199668,6400.0,1.0,,measurement,151601152.0
,,200,row-count; full checksum in block warmup,,,,,,,8.004834,pandas,100000,join_groupby,6,29,local_parquet_to_batches,8.755,2.0943330000000002,6400.0,1.0,,measurement,151601152.0
,,200,row-count; full checksum in block warmup,,,,,,,8.160833,pandas,100000,join_groupby,6,30,local_parquet_to_batches,8.937,2.2593739999999998,6400.0,1.0,,measurement,151650304.0
,,1000000000,row-count; full checksum in block warmup,,,,,,,11748.94575,pandas,1000000000,clean_derive,6,26,local_parquet_to_batches,28050.166,3835.7010819999855,16000000000.0,10000.0,,measurement,16048832512.0
,,1000000000,row-count; full checksum in block warmup,,,,,,,10985.151625,pandas,1000000000,clean_derive,6,27,local_parquet_to_batches,25452.152,3800.497948000002,16000000000.0,10000.0,,measurement,16566042624.0
,,1000000000,row-count; full checksum in block warmup,,,,,,,9851.235708,pandas,1000000000,clean_derive,6,28,local_parquet_to_batches,23414.418,3509.639476000008,16000000000.0,10000.0,,measurement,16867426304.0
,,1000000000,row-count; full checksum in block warmup,,,,,,,10049.382458,pandas,1000000000,clean_derive,6,29,local_parquet_to_batches,23686.171,3575.2270539999936,16000000000.0,10000.0,,measurement,17035345920.0
,,1000000000,row-count; full checksum in block warmup,,,,,,,10112.901209,pandas,1000000000,clean_derive,6,30,local_parquet_to_batches,23665.203,3587.717537999998,16000000000.0,10000.0,,measurement,17086365696.0
,,1000000,row-count; full checksum in block warmup,,,,,,,11.507,pandas,1000000,clean_derive,6,26,local_parquet_to_batches,24.946,4.825624,16000000.0,10.0,,measurement,200146944.0
,,1000000,row-count; full checksum in block warmup,,,,,,,10.554792,pandas,1000000,clean_derive,6,27,local_parquet_to_batches,24.06,4.241792,16000000.0,10.0,,measurement,200245248.0
,,1000000,row-count; full checksum in block warmup,,,,,,,10.7845,pandas,1000000,clean_derive,6,28,local_parquet_to_batches,24.041,4.489666,16000000.0,10.0,,measurement,200343552.0
,,1000000,row-count; full checksum in block warmup,,,,,,,10.525917,pandas,1000000,clean_derive,6,29,local_parquet_to_batches,23.859,4.202667,16000000.0,10.0,,measurement,201572352.0
,,1000000,row-count; full checksum in block warmup,,,,,,,10.680542,pandas,1000000,clean_derive,6,30,local_parquet_to_batches,23.174,4.480832,16000000.0,10.0,,measurement,205799424.0
,,19798586,row-count; full checksum in block warmup,,,,,,,709.255916,pandas,100000000,filter_project,6,26,local_parquet_to_batches,2420.014,305.918917,475166064.0,1000.0,,measurement,2150105088.0
,,19798586,row-count; full checksum in block warmup,,,,,,,702.542834,pandas,100000000,filter_project,6,27,local_parquet_to_batches,2390.657,307.3583599999996,475166064.0,1000.0,,measurement,2154921984.0
,,19798586,row-count; full checksum in block warmup,,,,,,,711.822541,pandas,100000000,filter_project,6,28,local_parquet_to_batches,2412.133,309.7609109999998,475166064.0,1000.0,,measurement,2211790848.0
,,19798586,row-count; full checksum in block warmup,,,,,,,709.807375,pandas,100000000,filter_project,6,29,local_parquet_to_batches,2411.267,307.6961370000006,475166064.0,1000.0,,measurement,2489810944.0
,,19798586,row-count; full checksum in block warmup,,,,,,,708.15025,pandas,100000000,filter_project,6,30,local_parquet_to_batches,2402.655,306.6113440000008,475166064.0,1000.0,,measurement,2518253568.0
,,197996556,row-count; full checksum in block warmup,,,,,,,7120.464917,pandas,1000000000,filter_project,6,26,local_parquet_to_batches,24788.189,3029.5781370000004,4751917344.0,10000.0,,measurement,16720871424.0
,,197996556,row-count; full checksum in block warmup,,,,,,,7038.874959,pandas,1000000000,filter_project,6,27,local_parquet_to_batches,24830.989,2910.0946869999952,4751917344.0,10000.0,,measurement,16720887808.0
,,197996556,row-count; full checksum in block warmup,,,,,,,7927.971792,pandas,1000000000,filter_project,6,28,local_parquet_to_batches,26752.642,3089.3072020000072,4751917344.0,10000.0,,measurement,16720887808.0
,,197996556,row-count; full checksum in block warmup,,,,,,,8227.617542,pandas,1000000000,filter_project,6,29,local_parquet_to_batches,26559.769,3477.571371000006,4751917344.0,10000.0,,measurement,17419894784.0
,,197996556,row-count; full checksum in block warmup,,,,,,,9069.804583,pandas,1000000000,filter_project,6,30,local_parquet_to_batches,28505.405,3672.1150240000115,4751917344.0,10000.0,,measurement,17491836928.0
,,1980090,row-count; full checksum in block warmup,,,,,,,91.342542,pandas,10000000,filter_project,6,26,local_parquet_to_batches,274.393,34.338423000000006,47522160.0,100.0,,measurement,343097344.0
,,1980090,row-count; full checksum in block warmup,,,,,,,76.975916,pandas,10000000,filter_project,6,27,local_parquet_to_batches,251.869,32.65570699999999,47522160.0,100.0,,measurement,350928896.0
,,1980090,row-count; full checksum in block warmup,,,,,,,75.779916,pandas,10000000,filter_project,6,28,local_parquet_to_batches,248.526,32.67349699999999,47522160.0,100.0,,measurement,354107392.0
,,1980090,row-count; full checksum in block warmup,,,,,,,74.515667,pandas,10000000,filter_project,6,29,local_parquet_to_batches,251.219,30.78462900000001,47522160.0,100.0,,measurement,354844672.0
,,1980090,row-count; full checksum in block warmup,,,,,,,74.508041,pandas,10000000,filter_project,6,30,local_parquet_to_batches,251.087,30.651919999999986,47522160.0,100.0,,measurement,355024896.0
,,200,row-count; full checksum in block warmup,,,,,,,644.04225,pandas,10000000,join_groupby,6,26,local_parquet_to_batches,743.877,25.415708999999996,6400.0,1.0,,measurement,548667392.0
,,200,row-count; full checksum in block warmup,,,,,,,636.163417,pandas,10000000,join_groupby,6,27,local_parquet_to_batches,735.533,24.253334000000006,6400.0,1.0,,measurement,568721408.0
,,200,row-count; full checksum in block warmup,,,,,,,626.690208,pandas,10000000,join_groupby,6,28,local_parquet_to_batches,725.405,23.68828999999999,6400.0,1.0,,measurement,572375040.0
,,200,row-count; full checksum in block warmup,,,,,,,633.454916,pandas,10000000,join_groupby,6,29,local_parquet_to_batches,733.763,23.954250000000005,6400.0,1.0,,measurement,581615616.0
,,200,row-count; full checksum in block warmup,,,,,,,631.25,pandas,10000000,join_groupby,6,30,local_parquet_to_batches,730.715,24.124290000000006,6400.0,1.0,,measurement,583417856.0
,,19886,row-count; full checksum in block warmup,,,,,,,2.806833,pandas,100000,filter_project,6,26,local_parquet_to_batches,3.566,2.091292,477264.0,1.0,,measurement,138100736.0
,,19886,row-count; full checksum in block warmup,,,,,,,2.714167,pandas,100000,filter_project,6,27,local_parquet_to_batches,3.483,1.9272490000000002,477264.0,1.0,,measurement,138346496.0
,,19886,row-count; full checksum in block warmup,,,,,,,2.634041,pandas,100000,filter_project,6,28,local_parquet_to_batches,3.385,1.9808729999999999,477264.0,1.0,,measurement,138346496.0
,,19886,row-count; full checksum in block warmup,,,,,,,2.751208,pandas,100000,filter_project,6,29,local_parquet_to_batches,3.512,2.107875,477264.0,1.0,,measurement,138395648.0
,,19886,row-count; full checksum in block warmup,,,,,,,2.527583,pandas,100000,filter_project,6,30,local_parquet_to_batches,3.266,1.891749,477264.0,1.0,,measurement,138395648.0
,,10000000,row-count; full checksum in block warmup,,,,,,,98.803334,pandas,10000000,clean_derive,6,26,local_parquet_to_batches,228.357,34.183624,160000000.0,100.0,,measurement,599031808.0
,,10000000,row-count; full checksum in block warmup,,,,,,,93.843334,pandas,10000000,clean_derive,6,27,local_parquet_to_batches,220.567,33.502455000000005,160000000.0,100.0,,measurement,619085824.0
,,10000000,row-count; full checksum in block warmup,,,,,,,107.659208,pandas,10000000,clean_derive,6,28,local_parquet_to_batches,238.441,36.24391500000002,160000000.0,100.0,,measurement,623771648.0
,,10000000,row-count; full checksum in block warmup,,,,,,,98.634625,pandas,10000000,clean_derive,6,29,local_parquet_to_batches,230.244,33.58162399999999,160000000.0,100.0,,measurement,626245632.0
,,10000000,row-count; full checksum in block warmup,,,,,,,97.804917,pandas,10000000,clean_derive,6,30,local_parquet_to_batches,229.312,33.002334,160000000.0,100.0,,measurement,698122240.0
,,200,row-count; full checksum in block warmup,,,,,,,69.860542,pandas,1000000,join_groupby,6,26,local_parquet_to_batches,79.02,5.299709,6400.0,1.0,,measurement,211042304.0
,,200,row-count; full checksum in block warmup,,,,,,,64.993875,pandas,1000000,join_groupby,6,27,local_parquet_to_batches,74.627,4.527709,6400.0,1.0,,measurement,212910080.0
,,200,row-count; full checksum in block warmup,,,,,,,67.107792,pandas,1000000,join_groupby,6,28,local_parquet_to_batches,77.243,4.661249,6400.0,1.0,,measurement,213106688.0
,,200,row-count; full checksum in block warmup,,,,,,,61.476375,pandas,1000000,join_groupby,6,29,local_parquet_to_batches,70.982,4.317038999999999,6400.0,1.0,,measurement,213549056.0
,,200,row-count; full checksum in block warmup,,,,,,,59.379,pandas,1000000,join_groupby,6,30,local_parquet_to_batches,68.598,3.9026240000000003,6400.0,1.0,,measurement,213598208.0
,,50,row-count; full checksum in block warmup,,,,,,,21.264875,pandas,1000000,groupby,6,26,local_parquet_to_batches,28.328,2.4619600000000004,1600.0,1.0,,measurement,179863552.0
,,50,row-count; full checksum in block warmup,,,,,,,20.852,pandas,1000000,groupby,6,27,local_parquet_to_batches,27.508,2.611543,1600.0,1.0,,measurement,181075968.0
,,50,row-count; full checksum in block warmup,,,,,,,20.156459,pandas,1000000,groupby,6,28,local_parquet_to_batches,27.083,2.302378,1600.0,1.0,,measurement,182419456.0
,,50,row-count; full checksum in block warmup,,,,,,,20.138375,pandas,1000000,groupby,6,29,local_parquet_to_batches,26.823,2.186583,1600.0,1.0,,measurement,182435840.0
,,50,row-count; full checksum in block warmup,,,,,,,20.212,pandas,1000000,groupby,6,30,local_parquet_to_batches,26.989,2.4093739999999997,1600.0,1.0,,measurement,182435840.0
,,100000,row-count; full checksum in block warmup,,,,,,,2.178791,pandas,100000,clean_derive,6,26,local_parquet_to_batches,3.173,1.324958,1600000.0,1.0,,measurement,144130048.0
,,100000,row-count; full checksum in block warmup,,,,,,,2.023125,pandas,100000,clean_derive,6,27,local_parquet_to_batches,2.895,1.190791,1600000.0,1.0,,measurement,144228352.0
,,100000,row-count; full checksum in block warmup,,,,,,,2.075166,pandas,100000,clean_derive,6,28,local_parquet_to_batches,2.974,1.24925,1600000.0,1.0,,measurement,144228352.0
,,100000,row-count; full checksum in block warmup,,,,,,,1.969083,pandas,100000,clean_derive,6,29,local_parquet_to_batches,2.844,1.1959170000000001,1600000.0,1.0,,measurement,144228352.0
,,100000,row-count; full checksum in block warmup,,,,,,,2.025917,pandas,100000,clean_derive,6,30,local_parquet_to_batches,2.937,1.20475,1600000.0,1.0,,measurement,144228352.0
,,50,row-count; full checksum in block warmup,,,,,,,1871.271084,pandas,100000000,groupby,6,26,local_parquet_to_batches,2623.136,113.116379,1600.0,1.0,,measurement,2759311360.0
,,50,row-count; full checksum in block warmup,,,,,,,1871.664333,pandas,100000000,groupby,6,27,local_parquet_to_batches,2584.32,113.45051300000017,1600.0,1.0,,measurement,2841018368.0
,,50,row-count; full checksum in block warmup,,,,,,,1882.486417,pandas,100000000,groupby,6,28,local_parquet_to_batches,2613.252,114.8260360000001,1600.0,1.0,,measurement,3081519104.0
,,50,row-count; full checksum in block warmup,,,,,,,1855.27125,pandas,100000000,groupby,6,29,local_parquet_to_batches,2562.623,111.68798400000003,1600.0,1.0,,measurement,3173040128.0
,,50,row-count; full checksum in block warmup,,,,,,,1864.922458,pandas,100000000,groupby,6,30,local_parquet_to_batches,2568.052,113.74882400000007,1600.0,1.0,,measurement,3185295360.0
,,198279,row-count; full checksum in block warmup,,,,,,,9.227667,pandas,1000000,filter_project,6,26,local_parquet_to_batches,26.58,4.534291,4758696.0,10.0,,measurement,181501952.0
,,198279,row-count; full checksum in block warmup,,,,,,,8.723,pandas,1000000,filter_project,6,27,local_parquet_to_batches,25.186,4.267333,4758696.0,10.0,,measurement,182370304.0
,,198279,row-count; full checksum in block warmup,,,,,,,8.991916,pandas,1000000,filter_project,6,28,local_parquet_to_batches,25.031,4.478999000000001,4758696.0,10.0,,measurement,182403072.0
,,198279,row-count; full checksum in block warmup,,,,,,,8.4565,pandas,1000000,filter_project,6,29,local_parquet_to_batches,24.691,4.1305830000000014,4758696.0,10.0,,measurement,182435840.0
,,198279,row-count; full checksum in block warmup,,,,,,,8.490708,pandas,1000000,filter_project,6,30,local_parquet_to_batches,24.665,4.203916,4758696.0,10.0,,measurement,182468608.0
,,200,row-count; full checksum in block warmup,,,,,,,6286.331875,pandas,100000000,join_groupby,6,26,local_parquet_to_batches,7334.159,213.62250400000016,6400.0,1.0,,measurement,2721710080.0
,,200,row-count; full checksum in block warmup,,,,,,,6260.668375,pandas,100000000,join_groupby,6,27,local_parquet_to_batches,7253.02,211.57478799999993,6400.0,1.0,,measurement,2787966976.0
,,200,row-count; full checksum in block warmup,,,,,,,6239.375292,pandas,100000000,join_groupby,6,28,local_parquet_to_batches,7235.399,211.6444959999998,6400.0,1.0,,measurement,2976890880.0
,,200,row-count; full checksum in block warmup,,,,,,,6197.335542,pandas,100000000,join_groupby,6,29,local_parquet_to_batches,7200.712,207.01445199999998,6400.0,1.0,,measurement,2996338688.0
,,200,row-count; full checksum in block warmup,,,,,,,6211.683208,pandas,100000000,join_groupby,6,30,local_parquet_to_batches,7212.198,208.1328740000001,6400.0,1.0,,measurement,3081371648.0
,,200,row-count; full checksum in block warmup,,,,,,,62094.456416,pandas,1000000000,join_groupby,6,26,local_parquet_to_batches,73011.441,2067.0705699999976,6400.0,1.0,,measurement,13209305088.0
,,200,row-count; full checksum in block warmup,,,,,,,61643.913,pandas,1000000000,join_groupby,6,27,local_parquet_to_batches,72053.596,2050.4838119999927,6400.0,1.0,,measurement,13366558720.0
,,200,row-count; full checksum in block warmup,,,,,,,62301.316792,pandas,1000000000,join_groupby,6,28,local_parquet_to_batches,72934.337,2101.187615000005,6400.0,1.0,,measurement,13366558720.0
,,200,row-count; full checksum in block warmup,,,,,,,58437.67875,pandas,1000000000,join_groupby,6,29,local_parquet_to_batches,68733.942,1696.6387269999975,6400.0,1.0,,measurement,13506707456.0
,,200,row-count; full checksum in block warmup,,,,,,,56700.545959,pandas,1000000000,join_groupby,6,30,local_parquet_to_batches,66847.83,1584.7466559999978,6400.0,1.0,,measurement,13612941312.0
01c6f38f-0001-fcf8-0001-9ade000c0702,329.231667,200,row-count; full checksum query before block,294.0,213.0,81.0,0.0,0.0,7865856.0,294.0,snowflake_xsmall,1000000,join_groupby,6,26,platform_query,,,,,,,
01c6f38f-0001-ff62-0001-9ade000c500e,156.560041,200,row-count; full checksum query before block,115.0,45.0,70.0,0.0,0.0,7865856.0,115.0,snowflake_xsmall,1000000,join_groupby,6,27,platform_query,,,,,,,
01c6f38f-0001-fcf9-0001-9ade000c3b02,514.815375,200,row-count; full checksum query before block,467.0,382.0,85.0,0.0,0.0,7865856.0,467.0,snowflake_xsmall,1000000,join_groupby,6,28,platform_query,,,,,,,
01c6f38f-0001-fcf8-0001-9ade000c0706,228.568916,200,row-count; full checksum query before block,122.0,45.0,77.0,0.0,0.0,7865856.0,122.0,snowflake_xsmall,1000000,join_groupby,6,29,platform_query,,,,,,,
01c6f38f-0001-fcf8-0001-9ade000c070a,149.744042,200,row-count; full checksum query before block,114.0,43.0,71.0,0.0,0.0,7865856.0,114.0,snowflake_xsmall,1000000,join_groupby,6,30,platform_query,,,,,,,
01c6f38f-0001-ff62-0001-9ade000c5016,524.039375,1980090,row-count; full checksum query before block,424.0,161.0,263.0,0.0,0.0,76683776.0,424.0,snowflake_xsmall,10000000,filter_project,6,26,platform_query,,,,,,,
01c6f38f-0001-fcf9-0001-9ade000c3b06,379.287708,1980090,row-count; full checksum query before block,303.0,37.0,266.0,0.0,0.0,76683776.0,303.0,snowflake_xsmall,10000000,filter_project,6,27,platform_query,,,,,,,
01c6f38f-0001-fe0c-0001-9ade000c430e,378.491875,1980090,row-count; full checksum query before block,262.0,30.0,232.0,0.0,0.0,76683776.0,262.0,snowflake_xsmall,10000000,filter_project,6,28,platform_query,,,,,,,
01c6f38f-0001-ff62-0001-9ade000c501a,365.774042,1980090,row-count; full checksum query before block,300.0,40.0,260.0,0.0,0.0,76683776.0,300.0,snowflake_xsmall,10000000,filter_project,6,29,platform_query,,,,,,,
01c6f38f-0001-fcf8-0001-9ade000c0712,372.15475,1980090,row-count; full checksum query before block,298.0,37.0,261.0,0.0,0.0,76683776.0,298.0,snowflake_xsmall,10000000,filter_project,6,30,platform_query,,,,,,,
01c6f38f-0001-fe0c-0001-9ade000c4316,115.324459,50,row-count; full checksum query before block,91.0,73.0,18.0,0.0,0.0,973312.0,91.0,snowflake_xsmall,100000,groupby,6,26,platform_query,,,,,,,
01c6f38f-0001-fe0c-0001-9ade000c431a,94.683042,50,row-count; full checksum query before block,47.0,29.0,18.0,0.0,0.0,973312.0,47.0,snowflake_xsmall,100000,groupby,6,27,platform_query,,,,,,,
01c6f38f-0001-fcf9-0001-9ade000c3b12,74.074667,50,row-count; full checksum query before block,48.0,30.0,18.0,0.0,0.0,973312.0,48.0,snowflake_xsmall,100000,groupby,6,28,platform_query,,,,,,,
01c6f38f-0001-ff62-0001-9ade000c501e,242.329208,50,row-count; full checksum query before block,216.0,199.0,17.0,0.0,0.0,973312.0,216.0,snowflake_xsmall,100000,groupby,6,29,platform_query,,,,,,,
01c6f38f-0001-fcf8-0001-9ade000c0716,81.209166,50,row-count; full checksum query before block,54.0,33.0,21.0,0.0,0.0,973312.0,54.0,snowflake_xsmall,100000,groupby,6,30,platform_query,,,,,,,
01c6f38f-0001-fcf9-0001-9ade000c3b1a,718.370292,10000000,row-count; full checksum query before block,609.0,30.0,579.0,0.0,0.0,76683776.0,609.0,snowflake_xsmall,10000000,clean_derive,6,26,platform_query,,,,,,,
01c6f38f-0001-ff62-0001-9ade000c5022,774.068833,10000000,row-count; full checksum query before block,617.0,45.0,572.0,0.0,0.0,76683776.0,617.0,snowflake_xsmall,10000000,clean_derive,6,27,platform_query,,,,,,,
01c6f38f-0001-fe0c-0001-9ade000c4322,737.865541,10000000,row-count; full checksum query before block,676.0,33.0,643.0,0.0,0.0,76683776.0,676.0,snowflake_xsmall,10000000,clean_derive,6,28,platform_query,,,,,,,
01c6f38f-0001-fcf8-0001-9ade000c071e,714.982917,10000000,row-count; full checksum query before block,637.0,47.0,590.0,0.0,0.0,76683776.0,637.0,snowflake_xsmall,10000000,clean_derive,6,29,platform_query,,,,,,,
01c6f38f-0001-fe0c-0001-9ade000c4326,670.318,10000000,row-count; full checksum query before block,606.0,33.0,573.0,0.0,0.0,76683776.0,606.0,snowflake_xsmall,10000000,clean_derive,6,30,platform_query,,,,,,,
01c6f38f-0001-fcf8-0001-9ade000c0726,2456.311292,50,row-count; full checksum query before block,2434.0,41.0,2393.0,0.0,0.0,7635108352.0,2434.0,snowflake_xsmall,1000000000,groupby,6,26,platform_query,,,,,,,
01c6f38f-0001-ff62-0001-9ade000c502e,2255.777875,50,row-count; full checksum query before block,2227.0,36.0,2191.0,0.0,0.0,7635108352.0,2227.0,snowflake_xsmall,1000000000,groupby,6,27,platform_query,,,,,,,
01c6f38f-0001-fe0c-0001-9ade000c432a,2314.007625,50,row-count; full checksum query before block,2284.0,37.0,2247.0,0.0,0.0,7635108352.0,2284.0,snowflake_xsmall,1000000000,groupby,6,28,platform_query,,,,,,,
01c6f38f-0001-ff62-0001-9ade000c5032,2366.029459,50,row-count; full checksum query before block,2339.0,35.0,2304.0,0.0,0.0,7635108352.0,2339.0,snowflake_xsmall,1000000000,groupby,6,29,platform_query,,,,,,,
01c6f38f-0001-ff62-0001-9ade000c5036,2392.967375,50,row-count; full checksum query before block,2363.0,41.0,2322.0,0.0,0.0,7635108352.0,2363.0,snowflake_xsmall,1000000000,groupby,6,30,platform_query,,,,,,,
01c6f38f-0001-fcf9-0001-9ade000c3b1e,386.0335,50,row-count; full checksum query before block,352.0,33.0,319.0,0.0,0.0,779216896.0,352.0,snowflake_xsmall,100000000,groupby,6,26,platform_query,,,,,,,
01c6f38f-0001-fcf8-0001-9ade000c072e,352.685292,50,row-count; full checksum query before block,325.0,37.0,288.0,0.0,0.0,779216896.0,325.0,snowflake_xsmall,100000000,groupby,6,27,platform_query,,,,,,,
01c6f38f-0001-fcf9-0001-9ade000c3b22,460.408875,50,row-count; full checksum query before block,360.0,37.0,323.0,0.0,0.0,779216896.0,360.0,snowflake_xsmall,100000000,groupby,6,28,platform_query,,,,,,,
01c6f38f-0001-fcf9-0001-9ade000c3b26,311.802292,50,row-count; full checksum query before block,287.0,33.0,254.0,0.0,0.0,779216896.0,287.0,snowflake_xsmall,100000000,groupby,6,29,platform_query,,,,,,,
01c6f38f-0001-fcf8-0001-9ade000c0732,380.157333,50,row-count; full checksum query before block,355.0,37.0,318.0,0.0,0.0,779216896.0,355.0,snowflake_xsmall,100000000,groupby,6,30,platform_query,,,,,,,
01c6f390-0001-fcf8-0001-9ade000c073e,125.661625,50,row-count; full checksum query before block,101.0,45.0,56.0,0.0,0.0,76683776.0,101.0,snowflake_xsmall,10000000,groupby,6,26,platform_query,,,,,,,
01c6f390-0001-fcf8-0001-9ade000c0742,180.078666,50,row-count; full checksum query before block,85.0,34.0,51.0,0.0,0.0,76683776.0,85.0,snowflake_xsmall,10000000,groupby,6,27,platform_query,,,,,,,
01c6f390-0001-fcf9-0001-9ade000c3b2e,171.283166,50,row-count; full checksum query before block,115.0,52.0,63.0,0.0,0.0,76683776.0,115.0,snowflake_xsmall,10000000,groupby,6,28,platform_query,,,,,,,
01c6f390-0001-fe0c-0001-9ade000c432e,133.909042,50,row-count; full checksum query before block,102.0,38.0,64.0,0.0,0.0,76683776.0,102.0,snowflake_xsmall,10000000,groupby,6,29,platform_query,,,,,,,
01c6f390-0001-fcf9-0001-9ade000c3b32,134.484333,50,row-count; full checksum query before block,99.0,34.0,65.0,0.0,0.0,76683776.0,99.0,snowflake_xsmall,10000000,groupby,6,30,platform_query,,,,,,,
01c6f390-0001-ff62-0001-9ade000c5042,495.827666,1000000,row-count; full checksum query before block,427.0,33.0,394.0,0.0,0.0,7627264.0,427.0,snowflake_xsmall,1000000,clean_derive,6,26,platform_query,,,,,,,
01c6f390-0001-fcf8-0001-9ade000c0746,512.912208,1000000,row-count; full checksum query before block,430.0,31.0,399.0,0.0,0.0,7627264.0,430.0,snowflake_xsmall,1000000,clean_derive,6,27,platform_query,,,,,,,
01c6f390-0001-fcf9-0001-9ade000c3b3a,514.777542,1000000,row-count; full checksum query before block,438.0,34.0,404.0,0.0,0.0,7627264.0,438.0,snowflake_xsmall,1000000,clean_derive,6,28,platform_query,,,,,,,
01c6f390-0001-fcf8-0001-9ade000c074a,526.033917,1000000,row-count; full checksum query before block,423.0,32.0,391.0,0.0,0.0,7627264.0,423.0,snowflake_xsmall,1000000,clean_derive,6,29,platform_query,,,,,,,
01c6f390-0001-ff62-0001-9ade000c5046,521.599958,1000000,row-count; full checksum query before block,448.0,31.0,417.0,0.0,0.0,7627264.0,448.0,snowflake_xsmall,1000000,clean_derive,6,30,platform_query,,,,,,,
01c6f390-0001-fe0c-0001-9ade000c433e,174.188125,200,row-count; full checksum query before block,137.0,40.0,97.0,0.0,0.0,76922368.0,137.0,snowflake_xsmall,10000000,join_groupby,6,26,platform_query,,,,,,,
01c6f390-0001-fe0c-0001-9ade000c4342,173.771042,200,row-count; full checksum query before block,136.0,42.0,94.0,0.0,0.0,76922368.0,136.0,snowflake_xsmall,10000000,join_groupby,6,27,platform_query,,,,,,,
01c6f390-0001-fcf9-0001-9ade000c3b3e,182.175458,200,row-count; full checksum query before block,138.0,48.0,90.0,0.0,0.0,76922368.0,138.0,snowflake_xsmall,10000000,join_groupby,6,28,platform_query,,,,,,,
01c6f390-0001-fcf8-0001-9ade000c074e,183.63825,200,row-count; full checksum query before block,141.0,48.0,93.0,0.0,0.0,76922368.0,141.0,snowflake_xsmall,10000000,join_groupby,6,29,platform_query,,,,,,,
01c6f390-0001-fcf9-0001-9ade000c3b42,172.382667,200,row-count; full checksum query before block,134.0,45.0,89.0,0.0,0.0,76922368.0,134.0,snowflake_xsmall,10000000,join_groupby,6,30,platform_query,,,,,,,
01c6f390-0001-fcf8-0001-9ade000c0752,272.01975,100000,row-count; full checksum query before block,213.0,35.0,178.0,0.0,0.0,973312.0,213.0,snowflake_xsmall,100000,clean_derive,6,26,platform_query,,,,,,,
01c6f390-0001-fcf9-0001-9ade000c3b46,300.570042,100000,row-count; full checksum query before block,223.0,41.0,182.0,0.0,0.0,973312.0,223.0,snowflake_xsmall,100000,clean_derive,6,27,platform_query,,,,,,,
01c6f390-0001-fcf8-0001-9ade000c0756,292.328625,100000,row-count; full checksum query before block,235.0,49.0,186.0,0.0,0.0,973312.0,235.0,snowflake_xsmall,100000,clean_derive,6,28,platform_query,,,,,,,
01c6f390-0001-ff62-0001-9ade000c5056,279.474833,100000,row-count; full checksum query before block,209.0,33.0,176.0,0.0,0.0,973312.0,209.0,snowflake_xsmall,100000,clean_derive,6,29,platform_query,,,,,,,
01c6f390-0001-fcf8-0001-9ade000c075a,658.476167,100000,row-count; full checksum query before block,235.0,57.0,178.0,0.0,0.0,973312.0,235.0,snowflake_xsmall,100000,clean_derive,6,30,platform_query,,,,,,,
01c6f390-0001-fcf9-0001-9ade000c3b4a,195.652625,200,row-count; full checksum query before block,78.0,47.0,31.0,0.0,0.0,1211904.0,78.0,snowflake_xsmall,100000,join_groupby,6,26,platform_query,,,,,,,
01c6f390-0001-ff62-0001-9ade000c505a,124.591625,200,row-count; full checksum query before block,79.0,47.0,32.0,0.0,0.0,1211904.0,79.0,snowflake_xsmall,100000,join_groupby,6,27,platform_query,,,,,,,
01c6f390-0001-fcf9-0001-9ade000c3b4e,105.442875,200,row-count; full checksum query before block,70.0,40.0,30.0,0.0,0.0,1211904.0,70.0,snowflake_xsmall,100000,join_groupby,6,28,platform_query,,,,,,,
01c6f390-0001-ff62-0001-9ade000c505e,107.99375,200,row-count; full checksum query before block,69.0,39.0,30.0,0.0,0.0,1211904.0,69.0,snowflake_xsmall,100000,join_groupby,6,29,platform_query,,,,,,,
01c6f390-0001-fe0c-0001-9ade000c4352,186.192625,200,row-count; full checksum query before block,75.0,42.0,33.0,0.0,0.0,1211904.0,75.0,snowflake_xsmall,100000,join_groupby,6,30,platform_query,,,,,,,
01c6f390-0001-ff62-0001-9ade000c5062,1120.337583,19798586,row-count; full checksum query before block,1042.0,32.0,1010.0,0.0,0.0,779216896.0,1042.0,snowflake_xsmall,100000000,filter_project,6,26,platform_query,,,,,,,
01c6f390-0001-fe0c-0001-9ade000c4362,1088.871167,19798586,row-count; full checksum query before block,1009.0,35.0,974.0,0.0,0.0,779216896.0,1009.0,snowflake_xsmall,100000000,filter_project,6,27,platform_query,,,,,,,
01c6f390-0001-fcf9-0001-9ade000c3b52,1065.927208,19798586,row-count; full checksum query before block,1000.0,31.0,969.0,0.0,0.0,779216896.0,1000.0,snowflake_xsmall,100000000,filter_project,6,28,platform_query,,,,,,,
01c6f390-0001-fe0c-0001-9ade000c4366,1072.821,19798586,row-count; full checksum query before block,952.0,27.0,925.0,0.0,0.0,779216896.0,952.0,snowflake_xsmall,100000000,filter_project,6,29,platform_query,,,,,,,
01c6f390-0001-fe0c-0001-9ade000c436a,1127.703791,19798586,row-count; full checksum query before block,1034.0,57.0,977.0,0.0,0.0,779216896.0,1034.0,snowflake_xsmall,100000000,filter_project,6,30,platform_query,,,,,,,
01c6f390-0001-fcf8-0001-9ade000c0766,234.937125,19886,row-count; full checksum query before block,162.0,51.0,111.0,0.0,0.0,973312.0,162.0,snowflake_xsmall,100000,filter_project,6,26,platform_query,,,,,,,
01c6f390-0001-fcf8-0001-9ade000c076a,259.936833,19886,row-count; full checksum query before block,142.0,34.0,108.0,0.0,0.0,973312.0,142.0,snowflake_xsmall,100000,filter_project,6,27,platform_query,,,,,,,
01c6f390-0001-ff62-0001-9ade000c5066,210.621125,19886,row-count; full checksum query before block,147.0,41.0,106.0,0.0,0.0,973312.0,147.0,snowflake_xsmall,100000,filter_project,6,28,platform_query,,,,,,,
01c6f390-0001-fcf8-0001-9ade000c076e,196.911709,19886,row-count; full checksum query before block,136.0,34.0,102.0,0.0,0.0,973312.0,136.0,snowflake_xsmall,100000,filter_project,6,29,platform_query,,,,,,,
01c6f390-0001-fcf9-0001-9ade000c3b5a,208.851083,19886,row-count; full checksum query before block,144.0,38.0,106.0,0.0,0.0,973312.0,144.0,snowflake_xsmall,100000,filter_project,6,30,platform_query,,,,,,,
01c6f390-0001-ff62-0001-9ade000c506e,162.879541,50,row-count; full checksum query before block,62.0,31.0,31.0,0.0,0.0,7627264.0,62.0,snowflake_xsmall,1000000,groupby,6,26,platform_query,,,,,,,
01c6f390-0001-fe0c-0001-9ade000c437a,101.178291,50,row-count; full checksum query before block,77.0,43.0,34.0,0.0,0.0,7627264.0,77.0,snowflake_xsmall,1000000,groupby,6,27,platform_query,,,,,,,
01c6f390-0001-fe0c-0001-9ade000c437e,93.166875,50,row-count; full checksum query before block,69.0,38.0,31.0,0.0,0.0,7627264.0,69.0,snowflake_xsmall,1000000,groupby,6,28,platform_query,,,,,,,
01c6f390-0001-fcf8-0001-9ade000c0776,96.984042,50,row-count; full checksum query before block,72.0,36.0,36.0,0.0,0.0,7627264.0,72.0,snowflake_xsmall,1000000,groupby,6,29,platform_query,,,,,,,
01c6f390-0001-ff62-0001-9ade000c5072,590.764458,50,row-count; full checksum query before block,67.0,35.0,32.0,0.0,0.0,7627264.0,67.0,snowflake_xsmall,1000000,groupby,6,30,platform_query,,,,,,,
01c6f390-0001-fe0c-0001-9ade000c4386,6503.540875,197996556,row-count; full checksum query before block,6431.0,46.0,6385.0,0.0,0.0,7635108352.0,6431.0,snowflake_xsmall,1000000000,filter_project,6,26,platform_query,,,,,,,
01c6f390-0001-fcf8-0001-9ade000c077a,6612.847667,197996556,row-count; full checksum query before block,6481.0,52.0,6429.0,0.0,0.0,7635108352.0,6481.0,snowflake_xsmall,1000000000,filter_project,6,27,platform_query,,,,,,,
01c6f390-0001-ff62-0001-9ade000c5076,6627.414458,197996556,row-count; full checksum query before block,6476.0,52.0,6424.0,0.0,0.0,7635108352.0,6476.0,snowflake_xsmall,1000000000,filter_project,6,28,platform_query,,,,,,,
01c6f390-0001-fe0c-0001-9ade000c438a,6721.398084,197996556,row-count; full checksum query before block,6631.0,44.0,6587.0,0.0,0.0,7635108352.0,6631.0,snowflake_xsmall,1000000000,filter_project,6,29,platform_query,,,,,,,
01c6f391-0001-fe0c-0001-9ade000c438e,6589.998875,197996556,row-count; full checksum query before block,6479.0,43.0,6436.0,0.0,0.0,7635108352.0,6479.0,snowflake_xsmall,1000000000,filter_project,6,30,platform_query,,,,,,,
01c6f391-0001-fcf9-0001-9ade000c3b6a,732.668583,200,row-count; full checksum query before block,688.0,46.0,642.0,0.0,0.0,779455488.0,688.0,snowflake_xsmall,100000000,join_groupby,6,26,platform_query,,,,,,,
01c6f391-0001-fcf8-0001-9ade000c077e,1055.787667,200,row-count; full checksum query before block,695.0,64.0,631.0,0.0,0.0,779455488.0,695.0,snowflake_xsmall,100000000,join_groupby,6,27,platform_query,,,,,,,
01c6f391-0001-ff62-0001-9ade000c507e,818.976583,200,row-count; full checksum query before block,676.0,55.0,621.0,0.0,0.0,779455488.0,676.0,snowflake_xsmall,100000000,join_groupby,6,28,platform_query,,,,,,,
01c6f391-0001-fcf9-0001-9ade000c3b6e,732.680417,200,row-count; full checksum query before block,690.0,49.0,641.0,0.0,0.0,779455488.0,690.0,snowflake_xsmall,100000000,join_groupby,6,29,platform_query,,,,,,,
01c6f391-0001-fcf9-0001-9ade000c3b72,732.017375,200,row-count; full checksum query before block,691.0,48.0,643.0,0.0,0.0,779455488.0,691.0,snowflake_xsmall,100000000,join_groupby,6,30,platform_query,,,,,,,
01c6f391-0001-fe0c-0001-9ade000c439a,328.315958,198279,row-count; full checksum query before block,247.0,32.0,215.0,0.0,0.0,7627264.0,247.0,snowflake_xsmall,1000000,filter_project,6,26,platform_query,,,,,,,
01c6f391-0001-fcf9-0001-9ade000c3b76,377.66075,198279,row-count; full checksum query before block,285.0,42.0,243.0,0.0,0.0,7627264.0,285.0,snowflake_xsmall,1000000,filter_project,6,27,platform_query,,,,,,,
01c6f391-0001-fcf9-0001-9ade000c3b7a,314.823208,198279,row-count; full checksum query before block,234.0,30.0,204.0,0.0,0.0,7627264.0,234.0,snowflake_xsmall,1000000,filter_project,6,28,platform_query,,,,,,,
01c6f391-0001-fcf8-0001-9ade000c0782,400.820417,198279,row-count; full checksum query before block,257.0,45.0,212.0,0.0,0.0,7627264.0,257.0,snowflake_xsmall,1000000,filter_project,6,29,platform_query,,,,,,,
01c6f391-0001-fe0c-0001-9ade000c439e,351.287792,198279,row-count; full checksum query before block,283.0,63.0,220.0,0.0,0.0,7627264.0,283.0,snowflake_xsmall,1000000,filter_project,6,30,platform_query,,,,,,,
01c6f392-0001-fcf8-0001-9ade000c078a,34271.5815,1000000000,row-count; full checksum query before block,34159.0,58.0,34101.0,0.0,0.0,7635108352.0,34159.0,snowflake_xsmall,1000000000,clean_derive,6,26,platform_query,,,,,,,
01c6f392-0001-ff62-0001-9ade000c508a,34573.966792,1000000000,row-count; full checksum query before block,34364.0,73.0,34291.0,0.0,0.0,7635108352.0,34364.0,snowflake_xsmall,1000000000,clean_derive,6,27,platform_query,,,,,,,
01c6f393-0001-fe0c-0001-9ade000c43aa,34672.044208,1000000000,row-count; full checksum query before block,34420.0,76.0,34344.0,0.0,0.0,7635108352.0,34420.0,snowflake_xsmall,1000000000,clean_derive,6,28,platform_query,,,,,,,
01c6f393-0001-fcf9-0001-9ade000c3b7e,34828.366375,1000000000,row-count; full checksum query before block,34717.0,96.0,34621.0,0.0,0.0,7635108352.0,34717.0,snowflake_xsmall,1000000000,clean_derive,6,29,platform_query,,,,,,,
01c6f394-0001-fcf8-0001-9ade000c078e,34398.535542,1000000000,row-count; full checksum query before block,34185.0,86.0,34099.0,0.0,0.0,7635108352.0,34185.0,snowflake_xsmall,1000000000,clean_derive,6,30,platform_query,,,,,,,
01c6f395-0001-fe0c-0001-9ade000c43b2,5120.727875,200,row-count; full checksum query before block,5058.0,80.0,4978.0,0.0,0.0,7635346944.0,5058.0,snowflake_xsmall,1000000000,join_groupby,6,26,platform_query,,,,,,,
01c6f395-0001-fcf8-0001-9ade000c0796,5171.743083,200,row-count; full checksum query before block,5130.0,69.0,5061.0,0.0,0.0,7635346944.0,5130.0,snowflake_xsmall,1000000000,join_groupby,6,27,platform_query,,,,,,,
01c6f395-0001-fcf8-0001-9ade000c079a,5170.289541,200,row-count; full checksum query before block,5086.0,58.0,5028.0,0.0,0.0,7635346944.0,5086.0,snowflake_xsmall,1000000000,join_groupby,6,28,platform_query,,,,,,,
01c6f395-0001-fcf8-0001-9ade000c079e,5121.745625,200,row-count; full checksum query before block,5043.0,56.0,4987.0,0.0,0.0,7635346944.0,5043.0,snowflake_xsmall,1000000000,join_groupby,6,29,platform_query,,,,,,,
01c6f395-0001-ff62-0001-9ade000c5092,5118.599917,200,row-count; full checksum query before block,5031.0,65.0,4966.0,0.0,0.0,7635346944.0,5031.0,snowflake_xsmall,1000000000,join_groupby,6,30,platform_query,,,,,,,
01c6f395-0001-fcf9-0001-9ade000c3b82,4056.585458,100000000,row-count; full checksum query before block,3969.0,64.0,3905.0,0.0,0.0,779216896.0,3969.0,snowflake_xsmall,100000000,clean_derive,6,26,platform_query,,,,,,,
01c6f395-0001-ff62-0001-9ade000c509a,4352.710458,100000000,row-count; full checksum query before block,4267.0,42.0,4225.0,0.0,0.0,779216896.0,4267.0,snowflake_xsmall,100000000,clean_derive,6,27,platform_query,,,,,,,
01c6f395-0001-fcf8-0001-9ade000c07a6,4191.281125,100000000,row-count; full checksum query before block,3934.0,38.0,3896.0,0.0,0.0,779216896.0,3934.0,snowflake_xsmall,100000000,clean_derive,6,28,platform_query,,,,,,,
01c6f395-0001-fe0c-0001-9ade000c43ba,4429.69075,100000000,row-count; full checksum query before block,4353.0,42.0,4311.0,0.0,0.0,779216896.0,4353.0,snowflake_xsmall,100000000,clean_derive,6,29,platform_query,,,,,,,
01c6f396-0001-fcf8-0001-9ade000c07aa,4237.91575,100000000,row-count; full checksum query before block,4151.0,37.0,4114.0,0.0,0.0,779216896.0,4151.0,snowflake_xsmall,100000000,clean_derive,6,30,platform_query,,,,,,,
01c6f396-0001-fcf9-0001-9ade000c3b8a,387.041417,198279,row-count; full checksum query before block,316.0,74.0,242.0,0.0,0.0,7627264.0,316.0,snowflake_medium,1000000,filter_project,6,26,platform_query,,,,,,,
01c6f396-0001-fcf9-0001-9ade000c3b8e,389.398167,198279,row-count; full checksum query before block,263.0,38.0,225.0,0.0,0.0,7627264.0,263.0,snowflake_medium,1000000,filter_project,6,27,platform_query,,,,,,,
01c6f396-0001-fcf9-0001-9ade000c3b92,351.370208,198279,row-count; full checksum query before block,292.0,48.0,244.0,0.0,0.0,7627264.0,292.0,snowflake_medium,1000000,filter_project,6,28,platform_query,,,,,,,
01c6f396-0001-fe0c-0001-9ade000c43c2,440.526834,198279,row-count; full checksum query before block,318.0,72.0,246.0,0.0,0.0,7627264.0,318.0,snowflake_medium,1000000,filter_project,6,29,platform_query,,,,,,,
01c6f396-0001-fcf8-0001-9ade000c07b2,643.401417,198279,row-count; full checksum query before block,333.0,73.0,260.0,0.0,0.0,7627264.0,333.0,snowflake_medium,1000000,filter_project,6,30,platform_query,,,,,,,
01c6f396-0001-fe0c-0001-9ade000c43c6,2481.824833,197996556,row-count; full checksum query before block,2292.0,204.0,2088.0,0.0,0.0,7635108352.0,2292.0,snowflake_medium,1000000000,filter_project,6,26,platform_query,,,,,,,
01c6f396-0001-fcf9-0001-9ade000c3b9e,2134.767042,197996556,row-count; full checksum query before block,2018.0,40.0,1978.0,0.0,0.0,7635108352.0,2018.0,snowflake_medium,1000000000,filter_project,6,27,platform_query,,,,,,,
01c6f396-0001-fcf9-0001-9ade000c3ba2,2320.048541,197996556,row-count; full checksum query before block,2154.0,42.0,2112.0,0.0,0.0,7635108352.0,2154.0,snowflake_medium,1000000000,filter_project,6,28,platform_query,,,,,,,
01c6f396-0001-fe0c-0001-9ade000c43ca,2362.8725,197996556,row-count; full checksum query before block,2138.0,47.0,2091.0,0.0,0.0,7635108352.0,2138.0,snowflake_medium,1000000000,filter_project,6,29,platform_query,,,,,,,
01c6f396-0001-fe0c-0001-9ade000c43ce,2271.283542,197996556,row-count; full checksum query before block,2093.0,48.0,2045.0,0.0,0.0,7635108352.0,2093.0,snowflake_medium,1000000000,filter_project,6,30,platform_query,,,,,,,
01c6f396-0001-fe0c-0001-9ade000c43d2,194.343708,50,row-count; full checksum query before block,165.0,47.0,118.0,0.0,0.0,3116867584.0,165.0,snowflake_medium,100000000,groupby,6,26,platform_query,,,,,,,
01c6f396-0001-ff62-0001-9ade000c50b2,238.65525,50,row-count; full checksum query before block,145.0,39.0,106.0,0.0,0.0,3116867584.0,145.0,snowflake_medium,100000000,groupby,6,27,platform_query,,,,,,,
01c6f396-0001-fcf9-0001-9ade000c3ba6,190.116708,50,row-count; full checksum query before block,160.0,46.0,114.0,0.0,0.0,3116867584.0,160.0,snowflake_medium,100000000,groupby,6,28,platform_query,,,,,,,
01c6f396-0001-fcf8-0001-9ade000c07be,400.623959,50,row-count; full checksum query before block,345.0,204.0,141.0,0.0,0.0,3116867584.0,345.0,snowflake_medium,100000000,groupby,6,29,platform_query,,,,,,,
01c6f396-0001-fe0c-0001-9ade000c43d6,309.660958,50,row-count; full checksum query before block,197.0,57.0,140.0,0.0,0.0,3116867584.0,197.0,snowflake_medium,100000000,groupby,6,30,platform_query,,,,,,,
01c6f396-0001-fcf9-0001-9ade000c3baa,270.901,100000,row-count; full checksum query before block,203.0,37.0,166.0,0.0,0.0,973312.0,203.0,snowflake_medium,100000,clean_derive,6,26,platform_query,,,,,,,
01c6f396-0001-ff62-0001-9ade000c50b6,330.10325,100000,row-count; full checksum query before block,208.0,36.0,172.0,0.0,0.0,973312.0,208.0,snowflake_medium,100000,clean_derive,6,27,platform_query,,,,,,,
01c6f396-0001-fcf9-0001-9ade000c3bae,410.024167,100000,row-count; full checksum query before block,220.0,35.0,185.0,0.0,0.0,973312.0,220.0,snowflake_medium,100000,clean_derive,6,28,platform_query,,,,,,,
01c6f396-0001-fcf9-0001-9ade000c3bb2,264.916625,100000,row-count; full checksum query before block,203.0,35.0,168.0,0.0,0.0,973312.0,203.0,snowflake_medium,100000,clean_derive,6,29,platform_query,,,,,,,
01c6f396-0001-ff62-0001-9ade000c50ba,342.956208,100000,row-count; full checksum query before block,203.0,41.0,162.0,0.0,0.0,973312.0,203.0,snowflake_medium,100000,clean_derive,6,30,platform_query,,,,,,,
01c6f396-0001-fcf9-0001-9ade000c3bba,86.143333,50,row-count; full checksum query before block,54.0,36.0,18.0,0.0,0.0,973312.0,54.0,snowflake_medium,100000,groupby,6,26,platform_query,,,,,,,
01c6f396-0001-fe0c-0001-9ade000c43e6,104.611875,50,row-count; full checksum query before block,47.0,30.0,17.0,0.0,0.0,973312.0,47.0,snowflake_medium,100000,groupby,6,27,platform_query,,,,,,,
01c6f396-0001-fcf8-0001-9ade000c07c6,108.775208,50,row-count; full checksum query before block,71.0,51.0,20.0,0.0,0.0,973312.0,71.0,snowflake_medium,100000,groupby,6,28,platform_query,,,,,,,
01c6f396-0001-fe0c-0001-9ade000c43ea,77.50825,50,row-count; full checksum query before block,52.0,34.0,18.0,0.0,0.0,973312.0,52.0,snowflake_medium,100000,groupby,6,29,platform_query,,,,,,,
01c6f396-0001-fcf9-0001-9ade000c3bbe,82.687625,50,row-count; full checksum query before block,54.0,36.0,18.0,0.0,0.0,973312.0,54.0,snowflake_medium,100000,groupby,6,30,platform_query,,,,,,,
01c6f396-0001-fcf9-0001-9ade000c3bc2,218.142209,19886,row-count; full checksum query before block,149.0,35.0,114.0,0.0,0.0,973312.0,149.0,snowflake_medium,100000,filter_project,6,26,platform_query,,,,,,,
01c6f396-0001-fe0c-0001-9ade000c43f6,243.442167,19886,row-count; full checksum query before block,187.0,35.0,152.0,0.0,0.0,973312.0,187.0,snowflake_medium,100000,filter_project,6,27,platform_query,,,,,,,
01c6f396-0001-fcf8-0001-9ade000c07ca,229.39875,19886,row-count; full checksum query before block,162.0,36.0,126.0,0.0,0.0,973312.0,162.0,snowflake_medium,100000,filter_project,6,28,platform_query,,,,,,,
01c6f396-0001-fe0c-0001-9ade000c43fa,281.282459,19886,row-count; full checksum query before block,141.0,34.0,107.0,0.0,0.0,973312.0,141.0,snowflake_medium,100000,filter_project,6,29,platform_query,,,,,,,
01c6f396-0001-ff62-0001-9ade000c50c6,205.665125,19886,row-count; full checksum query before block,146.0,37.0,109.0,0.0,0.0,973312.0,146.0,snowflake_medium,100000,filter_project,6,30,platform_query,,,,,,,
01c6f396-0001-fe0c-0001-9ade000c43fe,388.875084,1980090,row-count; full checksum query before block,324.0,36.0,288.0,0.0,0.0,146614272.0,324.0,snowflake_medium,10000000,filter_project,6,26,platform_query,,,,,,,
01c6f396-0001-fe0c-0001-9ade000c4402,337.761167,1980090,row-count; full checksum query before block,246.0,32.0,214.0,0.0,0.0,151591936.0,246.0,snowflake_medium,10000000,filter_project,6,27,platform_query,,,,,,,
01c6f396-0001-fcf9-0001-9ade000c3bc6,367.538375,1980090,row-count; full checksum query before block,303.0,42.0,261.0,0.0,0.0,151591936.0,303.0,snowflake_medium,10000000,filter_project,6,28,platform_query,,,,,,,
01c6f396-0001-fcf9-0001-9ade000c3bca,349.787791,1980090,row-count; full checksum query before block,266.0,33.0,233.0,0.0,0.0,146614784.0,266.0,snowflake_medium,10000000,filter_project,6,29,platform_query,,,,,,,
01c6f396-0001-ff62-0001-9ade000c50ca,795.920667,1980090,row-count; full checksum query before block,717.0,41.0,676.0,0.0,0.0,151591936.0,717.0,snowflake_medium,10000000,filter_project,6,30,platform_query,,,,,,,
01c6f396-0001-fcf9-0001-9ade000c3bce,518.880292,1000000,row-count; full checksum query before block,451.0,33.0,418.0,0.0,0.0,7627264.0,451.0,snowflake_medium,1000000,clean_derive,6,26,platform_query,,,,,,,
01c6f396-0001-fcf8-0001-9ade000c07de,521.035791,1000000,row-count; full checksum query before block,428.0,28.0,400.0,0.0,0.0,7627264.0,428.0,snowflake_medium,1000000,clean_derive,6,27,platform_query,,,,,,,
01c6f396-0001-fcf9-0001-9ade000c3bd2,508.264458,1000000,row-count; full checksum query before block,447.0,35.0,412.0,0.0,0.0,7627264.0,447.0,snowflake_medium,1000000,clean_derive,6,28,platform_query,,,,,,,
01c6f396-0001-fcf8-0001-9ade000c07e2,527.605208,1000000,row-count; full checksum query before block,437.0,34.0,403.0,0.0,0.0,7627264.0,437.0,snowflake_medium,1000000,clean_derive,6,29,platform_query,,,,,,,
01c6f396-0001-fcf8-0001-9ade000c07e6,578.309291,1000000,row-count; full checksum query before block,435.0,35.0,400.0,0.0,0.0,7627264.0,435.0,snowflake_medium,1000000,clean_derive,6,30,platform_query,,,,,,,
01c6f396-0001-fe0c-0001-9ade000c440e,139.668541,200,row-count; full checksum query before block,102.0,52.0,50.0,0.0,0.0,1211904.0,102.0,snowflake_medium,100000,join_groupby,6,26,platform_query,,,,,,,
01c6f396-0001-fcf9-0001-9ade000c3bda,150.271208,200,row-count; full checksum query before block,108.0,59.0,49.0,0.0,0.0,1211904.0,108.0,snowflake_medium,100000,join_groupby,6,27,platform_query,,,,,,,
01c6f396-0001-fe0c-0001-9ade000c4412,144.195,200,row-count; full checksum query before block,106.0,48.0,58.0,0.0,0.0,1211904.0,106.0,snowflake_medium,100000,join_groupby,6,28,platform_query,,,,,,,
01c6f396-0001-fcf8-0001-9ade000c07ee,210.176292,200,row-count; full checksum query before block,96.0,47.0,49.0,0.0,0.0,1211904.0,96.0,snowflake_medium,100000,join_groupby,6,29,platform_query,,,,,,,
01c6f396-0001-fcf9-0001-9ade000c3bde,153.856958,200,row-count; full checksum query before block,95.0,45.0,50.0,0.0,0.0,1211904.0,95.0,snowflake_medium,100000,join_groupby,6,30,platform_query,,,,,,,
01c6f396-0001-fe0c-0001-9ade000c441a,338.009875,200,row-count; full checksum query before block,299.0,59.0,240.0,0.0,0.0,3009133568.0,299.0,snowflake_medium,100000000,join_groupby,6,26,platform_query,,,,,,,
01c6f396-0001-fcf9-0001-9ade000c3be2,483.696291,200,row-count; full checksum query before block,298.0,60.0,238.0,0.0,0.0,2834449408.0,298.0,snowflake_medium,100000000,join_groupby,6,27,platform_query,,,,,,,
01c6f396-0001-fcf8-0001-9ade000c07f2,480.561875,200,row-count; full checksum query before block,295.0,47.0,248.0,0.0,0.0,3086283264.0,295.0,snowflake_medium,100000000,join_groupby,6,28,platform_query,,,,,,,
01c6f396-0001-ff62-0001-9ade000c50da,337.207625,200,row-count; full checksum query before block,294.0,44.0,250.0,0.0,0.0,3036297728.0,294.0,snowflake_medium,100000000,join_groupby,6,29,platform_query,,,,,,,
01c6f396-0001-ff62-0001-9ade000c50de,344.233375,200,row-count; full checksum query before block,299.0,54.0,245.0,0.0,0.0,3073059080.0,299.0,snowflake_medium,100000000,join_groupby,6,30,platform_query,,,,,,,
01c6f396-0001-fcf8-0001-9ade000c07fa,571.788958,19798586,row-count; full checksum query before block,490.0,34.0,456.0,0.0,0.0,3015971840.0,490.0,snowflake_medium,100000000,filter_project,6,26,platform_query,,,,,,,
01c6f396-0001-ff62-0001-9ade000c50e2,594.634167,19798586,row-count; full checksum query before block,504.0,37.0,467.0,0.0,0.0,3018690048.0,504.0,snowflake_medium,100000000,filter_project,6,27,platform_query,,,,,,,
01c6f396-0001-fe0c-0001-9ade000c4422,672.724875,19798586,row-count; full checksum query before block,539.0,43.0,496.0,0.0,0.0,3010741247.0,539.0,snowflake_medium,100000000,filter_project,6,28,platform_query,,,,,,,
01c6f396-0001-ff62-0001-9ade000c50e6,700.638542,19798586,row-count; full checksum query before block,520.0,36.0,484.0,0.0,0.0,3099625472.0,520.0,snowflake_medium,100000000,filter_project,6,29,platform_query,,,,,,,
01c6f396-0001-fcf8-0001-9ade000c07fe,544.535959,19798586,row-count; full checksum query before block,465.0,37.0,428.0,0.0,0.0,3047648767.0,465.0,snowflake_medium,100000000,filter_project,6,30,platform_query,,,,,,,
01c6f397-0001-fe0c-0001-9ade000c4426,520.485959,10000000,row-count; full checksum query before block,444.0,32.0,412.0,0.0,0.0,151591936.0,444.0,snowflake_medium,10000000,clean_derive,6,26,platform_query,,,,,,,
01c6f397-0001-fe0c-0001-9ade000c442a,533.068625,10000000,row-count; full checksum query before block,461.0,35.0,426.0,0.0,0.0,151591936.0,461.0,snowflake_medium,10000000,clean_derive,6,27,platform_query,,,,,,,
01c6f397-0001-fcf9-0001-9ade000c3bee,603.37075,10000000,row-count; full checksum query before block,522.0,43.0,479.0,0.0,0.0,151591936.0,522.0,snowflake_medium,10000000,clean_derive,6,28,platform_query,,,,,,,
01c6f397-0001-fe0c-0001-9ade000c442e,527.31175,10000000,row-count; full checksum query before block,457.0,32.0,425.0,0.0,0.0,151591936.0,457.0,snowflake_medium,10000000,clean_derive,6,29,platform_query,,,,,,,
01c6f397-0001-fe0c-0001-9ade000c4432,691.365292,10000000,row-count; full checksum query before block,466.0,35.0,431.0,0.0,0.0,151591936.0,466.0,snowflake_medium,10000000,clean_derive,6,30,platform_query,,,,,,,
01c6f397-0001-ff62-0001-9ade000c50ee,1643.202,100000000,row-count; full checksum query before block,1553.0,49.0,1504.0,0.0,0.0,3116867584.0,1553.0,snowflake_medium,100000000,clean_derive,6,26,platform_query,,,,,,,
01c6f397-0001-fe0c-0001-9ade000c4436,1574.899417,100000000,row-count; full checksum query before block,1401.0,38.0,1363.0,0.0,0.0,3116867584.0,1401.0,snowflake_medium,100000000,clean_derive,6,27,platform_query,,,,,,,
01c6f397-0001-fcf9-0001-9ade000c3bf6,1648.594958,100000000,row-count; full checksum query before block,1528.0,36.0,1492.0,0.0,0.0,3116867584.0,1528.0,snowflake_medium,100000000,clean_derive,6,28,platform_query,,,,,,,
01c6f397-0001-fcf8-0001-9ade000c080e,1527.256542,100000000,row-count; full checksum query before block,1394.0,32.0,1362.0,0.0,0.0,3116867584.0,1394.0,snowflake_medium,100000000,clean_derive,6,29,platform_query,,,,,,,
01c6f397-0001-fe0c-0001-9ade000c443a,1655.561458,100000000,row-count; full checksum query before block,1547.0,40.0,1507.0,0.0,0.0,3116867584.0,1547.0,snowflake_medium,100000000,clean_derive,6,30,platform_query,,,,,,,
01c6f397-0001-ff62-0001-9ade000c50f2,180.460292,200,row-count; full checksum query before block,139.0,51.0,88.0,0.0,0.0,7865856.0,139.0,snowflake_medium,1000000,join_groupby,6,26,platform_query,,,,,,,
01c6f397-0001-fcf8-0001-9ade000c081a,174.719958,200,row-count; full checksum query before block,139.0,47.0,92.0,0.0,0.0,7865856.0,139.0,snowflake_medium,1000000,join_groupby,6,27,platform_query,,,,,,,
01c6f397-0001-fcf9-0001-9ade000c3bfe,169.152125,200,row-count; full checksum query before block,133.0,46.0,87.0,0.0,0.0,7865856.0,133.0,snowflake_medium,1000000,join_groupby,6,28,platform_query,,,,,,,
01c6f397-0001-fe0c-0001-9ade000c443e,180.952041,200,row-count; full checksum query before block,136.0,50.0,86.0,0.0,0.0,7865856.0,136.0,snowflake_medium,1000000,join_groupby,6,29,platform_query,,,,,,,
01c6f397-0001-fcf9-0001-9ade000c3c02,172.616167,200,row-count; full checksum query before block,128.0,44.0,84.0,0.0,0.0,7865856.0,128.0,snowflake_medium,1000000,join_groupby,6,30,platform_query,,,,,,,
01c6f397-0001-fcf8-0001-9ade000c0826,1792.56475,200,row-count; full checksum query before block,1753.0,55.0,1698.0,0.0,0.0,7635346944.0,1753.0,snowflake_medium,1000000000,join_groupby,6,26,platform_query,,,,,,,
01c6f397-0001-fcf9-0001-9ade000c3c06,1767.3495,200,row-count; full checksum query before block,1624.0,57.0,1567.0,0.0,0.0,7635346944.0,1624.0,snowflake_medium,1000000000,join_groupby,6,27,platform_query,,,,,,,
01c6f397-0001-fe0c-0001-9ade000c4442,1769.330125,200,row-count; full checksum query before block,1725.0,57.0,1668.0,0.0,0.0,7635346944.0,1725.0,snowflake_medium,1000000000,join_groupby,6,28,platform_query,,,,,,,
01c6f397-0001-fcf9-0001-9ade000c3c0a,1711.055666,200,row-count; full checksum query before block,1646.0,66.0,1580.0,0.0,0.0,7635346944.0,1646.0,snowflake_medium,1000000000,join_groupby,6,29,platform_query,,,,,,,
01c6f397-0001-fcf8-0001-9ade000c082a,1739.814125,200,row-count; full checksum query before block,1658.0,59.0,1599.0,0.0,0.0,7635346944.0,1658.0,snowflake_medium,1000000000,join_groupby,6,30,platform_query,,,,,,,
01c6f397-0001-fcf8-0001-9ade000c0832,154.554125,50,row-count; full checksum query before block,76.0,42.0,34.0,0.0,0.0,7627264.0,76.0,snowflake_medium,1000000,groupby,6,26,platform_query,,,,,,,
01c6f397-0001-fcf9-0001-9ade000c3c12,92.1365,50,row-count; full checksum query before block,65.0,33.0,32.0,0.0,0.0,7627264.0,65.0,snowflake_medium,1000000,groupby,6,27,platform_query,,,,,,,
01c6f397-0001-fe0c-0001-9ade000c4446,102.75175,50,row-count; full checksum query before block,77.0,36.0,41.0,0.0,0.0,7627264.0,77.0,snowflake_medium,1000000,groupby,6,28,platform_query,,,,,,,
01c6f397-0001-fcf8-0001-9ade000c0836,107.333625,50,row-count; full checksum query before block,79.0,47.0,32.0,0.0,0.0,7627264.0,79.0,snowflake_medium,1000000,groupby,6,29,platform_query,,,,,,,
01c6f397-0001-fcf8-0001-9ade000c083a,91.942666,50,row-count; full checksum query before block,67.0,34.0,33.0,0.0,0.0,7627264.0,67.0,snowflake_medium,1000000,groupby,6,30,platform_query,,,,,,,
01c6f397-0001-fcf9-0001-9ade000c3c16,160.953333,50,row-count; full checksum query before block,91.0,38.0,53.0,0.0,0.0,151591936.0,91.0,snowflake_medium,10000000,groupby,6,26,platform_query,,,,,,,
01c6f397-0001-ff62-0001-9ade000c5106,113.666792,50,row-count; full checksum query before block,88.0,47.0,41.0,0.0,0.0,151591936.0,88.0,snowflake_medium,10000000,groupby,6,27,platform_query,,,,,,,
01c6f397-0001-fe0c-0001-9ade000c444e,112.671125,50,row-count; full checksum query before block,85.0,40.0,45.0,0.0,0.0,151591936.0,85.0,snowflake_medium,10000000,groupby,6,28,platform_query,,,,,,,
01c6f397-0001-fcf9-0001-9ade000c3c1a,106.616875,50,row-count; full checksum query before block,84.0,39.0,45.0,0.0,0.0,151591936.0,84.0,snowflake_medium,10000000,groupby,6,29,platform_query,,,,,,,
01c6f397-0001-fcf8-0001-9ade000c083e,112.694,50,row-count; full checksum query before block,86.0,40.0,46.0,0.0,0.0,151591936.0,86.0,snowflake_medium,10000000,groupby,6,30,platform_query,,,,,,,
01c6f397-0001-ff62-0001-9ade000c5112,194.259041,200,row-count; full checksum query before block,151.0,61.0,90.0,0.0,0.0,151830528.0,151.0,snowflake_medium,10000000,join_groupby,6,26,platform_query,,,,,,,
01c6f397-0001-ff62-0001-9ade000c5116,265.702,200,row-count; full checksum query before block,223.0,135.0,88.0,0.0,0.0,151830528.0,223.0,snowflake_medium,10000000,join_groupby,6,27,platform_query,,,,,,,
01c6f397-0001-fcf9-0001-9ade000c3c1e,166.809667,200,row-count; full checksum query before block,132.0,51.0,81.0,0.0,0.0,146852864.0,132.0,snowflake_medium,10000000,join_groupby,6,28,platform_query,,,,,,,
01c6f397-0001-ff62-0001-9ade000c511a,193.63475,200,row-count; full checksum query before block,121.0,42.0,79.0,0.0,0.0,146852864.0,121.0,snowflake_medium,10000000,join_groupby,6,29,platform_query,,,,,,,
01c6f397-0001-ff62-0001-9ade000c511e,169.323417,200,row-count; full checksum query before block,126.0,46.0,80.0,0.0,0.0,146852864.0,126.0,snowflake_medium,10000000,join_groupby,6,30,platform_query,,,,,,,
01c6f397-0001-ff62-0001-9ade000c5126,672.054333,50,row-count; full checksum query before block,641.0,43.0,598.0,0.0,0.0,7635108352.0,641.0,snowflake_medium,1000000000,groupby,6,26,platform_query,,,,,,,
01c6f397-0001-ff62-0001-9ade000c512a,721.925167,50,row-count; full checksum query before block,693.0,55.0,638.0,0.0,0.0,7635108352.0,693.0,snowflake_medium,1000000000,groupby,6,27,platform_query,,,,,,,
01c6f397-0001-fe0c-0001-9ade000c445a,746.679958,50,row-count; full checksum query before block,719.0,40.0,679.0,0.0,0.0,7635108352.0,719.0,snowflake_medium,1000000000,groupby,6,28,platform_query,,,,,,,
01c6f397-0001-fcf9-0001-9ade000c3c22,824.800791,50,row-count; full checksum query before block,722.0,37.0,685.0,0.0,0.0,7635108352.0,722.0,snowflake_medium,1000000000,groupby,6,29,platform_query,,,,,,,
01c6f397-0001-fcf9-0001-9ade000c3c26,815.027875,50,row-count; full checksum query before block,692.0,40.0,652.0,0.0,0.0,7635108352.0,692.0,snowflake_medium,1000000000,groupby,6,30,platform_query,,,,,,,
01c6f397-0001-ff62-0001-9ade000c512e,10407.943291,1000000000,row-count; full checksum query before block,10291.0,53.0,10238.0,0.0,0.0,7635108352.0,10291.0,snowflake_medium,1000000000,clean_derive,6,26,platform_query,,,,,,,
01c6f398-0001-ff62-0001-9ade000c5132,10015.250209,1000000000,row-count; full checksum query before block,9908.0,64.0,9844.0,0.0,0.0,7635108352.0,9908.0,snowflake_medium,1000000000,clean_derive,6,27,platform_query,,,,,,,
01c6f398-0001-ff62-0001-9ade000c5136,10012.058875,1000000000,row-count; full checksum query before block,9894.0,50.0,9844.0,0.0,0.0,7635108352.0,9894.0,snowflake_medium,1000000000,clean_derive,6,28,platform_query,,,,,,,
01c6f398-0001-fcf9-0001-9ade000c3c2e,10106.109375,1000000000,row-count; full checksum query before block,9998.0,64.0,9934.0,0.0,0.0,7635108352.0,9998.0,snowflake_medium,1000000000,clean_derive,6,29,platform_query,,,,,,,
01c6f398-0001-fe0c-0001-9ade000c445e,9990.958459,1000000000,row-count; full checksum query before block,9872.0,63.0,9809.0,0.0,0.0,7635108352.0,9872.0,snowflake_medium,1000000000,clean_derive,6,30,platform_query,,,,,,,
01c6f398-0001-ff62-0001-9ade000c5146,188.034083,200,row-count; full checksum query before block,134.0,91.0,43.0,0.0,0.0,1211904.0,134.0,snowflake_small,100000,join_groupby,6,26,platform_query,,,,,,,
01c6f398-0001-fcf9-0001-9ade000c3c36,120.379167,200,row-count; full checksum query before block,80.0,44.0,36.0,0.0,0.0,1211904.0,80.0,snowflake_small,100000,join_groupby,6,27,platform_query,,,,,,,
01c6f398-0001-fe0c-0001-9ade000c4466,214.396541,200,row-count; full checksum query before block,178.0,140.0,38.0,0.0,0.0,1211904.0,178.0,snowflake_small,100000,join_groupby,6,28,platform_query,,,,,,,
01c6f398-0001-ff62-0001-9ade000c514a,122.415333,200,row-count; full checksum query before block,81.0,41.0,40.0,0.0,0.0,1211904.0,81.0,snowflake_small,100000,join_groupby,6,29,platform_query,,,,,,,
01c6f398-0001-fcf8-0001-9ade000c0852,173.841417,200,row-count; full checksum query before block,94.0,60.0,34.0,0.0,0.0,1211904.0,94.0,snowflake_small,100000,join_groupby,6,30,platform_query,,,,,,,
01c6f399-0001-ff62-0001-9ade000c5156,167.805833,50,row-count; full checksum query before block,74.0,37.0,37.0,0.0,0.0,7627264.0,74.0,snowflake_small,1000000,groupby,6,26,platform_query,,,,,,,
01c6f399-0001-fcf8-0001-9ade000c0856,188.844083,50,row-count; full checksum query before block,87.0,47.0,40.0,0.0,0.0,7627264.0,87.0,snowflake_small,1000000,groupby,6,27,platform_query,,,,,,,
01c6f399-0001-fcf9-0001-9ade000c3c3a,222.546083,50,row-count; full checksum query before block,155.0,114.0,41.0,0.0,0.0,7627264.0,155.0,snowflake_small,1000000,groupby,6,28,platform_query,,,,,,,
01c6f399-0001-fe0c-0001-9ade000c446e,93.951291,50,row-count; full checksum query before block,67.0,32.0,35.0,0.0,0.0,7627264.0,67.0,snowflake_small,1000000,groupby,6,29,platform_query,,,,,,,
01c6f399-0001-fe0c-0001-9ade000c4472,111.809916,50,row-count; full checksum query before block,66.0,33.0,33.0,0.0,0.0,7627264.0,66.0,snowflake_small,1000000,groupby,6,30,platform_query,,,,,,,
01c6f399-0001-fcf8-0001-9ade000c085a,153.794375,50,row-count; full checksum query before block,117.0,59.0,58.0,0.0,0.0,151591936.0,117.0,snowflake_small,10000000,groupby,6,26,platform_query,,,,,,,
01c6f399-0001-fcf8-0001-9ade000c085e,137.703916,50,row-count; full checksum query before block,109.0,49.0,60.0,0.0,0.0,151591936.0,109.0,snowflake_small,10000000,groupby,6,27,platform_query,,,,,,,
01c6f399-0001-fe0c-0001-9ade000c4476,133.073625,50,row-count; full checksum query before block,108.0,54.0,54.0,0.0,0.0,151591936.0,108.0,snowflake_small,10000000,groupby,6,28,platform_query,,,,,,,
01c6f399-0001-ff62-0001-9ade000c5162,123.621208,50,row-count; full checksum query before block,96.0,41.0,55.0,0.0,0.0,151591936.0,96.0,snowflake_small,10000000,groupby,6,29,platform_query,,,,,,,
01c6f399-0001-fcf9-0001-9ade000c3c42,133.964542,50,row-count; full checksum query before block,103.0,47.0,56.0,0.0,0.0,151591936.0,103.0,snowflake_small,10000000,groupby,6,30,platform_query,,,,,,,
01c6f399-0001-fe0c-0001-9ade000c4482,2923.58475,100000000,row-count; full checksum query before block,2709.0,41.0,2668.0,0.0,0.0,779216896.0,2709.0,snowflake_small,100000000,clean_derive,6,26,platform_query,,,,,,,
01c6f399-0001-fcf9-0001-9ade000c3c46,2766.836125,100000000,row-count; full checksum query before block,2685.0,44.0,2641.0,0.0,0.0,779216896.0,2685.0,snowflake_small,100000000,clean_derive,6,27,platform_query,,,,,,,
01c6f399-0001-fe0c-0001-9ade000c4486,2766.161125,100000000,row-count; full checksum query before block,2640.0,38.0,2602.0,0.0,0.0,779216896.0,2640.0,snowflake_small,100000000,clean_derive,6,28,platform_query,,,,,,,
01c6f399-0001-fe0c-0001-9ade000c448a,2780.267708,100000000,row-count; full checksum query before block,2696.0,43.0,2653.0,0.0,0.0,779216896.0,2696.0,snowflake_small,100000000,clean_derive,6,29,platform_query,,,,,,,
01c6f399-0001-fe0c-0001-9ade000c448e,2743.649292,100000000,row-count; full checksum query before block,2668.0,33.0,2635.0,0.0,0.0,779216896.0,2668.0,snowflake_small,100000000,clean_derive,6,30,platform_query,,,,,,,
01c6f399-0001-fe0c-0001-9ade000c4496,1435.742917,50,row-count; full checksum query before block,1260.0,46.0,1214.0,0.0,0.0,7635108352.0,1260.0,snowflake_small,1000000000,groupby,6,26,platform_query,,,,,,,
01c6f399-0001-fcf9-0001-9ade000c3c4a,1331.418083,50,row-count; full checksum query before block,1240.0,46.0,1194.0,0.0,0.0,7635108352.0,1240.0,snowflake_small,1000000000,groupby,6,27,platform_query,,,,,,,
01c6f399-0001-fcf9-0001-9ade000c3c4e,1217.603958,50,row-count; full checksum query before block,1189.0,46.0,1143.0,0.0,0.0,7635108352.0,1189.0,snowflake_small,1000000000,groupby,6,28,platform_query,,,,,,,
01c6f399-0001-fcf9-0001-9ade000c3c52,1443.725125,50,row-count; full checksum query before block,1209.0,42.0,1167.0,0.0,0.0,7635108352.0,1209.0,snowflake_small,1000000000,groupby,6,29,platform_query,,,,,,,
01c6f399-0001-fcf8-0001-9ade000c086a,1575.831875,50,row-count; full checksum query before block,1302.0,58.0,1244.0,0.0,0.0,7635108352.0,1302.0,snowflake_small,1000000000,groupby,6,30,platform_query,,,,,,,
01c6f399-0001-fe0c-0001-9ade000c449a,296.300083,100000,row-count; full checksum query before block,218.0,30.0,188.0,0.0,0.0,973312.0,218.0,snowflake_small,100000,clean_derive,6,26,platform_query,,,,,,,
01c6f399-0001-ff62-0001-9ade000c5172,316.607333,100000,row-count; full checksum query before block,221.0,38.0,183.0,0.0,0.0,973312.0,221.0,snowflake_small,100000,clean_derive,6,27,platform_query,,,,,,,
01c6f399-0001-fcf9-0001-9ade000c3c56,313.239959,100000,row-count; full checksum query before block,222.0,34.0,188.0,0.0,0.0,973312.0,222.0,snowflake_small,100000,clean_derive,6,28,platform_query,,,,,,,
01c6f399-0001-ff62-0001-9ade000c5176,295.781833,100000,row-count; full checksum query before block,213.0,33.0,180.0,0.0,0.0,973312.0,213.0,snowflake_small,100000,clean_derive,6,29,platform_query,,,,,,,
01c6f399-0001-fcf8-0001-9ade000c0872,274.845417,100000,row-count; full checksum query before block,219.0,35.0,184.0,0.0,0.0,973312.0,219.0,snowflake_small,100000,clean_derive,6,30,platform_query,,,,,,,
01c6f39a-0001-fcf8-0001-9ade000c087a,17735.789791,1000000000,row-count; full checksum query before block,17636.0,54.0,17582.0,0.0,0.0,7635108352.0,17636.0,snowflake_small,1000000000,clean_derive,6,26,platform_query,,,,,,,
01c6f39a-0001-fcf8-0001-9ade000c087e,17859.420792,1000000000,row-count; full checksum query before block,17760.0,62.0,17698.0,0.0,0.0,7635108352.0,17760.0,snowflake_small,1000000000,clean_derive,6,27,platform_query,,,,,,,
01c6f39a-0001-ff62-0001-9ade000c517a,17860.878917,1000000000,row-count; full checksum query before block,17755.0,69.0,17686.0,0.0,0.0,7635108352.0,17755.0,snowflake_small,1000000000,clean_derive,6,28,platform_query,,,,,,,
01c6f39a-0001-fe0c-0001-9ade000c449e,18164.129667,1000000000,row-count; full checksum query before block,18019.0,75.0,17944.0,0.0,0.0,7635108352.0,18019.0,snowflake_small,1000000000,clean_derive,6,29,platform_query,,,,,,,
01c6f39b-0001-fcf9-0001-9ade000c3c62,17937.83625,1000000000,row-count; full checksum query before block,17822.0,88.0,17734.0,0.0,0.0,7635108352.0,17822.0,snowflake_small,1000000000,clean_derive,6,30,platform_query,,,,,,,
01c6f39b-0001-fcf8-0001-9ade000c0882,3745.963,197996556,row-count; full checksum query before block,3620.0,88.0,3532.0,0.0,0.0,7635108352.0,3620.0,snowflake_small,1000000000,filter_project,6,26,platform_query,,,,,,,
01c6f39b-0001-fcf9-0001-9ade000c3c6a,3760.619542,197996556,row-count; full checksum query before block,3671.0,81.0,3590.0,0.0,0.0,7635108352.0,3671.0,snowflake_small,1000000000,filter_project,6,27,platform_query,,,,,,,
01c6f39b-0001-ff62-0001-9ade000c5186,3723.826167,197996556,row-count; full checksum query before block,3621.0,58.0,3563.0,0.0,0.0,7635108352.0,3621.0,snowflake_small,1000000000,filter_project,6,28,platform_query,,,,,,,
01c6f39b-0001-fe0c-0001-9ade000c44a6,3767.310584,197996556,row-count; full checksum query before block,3661.0,37.0,3624.0,0.0,0.0,7635108352.0,3661.0,snowflake_small,1000000000,filter_project,6,29,platform_query,,,,,,,
01c6f39b-0001-fcf8-0001-9ade000c0886,3693.753542,197996556,row-count; full checksum query before block,3538.0,52.0,3486.0,0.0,0.0,7635108352.0,3538.0,snowflake_small,1000000000,filter_project,6,30,platform_query,,,,,,,
01c6f39b-0001-fe0c-0001-9ade000c44ae,289.54175,200,row-count; full checksum query before block,154.0,49.0,105.0,0.0,0.0,146853376.0,154.0,snowflake_small,10000000,join_groupby,6,26,platform_query,,,,,,,
01c6f39b-0001-fcf8-0001-9ade000c088a,195.412667,200,row-count; full checksum query before block,157.0,61.0,96.0,0.0,0.0,146852864.0,157.0,snowflake_small,10000000,join_groupby,6,27,platform_query,,,,,,,
01c6f39b-0001-fe0c-0001-9ade000c44b2,210.8385,200,row-count; full checksum query before block,160.0,52.0,108.0,0.0,0.0,141875712.0,160.0,snowflake_small,10000000,join_groupby,6,28,platform_query,,,,,,,
01c6f39b-0001-fcf8-0001-9ade000c088e,184.110333,200,row-count; full checksum query before block,141.0,50.0,91.0,0.0,0.0,146852864.0,141.0,snowflake_small,10000000,join_groupby,6,29,platform_query,,,,,,,
01c6f39c-0001-ff62-0001-9ade000c518e,175.900583,200,row-count; full checksum query before block,137.0,50.0,87.0,0.0,0.0,146852864.0,137.0,snowflake_small,10000000,join_groupby,6,30,platform_query,,,,,,,
01c6f39c-0001-fe0c-0001-9ade000c44ba,864.976042,19798586,row-count; full checksum query before block,722.0,48.0,674.0,0.0,0.0,779216896.0,722.0,snowflake_small,100000000,filter_project,6,26,platform_query,,,,,,,
01c6f39c-0001-fcf8-0001-9ade000c0896,809.663042,19798586,row-count; full checksum query before block,682.0,40.0,642.0,0.0,0.0,779216896.0,682.0,snowflake_small,100000000,filter_project,6,27,platform_query,,,,,,,
01c6f39c-0001-fcf9-0001-9ade000c3c76,847.082292,19798586,row-count; full checksum query before block,697.0,42.0,655.0,0.0,0.0,779216896.0,697.0,snowflake_small,100000000,filter_project,6,28,platform_query,,,,,,,
01c6f39c-0001-ff62-0001-9ade000c5192,893.664792,19798586,row-count; full checksum query before block,672.0,39.0,633.0,0.0,0.0,779216896.0,672.0,snowflake_small,100000000,filter_project,6,29,platform_query,,,,,,,
01c6f39c-0001-fcf9-0001-9ade000c3c7a,821.956959,19798586,row-count; full checksum query before block,706.0,44.0,662.0,0.0,0.0,779216896.0,706.0,snowflake_small,100000000,filter_project,6,30,platform_query,,,,,,,
01c6f39c-0001-fcf8-0001-9ade000c089a,91.372375,50,row-count; full checksum query before block,65.0,36.0,29.0,0.0,0.0,973312.0,65.0,snowflake_small,100000,groupby,6,26,platform_query,,,,,,,
01c6f39c-0001-fcf8-0001-9ade000c089e,79.794375,50,row-count; full checksum query before block,50.0,31.0,19.0,0.0,0.0,973312.0,50.0,snowflake_small,100000,groupby,6,27,platform_query,,,,,,,
01c6f39c-0001-fcf9-0001-9ade000c3c82,86.623041,50,row-count; full checksum query before block,58.0,38.0,20.0,0.0,0.0,973312.0,58.0,snowflake_small,100000,groupby,6,28,platform_query,,,,,,,
01c6f39c-0001-fe0c-0001-9ade000c44be,162.076292,50,row-count; full checksum query before block,59.0,40.0,19.0,0.0,0.0,973312.0,59.0,snowflake_small,100000,groupby,6,29,platform_query,,,,,,,
01c6f39c-0001-ff62-0001-9ade000c519e,80.907375,50,row-count; full checksum query before block,53.0,34.0,19.0,0.0,0.0,973312.0,53.0,snowflake_small,100000,groupby,6,30,platform_query,,,,,,,
01c6f39c-0001-fcf8-0001-9ade000c08aa,3134.991,200,row-count; full checksum query before block,3031.0,57.0,2974.0,0.0,0.0,7635346944.0,3031.0,snowflake_small,1000000000,join_groupby,6,26,platform_query,,,,,,,
01c6f39c-0001-fcf8-0001-9ade000c08ae,2972.7225,200,row-count; full checksum query before block,2928.0,54.0,2874.0,0.0,0.0,7635346944.0,2928.0,snowflake_small,1000000000,join_groupby,6,27,platform_query,,,,,,,
01c6f39c-0001-ff62-0001-9ade000c51a2,3006.6945,200,row-count; full checksum query before block,2868.0,56.0,2812.0,0.0,0.0,7635346944.0,2868.0,snowflake_small,1000000000,join_groupby,6,28,platform_query,,,,,,,
01c6f39c-0001-fe0c-0001-9ade000c44c2,2804.172167,200,row-count; full checksum query before block,2750.0,58.0,2692.0,0.0,0.0,7635346944.0,2750.0,snowflake_small,1000000000,join_groupby,6,29,platform_query,,,,,,,
01c6f39c-0001-fcf8-0001-9ade000c08b2,3118.01975,200,row-count; full checksum query before block,2872.0,60.0,2812.0,0.0,0.0,7635346944.0,2872.0,snowflake_small,1000000000,join_groupby,6,30,platform_query,,,,,,,
01c6f39c-0001-fcf8-0001-9ade000c08be,306.0945,50,row-count; full checksum query before block,240.0,47.0,193.0,0.0,0.0,779216896.0,240.0,snowflake_small,100000000,groupby,6,26,platform_query,,,,,,,
01c6f39c-0001-fe0c-0001-9ade000c44c6,242.815208,50,row-count; full checksum query before block,218.0,38.0,180.0,0.0,0.0,779216896.0,218.0,snowflake_small,100000000,groupby,6,27,platform_query,,,,,,,
01c6f39c-0001-fcf9-0001-9ade000c3c8e,373.442417,50,row-count; full checksum query before block,248.0,42.0,206.0,0.0,0.0,779216896.0,248.0,snowflake_small,100000000,groupby,6,28,platform_query,,,,,,,
01c6f39c-0001-fe0c-0001-9ade000c44ca,405.564583,50,row-count; full checksum query before block,225.0,41.0,184.0,0.0,0.0,779216896.0,225.0,snowflake_small,100000000,groupby,6,29,platform_query,,,,,,,
01c6f39c-0001-ff62-0001-9ade000c51a6,276.758916,50,row-count; full checksum query before block,249.0,51.0,198.0,0.0,0.0,779216896.0,249.0,snowflake_small,100000000,groupby,6,30,platform_query,,,,,,,
01c6f39c-0001-fcf8-0001-9ade000c08c2,432.397,1980090,row-count; full checksum query before block,355.0,62.0,293.0,0.0,0.0,150832557.0,355.0,snowflake_small,10000000,filter_project,6,26,platform_query,,,,,,,
01c6f39c-0001-fcf8-0001-9ade000c08c6,503.376458,1980090,row-count; full checksum query before block,334.0,38.0,296.0,0.0,0.0,151591936.0,334.0,snowflake_small,10000000,filter_project,6,27,platform_query,,,,,,,
01c6f39c-0001-fcf9-0001-9ade000c3c92,552.604458,1980090,row-count; full checksum query before block,319.0,53.0,266.0,0.0,0.0,151591936.0,319.0,snowflake_small,10000000,filter_project,6,28,platform_query,,,,,,,
01c6f39c-0001-fcf8-0001-9ade000c08ca,333.2685,1980090,row-count; full checksum query before block,264.0,30.0,234.0,0.0,0.0,151591936.0,264.0,snowflake_small,10000000,filter_project,6,29,platform_query,,,,,,,
01c6f39c-0001-ff62-0001-9ade000c51b2,382.740042,1980090,row-count; full checksum query before block,288.0,46.0,242.0,0.0,0.0,146614272.0,288.0,snowflake_small,10000000,filter_project,6,30,platform_query,,,,,,,
01c6f39c-0001-fcf8-0001-9ade000c08ce,201.645833,19886,row-count; full checksum query before block,139.0,37.0,102.0,0.0,0.0,973312.0,139.0,snowflake_small,100000,filter_project,6,26,platform_query,,,,,,,
01c6f39c-0001-fe0c-0001-9ade000c44d6,269.681625,19886,row-count; full checksum query before block,143.0,27.0,116.0,0.0,0.0,973312.0,143.0,snowflake_small,100000,filter_project,6,27,platform_query,,,,,,,
01c6f39c-0001-fe0c-0001-9ade000c44da,192.356958,19886,row-count; full checksum query before block,125.0,27.0,98.0,0.0,0.0,973312.0,125.0,snowflake_small,100000,filter_project,6,28,platform_query,,,,,,,
01c6f39c-0001-fcf8-0001-9ade000c08d2,182.921083,19886,row-count; full checksum query before block,129.0,32.0,97.0,0.0,0.0,973312.0,129.0,snowflake_small,100000,filter_project,6,29,platform_query,,,,,,,
01c6f39c-0001-fcf9-0001-9ade000c3c9a,180.788333,19886,row-count; full checksum query before block,122.0,30.0,92.0,0.0,0.0,973312.0,122.0,snowflake_small,100000,filter_project,6,30,platform_query,,,,,,,
01c6f39c-0001-fe0c-0001-9ade000c44de,504.640708,200,row-count; full checksum query before block,465.0,60.0,405.0,0.0,0.0,779455488.0,465.0,snowflake_small,100000000,join_groupby,6,26,platform_query,,,,,,,
01c6f39c-0001-ff62-0001-9ade000c51be,498.325833,200,row-count; full checksum query before block,457.0,53.0,404.0,0.0,0.0,779455488.0,457.0,snowflake_small,100000000,join_groupby,6,27,platform_query,,,,,,,
01c6f39c-0001-fcf8-0001-9ade000c08da,504.901833,200,row-count; full checksum query before block,465.0,49.0,416.0,0.0,0.0,779455488.0,465.0,snowflake_small,100000000,join_groupby,6,28,platform_query,,,,,,,
01c6f39c-0001-fcf9-0001-9ade000c3ca2,518.253708,200,row-count; full checksum query before block,475.0,56.0,419.0,0.0,0.0,779455488.0,475.0,snowflake_small,100000000,join_groupby,6,29,platform_query,,,,,,,
01c6f39c-0001-fcf9-0001-9ade000c3ca6,496.542,200,row-count; full checksum query before block,455.0,47.0,408.0,0.0,0.0,779455488.0,455.0,snowflake_small,100000000,join_groupby,6,30,platform_query,,,,,,,
01c6f39c-0001-ff62-0001-9ade000c51c2,178.703125,200,row-count; full checksum query before block,141.0,52.0,89.0,0.0,0.0,7865856.0,141.0,snowflake_small,1000000,join_groupby,6,26,platform_query,,,,,,,
01c6f39c-0001-ff62-0001-9ade000c51c6,190.918292,200,row-count; full checksum query before block,141.0,54.0,87.0,0.0,0.0,7865856.0,141.0,snowflake_small,1000000,join_groupby,6,27,platform_query,,,,,,,
01c6f39c-0001-ff62-0001-9ade000c51ca,177.558833,200,row-count; full checksum query before block,138.0,48.0,90.0,0.0,0.0,7865856.0,138.0,snowflake_small,1000000,join_groupby,6,28,platform_query,,,,,,,
01c6f39c-0001-fcf8-0001-9ade000c08e2,177.212708,200,row-count; full checksum query before block,136.0,45.0,91.0,0.0,0.0,7865856.0,136.0,snowflake_small,1000000,join_groupby,6,29,platform_query,,,,,,,
01c6f39c-0001-fe0c-0001-9ade000c44e2,187.898583,200,row-count; full checksum query before block,138.0,51.0,87.0,0.0,0.0,7865856.0,138.0,snowflake_small,1000000,join_groupby,6,30,platform_query,,,,,,,
01c6f39c-0001-fcf8-0001-9ade000c08ea,322.507625,198279,row-count; full checksum query before block,252.0,41.0,211.0,0.0,0.0,7627264.0,252.0,snowflake_small,1000000,filter_project,6,26,platform_query,,,,,,,
01c6f39c-0001-fcf9-0001-9ade000c3cb2,329.84875,198279,row-count; full checksum query before block,250.0,31.0,219.0,0.0,0.0,7627264.0,250.0,snowflake_small,1000000,filter_project,6,27,platform_query,,,,,,,
01c6f39c-0001-fcf8-0001-9ade000c08ee,290.185541,198279,row-count; full checksum query before block,232.0,30.0,202.0,0.0,0.0,7627264.0,232.0,snowflake_small,1000000,filter_project,6,28,platform_query,,,,,,,
01c6f39c-0001-fcf8-0001-9ade000c08f2,307.933208,198279,row-count; full checksum query before block,253.0,33.0,220.0,0.0,0.0,7627264.0,253.0,snowflake_small,1000000,filter_project,6,29,platform_query,,,,,,,
01c6f39c-0001-fcf9-0001-9ade000c3cb6,330.032542,198279,row-count; full checksum query before block,257.0,40.0,217.0,0.0,0.0,7627264.0,257.0,snowflake_small,1000000,filter_project,6,30,platform_query,,,,,,,
01c6f39c-0001-fcf9-0001-9ade000c3cba,721.477625,1000000,row-count; full checksum query before block,505.0,42.0,463.0,0.0,0.0,7627264.0,505.0,snowflake_small,1000000,clean_derive,6,26,platform_query,,,,,,,
01c6f39c-0001-fe0c-0001-9ade000c44ea,500.810333,1000000,row-count; full checksum query before block,439.0,29.0,410.0,0.0,0.0,7627264.0,439.0,snowflake_small,1000000,clean_derive,6,27,platform_query,,,,,,,
01c6f39c-0001-fe0c-0001-9ade000c44ee,490.618042,1000000,row-count; full checksum query before block,428.0,28.0,400.0,0.0,0.0,7627264.0,428.0,snowflake_small,1000000,clean_derive,6,28,platform_query,,,,,,,
01c6f39c-0001-fcf8-0001-9ade000c08fa,534.874,1000000,row-count; full checksum query before block,467.0,30.0,437.0,0.0,0.0,7627264.0,467.0,snowflake_small,1000000,clean_derive,6,29,platform_query,,,,,,,
01c6f39c-0001-fe0c-0001-9ade000c44f2,504.776875,1000000,row-count; full checksum query before block,415.0,31.0,384.0,0.0,0.0,7627264.0,415.0,snowflake_small,1000000,clean_derive,6,30,platform_query,,,,,,,
01c6f39c-0001-fcf9-0001-9ade000c3cbe,635.419209,10000000,row-count; full checksum query before block,477.0,40.0,437.0,0.0,0.0,151591936.0,477.0,snowflake_small,10000000,clean_derive,6,26,platform_query,,,,,,,
01c6f39c-0001-fcf9-0001-9ade000c3cc2,542.294916,10000000,row-count; full checksum query before block,468.0,43.0,425.0,0.0,0.0,151591936.0,468.0,snowflake_small,10000000,clean_derive,6,27,platform_query,,,,,,,
01c6f39c-0001-fcf8-0001-9ade000c0902,824.017125,10000000,row-count; full checksum query before block,727.0,36.0,691.0,0.0,0.0,151591936.0,727.0,snowflake_small,10000000,clean_derive,6,28,platform_query,,,,,,,
01c6f39d-0001-fcf8-0001-9ade000c0906,897.4455,10000000,row-count; full checksum query before block,583.0,62.0,521.0,0.0,0.0,151591936.0,583.0,snowflake_small,10000000,clean_derive,6,29,platform_query,,,,,,,
01c6f39d-0001-fe0c-0001-9ade000c44fe,1171.899208,10000000,row-count; full checksum query before block,688.0,121.0,567.0,0.0,0.0,151591936.0,688.0,snowflake_small,10000000,clean_derive,6,30,platform_query,,,,,,,
